RECRUITED_PERCENTAGE_LESS_THAN;Менее §Y$VAL$§W% возможных солдат завербовано.\n;Moins de §Y$VAL$§W % des soldats potentiels ont ete recrutes.\n;Weniger als §Y$VAL$§W% der moglichen Soldaten rekrutiert.\n;;Menos del §Y$VAL$§W% de los soldados posibles reclutados.\n;;;;;;;;x;;;
RECRUITED_PERCENTAGE_MORE_THAN;По крайней мере §Y$VAL$§W% возможных солдат завербовано.\n;Au moins §Y$VAL$§W % des soldats potentiels ont ete recrutes.\n;Mindestens §Y$VAL$§W% der moglichen Soldaten rekrutiert.\n;;Al menos el §Y$VAL$§W% de los soldados posibles reclutados.\n;;;;;;;;x;;;
SEPARATISM_TECH;сепаратизм;Separatisme;Separatismus;;Separatismo;;;;;;;;x;;;
INC_RES_TECH;Очки исследования;Points de recherche;Forschungspunkte;;Puntos de investigacion;;;;;;;;x;;;
TOTAL_POPS_NOT_TR;Меньше, чем §Y$VAL$§W появляется в $WHERE$.\n;Moins de §Y$VAL$§W pop en $WHERE$.\n;Weniger als §Y$VAL$§W Bevs in $WHERE$.\n;;Menos de §Y$VAL$§W POB en $WHERE$.\n;;;;;;;;x;;;
TOTAL_POPS_TR;По крайней мере §Y$VAL$§W появляется в $WHERE$.\n;Au moins §Y$VAL$§W pop en $WHERE$.\n;Mindestens §Y$VAL$§W Bevs in $WHERE$.\n;;Al menos §Y$VAL$§W POB en $WHERE$.\n;;;;;;;;x;;;
IS_CRIME_NOT_HIGHER_THAN_EDU_TR;Больше тратится на §Yобразование§W, чем на администрирование.\n;Les depenses d’§Yeducation§W sont superieures aux depenses d’administration.\n;Ausgaben fur §YBildung§W ubersteigen die fur Verwaltung.\n;;Se gasta mas en §Yeducacion§W que en administracion.\n;;;;;;;;x;;;
IS_CRIME_HIGHER_THAN_EDU_TR;Больше тратится на §Yадминистрирование§W, чем на образование.\n;Les depenses d’§Yadministration§W sont superieures aux depenses d’education.\n;Ausgaben fur §YVerwaltung§W ubersteigen die fur Bildung.\n;;Se gasta mas en §Yadministracion§W que en educacion.\n;;;;;;;;x;;;
ANY_AT_WAR_STARTS;Любая страна, находящаяся в состоянии войны.;Tout pays avec lequel nous sommes en guerre.;Jedes Land, mit dem Krieg herrscht.;;Cualquier pais con el que estas en guerra.;;;;;;;;x;;;
REBEL_POWER_LESS_THAN;Угроза со стороны повстанцев составляет менее §Y$VAL$§W процентов.;La menace rebelle est inferieure a §Y$VAL$§W %.;Bedrohung durch Rebellen betragt weniger als §Y$VAL$§W Prozent.;;La amenaza de los rebeldes es inferior al §Y$VAL$§W por ciento.;;;;;;;;x;;;
REBEL_POWER_MORE_THAN;Угроза со стороны повстанцев составляет не менее §Y$VAL$§W процентов.;La menace rebelle est d’au moins §Y$VAL$§W %.;Bedrohung durch Rebellen betragt mindestens §Y$VAL$§W Prozent.;;La amenaza de los rebeldes es de al menos el §Y$VAL$§W por ciento.;;;;;;;;x;;;
POP_TYPE_PERC_NOT;$NAME$ меньше, чем §Y$VAL$%§W.\n;$NAME$ : inferieur a §Y$VAL$%§W.\n;$NAME$ ist weniger als §Y$VAL$%§W.\n;;Los $NAME$ representan menos del §Y$VAL$%§W.\n;;;;;;;;x;;;
POP_TYPE_PERC;$NAME$ не менее §Y$VAL$%§W.\n;$NAME$ : superieur a §Y$VAL$%§W.\n;$NAME$ ist mindestens §Y$VAL$%§W.\n;;Los $NAME$ representan al menos el §Y$VAL$%§W.\n;;;;;;;;x;;;
MAJORITY_IS; Большинство населения;La majorite de la population est ;Bevolkerungsmehrheit ist ;;La mayoria de la poblacion es ;;;;;;;;x;;;
MAJORITY_IS_NOT; Большинство населения НЕ;La majorite de la population n’est PAS ;Bevolkerungsmehrheit ist NICHT ;;La mayoria de la poblacion NO es ;;;;;;;;x;;;
ICL;Исландия;Islande;Island;;Islandia;;;;;;;;x;;;
ICL_ADJ;исландский;islandais;Islandisch;;Islandesa;;;;;;;;x;;;
ISR;Израиль;Israel;Israel;;Israel;;;;;;;;x;;;
ISR_ADJ;израильский;israelien;Israelitisch;;Israeli;;;;;;;;x;;;
BYZ;Византийская империя;Empire byzantin;Byzantinisches Reich;;Imperio Bizantino;;;;;;;;x;;;
BYZ_ADJ;византийский;byzantin;Byzantinisch;;Bizantina;;;;;;;;x;;;
BYZ_conservative;Комма Этникофронон;Komma Ethnikofronon;Komma Ethnikofronon;;Komma Ethnikofronon;;;;;;;;x;;;
BYZ_reactionary;Кимма Палеологс;Komma Paleologos;Komma Paleologos;;Komma Paleologos;;;;;;;;x;;;
BYZ_liberal;Кимма Филелефтерон;Komma Fileleftheron;Komma Fileleftheron;;Komma Fileleftheron;;;;;;;;x;;;
BYZ_anarcho_liberal;Неотеристикон Кимма;Neoteristikon Komma;Neoteristikon Komma;;Neoteristikon Komma;;;;;;;;x;;;
BYZ_socialist;Социалистическая Кумма Византийская;Sosialistiko Komma Byzantos;Sosialistiko Komma Byzantos;;Sosialistiko Komma Byzantos;;;;;;;;x;;;
BYZ_communist;Коммунистика Кумма Византис;Kommounistiko Komma Byzantos;Kommounistiko Komma Byzantos;;Kommounistiko Komma Byzantos;;;;;;;;x;;;
BYZ_fascist;Кимма тон Элеутерофровон;Komma ton Eleutherofrovon;Komma ton Eleutherofrovon;;Komma ton Eleutherofrovon;;;;;;;;x;;;
ISR_conservative;Херут;Herut;Herut;;Herut;;;;;;;;x;;;
ISR_reactionary;Хазит Датит Меухедет;Hazit Datit Meuhedet;Hazit Datit Meuhedet;;Hazit Datit Meuhedet;;;;;;;;x;;;
ISR_liberal;Прогрессивная партия;Miflaga Progresivit;Miflaga Progresivit;;Miflaga Progresivit;;;;;;;;x;;;
ISR_anarcho_liberal;Ционим Клалим;Tzionim Klaliym;Tzionim Klaliym;;Tzionim Klaliym;;;;;;;;x;;;
ISR_socialist;Мифлегет Поалей Эрец Исраэль;Mifleget Poalei Eretz Yisrael;Mifleget Poalei Eretz Yisrael;;Mifleget Poalei Eretz Yisrael;;;;;;;;x;;;
ISR_communist;ХаМифлега ХаКомунистит ХаИсраэлит;HaMiflega HaKomunistit HaYisraelit;HaMiflega HaKomunistit HaYisraelit;;HaMiflega HaKomunistit HaYisraelit;;;;;;;;x;;;
ISR_fascist;Брит ХаБирионим;Brit HaBirionim;Brit HaBirionim;;Brit HaBirionim;;;;;;;;x;;;
ICL_conservative;Sjбlfstaeddisflokkurinn;Sjalfstaeddisflokkurinn;Sjalfstaeddisflokkurinn;;Sjalfstaeddisflokkurinn;;;;;;;;x;;;
ICL_reactionary;Боргарафлоккуринн;Borgaraflokkurinn;Borgaraflokkurinn;;Borgaraflokkurinn;;;;;;;;x;;;
ICL_liberal;Framsуknarflokkurinn;Framsoknarflokkurinn;Framsoknarflokkurinn;;Framsoknarflokkurinn;;;;;;;;x;;;
ICL_anarcho_liberal;Лучшая партия;Besti flokkurinn;Besti flokkurinn;;Besti flokkurinn;;;;;;;;x;;;
ICL_socialist;Народная партия;Althyedduflokkurinn;Alth_edduflokkurinn;;Althyedduflokkurinn;;;;;;;;x;;;
ICL_communist;Kommьnistaflokkur Hslands;Kommunistaflokkur Islands;Kommunistaflokkur Islands;;Kommunistaflokkur Islands;;;;;;;;x;;;
ICL_fascist;Националистическая партия;Flokkur Thjoeddernissinna;Flokkur Thjoeddernissinna;;Flokkur Thjoeddernissinna;;;;;;;;x;;;
ANY_CORE_LIMITED;Для любого ядра, которое есть\n;Pour tout territoire cle qui est\n;Fur jede Kernprovinz, fur die gilt:\n;;Para cualquier nucleo que este\n;;;;;;;;x;;;
ANY_CORE_NORMAL;Все основные провинции получат\n;Tous les territoires cles obtiennent\n;Alle Kernprovinzen erhalten\n;;Todas las provincias nucleo recibiran\n;;;;;;;;x;;;
POLITICS_NOT_BEFORE;Мы не можем снова изменить правящее имущество до §Y$DATE$§W.;Nous ne pouvons pas changer de parti dirigeant avant §Y$DATE$§W.;Ein erneuter Wechsel der Regierungspartei ist vor §Y$DATE$§W unmoglich.;;No podemos cambiar de nuevo el partido gobernante hasta el §Y$DATE$§W.;;;;;;;;x;;;
POLITICS_NOT_ACCEPTED;Наша форма правления не допускает существования партий §Y$WHICH$§W.;Notre forme de gouvernement n’autorise pas les partis §Y$WHICH$§W.;Unsere Regierungsform gestattet keine §Y$WHICH$en§W Parteien.;;Nuestra forma de gobierno no permite partidos §Y$WHICH$§W.;;;;;;;;x;;;
RELEASE_PRESTIGE; Престиж:;Prestige : ;Prestige: ;;Prestigio: ;;;;;;;;x;;;
RELEASE_INFAMY; Позор:;Infamie : ;Infamie: ;;Infamia: ;;;;;;;;x;;;
PROV3247;Западные Гавайи;Hawaii ouest;West-Hawaii;;Hawai occidental;;;;;;;;;x;;
PROV3248;Западный Магелланов пролив;Ouest du detroit de Magellan;Westliche Magellanstrasse;;Estrecho de Magallanes occidental;;;;;;;;;x;;
EVTDESC1002;Группа либералов, недовольных отсутствием экономической свободы и темпами парламентской реформы, сформировала новую фракцию в политике $COUNTRY_ADJ$. Анархо-либералы являются революционным авангардом либеральной идеологии, и они не колеблясь используют любые необходимые средства, чтобы их идеи свободы и свободной торговли были внедрены как в $COUNTRY$, так и за рубежом.;Un groupe de liberaux mecontents du manque de liberte economique et du progres des reformes parlementaires a cree une nouvelle faction politique en $COUNTRY$. Les anarcho-liberaux constituent l’avant-garde revolutionnaire de l’ideologie liberale, et ils n’hesiteront pas a recourir a tous les moyens necessaires pour voir prosperer leurs ideaux de liberte individuelle et commerciale en $COUNTRY$ et dans le monde.;Eine Gruppe Liberaler, die aufgrund ihrer fehlenden wirtschaftlichen Freiheit und der ihrer Ansicht nach zu langsam ablaufenden parlamentarischen Reform unzufrieden ist, hat eine neue Fraktion in der $COUNTRY_ADJ$en Politik gebildet. Die Anarcho-Liberalen sind die revolutionare Avantgarde der liberalen Ideologie, und sie werden vor keinen Mitteln zuruckschrecken, um ihre Ideen von Freiheit und Handelsfreiheit in $COUNTRY$ und im Ausland durchzusetzen.;;Un grupo de liberales, descontentos con la falta de libertad economica y la lentitud de las reformas parlamentarias, ha formado una nueva faccion en la escena politica $COUNTRY_ADJ$. Los anarcoliberales, vanguardia de la ideologia liberal, no vacilaran en usar los medios necesarios para que sus ideales de libertad y libre comercio se implanten tanto en $COUNTRY$ como mas alla de sus fronteras.;;;;;;;;;x;;
SOMEONE_HAS_ADDED_STATUS_QUO;Мы не можем добавить цель войны, если кто-то добавил цель войны §YStatus Quo§W;Nous ne pouvons pas ajouter d’objectif de guerre si quelqu’un a ajoute l’objectif de guerre : §YStatu Quo§W.;Wir konnen kein Kriegsziel hinzufugen, wenn jemand ein §YStatus Quo§W-Kriegsziel hinzugefugt hat.;;No podemos anadir un objetivo belico si alguien ya ha anadido uno de §YStatus Quo§W;;;;;;;;x;;;
NO_INTERVENTION_NOT_ENOUGH_OPINION;Чтобы вмешаться, страна, против которой направлена война, должна иметь мнение о нас не ниже §Y$REQLEVEL$§W;Pour intervenir, une nation visee par un objectif de guerre doit avoir au moins une opinion de nous egale a §Y$REQLEVEL$§W.;Zum Intervenieren muss eine Nation, die Ziel eines Kriegsziels ist, mindestens eine §Y$REQLEVEL$§W von uns haben.;;Para poder intervenir, un pais objeto de un objetivo belico debe tener una opinion sobre nosotros de al menos §Y$REQLEVEL$§W;;;;;;;;x;;;
peking_convention_title;Пекинская конвенция;La convention de Pekin.;Die Pekinger Konvention;;La convencion de Pekin;;;;;;;;;x;;
peking_convention_desc;Начиная с Нерчинского договора (1689) Российская империя признала реку Аргунь и Становые горы естественными границами между Россией и Китаем. В середине 19 века русские вышли за пределы этой границы, чтобы захватить обширные земли между Становыми горами и рекой Амур. Позже западные союзники завершили Вторую опиумную войну, сжегши летние дворцы китайского императора и вступили в Пекин. Хитрый генерал-майор по имени Николай Игнатьев смог убедить китайцев, что только поддержка России заставит союзников покинуть Пекин. Ценой этой поддержки стала Пекинская конвенция, которая подтвердила достижения Муравьева и, кроме того, уступила России территорию между рекой Уссури и Тихим океаном. Таким образом, Россия получила около 350 000 квадратных миль территории без единого выстрела.;Depuis le traite de Nerchinsk (1689), l’Empire russe a reconnu le fleuve Argun et les monts Stanovoy comme frontiere naturelle entre la Russie et la Chine.  Au cours du XIXe siecle, les Russes franchirent cette frontiere pour s’emparer des vastes territoires entre les monts Stanovoy et le fleuve Amour. Les Puissances occidentales mirent plus tard un terme a la seconde guerre de l’opium en brulant les palais d’ete de l’empereur et en s’emparant de Pekin. Un general russe avise du nom de Nicolai Ignatiev parvint a convaincre les chinois que seul le soutien de la Russie permettrait l'evacuation de Pekin par les allies. Le prix de ce soutien fut la convention de Pekin, qui enterinait les conquetes de Muravyov et cedait a la Russie les territoires entre le fleuve Ussuri et la cote pacifique. Ainsi, la Russie gagna-t-elle 560 000 kilometres carres sans tirer un coup de fusil.;Seit dem Vertrag von Nertschinsk (1689) hatte das russische Reich den Fluss Argun und das Stanowoigebirge als naturliche Grenze zwischen Russland und China betrachtet. Mitte des 19. Jahrhunderts wollten die Russen diese Grenze erweitern, um das weitraumige Gebiet zwischen dem Stanowoigebirge und dem Fluss Amur zu annektieren. Spater beendeten die westlichen Alliierten den zweiten Opiumkrieg durch Niederbrennen der Sommerpalaste des chinesischen Kaisers und marschierten in Peking ein. Der gerissene Generalmajor Nikolai Ignatjew konnte die Chinesen uberzeugen, dass sie die Westmachte nur mit russischer Unterstutzung zum Abzug bewegen konnen wurden. Der Preis fur diese Unterstutzung war die Pekinger Konvention, die Murawjows Forderungen bestatigte und Russland zusatzlich noch das Territorium zwischen dem Fluss Ussuri und dem Pazifik zusprach. Russland hatte sich also einen Gebietsgewinn von 350000 Quadratmeilen verschafft, ohne einen einzigen Schuss dafur abzufeuern.;;Desde el tratado de Nerchinsk (1689), el imperio ruso siempre habia reconocido el rio Argun y la cordillera de Stanovoy como fronteras naturales entre Rusia y China.  A mediados del siglo XIX, los rusos se expandirian mas alla de esta frontera para apoderarse de los vastos territorios situados entre las montanas Stanovoy y el rio Amur. Mas adelante, los paises occidentales pondrian fin a la Segunda Guerra del Opio incendiando los palacios estivales del emperador de China y ocupando Pekin. Un astuto general llamado Nikolay Ignatiev logro convencer a los chinos de que solo el apoyo de Rusia obligaria a los aliados a evacuar la capital. El precio de este apoyo fue la convencion de Pekin, donde se confirmaron las ganancias obtenidas por Muravyov y, ademas, China cedio a Rusia nuevos territorios entre el rio Ussuri y el Pacifico. De este modo, Rusia adquirio unas 350.000 millas cuadradas de territorio sin tener que disparar un solo tiro.;;;;;;;;;x;;
russian_vladivostok_title;Правитель Востока;Le maitre de l’Orient;Der Herrscher des Ostens;;El senor de oriente;;;;;;;;;x;;
russian_vladivostok_desc;В июле 1860 года недалеко от корейской границы был основан порт Владивосток, или «Правитель Востока». Он стал крупным российским торговым портом и судостроительной верфью. В конце концов, он стал центром межконтинентальной инфраструктуры, а также крупным научным, культурным и промышленным центром. Царь мечтал, что город станет узлом, соединяющим запад с востоком. Может быть, инфраструктура Владивостока в конечном итоге заменит Суэцкий канал в качестве носителя товаров и сырья между Востоком и Западом?;En juillet 1860, le port de Vladivostok, « le maitre de l’Orient » en Russe, fut fonde pres de la frontiere coreenne.  Il deviendra un des principaux ports et chantiers navals de Russie. La ville finira par devenir le point central d’un reseau ferroviaire intercontinental ainsi qu’une grande capitale scientifique, culturelle et industrielle. Le tsar revait d’en faire une passerelle entre l'Occident et l'Orient. Peut-etre qu’un jour, le chemin de fer de Vladivostok remplacera-t-il le canal de Suez dans l’acheminement des marchandises et des matieres premieres entre l’Orient et l’Occident ?;"Im Juli 1869 wurde der Hafen von Wladiwostok, oder auch ""Der Herrscher des Ostens"" nahe der koreanischen Grenze eingeweiht. Er entwickelte sich im Laufe der Zeit zu einem wichtigen Handelshafen und Werftstandort fur Russland. Schliesslich wurde Wladiwostok zum Mittelpunkt einer interkontinentalen Eisenbahnstrecke sowie zu einem eigenstandigen Wissenschafts-, Kultur- und Industriezentrum. Der Zar traumte davon, dass die Stadt der Hauptverbindungspunkt zwischen Ost und West werden wurde. Vielleicht wird Wladiwostok schliesslich sogar den Suezkanal als Haupttransportader von Gutern und Rohmaterialien zwischen der ostlichen und westlichen Hemisphare ersetzen?";;En julio de 1860 se fundo el puerto de Vladivostok (conocido como “senor de oriente”) cerca de la frontera con Corea.  Se convertiria en un importante nucleo comercial ruso y un astillero de primer orden. Con el tiempo, llegaria a ser el punto focal de un ferrocarril intercontinental, asi como un importantisimo centro cientifico, cultural e industrial por propio derecho. El zar sonaba que la ciudad se convertiria en un eje de conexion entre oriente y occidente. Incluso, quien sabe, el ferrocarril de Vladivostok podia llegar a reemplazar al canal de Suez como principal via de transporte de mercancias entre el este y el oeste...;;;;;;;;;x;;
EVTNAME80000;Пекинская конвенция;La convention de Pekin;Die Pekinger Konvention;;La convencion de Pekin;;;;;;;;;x;;
EVTDESC80000;Русские потребовали, чтобы мы согласились на их кражу нашей законной территории. Это возмутительно, но у нас может не быть иного выхода, кроме как принять их требования. Если мы это сделаем, они помогут обеспечить наш суверенитет по отношению к другим европейцам. Кроме того, мы можем оказаться неспособными победить их, если русские решат решить этот вопрос силой.;Les Russes exigent que nous acquiescions au vol de notre territoire legitime. C’est un outrage, mais nous n’avons pas d’autre choix que de ceder a leurs exigences. Si nous cedons, nous assurerons par la notre souverainete a l’egard des autres europeens. De plus, nous serions dans l’incapacite de vaincre si les Russes decidait de resoudre la situation par la force.;Die Russen haben verlangt, dass wir ihren Diebstahl unseres rechtmassigen Territoriums anerkennen. Dies ist unerhort, aber uns wird vermutlich keine andere Wahl bleiben, als ihren Forderungen zu entsprechen. Falls wir das tun, werden sie uns bei der Behauptung unserer Souveranitat den anderen Europaern gegenuber helfen. Sollten sich die Russen entscheiden, diesen Disput mit Waffengewalt zu losen, wurden wir sie vermutlich sowieso nicht schlagen konnen.;;Los rusos han exigido que reconozcamos lo que es un flagrante robo de nuestro legitimo territorio. Es un ultraje, pero no tenemos mas remedio que aceptar sus demandas. Si lo hacemos, garantizaran nuestra soberania frente a las demas potencias europeas. Ademas, si decidieramos oponernos a ellos por la fuerza, tal vez no podriamos derrotarlos.;;;;;;;;;x;;
EVTOPTA80000;У нас нет выбора, подпишем их договор.;Nous n’avons pas d’autre choix que de signer le traite.;Wir haben keine Wahl. Vertrag unterzeichnen!;;No tenemos alternativa, firmad el tratado.;;;;;;;;;x;;
EVTOPTB80000;Царь может идти к черту!;Que le tsar aille au diable !;Der Zar soll in der Holle schmoren!;;ЎQue el zar se vaya al Infierno!;;;;;;;;;x;;
EVTNAME80001;Китай отвергает Конвенцию;La Chine rejette la convention;China lehnt die Konvention ab;;China rechaza la convencion;;;;;;;;;x;;
EVTDESC80001;Неблагодарные китайцы скорее будут смотреть, как горят их города, чем согласятся на наши законные требования. Возможно, нам придется просто приспособиться к желаниям наших своенравных азиатских соседей.;Les Chinois ingrats preferent voir leurs villes bruler que d’acceder a nos demandes legitimes. Peut-etre devrons-nous nous accommoder des desirs de nos voisins asiatiques butes.;Die undankbaren Chinesen mochten lieber ihre Stadte in Flammen sehen, als unseren rechtmassigen Forderungen zu entsprechen. Wir mussen den Wunschen unserer widerspenstigen asiatischen Nachbarn wohl nachkommen ...;;Los ingratos chinos prefieren ver arder sus ciudades antes que acceder a nuestras legitimas demandas. Puede que tengamos que doblegarnos a los deseos de nuestros vecinos asiaticos.;;;;;;;;;x;;
EVTOPTA80001;Там, где однажды поднят российский флаг, его нельзя опускать!;La ou a ete hisse le drapeau russe, il ne peut etre amene !;Wo einmal die russische Flagge gehisst wurde, darf sie nicht mehr verschwinden!;;ЎAlli donde se ha izado la bandera de Rusia, ya nunca vuelve a arriarse!;;;;;;;;;x;;
OL_SIEGES;Профессии;Occupations;Besetzungen;;Ocupaciones;;;;;;;;;x;;
IS_NOT_BIG_PROD_TRIG;НЕ является крупным производителем §Y$VAL$§W.\n;N’est pas un gros producteur de §Y$VAL$§W.\n;Ist KEIN grosser Produzent von §Y$VAL$§W.\n;;NO es un gran productor de §Y$VAL$§W.\n;;;;;;;;x;;;
IS_BIG_PROD_TRIG;Является крупным производителем §Y$VAL$§W.\n;Est un gros producteur de §Y$VAL$§W.\n;Ist ein grosser Produzent von §Y$VAL$§W.\n;;Es un gran productor de §Y$VAL$§W.\n;;;;;;;;x;;;
HAVE_LOWER_RANK_THAN; Более низкий ранг, чем;De rang inferieur a ;Niedrigerer Rang als ;;Clasificacion menor que ;;;;;;;;x;;;
HAVE_HIGHER_RANK_THAN; Более высокий ранг, чем;De rang superieur a ;Hoherer Rang als ;;Clasificacion mayor que ;;;;;;;;x;;;
MUST_NEGOTIATE_WITH_WAR_LEADER_STATUS_QUO;Мы должны вести переговоры с врагом §YВоенный лидер§W, поскольку мы добавили цели войны, а они добавили цель войны §YСтатус-кво§W;Nous devons negocier avec le §YWar leader§W ennemi car nous avons ajoute des objectifs de guerre et ils ont ajoute un objectif de §YStatu Quo§W.;Wir mussen mit dem feindlichen §YKriegsfuhrer§W verhandeln, da wir Kriegziele hinzugefugt haben und sie ein §YStatus Quo§W-Kriegsziel hinzugefugt haben.;;Debemos negociar con el §Ylider de la guerra§W enemigo, porque hemos anadido un objetivo belico y ellos han hecho lo propio con uno de §YStatus Quo§W;;;;;;;;;x;;
law_of_guarantees_title;Закон о гарантиях;La loi des garanties;Das Garantiegesetz;;La ley de garantias;;;;;;;;;x;;
law_of_guarantees_desc;В 1870 году «Закон о гарантиях» был законом, принятым недавно образованным Королевством Италия, направленным на решение «Римского вопроса», который предоставил папе привилегии, аналогичные привилегиям самого короля, включая право отправлять и принимать послов. Папа Пий IX отказался принять законы, которые он и его преемники считали нарушением независимости Святого Престола. Хотя вопрос не был окончательно решен до Латеранского договора 1929 года, Закон о гарантиях тем не менее означал, что столицей молодого Королевства с этого момента станет Рим.;En 1870, la « Loi des garanties » fut passee par le tout jeune royaume d’Italie pour resoudre la « question romaine ». Cette loi accordait au pape des privileges equivalents a ceux du roi, y compris le droit de recevoir et de nommer des ambassadeurs. Le pape Pie IX refusa la loi, que lui-meme et ses successeurs consideraient comme une atteinte a l'independance du Saint Siege. Si la question ne fut definitivement reglee qu’en 1929 avec le Traite de Latran, la loi des garanties a neanmoins etabli que la capitale du nouveau royaume serait Rome.;Mit dem im Jahr 1870 vom neu gegrundeten Konigreich Italien verabschiedeten 'Garantiegesetz' sollte die 'Romische Frage' gelost werden. Das Gesetz gestand dem Papst dieselben Privilegien wie dem Konig selbst zu, einschliesslich dem Recht, Botschafter zu entsenden und zu empfangen. Papst Pius IX. lehnte das Gesetz ab, das er und seine Nachfolger als Schmalerung der Unabhangigkeit des Heiligen Stuhls betrachteten. Obwohl das Problem erst in den Lateranvertragen von 1929 endgultig gelost werden konnte, bedeutete das Garantiegesetz trotzdem, dass die Hauptstadt des jungen Konigreichs von jenem Zeitpunkt an Rom war.;;En 1870, con el fin de resolver la 'Cuestion Romana', el recien formado reino de Italia promulgo la 'ley de garantias', en la que se concedian al pontifice privilegios equivalentes a los del rey, incluido el derecho a enviar y recibir embajadores. El papa Pio IX se nego a aceptar la ley, a la que tanto el como sus sucesores consideraron un atentado contra la independencia de la Santa Sede. Aunque el asunto no quedaria permanentemente zanjado hasta el Tratado Laterano de 1929, la ley de garantias suponia que la capital del joven reino estaria en la ciudad de Roma.;;;;;;;;;x;;
form_byzantine_empire_title;Король королей, правитель правителей;Le Roi des Roi;Konig der Konige, Herrscher der Herrscher;;Rey de reyes, gobernante de gobernantes;;;;;;;;;x;;
form_byzantine_empire_desc;С крахом Османской империи османские претензии на императорские римские титулы, так злобно и обманчиво выкованные греками в темном 1453 году, быстро становятся угасающими воспоминаниями. Константинополь, Город Желания Человека, снова, после столетий турецкой оккупации, в руках греков. С течением лет и времени они снова стали нашими. Басилеи, провозгласите нашу Империю восстановленной!;Avec la chute de l’Empire ottoman, les pretentions ottomanes sur les titres de la Rome imperiale, arraches des mains grecques par traitrise et fourberie en cette sombre annee 1453, ne sont plus que des souvenirs oublies. Constantinople, la ville des desirs d’un homme, est de nouveau grecque apres des siecles d’occupation turque. Tandis que les annees passaient, notre heure est revenue. Basileos, proclame notre empire restaure !;Durch den Zusammenbruch des osmanischen Reiches wird von den osmanischen Anspruchen an kaiserlich-romische Titel, die man den Griechen im schwarzen Jahr 1453 so brutal und hinterlistig entrissen hatte, bald nicht mehr als schnell verblassende Erinnerungen ubrig sein. Konstantinopel, die Stadt der sieben Hugel, ist nach Jahrhunderten turkischer Besetzung nun wieder in griechischen Handen. Basileos, proklamiere unser Reich als wiederhergestellt!;;Con el colapso del Imperio Otomano, las pretensiones de los turcos con respecto a los titulos imperiales romanos, tan cruel y maliciosamente arrebatadas de manos de los griegos en el sombrio ano de 1453, estan quedando relegadas a la condicion de mero recuerdo. Constantinopla, la 'Ciudad del Deseo del Hombre', vuelve a estar, tras siglos de ocupacion turca, en manos de los griegos. Han pasado muchos anos, pero todo vuelve a su lugar. ЎBasileos, proclamad la restauracion de nuestro imperio!;;;;;;;;;x;;
form_israel_title;Декларация Бальфура;La declaration Balfour;Die Balfour-Deklaration;;La declaracion Balfour;;;;;;;;x;;;
form_israel_desc;Правительство Его Величества благосклонно относится к созданию в Палестине национального очага для еврейского народа и приложит все усилия для содействия достижению этой цели...'\n\nПоскольку мы оказываем значительное влияние в Иудее и Леванте, древних местах зарождения еврейской нации, мы можем выпустить декларацию, выражающую наше благосклонное отношение к созданию там национального очага для еврейского народа.;« Le gouvernement de Sa Majeste voit favorablement l’etablissement en Palestine d’un territoire national pour le peuple juif, et mettra tout en њuvre pour faciliter la realisation de cet objectif…\n\nDans la mesure ou nous exercons une influence non negligeable en Judee et au Levant, regions antiques qui virent la naissance de la nation juive, par cette declaration, nous proclamons notre attitude favorable a l'etablissement d'un territoire national pour le peuple juif dans cette region.;Ihrer Majestat Regierung sieht die Etablierung Palastinas als nationale Heimat des judischen Volkes wohlwollend, und wird ihr Moglichstes tun, um das Erreichen dieses Ziel zu fordern ...'\n\nDa wir in Judaa und der Levante, den uralten Geburtsstatten der judischen Nation, bedeutenden Einfluss haben, konnen wir unsere Befurwortung der dortigen Etablierung einer nationalen Heimat fur das judische Volk deklarieren.;;El gobierno de Su Majestad ve con buenos ojos el establecimiento en Palestina de una patria para el pueblo judio y no escatimara esfuerzos para asegurarse de que se alcanza este objetivo...\n\nDada la influencia que ejercemos en Judea y el Levante, hogares ancestrales de la nacion judia, podriamos emitir una declaracion en la que se exprese nuestra actitud favorable al establecimiento alli de una patria para el pueblo judio.;;;;;;;;x;;;
BYZ_absolute_monarchy;Византийская империя;Empire byzantin;Byzantinisches Reich;;Imperio Bizantino;;;;;;;;;x;;
BYZ_proletarian_dictatorship;Союз Красных Фем;Union des themes rouges;Union der Rotthematiker;;Union de las Themas Rojas;;;;;;;;;x;;
BAB;Вавилон;Babylone;Babylon;;Babilonia;;;;;;;;;x;;
BAB_ADJ;вавилонский;babylonien;Babylonisch;;Babilonica;;;;;;;;;x;;
BAB_conservative;Кодекс законов о недвижимости;Le parti du code des lois;Die Gesetzbuchpartei;;El Partido del Codigo Legal;;;;;;;;;x;;
BAB_liberal;(Висячий) сад поместья;Le parti des jardins (suspendus);Die (Hangende) Gartenpartei;;El Partido de los Jardines (Colgantes);;;;;;;;;x;;
BAB_reactionary;Полезный Хаммурапи;Parti hammourabien;Hammurabis Helfer;;Los Seguidores de Hammurabi;;;;;;;;;x;;
BAB_communist;Фракция «Зиккурат» (марксистско-ленинская);La faction ziggourat (marxiste-leniniste);Die Ziggurat-Fraktion (marxistisch-leninistisch);;La Faccion Ziggurat (marxista-leninista);;;;;;;;;x;;
BAB_anarcho_liberal;Народный фронт Ама-ги;Front populaire Ama-gi;Ama-gi-Volksfront;;Frente Popular Ama-gi;;;;;;;;;x;;
BAB_socialist;Строители Башни;Les batisseurs de tours;Die Turmbauer;;Los Constructores de Torres;;;;;;;;;x;;
BAB_fascist;Зоопарк Вавилона;Le Zoo de Babylone;Babylon Zoo;;El Zoo Babilonico;;;;;;;;;x;;
build_the_tower_of_babylon_title;Вавилонская башня;La tour de Babel;Der Turm von Babylon;;La Torre de Babel;;;;;;;;;x;;
build_the_tower_of_babylon_desc;За последние несколько тысяч лет было достигнуто очень мало прогресса в этом величайшем из всех строительных проектов, начатых нашими гордыми предками. С недавним восхождением Ирака к власти и положению в мире, появились некоторые разговоры... хотя все разговоры в последнее время странно трудно понять... о том, чтобы снова начать проект! С современными технологиями, кто знает, какие чудеса можно было бы совершить?;Au cours des derniers millenaires, tres peu de progres ont ete faits sur le plus grand projet de construction initie par nos illustres ancetres. Avec la montee en puissance recente et la nouvelle place dans le concert des nation de l'Iraq, on parle… meme si recemment, le discourt s’est fait incomprehensible… de relancer le projet ! Avec la technologie moderne, qui sait quelles merveilles pourraient etre accomplies ?;Im Laufe der letzten Jahrtausende wurden beim grossten aller Bauprojekte, begonnen von unseren stolzen Vorfahren, kaum noch Fortschritte erzielt. Durch den kurzlichen Aufstieg des Iraks zu Macht und Ansehen in der Welt gibt es Gesprache ... die in letzter Zeit merkwurdigerweise nur schwer zu verstehen waren ... das Projekt wieder aufzunehmen! Welche Wunder wohl durch den Einsatz moderner Technologie moglich waren?;;En los ultimos milenios apenas se han hecho progresos en el mayor de los proyectos de construccion iniciado por nuestros orgullosos antepasados. ЎCon el reciente ascenso de Irak en el concierto de las naciones, cada vez mas voces (aunque cada vez mas confusas, tambien es cierto) hablan de reiniciar el proyecto! Con la tecnologia moderna, їquien sabe que maravillas se podrian alcanzar?;;;;;;;;;x;;
EVTNAME4430;Давление в пользу реформ;Pression pour des reformes;Forderung nach Reformen;;Peticion de reformas;;;;;;;;;x;;
EVTDESC4430;И любовь бросает вам вызов изменить наш способ заботы о себе.'\n-- Королева\n\nПолитический климат в $COUNTRY$ в последнее время ухудшился, поскольку все больше и больше наших верноподданных начинают сомневаться в целесообразности нашей не слишком представительной Верхней палаты. Верхняя палата все чаще рассматривается как единственный институт, в первую очередь ответственный за постоянное подавление всех попыток и инициатив, направленных на политическую реформу, и люди требуют пересмотреть уставы этого института, чтобы обеспечить более широкое представительство.;« Et l’amour vous defie de changer la maniere dont nous nous occupons de nous-memes »\n-- Queen\n\n Le climat politique en $COUNTRY$ s’est considerablement degrade alors que de plus en plus de nos loyaux sujets mettent en doute la sagesse de notre chambre haute, si peu representative. La chambre haute est vue de plus en plus comme l’institution responsable de l’etouffement permanent des tentatives et initiatives visant aux reformes politiques, et le peuple exige que les chartes fondatrices de nos institutions soient amendees afin de permettre une representation plus large.;And love dares you to change our way of caring, about ourselves.'\n-- Die Queen\n\nDas politische Klima in $COUNTRY$ hat kurzlich eine Wende zum Schlechteren genommen, und immer mehr unserer loyalen Unteranen beginnen, die Weisheit unseres nicht besonders reprasentativen Oberhauses anzuzweifeln. Das Oberhaus wird zunehmend als die Institution angesehen, die dafur verantwortlich ist, dass samtliche politischen Reformversuche und -initiativen abgeschmettert werden. Das Volk verlangt die Neuaufsetzung der Grundprinzipien der Verfassung, um eine breitere Reprasentation zu ermoglichen.;;Y el amor que se atreve a cambiar la forma en que nos manejan\n-- Reina\n\nEl clima politico en $COUNTRY$ ha dado ultimamente un giro para peor, pues cada vez son mas los subditos nuestros que cuestionan la falta de representatividad de la camara alta. El pueblo la considera responsable de que constantemente se frustren las iniciativas de reforma politica y comienza a pedir que se reforme su carta fundacional para abrir sus puertas a una representatividad mas amplia.;;;;;;;;;x;;
EVTOPTA4430;Безумие смеётся под давлением, которое мы преодолеваем.;Rires dements sous la pression. Nous craquons.;Der Wahnsinn nimmt seinen Lauf - aber wir geben dem Druck nach.;;Solo los locos se rien bajo presion. El sistema se desmorona.;;;;;;;;;x;;
EVTOPTB4430;Разве мы не можем дать себе еще один шанс?;Ne pouvons-nous pas nous donner une autre chance ?;Konnen wir uns selbst nicht noch eine Chance geben?;;їNo podemos darnos una oportunidad mas?;;;;;;;;;x;;
#ADM_DESC;Расходы на администрирование позволяют вашим бюрократам управлять и поддерживать здоровую бюрократию, повышая вашу административную эффективность. Низкая административная эффективность означает, что вы фактически платите больше всякий раз, когда правительство тратит деньги. Базовые цены на все государственные расходы всегда увеличиваются на обратную величину вашей административной эффективности для определения фактической стоимости.;Les depenses pour l’administration permettent a vos bureaucrates de maintenir une administration saine a l’efficacite renforcee. Une faible efficacite administrative fait que vous payez plus pour chaque projet dans lequel le gouvernement investit. Le cout de base des depenses de l’Etat est toujours modifie par l’inverse de votre efficacite administrative pour en determiner le prix final.;Verwaltungsausgaben ermoglichen Ihren Burokraten die Beibehaltung einer reibungslosen Burokratie und die Erhohung Ihrer Verwaltungseffizienz. Eine niedrige Verwaltungseffizienz wurde bedeuten, dass Sie letztendlich mehr zahlen, wann immer die Regierung Geld ausgibt. Der Basispreis fur alle Regierungsausgaben wird immer durch die Umkehr Ihrer Verwaltungseffizienz erhoht, um die tatsachlichen Kosten zu ermitteln.;;El gasto en administracion permite que tus burocratas mantengan una burocracia firme que aumentara la eficacia administrativa. Una baja eficiencia administrativa significa que, en la practica, pagas mas cada vez que el gobierno gasta dinero. Los precios basicos de los gastos realizados por el gobierno aumentan en proporcion inversa a tu eficiencia administrativa a la hora de determinar los costes finales.;;;;;;;;;x;;
RELEASE_PLAY_AS;Играть как;Jouer;Spielen als:;;Jugar con;;;;;;;;;x;;
EGY_921;Палестина;Palestine;Palastina;;Palestina;;;;;;;;;x;;
raise_the_bonnie_blue_flag_title;Голубой флаг Бонни!;Le Bonnie Blue Flag !;Die Bonnie Blue Flag!;;ЎLa Bonnie Blue!;;;;;;;;;x;;
raise_the_bonnie_blue_flag_desc;Ура! Ура!\nЗа права Юга, ура!\nУра флагу Bonnie Blue с одной звездой!\n\n«Флаг Bonnie Blue» был первым неофициальным флагом Конфедерации, а также названием популярной маршевой песни Конфедерации 1861 года Гарри Маккарти, восхваляющей этот флаг. Поднимите флаг Bonnie Blue и смотрите, как новобранцы стекаются к нашим знаменам.;« Hourra ! Hourra !\nPour les droits du Sud, hourra !\nHourra pour le Bonnie blue flag qui ne porte qu’une etoile ! »\n\n le « Bonnie Blue Flag » fut le premier drapeau, non officiel, de la Confederation des Etats du Sud et le titre d’une marche confederee celebre ecrite en 1861 par Harry Mac Carthy. Dressons le Bonnie Blue Flag et voyons accourir les recrues a l’appel de notre banniere.;Hurrah! Hurrah!\nFor Southern rights, hurrah!\nHurrah for the Bonnie Blue Flag that bears a single star!'\n\nDie 'Bonnie Blue Flag' war die erste, wenngleich inoffizielle Flagge der Konfoderation. Sie trug den Namen eines beliebten konfoderierten Marschliedes von 1861 aus der Feder von Harry McCarthy, das dieselbe Flagge besang. Hissen Sie die Bonnie Blue, und die Rekruten werden zu unseren Bannern stromen.;;ЎHurra! ЎHurra!\nЎPor obtener los derechos del sur, hurra!\nЎHurra por la bandera Bonnie Blue que lleva una estrella!\n\nLa 'Bonnie Blue' fue la primera y oficiosa bandera de la Confederacion, asi como el titulo de una popular marcha confederada compuesta por Harry McCarthy en 1861 como homenaje a ella. Levantemos la Bonnie Blue y que los reclutas acudan en bloque a nuestras filas.;;;;;;;;;x;;
the_bonnie_blue_flag;Голубой флаг Бонни;Le Bonnie Blue Flag;Die Bonnie Blue Flag;;La Bonnie Blue;;;;;;;;;x;;
the_bonnie_blue_flag_desc;Одна белая звезда на синем поле ведет наши войска в бой.;Une seule etoile sur fond bleu mene nos troupes a la bataille.;Ein einzelner weisser Stern auf blauem Hintergrund fuhrt unsere Truppen in die Schlacht.;;Una estrella blanca sobre un campo azul guia a nuestras tropas al campo de batalla.;;;;;;;;;x;;
trinket_wage;Минимальная заработная плата безделушки;Salaire min. derisoire;Sach-Mindestlohn;;Salarios minimos testimoniales;;;;;;;;;x;;
tut_2b_15;То, как строятся мастерские, зависит от текущей экономической политики вашей страны. Например, в экономике «Laissez Faire» все ваши мастерские строятся вашими капиталистами. Однако в нынешней бельгийской системе и правительство, и капиталисты могут строить мастерские. Строительство большего количества мастерских — хороший способ стимулировать экономику страны. Продолжайте и нажмите кнопку «Построить мануфактуру» для бельгийской Валлонии.;La maniere dont les usines sont construites depend de la politique economique de votre pays. Dans une economie de « Laissez-faire », par exemple, toutes vos usines sont construites par vos capitalistes. Dans le systeme belge actuel, cependant, le gouvernement comme les capitalistes peuvent construire des usines. Construire plus d’usines est un bon moyen de developper l'economie du pays. Cliquez sur le bouton « Contruire usine » pour la Flandre.;Wie Fabriken gebaut werden, hangt von der aktuellen Wirtschaftspolitik Ihres Landes ab. Unter einer 'Laissez Faire'-Wirtschaft zum Beispiel werden alle Fabriken von Ihren Kapitalisten gebaut. Im aktuellen belgischen System konnen sowohl die Regierung als auch die Kapitalisten Fabriken bauen. Der Bau zusatzlicher Fabriken ist eine gute Methode, die Landeswirtschaft anzukurbeln. Klicken Sie nun fur Flandern auf die Schaltflache 'Fabrik bauen'.;;La manera en que se construyen las fabricas en tu pais depende de su politica economica. Bajo el 'Laissez Faire', por ejemplo, son los capitalistas los que las construyen todas. Sin embargo, en el actual sistema belga, tanto el gobierno como los capitalistas pueden hacerlo. Construir fabricas es un buen modo de desarrollar la economia de un pais. Adelante, haz clic en el boton 'Construir fabrica' en Vlaandern.;;;;;;;;;x;;
webster_ashburton_treaty_title;Договор Вебстера-Эшбертона;Traite de Webster-Ashburton;Webster-Ashburton-Vertrag;;Tratado de Webster-Ashburton;;;;;;;;;x;;
webster_ashburton_treaty_desc;После событий (необъявленной) Арустукской войны Договор Вебстера-Эшбертона 1842 года между Соединенным Королевством и Соединенными Штатами Америки окончательно определил границы между штатами Мэн и Нью-Брансуик, урегулировал совместное использование Великих озер, подтвердил границу по 49-й параллели и призвал к взаимным обязательствам по прекращению атлантической работорговли.;Suivant les evenements de guerre (non declaree) d’Aroostook, le traite Webster-Ashburton de 1842, signe entre le Royaume-Uni et les Etats-Unis, delimite avec precision la frontiere entre le Maine et le Nouveau Brunswick, regit l'utilisation commune des grands lacs, reaffirme la frontiere constituee par le 49e parallele et lance un appel mutuel pour mettre fin au trafic d’esclave en Atlantique.;Der Webster-Ashburton-Vertrag von 1842 folgte auf die Ereignisse des (illegalen) Aroostook-Krieges zwischen dem Vereinigten Konigreich und den Vereinigten Staaten. Im Vertrag wurden die Grenzen zwischen Maine und New Brunswick endgultig festgelegt, die gemeinsame Nutzung der Great Lakes reglementiert, der Nordwestwinkel erneut bestatigt und ein gegenseitiger Einsatz zur Beendigung des atlantischen Sklavenhandels beschlossen.;;Tras los sucesos de la (no declarada) Guerra de Aroostook, el tratado Webster-Ashburton de 1842, suscrito por el Reino Unido y los Estados Unidos de America delimito de manera definitiva la frontera entre Maine y Nuevo Brunswick, regulo el uso compartido de los Grandes Lagos, confirmo la frontera del paralelo 49 y expreso el deseo mutuo de alcanzar un compromiso con el fin de terminar con el comercio de esclavos en el Atlantico.;;;;;;;;;x;;
SPA_2209;Большие Антильские острова;Cuba;Kuba;;Cuba;;;;;;;;;x;;
ENG_203;Карибские острова;Iles caraibes;Karibische Inseln;;Islas del Caribe;;;;;;;;;x;;
PV_CLERGY_LIT_PROVIDES;Духовенство провинций: $VAL$;Province de clerge : $VAL$;Klerusprovinzen: $VAL$;;Provincias del clero: $VAL$;;;;;;;;;x;;
PV_CLERGY_LIT_NUM;$NUM$ вашего населения — духовенство (оптимальный $OPT$): $VAL$;$NUM$ de votre population appartient au clerge ($OPT$ optimal) : $VAL$;$NUM$ unserer Bevolkerung gehoren zum Klerus (optimal $OPT$): $VAL$;;$NUM$ de tus habitantes pertenecen al clero (valor optimo: $OPT$): $VAL$;;;;;;;;;x;;
PV_CLERGY_SETTING;Расходы на образование в $SETTING$: $VAL$;Depenses d’education a $SETTING$ : $VAL$;Bildungsausgaben bei $SETTING$: $VAL$;;Gasto educativo en $SETTING$: $VAL$;;;;;;;;;x;;
PV_CLERGY_TECH;Из технологий: $VAL$;Provenant de la technologie : $VAL$;Von Technologie: $VAL$;;De la tecnologia: $VAL$;;;;;;;;;x;;
EVTNAME13357;Доктрина упущения;La doctrine de preemption;The Doctrine of Lapse;;La doctrina del lapso;;;;;;;;;x;;
EVTDESC13357;«Доктрина упущения» была британской политикой в отношении индийских подданных Британии государств, княжеских государств, которая гласила, что любое такое государство может быть немедленно аннексировано Британской Ост-Индской компанией, если правитель умрет без прямого наследника или если правитель будет признан «явно некомпетентным». Доктрина исторически использовалась для аннексии государств Сатара, Самбалпур, Нагпур, Джханси и Авадх. В связи с нынешним положением нашей страны должностные лица Ост-Индской компании сегодня объявили наши княжеские права недействительными.;« La doctrine de preemption » est le nom donne a la politique britannique a l’egard des etats indiens sous sa domination. Ces etats pouvaient etre immediatement annexes par la Compagnie des Indes Orientales en cas de deces du monarque ou si celui-ci etait juge « manifestement incompetent ». Cette doctrine fut utilisee historiquement pour annexer les Etats de Satara, Sambalpur, Nagpur, Jhansi et Awadh. Etant donne l'etat actuel de notre pays, les responsables de la Compagnie des Indes Orientales ont ce jour declares nuls et non avenus nos droits princiers.;The Doctrine of Lapse' war eine politische Verfugung Englands bezuglich der indischen Untertanstaaten, den Prinzenstaaten. Sie besagte, dass jede dieser Nationen sofort von der British East India Company annektiert werden konnte, wenn der Herrscher ohne direkten Nachfolger starb, oder wenn er als 'offenkundig inkompetent' befunden wurde. Historisch wurde die Doktrin zur Annektierung der Staaten Satara, Sambalpur, Nagpur, Jhansi und Awadh eingesetzt. Aufgrund des aktuellen Status unseres Landes haben Offizielle der East India Company unsere Furstenrechte heute fur null und nichtig erklart.;;La 'doctrina del lapso' fue una politica britanica relativa a las naciones sometidas de la India, los Principados, que afirmaba que tales estados podian ser anexionados inmediatamente por la Compania Britanica de las Indias Orientales en caso de que su soberano muriera sin herederos directos o demostrase ser 'manifiestamente incompetente'. La doctrina se utilizo historicamente para anexionar los principados de Satara, Sambalpur, Nagpur, Jhansi y Awadh. Debido a la situacion de nuestro pais, los agentes de la Compania de las Indias Orientales han declarado hoy anulados nuestros derechos principescos.;;;;;;;;;x;;
EVTOPTA13357;Нееет!;Nooon !;Neiiin!;;ЎNoooo!;;;;;;;;;x;;
EVTNAME13358;Доктрина упущения;La doctrine de preemption;The Doctrine of Lapse;;La doctrina del lapso;;;;;;;;;x;;
EVTDESC13358;«Доктрина упущения» была британской политикой в отношении индийских подданных Великобритании государств, княжеств, которая гласила, что любое такое государство может быть немедленно аннексировано Британской Ост-Индской компанией, если правитель умрет без прямого наследника или если правитель будет признан «явно некомпетентным». Доктрина исторически использовалась для аннексии штатов Сатара, Самбалпур, Нагпур, Джханси и Авадх, причем аннексия последнего была одной из искр, разжегших восстание сипаев в 1857 году. Доктрина была отвергнута с установлением британского владычества в 1858 году. Из-за трагического положения дел, которое пронизывает правительство $FROMCOUNTRY$, Ост-Индская компания сегодня объявила независимость этой страны недействительной.;« La doctrine de preemption » est le nom donne a la politique britannique a l’egard des etats indiens sous sa domination. Ces etats pouvaient etre immediatement annexes par la Compagnie des Indes Orientales en cas de deces du monarque si celui-ci etait juge « manifestement incompetent ». Cette doctrine fut utilisee historiquement pour annexer les etats de Satara, Sambalpur, Nagpur, Jhansi et Awadh. L’annexion de ce dernier declencha la revolte Sepoy de 1857. La doctrine fut abandonnee en 1858 avec l’avenement du Raj britannique. Etant donne l'etat pitoyable des affaires du gouvernement en $FROMCOUNTRY$, la Compagnie des indes orientales a ce jour declare l’independance du pays nulle et non avenue.;The Doctrine of Lapse' war eine politische Verfugung Englands bezuglich der indischen Untertanstaaten, den Furstenstaaten. Sie besagte, dass jede dieser Nationen sofort von der British East India Company annektiert werden konnte, wenn der Herrscher ohne direkten Nachfolger starb, oder wenn er als 'offenkundig inkompetent' befunden wurde. Historisch wurde die Doktrin zur Annektierung der Staaten Satara, Sambalpur, Nagpur, Jhansi und Awadh eingesetzt, wobei letztere den Sepoy-Aufstand von 1857 entfachte. Die Doktrin wurde 1858 durch die Etablierung des British Raj aufgehoben. Aufgrund der tragischen Lage der Regierung von $FROMCOUNTRY$ hat die East India Company die Unabhangigkeit dieses Landes fur null und nichtig erklart.;;La 'doctrina del lapso' fue una politica britanica relativa a las naciones sometidas de la India, los Principados, que afirmaba que tales estados podian ser anexionados inmediatamente por la Compania Britanica de las Indias Orientales en caso de que su soberano muriera sin herederos directos o demostrase ser 'manifiestamente incompetente'. La doctrina se utilizo historicamente para anexionar los principados de Satara, Sambalpur, Nagpur, Jhansi y Awadh. Este ultimo caso fue una de las chispas que inflamo la Revuelta de los Cipayos de 1857. La doctrina quedo repudiada con el establecimiento del Raj britanico en 1858. Debido al tragico estado de las cosas en el gobierno de $FROMCOUNTRY$, la Compania de las Indias Orientales ha declarado hoy anulada la independencia de este pais.;;;;;;;;;x;;
EVTOPTA13358;Отличный!;Excellent !;Hervorragend!;;ЎExcelente!;;;;;;;;;x;;
EVTOPTB13358;Ба, еще одна бесполезная территория.;Bof, encore des territoires inutiles.;Pah, noch mehr nutzloses Territorium.;;Bah, mas territorio inutil.;;;;;;;;;x;;
RUS_absolute_monarchy;Российская Империя;Empire russe;Russisches Zarenreich;;El Imperio Ruso;;;;;;;;;x;;
RUS_prussian_constitutionalism;Российская империя;Empire russe;Russisches Zarenreich;;El Imperio Ruso;;;;;;;;;x;;
ENG_absolute_monarchy;Великобритания;Empire britannique;Britisches Konigreich;;El Imperio Britanico;;;;;;;;;x;;
ENG_prussian_constitutionalism;Британская империя;Empire britannique;Britisches Konigreich;;El Imperio Britanico;;;;;;;;;x;;
GER_absolute_monarchy;Германская империя;Empire allemand;Deutsches Kaiserreich;;El Imperio Aleman;;;;;;;;;x;;
GER_prussian_constitutionalism;Германская империя;Empire allemand;Deutsches Kaiserreich;;El Imperio Aleman;;;;;;;;;x;;
the_vega_expedition_title;Экспедиция Вега;L’expedition Vega;Die Vega-Expedition;;La expedicion Vega;;;;;;;;;x;;
the_vega_expedition_desc;в 1878-80 годах Адольф Эрик Норденшельд при финансовой поддержке короля Оскара II стал первым человеком, успешно обогнувшим всю Евразийскую сушу в ходе своей экспедиции «Вега». Хотя существование Северо-Восточного прохода было подтверждено по крайней мере с середины века, Норденшельд был первым, кто фактически прошел по нему, и его возвращение в Стокгольм в 1880 году широко отмечалось.;En 1878-80 Adolf Erik Nordenskiold, avec le soutien financier du roi Oscar II, est devenu le premier navigateur a faire le tour de l’ensemble continental euro-asiatique lors de son expedition Vega. L’existence du passage du nord-est etait confirmee depuis la moitie du XIXe siecle, mais Nordenskiold fut le premier a l’emprunter. Son retour a Stockholm en 1880 fut largement fete.;Adolf Erik Nordenskiold umschiffte mit finanzieller Unterstutzung von Konig Oskar II. mit seiner Vega-Expedition von 1878-80 als erster Mensch die gesamte eurasische Landmasse. Obwohl die Existenz der Nordostpassage schon seit Mitte des Jahrhunderts bestatigt war, befuhr sie Nordenskiold als erster. Seine Ruckkehr nach  Stockholm im Jahr 1880 wurde ausgiebig gefeiert.;;Entre 1878 y 1880, Adolf Erik Nordenskiold, con el apoyo financiero del rey Oscar II, se convirtio en la primera persona que circunnavegaba la totalidad de Eurasia, con su expedicion Vega. Aunque la existencia del paso del Noreste estaba confirmada desde al menos mediados de siglo, Nordenskiold fue el primero que logro cruzarlo y su regreso a Estocolmo en 1880 fue muy celebrado.;;;;;;;;;x;;
ENG_2068;Замбези;Zambeze;Sambesi;;Zambezi;;;;;;;;;x;;
rhodesia_charter_title;Британская Южноафриканская Компания;British South Africa Company;British South Africa Company;;Compania Sudafricana Britanica;;;;;;;;;x;;
rhodesia_charter_desc;BSAC, основанная магнатом горнодобывающей промышленности Сесилом Родсом, получила королевскую хартию в 1889 году. Компания была создана по образцу Британской Ост-Индской компании и была создана для содействия дальнейшей эксплуатации Южной и Центральной Африки. Район, ранее известный как Замбези, в честь одноименной реки, позже, в колониальную эпоху, стал известен как «Родезия» в честь человека, открывшего регион для британских интересов.;La BSAC fut fondee par le magnat de la mine Cecil Rhodes, lorsqu’il recu sa charte royale en 1889. La compagnie fut construite sur le modele de la Compagnie des indes orientales et fut mise en place pour promouvoir l’exploitation de l’Afrique centrale et du sud. La region precedemment connue sous le nom de Zambeze, d’apres le fleuve du meme nom, sera rebaptisee « Rhodesie » lors de la periode coloniale, en l’honneur de l’homme qui ouvrit la region aux interets britanniques.;Die BSAC wurde vom Bergbau-Magnaten Cecil Rhodes gegrundet, und erhielt im Jahr 1889 ihre konigliche Satzung. Die Firma war nach dem Vorbild der British East India Company entworfen worden und sollte die weitere Ausbeutung von Sud-Zentralafrika fordern. Diese Region, die vormals Sambesi hiess, wie der gleichnamige Fluss, wurde wahrend der Kolonialzeit zu Ehren des Mannes, der das Gebiet fur die britischen Interessen geoffnet hatte, 'Rhodesia' genannt.;;La CSDB, creada por el magnate minero Cecil Rhodes, recibio su carta fundacional de manos de la Corona en 1889. La compania, creada segun el modelo de la Compania Britanica de las Indias Orientales, tenia como objetivo el fomento de la explotacion del Africa central y meridional. El area, conocida hasta entonces como Zambezi por el rio del mismo nombre, pasaria a llamarse 'Rhodesia' en honor al hombre que la habia abierto a los intereses britanicos.;;;;;;;;;x;;
TUR_proletarian_dictatorship;Турецкий рабочий союз;Turquie;Turkei;;Turquia;;;;;;;;;x;;
GER_2530;Северная Новая Гвинея;Nouvelle Guinee du nord;Nordliches Neuguinea;;Nueva Guinea Septentrional;;;;;;;;;x;;
AST_2528;Южная Новая Гвинея;Nouvelle guinee du sud;Sudliches Neuguinea;;Nueva Guinea Meridional;;;;;;;;;x;;
kaiser_wilhelms_land_title;Земля кайзера Вильгельма;Kaiser-Wilhelms-Land;Kaiser-Wilhelms-Land;;Tierra del Kaiser Guillermo;;;;;;;;;x;;
kaiser_wilhelms_land_desc;Названная в честь немецкого императора, «Земля Кайзера Вильгельма» была немецким названием северо-восточной части острова Новая Гвинея, которая вместе с архипелагом Бисмарка и другими тихоокеанскими владениями составляла немецкую колонию Неугинея. Территория была оккупирована австралийскими войсками во время Первой мировой войны и удерживалась в качестве мандата Лиги Наций до 1975 года.;Forme sur le nom de l’empereur d’Allemagne, le « Kaiser-Wilhelms-Land » est le nom allemand de la partie nord-est de la Nouvelle Guinee, qui constitue avec l’archipel Bismarck et d’autres possessions dans le Pacifique, les colonies allemandes de Neuguinea. Ce territoire fut occupe par l’Australie au cours de la Premiere guerre mondiale, et resta sous mandat de la Ligue des Nations jusqu’en 1975.;Kaiser-Wilhelms-Land' war der deutsche Name fur den nach dem deutschen Kaiser benannten, nordostlichen Teil der Insel Neuguinea, die, zusammen mit dem Bismarck-Archipel und anderen Besitztumern im Pazifik die deutsche Kolonie Neuguinea bildete. Das Territorium wurde wahrend des ersten Weltkriegs von australischen Truppen besetzt und stand bis 1975 unter dem Mandat der Vereinten Nationen.;;Llamada asi por el emperador aleman, 'Tierra del Kaiser Guillermo' fue el nombre que dieron los alemanes a la region nororiental de la isla de Nueva Guinea, que, junto con el archipielago Bismarck y otras posesiones del Pacifico constituian la colonia alemana de Neuguinea. El territorio, ocupado por tropas australianas durante la I Guerra Mundial, quedo bajo la administracion de la Liga de las Naciones hasta 1975.;;;;;;;;;x;;
megali_idea_title;Мегали Идея;La grande idee;Megali-Idee;;Megali Idea;;;;;;;;;x;;
megali_idea_desc;«Мегали-идея», Великая идея, была ирредентистской концепцией Великого греческого государства, охватывающего всех этнических греков, включая, в частности, значительные греческие меньшинства, проживающие на западном побережье Малой Азии. Эта концепция была движущей силой между многими взаимодействиями Греции с угасающим Османским государством в 19 веке, и цели Великой идеи были очень близки к реализации в Севрском договоре, подписанном в конце Первой мировой войны. Однако огромные земельные приобретения, которые Севрский договор предоставил Греции, были в значительной степени сведены на нет последующей греко-турецкой войной 1919-21 годов. Большое — это прекрасно!;L’idee « Megali », la grande idee, est une conception irredentiste d’une Grande Nation grecque qui rassemblerait tous les peuples d’ethnie grecque, en particulier la substantielle minorite vivant sur la cote occidentale de l’Asie mineure. Cette idee motiva la plupart des interactions de la Grece ave l'Empire ottoman agonisant au cours du XIXe siecle et l'objectif de creation d'une Grande Grece fut bien pres d'etre atteint lors de la signature du Traite de Sevre, a la fin de la Premiere guerre mondiale. Les vastes portions de territoire que le Traite de Sevre accorda a la Grece, furent largement perdues dans la guerre greco-turque qui suivit entre 1919-1921. Big is beautiful !;"Die 'Megail-Idee"", die Grosse Idee, war eine irredentistische Vorstellung von einem Grossgriechischen Staat, der alle Griechischstammigen umfassen sollte, besonders die grossen griechischen Minderheiten, die an der Westkuste Kleinasiens lebten. Dieses Konzept war eine treibende Kraft hinter den griechischen Interaktionen mit dem im Niedergang befindlichen osmanischen Staat wahrend des 19. Jahrhunderts, und im Vertrag von Sevres, der am Ende des ersten Weltkriegs unterzeichnet wurde, kam man den Zielen der Grossen Idee schon sehr nahe. Die weitlaufigen Gebiete, die durch den Vertrag von Sevres erlangt wurden, gingen im griechisch-turkischen Krieg von 1919-21 aber grosstenteils wieder verloren.";;La 'Megali Idea', la 'gran idea' fue el concepto irreductible de un gran estado que englobase a toda la nacion griega, incluidas especialmente las importantes minorias que vivian en la costa occidental de Asia Menor. Este concepto, omnipresente en las relaciones entre el decadente Imperio Otomano y Grecia a lo largo del siglo XIX, estuvo a punto de cristalizar en el tratado de Sevres, firmado al final de la Primera Guerra Mundial. Sin embargo, los grandes territorios otorgados a Grecia en este tratado se perdieron en su mayor parte en la posterior guerra Greco-Turca de 1919-21. ЎCuanto mas grande mejor!;;;;;;;;;x;;
DIFFICULTY_LABEL;Сложность;Difficulte;Schwierigkeit;;Dificultad;;;;;;;;;x;;
expand_motala_verkstad_title;Мотала Веркстад;Motala Verkstad;Motala Verkstad;;Motala Verkstad;;;;;;;;;x;;
expand_motala_verkstad_desc;Motala Verkstad' (машиностроительный завод Motala) был основан в 1822 году Балтазаром фон Платеном во время строительства канала Гёта. Во время руководства Отто Эдварда Карлсунда, с 1843 по 1870 год, Motala Verkstad стал одним из самых известных в мире предприятий Швеции. Мастерская упоминается в романе Жюля Верна «20 000 лье под водой» как производившая детали для вымышленной подводной лодки «Наутилус».;"Le « Motala Verkstad » (ateliers de machines) fut fonde en 1822 par Baltazar von Platen lors de la construction du canal de Gota. Sous la direction d’Otto Edvard Carlsund, entre 1843 et 1870, Motala Verkstad devint une des manufactures suedoises les plus reputees. L’atelier est mentionne dans le roman de Jules Verne, ""20 000 lieues sous les mers"", comme un des fournisseurs de pieces pour le Nautilus.";Motala Verkstad' (Motala Werk- oder Maschinenwerkstatt) wurde 1822 wahrend des Baus des Gota-Kanals durch Baltazar von Platen gegrundet. Wahrend der Fuhrung Otto Edvard Carlsunds von 1843 bis 1870 wurde Motala Verkstad zu einer der international bekanntesten schwedischen Fabriken. Sie wird sogar in Jules Vernes' Roman '20.000 Meilen unter dem Meer' als Teilehersteller fur das fiktionale U-Boot 'Nautilus' erwahnt.;;Motala Verkstad (taller o fabrica Motala) fue fundada en 1822 por Baltazar von Platen durante la construccion del canal de Gota. Bajo la direccion tecnica de Otto Edvard Carlsund, de 1843 a 1870, Motala Verkstad se convirtio en uno de los fabricantes suecos mas conocidos en el mundo. Julio Verne lo menciona en su novela '20.000 leguas de viaje submarino' como constructora de parte de su ficticio submarino 'Nautilus'.;;;;;;;;;x;;
motala_verkstad;Мотала Веркстад;Motala Verkstad;Motala Verkstad;;Motala Verkstad;;;;;;;;;x;;
desc_motala_verkstad;Основанная в 1822 году Бальтазаром фон Платеном во время строительства Гёта-канала, компания Motala Verkstad является одним из самых известных машиностроительных предприятий Швеции.;Fonde en 1822 par Baltazr von Platen lors de la construction du canal de Gota, Motala Verkstad est un des ateliers de construction de machines les plus reputes de Suede.;Motala Verkstad' wurde 1822 wahrend des Baus des Gota-Kanals durch Baltazar von Platen gegrundet und ist eine von Schwedens renommiertesten Maschinenfabriken.;;Fundada en 1822 por Baltazar von Platen durante la construccion del canal de Gota, la empresa Motala Verkstad es uno de los fabricantes mas famosos de Suecia.;;;;;;;;;x;;
court_yard_speech_title;Borggеrdstalet!;Borggardstalet !;Borggardstalet!;;Borggardstalet!;;;;;;;;;x;;
court_yard_speech_desc;«Кризис двора» (швед. Borggеrdskrisen) был конституционным кризисом в Швеции, спровоцированным безрассудным сокращением оборонного бюджета, продвигаемым либеральным правительством тогдашнего премьер-министра Карла Стаафа. 6 февраля 1914 года король Густав V обратился — с воодушевляющей речью в пользу увеличения расходов на оборону — к толпе из примерно 30 000 фермеров, которые со всех уголков страны двинулись в Стокгольм в поддержку короля, страны и вооруженных сил. Это был последний раз, когда шведский монарх напрямую вмешался против священных принципов плебейского правления.;La « crise de la cour » (en suedois : Borggardskrisen) est une crise constitutionnelle provoquee par les coupes importantes effectuees dans le budget militaire par le premier ministre liberal suedois de l’epoque, Karl Staaf. Le 6 fevrier 1914 le roi Gustav V s’adressa dans un discours enflamme en faveur de l’augmentation des depenses militaires a pres de 30 000 fermiers venus des quatre coins du pays jusqu’a Stockholm pour soutenir le roi, le pays et les forces armees. Ce fut la derniere fois qu’un monarque suedois interfera directement avec le principe sacre de la souverainete du peuple.;Die 'Hofkrise' (Swedisch: Borggardskrisen) war eine Verfassungskrise in Schweden, die von uberharten Einschnitten in den Verteidigungshaushalt provoziert wurde, hinter denen die liberale Regierung des damaligen Ministerprasidenten Karl Staaf stand. Am 6. Februar 1914 hielt Konig Gustav V. vor 30.000 Bauern, die aus jeder Ecke des Landes zur Unterstutzung von Konig, Land und Streitkraften nach Stockholm gekommen waren, eine Brandrede zugunsten der Erhohung des Verteidigungshaushalts. Es war das letzte Mal, dass ein schwedischer Monarch direkt gegen die heiligen Prinzipien der Volksherrschaft verstiess.;;La 'crisis del patio' (en sueco: Borggardskrisen) fue una crisis constitucional provocada en suecia por el imprudente recorte del presupuesto militar llevado a cabo por el gobierno liberal del entonces primer ministro Karl Staaf. El 6 de febrero de 1914, el rey Gustav V se dirigio, con un inflamado discurso a favor del aumento de los gastos militares, a una multitud de unos 30.000 granjeros que habian acudido a Estocolmo desde todos los rincones del pais para manifestarse a favor del rey, el pais y las fuerzas armadas. Fue la ultima vez que un monarca sueco interfirio directamente con los sagrados principios del gobierno del pueblo.;;;;;;;;;x;;
international_negotiations;Международное давление;Pression internationale;Internationaler Druck;;Presion internacional;;;;;;;;;x;;
desc_international_negotiations;Мы оказываем дипломатическое давление на иностранное государство по весьма специфическому вопросу.;Nous exercons des pressions diplomatiques sur un pays etranger au sujet d'un probleme bien specifique.;Wir uben bezuglich eines sehr spezifischen Problems diplomatischen Druck auf ein auslandisches Land aus.;;Estamos ejerciendo presion diplomatica sobre un pais extranjero en relacion con un tema muy concreto.;;;;;;;;;x;;
EVTNAME23300;Таинственный кит топит корабль!;Une mysterieuse baleine coule un navire !;Mysterioser Wal versenkt Schiff!;;ЎMisteriosa ballena hunde un barco!;;;;;;;;;x;;
EVTDESC23300;ГОД $YEAR$ был отмечен странным развитием событий [...] По сути, в течение некоторого периода времени несколько кораблей столкнулись с «огромной вещью» в море, длинным веретенообразным объектом, иногда испускающим фосфоресцирующее свечение, бесконечно большим и быстрым, чем любой кит. '\n\nНесколько кораблей торгового флота затерялись в море за последний год из-за странного явления, которое, по мнению многих, является крупным и пока еще не открытым видом кита. Известный французский профессор биологии моря, легендарный Пьер Арронакс, предложил присоединиться к научной экспедиции для исследования этого странного зверя, который взялся бродить по океанам мира, и ходят слухи, что несколько стран планируют собственные экспедиции, чтобы докопаться до сути этой тайны.;L’annee $YEAR$  fut marquee par un evenement bizarre [...], En effet, depuis quelque temps, plusieurs navires s’etaient rencontres sur mer avec « une chose enorme » un objet long, fusiforme, parfois phosphorescent, infiniment plus vaste et plus rapide qu’une baleine.\n\nPlusieurs navires de la marine marchande ont ete perdus en mer l’an passe suite a un etrange phenomene que beaucoup pensent etre une espece de grand cetace encore inconnu. Le celebre professeur de biologie marine francais, le legendaire Pierre Arronax, a propose de se joindre a une expedition scientifique visant a etudier cette etrange animal qui hante les oceans du monde. Des rumeurs rapportent que d’autres nations prepareraient egalement leur propre expedition en vue de resoudre ce mystere.;DAS JAHR $YEAR$ wurde von bizarren Begebenheiten markiert [...] Im Wesentlichen hatten einige Schiffe auf hoher See ein Aufeinandertreffen mit 'einem enormen Ding', einem langen, spindelformigen Objekt, das manchmal zu leuchten scheint und deutlich grosser und schneller als ein Wal ist.'\n\nMehrere Schiffe der Handelsmarine sind im Verlauf des letzten Jahres einem seltsamen Phanomen zum Opfer gefallen, bei dem es sich der Meinung vieler nach um eine riesige und bislang unbekannte Walart handelt. Der renommierte franzosische Meeresbiologe Pierre Arronax hat angeboten, sich einer Wissenschaftsexpedition zur Erforschung dieser merkwurdigen Kreatur anzuschliessen, die die Ozeane der Welt heimsucht. Geruchten zufolge planen bereits mehrere Lander eigene Expeditionen, um dieses Geheimnis aufzuklaren.;;En $YEAR$ tuvo lugar un extrano suceso (...). Desde hacia algun tiempo varios navios habian encontrado en el mar 'una cosa enorme', algo asi como un objeto largo, fusiforme, fosforescente a veces, mayor y mas rapido que una ballena segun la mayoria de las opiniones.\n\nEl pasado ano, varios buques de la marina mercante se han perdido por culpa de un extrano fenomeno, que muchos atribuyen a una especie de ballena enorme de especie aun no descubierta. Un famoso profesor frances de biologia marina, el legendario Pierre Arronax, se ha ofrecido a botar una expedicion cientifica para investigar la extrana bestia que ha decidido sembrar el terror en los mares del mundo. Se rumorea ademas que varios paises del mundo estan organizando sus propias expediciones para llegar al fondo de este asunto.;;;;;;;;;x;;
EVTOPTA23300;Эта гнусная угроза миру в открытом море должна быть прекращена!;Cette terrible menace contre la paix des mers doit cesser !;Diese schandliche Bedrohung des Friedens auf den Meeren muss ein Ende haben!;;ЎEsta funesta amenaza a la navegacion en alta mar debe terminar!;;;;;;;;;x;;
EVTOPTB23300;Это похоже на сценку из детской книжки, и я этого не потерплю.;On dirait une histoire tiree d’un livre pour enfants. Ca ne m’interesse pas.;Das klingt wie eine Geschichte aus einem Kinderbuch - so was hore ich mir nicht an!;;Parece algo sacado de un cuento infantil. No quiero saber nada del asunto.;;;;;;;;;x;;
EVTNAME23301;Таинственный кит топит корабль!;Une mysterieuse baleine coule un navire !;Mysterioser Wal versenkt Schiff!;;ЎUna misteriosa ballena hunde un barco!;;;;;;;;;x;;
EVTDESC23301;ГОД $YEAR$ был отмечен странным развитием событий [...] По сути, в течение некоторого периода времени несколько кораблей столкнулись в море с «огромным предметом», длинным веретенообразным объектом, иногда испускающим фосфоресцирующее свечение, бесконечно большим и быстрым, чем любой кит. '\n\nНесколько кораблей торгового флота затерялись в море за последний год из-за странного явления, которое, по мнению многих, было крупным и пока еще не открытым видом кита. Ходят слухи, что несколько стран уже расследуют это явление, но, может быть, нам следует отправить собственную экспедицию?;« L’annee $YEAR$  fut marquee par un evenement bizarre [...], En effet, depuis quelque temps, plusieurs navires s’etaient rencontres sur mer avec « une chose enorme » un objet long, fusiforme, parfois phosphorescent, infiniment plus vaste et plus rapide qu’une baleine. »\n\nPlusieurs navires de la marine marchande ont ete perdus en mer l’an passe suite a un etrange phenomene que beaucoup pensent etre une espece de grand cetace encore inconnu. Des rumeurs rapportent que plusieurs nations ont lance des expeditions en vue de resoudre ce mystere. Peut-etre devrions-nous faire de meme ?;DAS JAHR $YEAR$ wurde von bizarren Begebenheiten markiert [...] Im Wesentlichen hatten einige Schiffe auf hoher See ein Aufeinandertreffen mit 'einem enormen Ding', einem langen, spindelformigen Objekt, das manchmal zu leuchten scheint und deutlich grosser und schneller als ein Wal ist.'\n\nMehrere Schiffe der Handelsmarine sind im Verlauf des letzten Jahres einem seltsamen Phanomen zum Opfer gefallen, bei dem es sich der Meinung vieler nach um eine riesige und bislang unbekannte Walart handelt. Geruchten zufolge wird dieses Phanomen bereits von mehreren Landern untersucht, aber vielleicht sollten wir trotzdem eine eigene Expedition auf die Beine stellen?;;En $YEAR$ tuvo lugar un extrano suceso (...). Desde hacia algun tiempo varios navios habian encontrado en el mar 'una cosa enorme', algo asi como un objeto largo, fusiforme, fosforescente a veces, mayor y mas rapido que una ballena segun la mayoria de las opiniones.\n\nEl pasado ano, varios buques de la marina mercante se han perdido por culpa de un extrano fenomeno, que muchos atribuyen a una especie de ballena enorme de especie aun no descubierta. Se rumorea que varios paises estan investigando el fenomeno ya. їDeberiamos enviar una expedicion?;;;;;;;;;x;;
EVTOPTA23301;Эта гнусная угроза миру в открытом море должна быть прекращена!;Cette terrible menace contre la paix des mers doit cesser !;Diese schandliche Bedrohung des Friedens auf den Meeren muss ein Ende haben!;;ЎEsta funesta amenaza a la navegacion en alta mar debe terminar!;;;;;;;;;x;;
EVTOPTB23301;Это похоже на сценку из детской книжки, и я этого не потерплю.;On dirait une histoire tiree d’un livre pour enfants. Ca ne m’interesse pas.;Das klingt wie eine Geschichte aus einem Kinderbuch - so was hore ich mir nicht an!;;Parece algo sacado de un cuento infantil. No quiero saber nada del asunto.;;;;;;;;;x;;
EVTNAME23302;Профессора Арронакса выбрасывает на берег!;Le professeur Arronax rejete par la mer !;Professor Arronax an den Strand gespult!;;ЎReaparece el profesor Arronax!;;;;;;;;;x;;
EVTDESC23302;Известный французский морской биолог Пьер Арронакс был найден сегодня выброшенным на берег $COUNTRY$. Профессора не было уже довольно долго с тех пор, как он присоединился к экспедиции, отправленной, чтобы узнать правду о таинственном ките, который, как говорят, топит и пожирает корабли в открытом море. Профессор потрясен глубоким опытом, который он получил, и его история действительно замечательна. Арронакс утверждает, что его смыло за борт во время близкого контакта его корабля с существом, и что существо на самом деле является человеческим кораблем, способным путешествовать под водой. Арронакс утверждает, что кораблем командует или командовал свободолюбивый мститель, который поклялся отказаться от всех контактов с земной твердью в пользу свободной жизни в мировых океанах на борту своего корабля. Какова бы ни была правда, многочисленные подробные отчеты профессора Арронакса о многих странных новых формах жизни, предположительно встреченных им во время путешествия в качестве гостя на борту этого странного судна, станут благом для наших научных усилий на долгие годы вперед.;Le celebre specialiste francais de biologie marine a ete decouvert aujourd’hui rejete par la mer sur une plage du pays : $COUNTRY$. Le professeur etait parti depuis longtemps en expedition pour decouvrir la verite derriere une mysterieuse baleine qui ferait couler et devorerait les navires en haute mer. Le professeur est en etat de choc apres l’experience qu’il a connu et son histoire est tout a fait remarquable. Arronax affirme qu’il a ete jete par dessus bord lors d’une rencontre entre son navire et la creature et que cette creature est en fait un navire fait de main d’homme capable de voyager sous la mer. Arronax affirme que ce navire est, ou etait, commande par un justicier epris de liberte qui a rompu tout contact avec la terre ferme pour vivre une existence de liberte sur les oceans du monde a bord de son navire. Quelle que soit la verite, les descriptions detaillees des nombreuses formes de vie nouvelles que rapporte le professeur et qu’il aurait rencontrees pendant son voyage comme invite a bord de ce vaisseau, constituent un tresor pour la science des annees a venir.;Der renommierte franzosische Meeresbiologe Pierre Arronax wurde heute an die Kuste von $COUNTRY$ gespult. Der Professor war einige Zeit verschwunden gewesen, seit er sich einer Expedition zur Aufklarung des Geheimnisses um einen mysteriosen Wal angeschlossen hatte, der angeblich auf hoher See ganze Schiffe versenkte und verschlang. Der Professor ist von seinen tiefgreifenden Erlebnissen schockiert, und seine Geschichte ist wahrlich beachtenswert. Arronax behauptet, dass er bei einem Aufeinandertreffen mit der Kreatur uber Bord ging, und dass es sich bei der Kreatur in Wahrheit um ein von Menschen gesteuertes Schiff handle, das unter Wasser fahren kann. Arronax behauptet weiter, dass dieses Schiff von einem freiheitsliebenden Eigenbrotler kommandiert wird oder wurde, der sich jeglichem Kontakt mit dem Festland abgeschworen hat und lieber an Bord seines Schiffes ein Leben in Freiheit auf den Ozeanen dieser Welt lebt. Was auch letztendlich die Wahrheit sein mag, die zahlreichen detaillierten Beschreibungen vieler bemerkenswerter neuer Lebensformen, die Professor Arronax -- vermutlich wahrend seiner Zeit als Gast an Bord dieses merkwurdigen Schiffes -- gemacht hat, werden unseren wissenschaftlichen Bemuhungen auf Jahre hinaus zugute kommen.;;El famoso biologo marino frances, Pierre Arronax, ha aparecido hoy en las playas de $COUNTRY$. El profesor llevaba desaparecido algun tiempo, desde que se unio a la expedicion enviada para averiguar la verdad tras la desaparicion de varios barcos en alta mar, atribuida a una misteriosa ballena. El sujeto, profundamente afectado por la experiencia sufrida, relata una historia ciertamente notable. Arronax asegura que cayo por la borda durante una batalla entre su nave y la criatura y que dicha criatura es, de hecho, un barco de factura humana, capaz de navegar bajo las aguas. Arronax asegura que el comandante de la nave es un renegado libertario que ha jurado no volver a pisar tierra firme para disfrutar de una vida libre en los oceanos del mundo a bordo de su nave. Sea cual sea la verdad, las numerosas y detalladas descripciones del profesor Arronax sobre extranas y nuevas formas de vida marina --supuestamente encontradas durante su travesia a bordo del extrano navio-- potenciaran nuestros esfuerzos cientificos en los anos venideros.;;;;;;;;;x;;
EVTOPTA23302;Не дай мне заткнуться!;Nemo me impune lacessit !;Nemo me impune lacessit!;;ЎNemo me impune lacessit!;;;;;;;;;x;;
italia_irredenta_title;Италия Ирредента;Italia Irredenta;Italia Irredenta;;Italia Irredenta;;;;;;;;;x;;
italia_irredenta_desc;Итальянское ирредентистское движение стремилось к передаче Королевству Италии всех территорий в непосредственной близости от Королевства, которые в значительной степени или частично считались населенными этническими итальянцами. Это не только включало претензии на австрийские земли в самой Италии, но и означало территориальные амбиции дальше в Далмацию и Австрию.;Le mouvement irredentiste voulait voir transferes a la couronne italienne tous les territoires limitrophes peuples majoritairement ou en partie d'italiens. Cela concerne non seulement les possessions autrichiennes en Italie, mais aussi des territoires en Dalmatie et en Autriche.;Die italienische Irredentistenbewegung strebte danach, alle Gebiete in der unmittelbaren Umgebung des Konigreichs Italien, die tatsachlich oder vermeintlich grosstenteils von Italienischstammigen bewohnt wurden, dem Konigreich anzugliedern. Dies beinhaltete nicht nur Anspruche auf osterreichische Landereien in italienischem Besitz, sondern bedeutete auch territoriale Anspruche weiter nach Dalmatien und Osterreich hinein.;;El movimiento irredentista italiano aspiraba a obtener para Italia todos los territorios vecinos del joven reino que estaban, mayoritaria o parcialmente poblados por personas de etnia italiana. Esto no solo incluia los territorios austriacos en Italia propiamente dicha, sino tambien regiones diversas en Dalmacia y el interior de Austria.;;;;;;;;;x;;
the_heligoland_question_title;Гельголандский вопрос;La question du Helgoland;Die Helgoland-Frage;;La cuestion de Heligoland;;;;;;;;;x;;
the_heligoland_question_desc;Небольшой остров в Северном море Гельголанд стал британским владением во время Наполеоновских войн, формально уступлен Данией по Кильскому договору 1814 года. После объединения Германии остров стал объектом вожделения Германской империи, поскольку немногие жители острова были в основном немцами.;La petite ile de la Mer du Nord du Helgoland est devenue possession britannique lors des guerres napoleoniennes apres qu’elle fut cedee par le Danemark lors du Traite de Kiel en 1814. Apres l’unification de l’Allemagne, l’ile est devenue un objet de convoitise pour l'Empire allemand, les quelques habitants de l'ile etant tres majoritairement allemands.;Die kleine Nordseeinsel Helgoland geriet wahrend der napoleonischen Kriege in britischen Besitz und wurde 1814 im Vertrag von Kiel formell an Danemark abgetreten. Nach der Vereinigung Deutschlands weckte die Insel das Interesse des Deutschen Reiches, da die wenigen Bewohner der Insel fast ausschliesslich Deutsche waren.;;La pequena isla de Heligoland, situada en el mar del Norte, se habia convertido en una posesion britanica durante las guerras napoleonicas, cedida formalmente por Dinamarca en el tratado de Kiel (1814). Tras la unificacion de Alemania, la isla se convirtio en objeto de deseo para el Imperio Aleman, puesto que sus habitantes eran mayoritariamente alemanes.;;;;;;;;;x;;
miskatonic_university_title;Университет Мискатоник;Universite de Miskatonic;Miskatonic University;;La universidad de Miskatonic;;;;;;;;;x;;
miskatonic_university_desc;Университет Мискатоник, кампус которого расположен в живописном Аркхэме, рядом с мрачно журчащей рекой Мискатоник, в прекрасном графстве Эссекс, является одним из самых известных высших учебных заведений Новой Англии. Известный своей коллекцией уникальных и обширных книг по древности и оккультизму, университет Мискатоник хранит, среди прочего, фрагменты легендарной Книги Эйбона и оригинальную копию стандартного труда Фридриха фон Юнцта «Unaussprechlichen Kulten».;Avec son campus situe dans la jolie localite d'Arkham, pres de la sombre riviere Miskatonic, l’universite de Miskatonic est une des institutions d’etudes superieures les plus renommees de la Nouvelle-Angleterre. Connue pour sa collection unique et imposante de livres anciens et occultes, l'universite de Miskatonic possede, entre autre, des fragments du celebre Livre d'Eibon et une copie originale de l'ouvrage de Friedrich von Juntz, « Unaussprechlichen Kulten ».;Die Miskatonic University ist eine der renommiertesten hoheren Bildungsanstalten der Neuenglandstaaten. Ihr Campus liegt im schonen Arkham neben dem dunkel murmelden Miskatonic River. Die Universitat ist bekannt fur ihre umfangreiche Sammlung uber das Altertum und das Okkulte, zu denen auch einzigartige Werke gehoren. Darunter sind unter anderem auch Fragmente des sagenumwobenen Buches von Eibon und eine Originalausgabe von Friedrich von Junzts Standardwerk 'Unaussprechliche Kulte'. ;;Con un campus situado en la pintoresca Arkham, junto al sombrio y apacible rio Miskatonic del hermoso condado de Essex, la universidad de Miskatonic es una de las instituciones educativas mas famosas de Nueva Inglaterra. Conocida por su enorme y singular coleccion de libros sobre la antiguedad y lo oculto, la universidad de Miskatonic cuenta, entre otros, con fragmentos del famoso libro de Eibon y una copia original de la obra de Friedrich von Junzt, 'Unaussprechlichen Kulten'.;;;;;;;;;x;;
miskatonic_campus;Университет Мискатоник;Universite de Miskatonic;Miskatonic University;;Universidad de Miskatonic;;;;;;;;;x;;
desc_miskatonic_campus;Где наука встречается с мифами;Ou la science rencontre le mythe;Wo sich Wissenschaft und Mythos treffen;;Donde la ciencia se encuentra con los mitos;;;;;;;;;x;;
construct_the_walhalla_title;Вальхалла;Le Walhalla;Die Walhalla;;El Valhalla;;;;;;;;;x;;
construct_the_walhalla_desc;Построенный между 1830 и 1842 годами, Вальхалла — это зал славы в Регенсбурге, Бавария, расположенный в неоклассическом здании храма с видом на Дунай. Замысел короля Людвига I, зал чтит память известных личностей из немецкой истории от Арминия до Коперника.;Construit entre 1830 et 1842, le Walhalla est dedie aux grands hommes. Situe a Regensburg, en Baviere, il est abrite dans un temple neoclassique surplombant le Danube. Voulu par le roi Ludwig Ier, ce batiment rend hommage aux personnalites de l’histoire de l’Allemagne telles qu’Arminius ou Copernic.;Die zwischen 1830 und 1842 in Regensburg, Bayern, gebaute Walhalla ist eine Ruhmeshalle, ein klassizistisches, die Donau uberschauendes Tempelgebaude. Die Halle, erdacht von Konig Ludwig I., erinnert an beruhmte Personlichkeiten der deutschen Geschichte, von Arminius bis Kopernikus.;;Construido entre 1830 y 1842, el Walhalla es un salon de la fama situado en Regensburg, Baviera, y alojado en un templo neoclasico con vistas al Danubio. Concebido por el rey Ludwig I, el salon es una conmemoracion de famosas personalidades de la historia alemana, de Arminio a Copernico.;;;;;;;;;x;;
the_walhalla;Вальхалла;Le Walhalla;Die Walhalla;;El Valhalla;;;;;;;;;x;;
desc_the_walhalla;В Вальхалле увековечены имена выдающихся личностей немецкой истории — от Арминия до Коперника.;Le Walhalla rend hommage a des personnalites de l’histoire de l’Allemagne telles qu’Arminius ou Copernic.;Die Halle erinnert an beruhmte Personlichkeiten der deutschen Geschichte, von Arminius bis Kopernikus.;;El Walhhalla es una conmemoracion de famosas personalidades de la historia alemana, de Arminio a Copernico.;;;;;;;;;x;;
introduce_the_presbyteries_title;Представьте пресвитерии;Introduction des presbyteres;Einfuhrung der Kirchenvorstande;;La aparicion de los presbiterios;;;;;;;;;x;;
introduce_the_presbyteries_desc;В 1848 году королевство Ганновер усилило народное представительство в своей лютеранской государственной церкви, создав пресвитерии — всенародно избираемые церковные советы, ответственные за управление церковными делами.;En 1848, le royaume de Hanovre renforca la representation populaire au sein de l’Eglise Lutherienne d’Etat par l’introduction des presbyteres, des assemblees populaires elues chargees de l’administration des affaires de l’Eglise.;Im Jahr 1848 starkte das Konigreich Hannover die Reprasentation des Volkes in seiner lutheranischen Staatskirche durch die Einfuhrung von Kirchenvorstanden, vom Volk gewahlten Kirchenausschussen, die mit der Verwaltung von Kirchenangelegenheiten betraut wurden.;;En 1848, el reino de Hannover reforzo la representacion popular en el seno de su iglesia nacional mediante la creacion de los presbiterios, juntas eclesiasticas elegidas por el pueblo para administrar los asuntos de la iglesia.;;;;;;;;;x;;
build_gotthard_tunnel_title;Построить Готардский туннель;Construction du tunnel du Gothard;Bau des Gotthard-Tunnels;;Construccion del tunel del Gotardo;;;;;;;;;x;;
build_gotthard_tunnel_desc;Gotthard Rail Tunnel был построен между 1871 и 1881 годами, соединив города Гешенен и Айроло. Первый туннель, когда-либо построенный под массивом Готтард, Gotthard Tunnel в свое время считался архитектурным достижением, которое стало возможным благодаря современным технологиям.;Le tunnel ferroviaire du Gothard fut construit entre 1871 et 1881 pour relier les villes de Goschenen et d’Airolo. Premier tunnel construit sous le massif du Gothard, il fut considere a l'epoque comme une prouesse architecturale rendue possible par la science moderne.;Der Gotthard-Eisenbahntunnel wurde zwischen 1871 und 1881 gebaut und verband die Stadte Goschenen und Airolo. Er war der erste Tunnel, der durch das Gotthard-Massiv gebohrt wurde und zu seiner Zeit eine architektonische Errungenschaft, moglich gemacht durch moderne Technologie.;;El tunel ferroviario del Gotardo se construyo entre 1871 y 1881 entre las ciudades de Goschenen y Airolo. Primer tunel jamas construido bajo el macizo del Gotardo, se considero en su momento el simbolo de lo que podia conseguir la tecnologia moderna.;;;;;;;;;x;;
the_lambert_charter_title;Хартия Ламберта;La charte Lambert;Die Lambert-Satzung;;La Carta de Lambert;;;;;;;;;x;;
the_lambert_charter_desc;Хартия Ламбера была документом, который Франция использовала для оправдания своих многочисленных попыток вторгнуться в независимую страну и остров Мадагаскар и в конечном итоге аннексировать ее. Документ был подписан наследным принцем Радамой II, который вырос под влиянием французских экспатриантов на Мадагаскаре, и подразумевал предоставление Франции права добывать минералы и другие природные ресурсы в стране в обмен на 10% роялти, выплачиваемых королевскому дому Мадагаскара.;La charte Lambert est un document utilise par la France pour justifier ses nombreuses tentatives de penetration puis d’annexion de l’ile de Madagascar, un pays independant. Le document fut signe par le roi Radama II, qui avait grandit sous l’influence d’expatries francais a Madagascar, et donnait a la France le droit d’exploiter le minerai et autres ressources naturelles du pays en echange d’une commission de 10 % payee a la maison royale de Madagascar.;Die Lambert-Satzung war ein Dokument, mit dem Frankreich seine zahlreichen Ubergriffsversuche und schliesslich seine Annektierung des unabhangigen Inselstaats Madagaskar rechtfertigte. Die Satzung wurde von Kronprinz Radama II. unterzeichnet, der unter dem Einfluss von in Madagaskar lebenden Franzosen aufgewachsen war, und stand Frankreich das Recht zum Abbau von Mineralien und anderen Rohstoffen Madagaskars zu, wofur dem dortigen Konigshaus 10% der Gewinne zu entrichten waren.;;La Carta de Lambert fue un documento utilizado por Francia para justificar sus muchos intentos de construir carreteras hacia el interior del estado insular independiente de Madagascar y, eventualmente, anexionarselo. El documento, firmado por el principe de la corona Radama II (que se habia criado bajo la influencia de expatriados franceses en Madagascar), concedia a Francia derechos de extraccion de minerales y otros recursos del pais, a cambio de un 10% de los beneficios, pagadero a la casa real de Madagascar.;;;;;;;;;x;;
end_the_merina_monarchy_title;Конец монархии мерина;Fin de la monarchie Merina;Ende der Merina-Monarchie;;El fin de la dinastia Merina;;;;;;;;;x;;
end_the_merina_monarchy_desc;После местного восстания в 1897 году Франция, долгое время державшая Мадагаскар в сфере своего влияния, официально свергла королевскую династию и аннексировала остров.;Apres une revolte qui eut lieu en 1897, la France qui avait longtemps tenu Madagascar dans sa sphere d’influence, a formellement depose la famille royale et annexe l’ile.;Nach einem lokalen Aufstand im Jahr 1897 loste Frankreich, das Madagaskar lange in seiner Einflusssphare gehalten hatte, das Konigshaus offiziell auf und annektierte die Insel.;;Tras un levantamiento en 1897, Francia, que hacia tiempo que tenia a Madagascar en su esfera de influencia, depuso a la casa real y se anexiono oficialmente la isla.;;;;;;;;;x;;
REVOLTALLIANCE_SETUP;Когда страна разрывает с нами союз из-за революции.;Lorsqu’une nation rompt son alliance avec nous suite a une revolution.;Wenn eine Nation aufgrund von Revolution ihre Bundnisse mit uns bricht.;;Cuando un pais rompe su alianza con nosotros debido a una revolucion;;;;;;;;;x;;
REVOLTALLIANCE_HEADER;Министр иностранных дел сообщает;Le ministre des Affaires etrangeres indique :;Der Aussenminister berichtet:;;El Ministro de Asuntos Exteriores informa;;;;;;;;;x;;
REVOLTALLIANCE_1;Иностранная революция!;Revolution a l’etranger !;Revolution im Ausland!;;ЎRevolucion en el extranjero!;;;;;;;;;x;;
REVOLTALLIANCE_2;$MONARCHTITLE$ нация;$MONARCHTITLE$, la nation de;In der Nation;;Ў$MONARCHTITLE$, en;;;;;;;;;;x;
REVOLTALLIANCE_3;§Y$ACTOR$§W;§Y$ACTOR$§W;§Y$ACTOR$§W;;§Y$ACTOR$§W;;;;;;;;;x;;
REVOLTALLIANCE_4;в революции!;connait une revolution !;ist eine Revolution ausgebrochen!;;ha estallado la revolucion!;;;;;;;;;x;;
REVOLTALLIANCE_5;Все наши союзы с ними разрушены, и наше влияние на них пропало даром.;Notre alliance avec ce pays est rompue et notre influence y est reduite a neant.;Alle unsere Bundnisse mit ihnen sind null und nichtig, ausserdem ist unser Einfluss auf sie nicht mehr existent.;;Todas nuestras alianzas con ellos se han roto y hemos perdido la influencia que teniamos alli.;;;;;;;;;x;;
REVOLTALLIANCE_6;*;*;*;*;*;*;*;;;;;;;x;;
REVOLTALLIANCE_BTN1;ХОРОШО;D'accord;OK;OK;OK;Aceptar;OK;Rendben;OK;;;;;;x;
REVOLTALLIANCE_BTN2;ХОРОШО;D'accord;OK;OK;OK;Aceptar;OK;Rendben;OK;;;;;;x;
REVOLTALLIANCE_BTN3;Перейти к;Voir;Goto;Idџ do;Ir a;Andare;Menj ide:;Pшejнt na;;;;;;x;;
RHO;Южная Родезия;Rhodesie du sud;Sudrhodesien;;Rhodesia meridional;;;;;;;;;x;;
RHO_proletarian_dictatorship;Зимбабве;Zimbabwe;Simbabwe;;Zimbabwe;;;;;;;;;x;;
RHO_absolute_monarchy;Южная Родезия;Rhodesie du sud;Sudrhodesien;;Rhodesia meridional;;;;;;;;;x;;
RHO_hms_government;Южная Родезия;Rhodesie du sud;Sudrhodesien;;Rhodesia meridional;;;;;;;;;x;;
RHO_ADJ;Родезийский;rhodesien;Rhodesisch;;Rhodesiana;;;;;;;;;x;;
RHO_conservative;Родезийская партия;Parti de la Rhodesie;Rhodesia Estate;;Partido de Rhodesia;;;;;;;;;x;;
RHO_liberal;Единая Федеральная Партия;Parti Federal Uni;United Federal Estate;;Partido Federal Unido;;;;;;;;;x;;
RHO_reactionary;Родезийский фронт;Front rhodesien;Rhodesian Front;;Frente Rhodesiano;;;;;;;;;x;;
RHO_socialist;ЗАНУ;ZANU;ZANU;;ZANU;;;;;;;;;x;;
RHO_communist;ЗАПУ;ZAPU;ZAPU;;ZAPU;;;;;;;;;x;;
RHO_anarcho_liberal;Ассоциация ответственного правительства;Association pour un Gouvernement responsable;Responsible Government Association;;Asociacion por un Gobierno Responsable;;;;;;;;;x;;
RHO_fascist;Когда-Wes;When-Wes;The When-Wes;;Los When-Wes;;;;;;;;;x;;
EGY_1842;Дарфур;Darfour;Darfur;;Darfur;;;;;;;;;x;;
EGY_1838;Кордофан;Kordofan;Kordofan;;Kordofan;;;;;;;;;x;;
EGY_915;Ливан;Liban;Libanon;;Libano;;;;;;;;;x;;
CHI_2562;Формоза;Formose;Formosa;;Formosa;;;;;;;;;x;;
BEL_1977;Нижнее Конго;Bas-Congo;Bas-Congo;;Bas-Congo;;;;;;;;;x;;
BEL_1987;Катанга;Katanga;Katanga;;Katanga;;;;;;;;;x;;
BEL_1990;Восточный Конго;Congo Oriental;Congo Orientale;;Congo Orientale;;;;;;;;;x;;
BEL_1984;Касаи;Kasai;Kasai;;Kasai;;;;;;;;;x;;
POR_1999;Северная Ангола;Nord de l’Angola;Nord-Angola;;Angola del norte;;;;;;;;;x;;
ENG_1956;Южный Камерун;Sud du Cameroun;Sud-Kamerun;;Camerun meridional;;;;;;;;;x;;
ENG_1960;Северный Камерун;Nord du Cameroun;Nord-Kamerun;;Camerun septentrional;;;;;;;;;x;;
ENG_1868;Сомалиленд;Somalie;Somaliland;;Somalilandia;;;;;;;;;x;;
ENG_2026;Рифтовая долина;Vallee du Rift;Grosser Afrikanischer Grabenbruch;;Rift Valley;;;;;;;;;x;;
ENG_2024;Кения;Kenya;Kenia;;Kenia;;;;;;;;;x;;
ENG_2019;Уганда;Ouganda;Uganda;;Uganda;;;;;;;;;x;;
TRN_2108;Трансвааль;Transvaal;Transvaal;;Transvaal;;;;;;;;;x;;
POR_2060;Мокамбик;Mozambique;Mosambik;;Mozambique;;;;;;;;;x;;
FRA_1884;Сьерра-Леоне;Sierra Leone;Sierra Leone;;Sierra Leona;;;;;;;;;x;;
FRA_1813;Нигер;Niger;Niger;;Niger;;;;;;;;;x;;
FRA_1892;Берег Слоновой Кости;Est de la Cote d’Ivoire;Ostliche Elfenbeinkuste;;Costa de Marfil oriental;;;;;;;;;x;;
FRA_1893;Наветренное побережье;Ouest de la Cote d’Ivoire;Westliche Elfenbeinkuste;;Costa de Marfil occidental;;;;;;;;;x;;
FRA_1788;Гамбия;Gambie;Gambia;;Gambia;;;;;;;;;x;;
FRA_1783;Сенегал;Senegal;Senegal;;Senegal;;;;;;;;;x;;
FRA_1775;Мавритания;Cote de la Mauritanie;Mauretanische Kuste;;Costa de Mauritania;;;;;;;;;x;;
MOR_1696;Западное Марокко;Maroc Occidental;West-Marokko;;Marruecos occidental;;;;;;;;;x;;
POR_2003;Южная Ангола;Sud de l’Angola;Sud-Angola;;Angola meridional;;;;;;;;;x;;
POR_2006;Восточная Ангола;Est de l’Angola;Ost-Angola;;Angola oriental;;;;;;;;;x;;
ALD_1718;Сахара;Sahara central Est;Ostlich-zentrale Sahara;;Este del Sahara central;;;;;;;;;x;;
ALD_1714;Западная Сахара;Sahara central Ouest;Westlich-zentrale Sahara;;Oeste del Sahara central;;;;;;;;;x;;
TRI_1739;Ливийская пустыня;Desert de Lybie;Lybische Wuste;;Desierto libio;;;;;;;;;x;;
EGY_1754;Ливия;Cote lybienne;Lybische Kuste;;Costa de Libia;;;;;;;;;x;;
FRA_1780;Внутренняя Мавритания;Mauritanie interieure;Inneres Mauritanien;;Mauritania interior;;;;;;;;;x;;
ORA_2103;Вристаат;Vrystaat;Vrystaat;;Vrystaat;;;;;;;;;x;;
ENG_2092;Северный Кейп;Cap nord;Northern Cape;;Cabo del norte;;;;;;;;;x;;
ENG_2083;Намакваленд;Namaqualand;Namaqualand;;Namaqualandia;;;;;;;;;x;;
ENG_2096;Восточный Кейп;Cap oriental;Eastern Cape;;Cabo oriental;;;;;;;;;x;;
ENG_2087;Капская колония;Colonie du Cap;Cape Colony;;Colonia del Cabo;;;;;;;;;x;;
BEL_1992;Экватор;Equateur;Equateur;;Equateur;;;;;;;;;x;;
FRA_1978;Конго;Congo;Kongo;;El Congo;;;;;;;;;x;;
CNG;Конго;Congo;Kongo;;El Congo;;;;;;;;;x;;
CNG_absolute_monarchy;Свободное государство Конго;Etat libre du Congo;Kongo-Freistaat;;Estado libre del Congo;;;;;;;;;x;;
CNG_presidential_dictatorship;Заир;Zaire;Zaire;;Zaire;;;;;;;;;x;;
CNG_hms_government;Конго;Congo;Kongo;;El Congo;;;;;;;;;x;;
CNG_democracy;Заир;Zaire;Zaire;;Zaire;;;;;;;;;x;;
CNG_ADJ;конголезский;congolais;Kongolesisch;;Congolesa;;;;;;;;;x;;
the_congo_conference_title;Проведение конференции в Конго;Accueillir la conference du Congo;Ausrichtung der Kongo-Konferenz;;Albergar la Conferencia del Congo;;;;;;;;;x;;
the_congo_conference_desc;Конголезская конференция, также известная как «Берлинская конференция», была международной конференцией, проведенной в 1884 году по инициативе канцлера Германии Отто Графа фон Бисмарка. Непосредственным следствием «Общего акта», принятого на конференции, стала формализация правил ведения боевых действий для колониальной экспансии в Африке и подтверждение Свободного государства Конго как личной собственности короля Бельгии Леопольда II. Каким будет результат на этот раз? Проведите Конголезскую конференцию, и пусть кости будут брошены! Мы должны быть готовы разослать приглашения другим странам в течение нескольких месяцев после принятия этого решения.;La Conference du Congo, egalement appelee « Conference de Berlin » est une conference internationale qui s’est tenue en 1884 a l’initiative du Chancelier allemand Otto Graf von Bismarck. Les consequences immediates de la « declaration generale » adoptee a la conference fut la formalisation des regles d’engagement pour l’expansion en Afrique et la confirmation de l’Etat Libre du Congo en tant que propriete personnelle du roi Leopold II de Belgique. Quel en sera l’issue cette fois-ci ? Accueillez la Conference du Congo et que les des soient jetes ! Nous devrions etre en mesure d’envoyer les invitations aux autres nations quelques mois apres avoir enterine la decision.;Die Kongo-Konferenz, auch bekannt als 'Berlin-Konferenz', war eine im Jahr 1884 auf Initiative des deutschen Kanzlers Otto Graf von Bismarck abgehaltene internationale Konferenz. Die unmittelbaren Konsequenzen des Hauptbeschlusses der Konferenz waren die Formalisierung der Verhaltensregeln fur die koloniale Expansion in Afrika und die Bestatigung des Kongo-Freistaats als personlichen Besitz von Konig Leopold II. von Belgien. Welches Ergebnis wird die Konferenz dieses Mal haben? Richten Sie die Kongo-Konferenz aus, und lassen Sie die Wurfel fallen! Wir sollten uns vorbereiten, andere Lander innerhalb weniger Monate nach dieser Entscheidung einzuladen.;;La Conferencia del Congo, conocida tambien como 'Congreso de Berlin' fue una conferencia internacional celebrada en 1884 a instancias del canciller de Alemania, Otto Graf von Bismarck. La consecuencia mas inmediata del 'Acta general' adoptada en ella fue la formalizacion de las reglas de funcionamiento de la expansion colonial en Africa y la confirmacion del estado libre del Congo como patrimonio personal del rey Leopoldo II de Belgica. їCual sera su desenlace esta vez? ЎCelebrad la conferencia del Congo y que la suerte decida! Debemos estar listos para enviar invitaciones a otros paises a los pocos meses de tomar esta decision.;;;;;;;;;x;;
EVTNAME19330;Конференция $CAPITAL$;La Conference de $CAPITAL$;Die $CAPITAL$-Konferenz;;La conferencia de $CAPITAL$ ;;;;;;;;;x;;
EVTDESC19330;Я не хочу упустить хороший шанс получить кусок этого великолепного африканского пирога.'\n- Леопольд II Бельгийский\n\nПодготовка к крупной международной конференции по колониальной политике в Африке ведется в $COUNTRY$ уже некоторое время, и сегодня $MONARCHTITLE$ готов разослать приглашения другим цивилизованным странам и заинтересованным сторонам мира. Главный вопрос на столе переговоров - окончательное урегулирование вопроса Конго. Одному делегату будет предоставлено исключительное право контролировать и эксплуатировать колониальное Конго. Второстепенные державы, страны без колониальной империи и державы, уже претендующие на территории Конго, получат приоритетное рассмотрение на переговорах.;« Je ne veux pas manquer l'opportunite de nous approprier une part de ce magnifique gateau qu’est l’Afrique »\n Leopold II de Belgique\n\n$COUNTRY$ : les preparatifs pour accueillir une conference internationale importante sur la politique coloniale sont en cours et ce jour, le $MONARCHTITLE$ est pret a envoyer les invitations aux autres nations civilisees et aux parties concernees a travers le monde. Le sujet principal de la conference sera le reglement definitif de la question du Congo. Une nation representee obtiendra le droit exclusif de controler et exploiter le Congo. Les puissances secondaires, les nations sans empires coloniaux et les Puissances ayant deja fait valoir leurs droits sur le Congo seront traitees prioritairement dans les negociations.;Ich mochte diese gute Chance nicht missen, uns ein Stuck diese fantastischen afrikanischen Kuchens abzuschneiden.'\n- Leopold II. von Belgien\n\nIn $COUNTRY$ bereitet man schon seit einiger Zeit eine grosse internationale Konferenz uber die Kolonialpolitik in Afrika vor, und seit heute ist $MONARCHTITLE$ bereit, Einladungen an andere zivilisierte Nationen und betroffene Parteien auf der ganzen Welt zu verschicken. Der Haupttagesordnungspunkt wird die endgultige Regelung der Kongofrage sein. Einer der delgierten Nationen wird die exklusiven Kontroll- und Ausbeutungsrechte von Kolonial-Kongo erhalten. Grossmachte zweiten Ranges, Nationen ohne Kolonien und Machte, die bereits Gebiete im Kongo beanspruchen, werden bei den Verhandlungen bevorzugt behandelt.;;No quiero perder la oportunidad de conseguir una buena porcion de la magnifica tarta africana\n- Leopoldo II de Belgica\n\nLos preparativos para la celebracion de una conferencia internacional sobre la colonizacion en Africa llevan ya algun tiempo en marcha en $COUNTRY$ y hoy el $MONARCHTITLE$ esta listo para enviar invitaciones a los demas paises civilizados y grupos interesados de todo el mundo. El asunto principal sobre la mesa es la resolucion definitiva de la cuestion del Congo. A uno de los paises delegados se le otorgara el derecho exclusivo a controlar y explotar esta colonia. Las potencias secundarias, los paises sin imperios coloniales y las potencias que ya ostenten derechos sobre zonas del Congo disfrutaran de una posicion preferente en las negociaciones.;;;;;;;;;x;;
EVTOPTA19330;Отлично, отправьте приглашения!;Excellent, envoyez les invitations !;Hervorragend, Einladung verschicken!;;ЎExcelente, enviad las invitaciones!;;;;;;;;;x;;
EVTOPTB19330;Я думаю, было бы лучше, если бы из этого ничего не вышло...;Je pense qu’il serait bon que rien ne sorte de tout ca…;Es ware wohl besser, wenn bei dieser Konferenz nichts herauskame ...;;Creo que sera mejor que esto quede en nada...;;;;;;;;;x;;
EVTNAME19335;Конференция в Конго;La Conference du Congo;Die Kongo-Konferenz;;La conferencia del Congo;;;;;;;;;x;;
EVTDESC19335;$MONARCHTITLE$, $FROMCOUNTRY$ проводит крупную международную конференцию по политике и практике дальнейшей колонизации Африки. Главным вопросом на конференции станет урегулирование вопроса Конго, и вероятным результатом этой конференции станет признание всего Конго владением одной из стран-делегатов. Почти каждая цивилизованная страна, имеющая хоть какое-то положение в мире, отправит делегацию на конференцию, но отправка делегации может обойтись дороже, чем потенциальные выгоды.;$MONARCHTITLE$, une conference internationale importante aura lieu en $FROMCOUNTRY$ sur la politique et les pratiques de la colonisation de l’Afrique. Le sujet principal de la conference sera le reglement de la question du Congo, et l’issue la plus probable est que le Congo dans son integralite sera reconnu come possession d’une des nations presentes. La plupart des nations civilisees du monde enverra une delegation a la conference, mais envoyer une delegation pourrait bien couter plus cher que les benefices potentiels ne rapporteront.;$MONARCHTITLE$, $FROMCOUNTRY$ halt eine grosse internationale Konferenz uber die Politik und Verhaltensweisen zur weiteren Kolonisierung Afrikas ab. Der Haupttagesordnungspunkt wird die endgultige Regelung der Kongofrage sein, und wahrscheinlich wird einem der delegierten Lander am Ende der Konferenz der gesamte Kongo als Besitz zugesprochen werden. Fast jede zivilisierte Nation der Welt wird eine Delegation zu der Konferenz schicken, aber das Entsenden einer Delegation konnte teurer werden als die potenziellen Gewinne.;;$MONARCHTITLE$, $FROMCOUNTRY$ va a organizar una conferencia internacional para tratar el tema de la colonizacion de Africa. El asunto principal que se tratara sera la cuestion del Congo y el resultado mas probable es que toda la region se le reconozca como posesion a uno de los paises delegados. Casi todos los paises civilizados del mundo enviaran una delegacion, pero el coste de esta podria ser superior a los beneficios obtenidos.;;;;;;;;;;;x
EVTOPTA19335;Я не хочу упустить прекрасный шанс отведать кусочек этого великолепного африканского пирога!;Je ne veux pas manquer l'opportunite de nous approprier une part de ce magnifique gateau qu’est l’Afrique !;Ich mochte diese gute Chance nicht missen, uns ein Stuck diese fantastischen afrikanischen Kuchens abzuschneiden!;;ЎNo quiero perder la ocasion de conseguir una gran porcion de la tarta africana!;;;;;;;;;x;;
EVTOPTB19335;Я не считаю, что столь незначительное дело заслуживает нашего внимания.;Je ne pense pas qu’une affaire si peu importante merite notre attention.;Ich denke nicht, dass eine derart unwichtige Angelegenheit unserer Aufmerksamkeit wert sind.;;No creo que un asunto tan trivial merezca nuestra atencion.;;;;;;;;;x;;
EVTNAME19340;Свободное государство Конго!;L’Etat Libre du Congo !;Der Kongo-Freistaat!;;ЎEl estado libre del Congo!;;;;;;;;;x;;
EVTDESC19340;Свободное государство Конго уникально в своем роде. Ему нечего скрывать и нет секретов, и оно никому не обязано, кроме своего основателя.'\n- Король Бельгии Леопольд II\n\nКонференция Конго, которая состоялась некоторое время назад, приняла решение по вопросу Конго. Конференция подтвердила в опубликованном сегодня «Генеральном акте», что $COUNTRY$ будет предоставлено право управлять, эксплуатировать и колонизировать Конго. Свободное государство Конго будет находиться под управлением $COUNTRY$, но управляться как формально независимое государство. Другие страны наверняка поспешат установить торговые отношения и исследовать полный экономический потенциал Конго;« L’Etat Libre du Congo est unique en son genre. Il n’a rien a cacher, n’a pas de secrets et n’est redevable a personne d’autre que son fondateur. »\n Leopold II de Belgique\n\nLa Conference du Congo est parvenue a une decision au regard de la question congolaise. La Conference a confirme dans sa declaration generale publiee ce jour, qu’un pays se verrait accorder les droits de diriger, exploiter et coloniser le Congo. Primaute a ete donnee au projet $COUNTRY_ADJ$. L’Etat Libre du Congo sera administre par cette nation, mais sous la forme d’un pays independant. Les autres nations vont sans doute se precipiter pour etablir des relations commerciales et examiner le potentiel economique du Congo.;Der Kongo-Freistaat ist einzig in seiner Art. Er hat nichts zu verbergen, keine Geheimnisse und er gehort niemand anderem als seinem Grunder.'\n- Konig Leopold II. von Belgien\n\nDie vor einiger Zeit abgehaltene Kongo-Konferenz ist zu einer Entscheidung hinsichtlich der Kongofrage gekommen: Die Konferenz hat bestatigt, dass der heute veroffentlichte Hauptbeschluss $COUNTRY$ das Recht zum Regieren, Ausbeuten und Kolonisierung des Kongo zusprechen wird. Der Kongo-Freistaat wird unter der Herrschaft von $COUNTRY$ stehen, formell aber als unabhangiger Staat verwaltet. Andere Nationen werden sicherlich hastig Handelsbeziehungen aufnehmen und das volle Wirtschaftspotenzial des Kongos untersuchen.;;El estado libre del Congo es unico en su clase. No tiene nada que ocultar, no tiene secretos y no esta en deuda con nadie, salvo con su fundador.\n- Leopoldo II de Belgica\n\nLa conferencia del Congo, reunida hace algun tiempo, ha tomado una decision con respecto a la cuestion del Congo. En el 'Acta general' promulgada hoy, la conferencia ha decidido que $COUNTRY$ recibira el derecho de gobernar, colonizar y explotar la region. El estado libre del Congo quedara sometido a la autoridad de $COUNTRY$, pero sera administrado como un estado formalmente independiente. Sin duda, otros paises se apresuraran a establecer relaciones comerciales y a explorar todo el potencial economico del Congo;;;;;;;;;x;;
EVTOPTA19340;О, радость!;Oh joie !;Oh Freude!;;ЎOh, que gran dia!;;;;;;;;;x;;
CNG_liberal;Либеральное сословие;Parti Liberal;Liberale Partei;;Partido Liberal;;;;;;;;;x;;
CNG_conservative;Консервативный Эстейт;Parti Conservateur;Konservative Partei;;Partido Conservador;;;;;;;;;x;;
CNG_socialist;Социалистическое сословие;Parti Socialiste;Sozialistische Partei;;Partido Socialista;;;;;;;;;x;;
CNG_communist;Коммунистическое сословие;Parti Communiste;Kommunistische Partei;;Partido Comunista;;;;;;;;;x;;
CNG_reactionary;Реакционное сословие;Parti Reactionnaire;Reaktionare Partei;;Partido Reaccionario;;;;;;;;;x;;
CNG_fascist;Фашистское поместье;Parti Fasciste;Faschistische Partei;;Partido Fascista;;;;;;;;;x;;
CNG_anarcho_liberal;Анархо-либеральное сословие;Estate Anarcho-liberal;Anarcho-liberale Partei;;Partido anarcoliberal;;;;;;;;;x;;
EVTNAME70000;$STATE$ получил статус штата!;$STATE$ se voit accorder le statut d’etat  !;$STATE$ erlangt Souveranitat!;;Ў$STATE$ - condicion de estado!;;;;;;;;;x;;
EVTNAME70001;$STATE$ получил статус штата!;$STATE$ se voit accorder le statut d’etat  !;$STATE$ erlangt Souveranitat!;;Ў$STATE$ - condicion de estado!;;;;;;;;;x;;
IS_SECONDARY_NATION;Является ли вторичным источником питания;est une puissance de second rang;Ist Grossmacht zweiten Ranges;;es una potencia secundaria;;;;;;;;;x;;
IS_NOT_SECONDARY_NATION;Не является вторичной мощностью;nn’est pas une puissance de second rang;Ist keine Grossmacht zweiten Ranges;;NO es una potencia secundaria;;;;;;;;;x;;
SET_PRIMARY_CULTURE;§Y$CULTURE$§W установлен на основную культуру.\n;§Y$CULTURE$§W est la culture principale.\n;§Y$CULTURE$§W als Primarkultur eingestellt.\n;;§Y$CULTURE$§W se convierte en cultura principal.\n;;;;;;;;;x;;
CB_ASSERT_HEGEMONY;Утверждать гегемонию\n;Asseoir son hegemonie\n;Vorherrschaft behaupten\n;;Afirmar hegemonia\n;;;;;;;;;x;;
unification_humiliate_cb_setup;Заставьте другую великую державу уступить вам лидерство в вашем общем культурном союзе.;Force une autre Grande Puissance a vous conceder la primaute dans votre union culturelle commune.;Zwingen Sie eine andere Grossmacht, Ihre Fuhrung Ihrer gemeinsamen Kulturunion zu akzeptieren.;;Obliga a otra gran potencia a aceptar tu liderazgo sobre una union cultural comun.;;;;;;;;;x;;
unification_humiliate_cb_desc;Заставьте другую Великую Державу уступить вам лидерство над вашим общим культурным союзом. Все его влияние на страны в этом регионе будет потеряно.;Force une autre Grande Puissance a vous conceder la primaute dans votre union culturelle commune. Toute son influence sur les pays de la zone sera perdue.;Zwingen Sie eine andere Grossmacht, Ihre Fuhrung Ihrer gemeinsamen Kulturunion zu akzeptieren. Der Einfluss der anderen Macht uber Lander in dieser Region geht dadurch verloren.;;Obliga a otra gran potencia a aceptar tu liderazgo sobre una union cultural comun. Toda su influencia sobre los paises de la zona se pierde.;;;;;;;;;x;;
EVTNAME19345;Резина из Конго!;Le caoutchouc du Congo !;Kautschuk aus dem Kongo!;;ЎCaucho del Congo!;;;;;;;;;x;;
EVTDESC19345;Почва бассейна реки Конго богата, плодородна и идеально подходит для выращивания натурального каучука. К сожалению, большая часть этой дикой, но зеленой земли бездействует, неисследована и не используется, в удушающих тисках варварства и отсталости. Мощные экономические интересы в $COUNTRY$ не желают ничего, кроме как получить возможность разрабатывать и эксплуатировать природные богатства темного рога изобилия, которым является Свободное государство Конго, и, кроме того, невыполнение этого требования может внушить туземцам опасные идеи. Что скажете, Ваше Величество?;Le sol du bassin du Congo est riche, fertile et convient parfaitement a la culture du caoutchouc naturel. Malheureusement, l’essentiel de cette terre verdoyante et sauvage demeure inexploitee car livree aux mains de la barbarie et de l’arrieration. De puissants interets economique en $COUNTRY$ ne souhaitent rien moins que d’avoir la possibilite de developper et exploiter les richesses naturelles de cette sombre corne d’abondance que constitue l'Etat Libre du Congo. Ne rien faire pourrait donner des idees dangereuses aux indigenes. Qu’en dites-vous Votre Majeste ?;Der Boden des Kongobeckens ist reich, fruchtbar und perfekt zum Anbau von naturlichem Kautschuk geeignet. Leider aber liegt ein Grossteil dieses wilden, aber unreifen Landes unerforscht und ungenutzt im erstickenden Griff von Barbarismus und Ruckstandigkeit. Machtige Wirtschaftskrafte in $COUNTRY$ wunschen sich nichts mehr, als die Gelegenheit zur Entwicklung und Ausbeutung der naturlichen Reichtumer dieses afrikanischen Fullhorns zu bekommen, das der Kongo-Freistaat darstellt. Ausserdem wurde man die Eingeborenen ansonsten eventuell auf gefahrliche Ideen bringen. Was sagt Ihr, Eure Majestat?;;El suelo de la cuenca del Congo, rico y fertil, es un lugar idoneo para cultivar caucho natural. Por desgracia, parte de este salvaje vergel permanece inexplorada y sin usar, en las asfixiantes garras de la barbarie y el atraso. Los grandes poderes economicos de $COUNTRY$ no desean otra cosa que tener la oportunidad de desarrollar y explotar la riqueza natural de esa cornucopia negra que es el estado libre del Congo. Ademas, si no lo hacemos podriamos dar peligrosas ideas a los nativos. їQue decis al respecto, majestad?;;;;;;;;;x;;
EVTOPTA19345;Я уверен, что местные жители могли бы оказать помощь!;Je suis certain que les autochtones nous y aideront !;Die Eingeborenen konnen uns sicher zur Hand gehen!;;ЎSeguro que a esos nativos nos agradecen que les echemos una mano!;;;;;;;;;x;;
EVTOPTB19345;Мы пришли как носители цивилизации, а не как грабители.;Nous sommes la pour apporter la civilisation, pas pour piller le pays !;Wir bringen das Geschenk der Zivilisation und sind keine Plunderer!;;Hemos venido a traer la civilizacion, no a saquear el pais.;;;;;;;;;x;;
EVTNAME19350;Ассоциация реформ Конго;L’Association pour la Reforme au Congo;Die Kongo-Reformvereinigung;;Asociacion para Reforma del Congo;;;;;;;;;x;;
EVTDESC19350;Несколько свидетельских показаний за последние несколько лет говорили о продолжающемся жестоком обращении с колониальными подданными $COUNTRY_ADJ$ в Свободном государстве Конго. Широко распространенная жестокость, увечья и даже резня были зарегистрированы как часто используемые инструменты колониального подчинения, и эти сообщения начали представлять колониальную политику $COUNTRY_ADJ$ в очень плохом свете. Международная организация — Ассоциация реформ Конго — была основана с заявленной целью восстановления человеческого достоинства колониальных подданных $COUNTRY$, и несколько известных авторов и международных гуманитариев объединились для этого дела.;$COUNTRY$ : au cours des dernieres annees, des temoins ont rapporte les mauvais traitements qui ont cours a l’encontre des indigenes des colonies dans l’Etat Libre du Congo. Brutalite, mutilations et meme massacres sont souvent utilises comme outils de controle par les colons sur les indigenes et ces rapports commencent a jeter un eclairage sombre sur la politique coloniale de l’Etat $COUNTRY_ADJ$. Une association internationale, l’Association pour la Reforme au Congo, a ete fondee dans le but de restaurer la dignite des indigenes des colonies de l’Etat $COUNTRY_ADJ$. Plusieurs auteurs de renom et des humanitaires internationaux se sont joints a la cause.;Mehrere Augenzeugenberichte wahrend der letzten Jahre verdeutlichen die kontinuierliche Misshandlung von $COUNTRY_ADJ$ Kolonialuntertanen im Kongo-Freistaat. Man berichtete, dass weitlaufige Brutalitat, Verstummelungen und sogar Massaker oft als Unterwerfungsmassnahmen eingesetzt wurden, und diese Berichten haben begonnen, die $COUNTRY_ADJ$ Kolonialpolitik in ausserst schlechtem Licht erscheinen zu lassen. Nun wurde eine internationale Organisation -- die Congo Reform Association -- gegrundet, die es sich auf die Fahnen geschrieben hat, die Menschenwurde der Kolonialuntertanen von $COUNTRY$ wiederherzustellen. Mehrere bekannte Autoren und internationale Verfechter der Menschenwurde haben sich fur ihre Sache stark gemacht.;;Durante los ultimos anos, varios testigos han dado testimonio de los malos tratos que reciben los subditos coloniales de $COUNTRY$ en el estado libre del Congo. Segun parece, las autoridades coloniales emplean con prodigalidad la brutalidad, la mutilacion e incluso las masacres. Estas historias comienzan a pintar con tintes muy oscuros la politica colonial $COUNTRY_ADJ$. Se acaba de fundar una organizacion internacional, la Asociacion para la Reforma del Congo, con el fin de devolver la dignidad a los subditos coloniales de $COUNTRY$, y varios autores y filantropos famosos ya han anunciado su adhesion a la causa.;;;;;;;;;x;;
EVTOPTA19350;Взрыв!;Bon sang !;Verdammt!;;ЎMaldicion!;;;;;;;;;x;;
annex_the_congo_title;Приложение Конго;Annexer le Congo;Kongo annektieren;;Anexionad el Congo;;;;;;;;;x;;
annex_the_congo_desc;Международное давление растет по вопросу о Свободном государстве Конго. Свободное государство, которое управляется как личная собственность нашего монарха, подвергается шквалу международной критики из-за проводимой там жестокой колониальной политики. На данном этапе нашим лучшим вариантом, вероятно, является аннексия Свободного государства и реформирование его администрации.;La pression internationale monte au sujet de l’Etat Libre du Congo. L’Etat Libre, qui est gouverne comme une propriete privee de notre souverain recoit une volee de bois vert de la part de la communaute internationale au sujet du comportement brutal des colons. Notre meilleure option est sans doute d’annexer l’Etat Libre et d’en reformer l’administration.;Der internationale Druck uber die Problematik des Kongo-Freistaats ist gewachsen. Der Freistaat, der als personliches Eigentum unseres Konigs regiert wird, erhalt wegen der brutalen Kolonialpolitik, die dort durchgesetzt wird, massive internationale Kritik. Unsere beste Option beim jetzigen Stand ist wohl, den Freistaat zu annektieren und seine Verwaltung zu reformieren.;;La presion internacional sobre el asunto del Congo no deja de crecer. El estado libre, gobernado como patrimonio personal de nuestro monarca, es objeto de un bombardeo de criticas desde todo el mundo por la brutalidad de las politicas coloniales llevadas a cabo alli. A estas alturas, probablemente la mejor solucion sea anexionar el estado libre y reformar su administracion.;;;;;;;;;x;;
the_congo_reform_association;Ассоциация реформ Конго;L’Association pour la Reforme au Congo;Die Kongo-Reformvereinigung;;La Asociacion para la Reforma del Congo;;;;;;;;;x;;
the_congo_refrom_association_desc;Международная гуманитарная организация представляет нашу колониальную политику в Конго в невыгодном свете.;Une organisation humanitaire internationale jette une lumiere tres defavorable sur notre politique coloniale au Congo.;Eine internationale Menschenrechtsorganisation wirft ein ungutes Licht auf unsere Kolonialpolitik im Kongo.;;Una organizacion humanitaria internacional esta pintando de tintes mas bien oscuros nuestras politicas coloniales en el Congo.;;;;;;;;;x;;
MODIFIER_BADBOY;Позор;Infamie;Infamie;;Infamia;;;;;;;;;x;;
rename_the_congo_title;Исследуйте Конго!;Explorer le Congo !;Kongo erforschen!;;ЎExploremos el Congo!;;;;;;;;;x;;
rename_the_congo_desc;Поскольку Свободное государство Конго было подтверждено как личная собственность короля Леопольда II, будет справедливо и разумно, если мы теперь исследуем этот регион и, возможно, оставим на нем свой личный след?;L’Etat Libre du Congo ayant ete confirme comme etant la propriete privee du roi Leopold II, il semble juste et naturel que nous explorions la region, et peut-etre y laisser notre marque ?;Nachdem der Kongo-Freistaat als personliches Eigentum von Konig Leopold II. bestatigt wurde, ist es nur vernunftig und gerecht, dass wir die Region nun erforschen ... und ihr vielleicht ein bisschen unseren Stempel aufdrucken.;;Ahora que el Congo se ha convertido en patrimonio personal del rey Leopoldo II, їno es razonable que exploremos la region e incluso intentemos dejar nuestro sello personal alli?;;;;;;;;;x;;
PROV2049;Лоренсо Маркес;Lourenzo Marques;Lourenco Marques;;Lourenzo Marques;;;;;;;;;x;;
brazzas_expedition_title;Экспедиция Браззы;Expedition de Brazza;Brazzas Expedition;;La expedicion de Brazza;;;;;;;;;x;;
brazzas_expedition_desc;Франко-итальянский авантюрист Пьер Саворньян де Бразза исследовал регион Конго в 1870-х и 1880-х годах и открыл Центральную Африку и правый берег реки Конго для французской колонизации. Город Браззавиль во Французском Конго был назван в его честь.;L’explorateur franco-italien Pierre Savorgnan de Brazza explora la region du Congo dans les annees 1870 et 1880 et il ouvrit l'Afrique Centrale et la rive occidentale du Congo a la colonisation francaise. La ville de Brazzaville au Congo francais porte son nom.;Der franko-italienische Abenteurer Pierre Savorgnan de Brazza erforschte die Kongo-Region in den 1870er und 1880er Jahren und offnete Zentralafrika und das rechte Ufer des Kongo-Flusses fur die franzosische Zivilisation. Die Stadt Brazzaville in Franzosisch-Kongo wurde nach ihm benannt.;;El explorador y aventurero franco-italiano Pierre Savorgnan de Brazza exploro la region del Congo en las decadas de 1870 y 1880, con lo que el Africa central y la orilla derecha del rio del mismo nombre se abrieron para la colonizacion francesa. La ciudad de Brazzaville, en el Congo frances, lleva su nombre como reconocimiento a esta hazana.;;;;;;;;;x;;
USA_prussian_constitutionalism;Королевство Америка;Le royaume d’Amerique;The Kingdom of America;;El reino de America;;;;;;;;;x;;
von_moltkes_staff_reforms_title;Реформы фон Мольтке;Les reformes de von Moltke;von Moltkes Reformen;;Las reformas de von Moltke;;;;;;;;;x;;
von_moltkes_staff_reforms_desc;В 1857 году Хельмут фон Мольтке был назначен начальником прусского Генерального штаба, который он вскоре начал реформировать. Среди идей, реализованных фон Мольтке, были отдел исторических исследований, обширные военные учения и специальный отдел, посвященный каталогизации и изучению телеграфных и железнодорожных сетей Пруссии, а также тому, как их можно было бы использовать с максимальной эффективностью в случае войны. Конечным результатом стало то, что ко времени франко-прусской войны Генеральный штаб Пруссии считался самым эффективным в Европе, его методы вскоре стали широко изучаться и применяться за рубежом. Мольтке оставался начальником прусского штаба в течение следующих 30 лет и известен как один из самых блестящих военных стратегов 19 века.;En 1857, Helmut von Moltke fut nomme Chef de l’etat-major de la Prusse, qu’il entreprit bientot de reformer. Parmi les idees mises en њuvre par von Moltke, un service d’etudes historiques, une utilisation intensive du wargame ou kreigspiel et un service special dedie a la cartographie complete des reseaux de telegraphe et de chemin de fer de Prusse et leur utilisation en cas de guerre. Le resultat fut que lors de la guerre de 1870, l’etat-major prussien etai de loin le plus efficace d’Europe et ses methodes commencerent a etre etudiees et copiees a l’etranger. Moltke resta Chef d’etat-major de la Prusse pendant 30 ans et demeure l’un des plus brillants strateges militaires du XIXe siecle.;Im Jahr 1857 wurde Helmuth von Moltke zum Chef des preussischen Generalstabs ernannt, den er schon kurz darauf reformierte. Zu seinen Ideen gehorte auch eine Abteilung fur historische Studien, extensive Truppenmanover und eine Spezialabteilung zum Katalogisieren und Studium der Telegraphen- und Eisenbahnnetzwerke Preussens, und wie sie im Kriegsfall am effizientesten genutzt werden konnten. Aufgrund dieser Anstrengungen galt der preussische Generalstab zur Zeit des franzosisch-preussischen Krieges als der effizienteste in ganz Europa, dessen Methoden man im Ausland schon bald eingehend studierte und nachahmte. Von Moltke ubte sein Amt die nachsten 30 Jahre aus und gilt als einer der brillantesten Militarstrategen des 19. Jahrhunderts.;;En 1857 Helmuth von Moltke fue nombrado jefe del estado mayor del ejercito prusiano, que procedio a reformar al poco tiempo. Entre las ideas implantadas por von Moltke estuvieron un departamento de estudios historicos, el uso de juegos de guerra como herramienta de analisis y un departamento especial dedicado a catalogar y estudiar las redes telegraficas y ferroviarias de Prusia y el mejor modo de utilizarlas en el caso de guerra. El resultado final de todo esto fue que, a finales de la Guerra Franco-Prusiana, el cuartel general del ejercito prusiano se consideraba el mas eficiente de Europa, con metodos que no tardarian en ser estudiados y adaptados por muchos otros paises. A Moltke, que permanecio los siguientes 30 anos en el puesto, se le considera uno de los estrategas militares mas brillantes del siglo XIX.;;;;;;;;;x;;
prussian_general_staff;Прусский генеральный штаб;Etat-major prussien;Preussischer Generalstab;;Cuartel general de Prusia;;;;;;;;;x;;
desc_prussian_general_staff;Прусский генеральный штаб — самый эффективный в Европе, но рано или поздно его догонят и другие страны.;L’etat-major prussien est le plus efficace d’Europe, mais les autres pays vont finir par combler leur retard.;Der preussische Generalstab ist der effizienteste in Europa, aber andere Nationen werden fruher oder spater aufholen.;;El cuartel general del ejercito prusiano es el mas eficiente de Europa, pero otros paises no tardaran en recortarle terreno.;;;;;;;;;x;;
kanun_i_esasi_title;Канун-и-Эсаси;Kanun-i-Esasi;Kanun-i-Esasi;;Kanun-i-Esasi;;;;;;;;;x;;
kanun_i_esasi_desc;Принятый в 1876 году «Канун-и-Иасаси» (Основной закон) был ранней попыткой подарить Османской империи конституцию. Хотя Основной закон действовал всего два года, прежде чем был отменен султаном Абдул-Хамидом II, он, тем не менее, стал важным предшественником более позднего развития османского и турецкого конституционализма.;Mise en place en 1876, la « Kanun-i-Easasi » (la loi fondamentale) est une premiere tentative de doter l’Empire ottoman d’une constitution. Si la loi fondamentale ne resta en application que deux ans avant d’etre repoussee par le sultan Abdulhamid II, elle constitue cependant un signe precurseur important du futur developpement du constitutionnalisme ottoman puis turc.;Das im Jahr 1876 verabschiedete 'Kanun-i-Esasi' (Grundgesetz) war ein fruher Versuch, das osmanische Reich mit einer Verfassung auszustatten. Obwohl das Grundgesetz nur zwei Jahre in Kraft war, bevor es von Sultan Abdulhamid II. aufgehoben wurde, war es dennoch ein wichtiger Vorlaufer der spateren Entwicklung des osmanischen und turkischen Konstitutionalismus.;;Promulgada en 1876, la 'Kanun-i-Easasi' (ley basica) represento el primer intento de dotar al Imperio Otomano de una constitucion. Aunque solo permaneceria vigente durante dos anos, hasta su derogacion por parte del Sultan Abdulhamid II, supuso un importante precedente en el posterior desarrollo del constitucionalismo otomano y turco.;;;;;;;;;x;;
the_ruhr_boom_title;Поощряйте Рурский бум;Encourager le boom de la Ruhr;Ruhr-Boom begunstigen;;Fomentar la explotacion del Ruhr;;;;;;;;;x;;
the_ruhr_boom_desc;Район Рура, ранее входивший в состав графств Берг, Марк и Клеве, меняется с каждым днем. Каждый день открываются новые угольные шахты, рудники и шахты для снабжения постоянно расширяющихся прусских железнодорожных сетей, а в последнее время, благодаря импорту британских промышленных технологий, мастерские вырастают как грибы после осеннего дождя. Рур процветает, и пример мог бы легко распространиться на всю Германию, если бы его только немного подтолкнули.;La region de la Ruhr, autrefois repartie entre les contes de Berg, Mark et Cleves, se transforme chaque jour un peu plus. Chaque jour, de nouveaux puits de charbon sont ouverts pour repondre a la demande du reseau de chemin de fer prussien en expansion constante. Plus tard, soutenu par l’importation de la technologie industrielle britannique, les usines pousseront comme des champignons apres la pluie. La Ruhr est en expansion et son exemple pourrait se generaliser a l’Allemagne entiere s’il recevait un petit coup de pouce.;Das Ruhrgebiet, ehemals Teil der Grafschaften Berg, Mark und Cleves, andert sich von Tag zu Tag. Taglich werden neue Kohlegruben und Schachte eroffnet, um das standig wachsende Eisenbahnnetz Preussens zu versorgen. Seit Kurzem schiessen die von importierter britischer Industrietechnologie unterstutzten Fabriken aus dem Boden wie Pilze nach einem Herbstregen. Das Ruhrgebiet boomt und gibt dem restlichen Deutschland ein gutes Beispiel gab. Wenn es nur einen kleinen Schubs in die richtige Richtung bekame ...;;La zona del Ruhr, formada por los territorios de los antiguos estados de Berg, Mark y Cleves, esta experimentando aceleradas transformaciones. Cada dia se abren nuevas minas de carbon para alimentar la expansion de las redes ferroviarias de Prusia y ultimamente, con el apoyo de tecnologia industrial importada desde Gran Bretana, estan brotando fabricas como champinones despues de una lluvia de otono. El Ruhr esta floreciendo y el ejemplo podria propagarse facilmente al resto de Alemania con que le demos un pequeno empujoncito.;;;;;;;;;x;;
ruhr_boom;Рурский бум;Le boom de la Ruhr;Der Ruhr-Boom;;El florecimiento del Ruhr;;;;;;;;;x;;
desc_ruhr_boom;Города по всей Германии растут и превращаются из сельских поселков в современные центры ремесел благодаря примерам бурно развивающейся индустриализации Рура.;A travers l’Allemagne, les villes croissent et se transforment, passant de bourgades rurales a des centres industriels modernes grace a l’exemple fourni par l’industrie naissante de la Ruhr.;In ganz Deutschland wandeln sich Stadte dank der Beispiele des aufbluhenden Ruhr-Industrialismus von landlichen Gemeinden zu modernen Industriezentren.;;Por toda Alemania, las ciudades estan creciendo y estan dejando de ser asentamientos rurales para transformarse en modernos centros industriales gracias a los ejemplos establecidos por la floreciente industrializacion del Ruhr.;;;;;;;;;x;;
support_ruhr_industrialism_title;Поддержите семью Крупп;Soutien a la famille Krupp;Familie Krupp unterstutzen;;Apoyad a la familia Krupp;;;;;;;;;x;;
DIPLOMACY_NO_ALLIES_CIVIL_WAR;Союзников нельзя призывать на гражданскую войну.;Les allies ne peuvent etre appeles en cas de guerre civile.;Verbundete konnen in einem Burgerkrieg nicht zu Hilfe gerufen werden.;;No se puede pedir ayuda a los aliados en una guerra civil.;;;;;;;;;x;;
the_rhine_crisis_title;Левый берег;La rive gauche;Das linke Ufer;;La orilla izquierda;;;;;;;;;x;;
the_rhine_crisis_desc;Во время перерисовки Наполеоном карты Европы левый берег реки Рейн был присоединен к собственно Франции. В 1840 году премьер-министр Франции Адольф Тьер публично заявил, что, по его мнению, Рейн по-прежнему остается естественной восточной границей Франции. Поскольку тяготы наполеоновских войн все еще были живы в памяти, это заявление вызвало возмущение в Германии, спровоцировав то, что впоследствии стало известно как «Рейнский кризис».;Lorsque Napoleon redessina la carte de l 'Europe, la rive gauche du Rhin fut annexee par la France. En 1840, le Premier ministre Adolphe Thiers affirma publiquement, qu’a son avis, le Rhin demeurait la frontiere orientale naturelle de la France. Le souvenir des temps difficiles des guerres napoleoniennes encore present dans les memoire fit que cette declaration leva un tolle de protestations en Allemagne, donnant naissance a ce qui serait connu sous le nom de « Crise du Rhin ».;Im Zuge der Neugestaltung der europaischen Karte durch Napoleon war das linke Rheinufer von Frankreich annektiert worden. Im Jahr 1840 gab Adolphe Thiers, der franzosische Premierminister, bekannt, dass der Rhein seiner Meinung nach immer noch Frankreichs naturliche Ostgrenze darstelle. Diese Aussage fuhrte in Deutschland vor dem Hintergrund der Schrecken der napoleonischen Kriege zu einem Aufschrei und fuhrte schliesslich zur sogenannten 'Rheinkrise'.;;Durante la reorganizacion del territorio europeo llevada a cabo por Napoleon, la orilla izquierda del Rhin habia sido anexionada por Francia. En 1840, el primer ministro de este pais, Adolphe Thiers, afirmo publicamente que, en su opinion, el Rhin seguia siendo la frontera natural de Francia. Con las penurias provocadas por las guerras napoleonicas todavia en el recuerdo de muchos, esta declaracion provocaria una oleada de indignacion en Alemania y seria la chispa que haria saltar lo que se conoceria como 'La crisis del Rhin'.;;;;;;;;;x;;
build_the_eiffel_tower_title;Построить Эйфелеву башню;Construction de la tour Eiffel;Eiffelturm bauen;;La torre Eiffel;;;;;;;;;x;;
build_the_eiffel_tower_desc;Построенная как входная арка на Всемирную выставку 1889 года, Эйфелева башня является одним из самых долговечных и знаковых символов Парижа и французской архитектуры. Названная в честь своего конструктора Гюстава Эйфеля, Эйфелева башня была самым высоким искусственным сооружением в мире до завершения строительства Крайслер-билдинг в Нью-Йорке в 1930 году.;Construite comme arche d’entree pour l’exposition universelle de 1889, la tour Eiffel est un des symboles les plus representatif de Paris et de l'architecture francaise. Elle porte le nom de son concepteur, Gustave Eiffel, et demeura le plus haut monument fait de la main de l’homme jusqu’a ce que le Chrysler building soit acheve a New York en 1930.;Der Eiffelturm, gebaut als Eingangstor zur Weltaustellung von 1899, ist eines der widerstandsfahigsten und ikonischsten Symbole von Paris und der franzosischen Architektur. Er ist nach seinem Architekt Gustave Eiffel benannt und war bis zur Fertigstellung des Chrysler Building in New York City im Jahr 1930 das hochste Bauwerk der Welt.;;Construida como arco de entrada para la exposicion universal de 1889, la torre Eiffel es uno de los simbolos mas representativos y mejor conocidos de Paris y de la arquitectura francesa. Llamada asi en honor de su disenador, Gustave Eiffel, la torre Eiffel fue la estructura mas alta del mundo hasta que, en 1930, se termino de construir el edificio Chrysler en la ciudad de Nueva York.;;;;;;;;;x;;
the_eiffel_tower;Эйфелева башня;La tour Eiffel;Der Eiffelturm;;La torre Eiffel;;;;;;;;;x;;
desc_eiffel_tower;Мир заворожён видом чудесной железной решётчатой башни господина Эйфеля!;Le monde reste bouche bee devant l’extraordinaire tour en poutres d'acier de monsieur Eiffel  !;Die Welt staunt beim Anblick von Monsieur Eiffels wunderbarem Eisengitterturm!;;ЎEl mundo esta maravillado por la increible vision de la traceria de hierro de la obra de monsieur Eiffel!;;;;;;;;;x;;
confiscations_of_mendizabal_title;Конфискации Мендисабаля;Les confiscations de Mendizabal;Die Desamortisation in Spanien;;La desamortizacion de Mendizabal;;;;;;;;;x;;
confiscations_of_mendizabal_desc;Церковные конфискации Мендисабаля были серией указов, изданных между 1835 и -37 гг., направленных на приватизацию и экспроприацию монастырских земель и имущества в Испании. Вдохновленные антиклерикальным либерализмом и поляризацией испанского общества во время событий Карлистских войн, указы привели к отказу от многих древних испанских монастырей.;Les confiscations ecclesiastiques de Mendizabal sont une serie de decrets promulgues entre 1835 et 1837 visant a l’expropriation de terres et batiments monastiques en Espagne. Inspires par le liberalisme anticlerical et la polarisation de la societe espagnole au cours des guerres Carlistes, ces decrets conduisent a l’abandon de nombreux monasteres espagnols anciens.;Die Desamortisation in Spanien war eine Reihe von zwischen 1835 und 1837 erlassenen Dekreten zur Privatisierung und Enteignung von klosterlichen Landereien und Besitztumern in Spanien. Die Dekrete wurden vom antiklerikalen Liberalismus und der Polarisierung der spanischen Gesellschaft wahrend der Ereignisse der Karlistenkriege inspiriert und fuhrten zur Aufgabe vieler alter spanischer Kloster.;;La desamortizacion de Mendizabal fue una serie de expropiaciones de tierras monacales llevadas a cabo en Espana por decreto entre 1835 y 1837. Inspirados por el liberalismo anticlerical y la polarizacion experimentada por la sociedad espanola durante las guerras carlistas, estos decretos provocaron el abandono de muchos monasterios antiguos en Espana.;;;;;;;;;x;;
haussmanns_renovations_title;Реновации Османа;Les renovation du baron Haussmann;Haussmanns Renovierungen;;Las reformas de Haussmann;;;;;;;;;x;;
haussmanns_renovations_desc;План Османа был проектом модернизации и городского обновления Парижа, реализованным между 1852 и 1870 годами. Проект был инициирован после периода быстрого роста и развития города, поскольку старый городской центр Парижа оказался неспособным удовлетворить инфраструктурные потребности растущего города. Длинные, открытые бульвары, отстаиваемые Османном, с тех пор остаются определяющими характеристиками уличной планировки Парижа.;Le plan Haussmann est un projet pour la modernisation et le renouveau urbain de Paris, qui fut mis en place de 1852 a 1870. Le projet fut decide apres une periode de developpement et de croissance urbaine rapide, alors que le vieux centre de Paris se revelait de plus en plus inadapte aux exigences d’infrastructures d’une cite moderne. Les longs et larges boulevards defendus par Haussmann sont depuis lors une caracteristique du paysage urbain parisien.;Der Haussmann-Plan war ein Projekt zur Modernisierung und stadtischen Erneuerung von Paris, das zwischen 1852 und 1870 durchgefuhrt wurde. Das Projekt wurde nach einer starken Wachstums- und Entwicklungsperiode eingeleitet, da das alte Stadtzentrum von Paris die Infrastrukturbedurfnisse einer wachsenden Stadt nicht langer erfullen konnte. Die von Hausmann favorisierten Boulevards sind mit ihrer Lange und Breite seitdem die definierende Haupteigenschaft des Pariser Strassensystems.;;El Plan Haussmann fue un proyecto de renovacion y modernizacion urbana de Paris, llevado a cabo entre 1852 y 1870. El proyecto se inicio tras un periodo de acelerado crecimiento urbano de la capital francesa, en el que su centro antiguo se habia revelado incapaz de hacer frente a las exigencias, en terminos de infraestructura, de una ciudad en crecimiento. Desde entonces, los largos y abiertos bulevares promovidos por Haussman se han convertido en una de las senas distintivas del trazado urbano de Paris.;;;;;;;;;x;;
SM_COUNTERDISTANCE;Расстояние счетчика;Distance d'affichage detaille;Counter-Entfernung;;Contador de distancia;;;;;;;;;x;;
OL_GP_INFLUENCE;Влияние;Influence;Einfluss;;Influencia;;;;;;;;;x;;
OL_VIEW_GP_INFLUENCE;Переключает вид §YInfluence§W;Active la vue §YInfluence§W;Schaltet §YEinfluss§W-Ansicht um;;Alterna la vision de §YInfluencia§W;;;;;;;;;x;;
CB_EXPIRE_DATE;Истекает §Y$DATE$§W;S’acheve §Y$DATE$§W;Endet: §Y$DATE$§W;;Expira el §Y$DATE$§W;;;;;;;;;x;;
BUDGET_CANT_LOAN_DESC;Банки дадут вам деньги в долг только в том случае, если вы выплачиваете проценты и не настроены враждебно. В настоящее время иностранные банки никогда не дадут вам в долг более $MAXLOAN$¤ от их общих доступных средств по соображениям безопасности.;Les banques vous preteront de l’argent si vous avez paye vos interets et si vous ne leur etes pas hostile. Pour des raisons de securite, les banques etrangeres en vous preteront jamais plus de $MAXLOAN$ de leurs fonds disponibles.;Banken leihen Ihnen nur dann Geld, wenn Sie in der Vergangenheit Ihre Zinszahlungen eingehalten haben und nicht feindlich sind. Auslandische Banken geben Ihnen aus Sicherheitsgrunden derzeit nie mehr als $MAXLOAN$¤ ihres Gesamtkapitals.;;Los bancos solo te prestaran dinero si has cumplido con el pago de tus intereses y no eres hostil. Actualmente, los bancos extranjeros no te prestaran mas del $MAXLOAN$% de sus fondos totales disponibles, por razones de seguridad.;;;;;;;;;x;;
MUST_NEGOTIATE_WITH_WAR_LEADER_STATUS_QUO_OUR_SIDE;Мы не можем вести переговоры с врагом §YВоенный лидер§W, так как мы являемся целью войны, а наш лидер добавил военную цель §YСтатус-кво§W;Nous ne pouvons pas negocier avec le §YWar leader§W ennemi car nous sommes l’objet d’un objectif de guerre et notre dirigeant a ajoute un objectif de guerre §YStatu Quo§W.;Wir konnen nicht mit dem feindlichen §YKriegsfuhrer§W verhandeln, da wir Ziel eines Kriegsziels sind und unser Anfuhrer ein §YStatus Quo§W-Kriegsziel hinzugefugt hat.;;No podemos negociar con el §Ylider de guerra§W enemigo, porque somos uno de sus objetivos belicos y nuestro lider de guerra ha anadido un objetivo belico de §YStatus Quo§W;;;;;;;;;x;;
witwatersrand_gold_rush;Золотая лихорадка Витватерсранда;La ruee vers l’or de Witwatersrand;Witwatersrand-Goldrausch;;Fiebre del oro en las Witwatersrand;;;;;;;;;x;;
desc_witwatersrand_gold_rush;Золотая лихорадка в Витватерсранде сделала нас известными на международном уровне.;Une ruee vers l’or dans le Witwatersrand nous fait connaitre internationalement.;Ein Goldrausch im Witwatersrand macht uns international bekannt.;;La fiebre del oro en las Witwatersrand nos esta haciendo famosos en todo el mundo.;;;;;;;;;x;;
ENG_bourgeois_dictatorship;Благородная Республика Британия;Republique de Britannie;Republic of Britannia;;Republica de Britania;;;;;;;;;x;;
DIPLOMACY_CANNOT_SET_PRIO_TRUCE;Мы не можем влиять на эту страну, пока у нас с ними перемирие.;Nous ne pouvons pas influencer cette nation car nous somme en treve avec elle.;Wir konnen diese Nation nicht beeinflussen, wahrend Waffenruhe zwischen uns herrscht.;;No podemos influir en un pais con el que tenemos una tregua;;;;;;;;;x;;
MEX_absolute_monarchy;Мексиканская империя;Empire du Mexique;Mexikanisches Kaiserreich;;Imperio de Mexico;;;;;;;;;x;;
MEX_prussian_constitutionalism;Мексиканская империя;Empire du Mexique;Mexikanisches Kaiserreich;;Imperio de Mexico;;;;;;;;;x;;
MEX_hms_government;Мексиканская империя;Empire du Mexique;Mexikanisches Kaiserreich;;Imperio de Mexico;;;;;;;;;x;;
