EVTDESC13000_NEWS_LONG;Как только ветер западной цивилизации дует на Восток, каждая травинка и каждое дерево на Востоке следуют за тем, что приносит западный ветер. У берегов $COUNTRY$ начали появляться странные корабли. Странные корабли с мачтами, такими высокими, что, кажется, касаются лика Божьего. Сначала это вызывает любопытство, затем время от времени — усиливаясь по мере того, как шторм перерастает в шторм, — а завтра? Странны эти корабли, и еще более странны обычаи, которые они приносят, но не может быть никаких сомнений в том, что необходимо принять политику в отношении иностранцев из «Европы».;;Wenn der Wind der westlichen Zivilisation im Osten weht, so wird jeder Grashalm und jeder Baum vom Geiste des Westens erfullt. An den Kusten von $COUNTRY$ tauchen fremde Schiffe auf. Seltsame Schiffe mit Masten so hoch, als ob sie Gottes Antlitz beruhren wollten. Zunachst eine Seltenheit, dann immer mehr und ofter, wie eine sanfte Brise, die sich zu einem Sturm auswachst – und morgen? Merkwurdig sind diese Schiffe, merkwurdiger noch ihre Waren und Gebrauche, und es besteht kein Zweifel, dass wir den Umgang mit den Fremden aus diesem 'Europa' erlernen mussen.;;;;;;;;;;;x;
EVTDESC13000_NEWS_MEDIUM;У берегов $COUNTRY$ начали появляться странные корабли. Странные эти корабли, и еще более странные обычаи они приносят, но не может быть никаких сомнений в том, что необходимо принять политику в отношении иностранцев из «Европы».;;An den Kusten von $COUNTRY$ tauchen fremde Schiffe auf. Merkwurdig sind diese Schiffe, merkwurdiger noch ihre Waren und Gebrauche, und es besteht kein Zweifel, dass wir den Umgang mit den Fremden aus diesem 'Europa' erlernen mussen.;;;;;;;;;;;x;
EVTDESC13000_NEWS_SHORT;Странные эти корабли и еще более странные обычаи, которые они приносят, но не может быть никаких сомнений в том, что в $СТРАНЕ$ должна быть принята определенная политика в отношении иностранцев из «Европы».;;Merkwurdig sind diese Schiffe, merkwurdiger noch ihre Waren und Gebrauche, und es besteht kein Zweifel, dass wir in $COUNTRY$ den Umgang mit den Fremden aus diesem 'Europa' erlernen mussen.;;;;;;;;;;;x;
EVTDESC13100_NEWS_LONG;$COUNTRY$: Иностранцы зашли слишком далеко! Их миссионеры распространяют ложные учения, подрывая наш народ и наше национальное единство, они нарушают наши обычаи, а их опиум затуманивает наши умы. По крайней мере, такое сообщение вы получите, если спросите людей в $PROVINCENAME$, где в последние месяцы процветали антииностранные настроения. Иностранные торговые посты будут удалены из $PROVINCENAME$, чтобы избавиться от пагубного влияния, и им не будет позволено вернуться и распространять свою ложь и свои яды среди местного населения.;;$COUNTRY$: Die Fremden sind zu weit gegangen! Ihre Missionare verbreiten falsche Lehren, die unser Volk und unsere nationale Einheit zerrutten, sie missachten unsere Gebrauche und ihr Opium vergiftet unseren Geist. So sehen es zumindest die Einwohner von $PROVINCENAME$, wo die Fremdenfeindlichkeit in den letzten Monaten weiter zunimmt. Der Aussenhandelsposten in $PROVINCENAME$ wird entfernt, um den schadlichen Einfluss auszumerzen, und sie durfen nicht zuruckkehren, um ihre Lugen und ihr Gift unter der Bevolkerung zu verbreiten.;;;;;;;;;;;x;
EVTDESC13100_NEWS_MEDIUM;$COUNTRY$: Иностранцы зашли слишком далеко! Их миссионеры распространяют ложные учения, подрывая наш народ и наше национальное единство, они нарушают наши обычаи, а их опиум затуманивает наши умы. Антииностранные настроения накаляются в $PROVINCENAME$.;;$COUNTRY$: Die Fremden gehen zu weit! Ihre Missionare verbreiten falsche Lehren, die unser Volk und unsere nationale Einheit zerrutten, sie missachten unsere Gebrauche und ihr Opium vergiftet unseren Geist. Die Fremdenfeindlichkeit hat in $PROVINCENAME$ immens zugenommen. ;;;;;;;;;;;x;
EVTDESC13100_NEWS_SHORT;$COUNTRY$: Иностранцы зашли слишком далеко! Они нарушают наши обычаи, а их опиум затуманивает наши умы. Антииностранные настроения накаляются в $PROVINCENAME$.;;$COUNTRY$: Die Fremden gehen zu weit! Sie missachten unsere Gebrauche und ihr Opium vergiftet unseren Geist. Die Fremdenfeindlichkeit hat in $PROVINCENAME$ immens zugenommen. ;;;;;;;;;;;x;
EVTDESC13120_NEWS_LONG;Европейская гувернантка, нанятая для обучения двора в $COUNTRY$, кажется, неплохо справляется со своей работой, но она внедряет в жизнь довольно странные идеи. Например, она разбрасывается, в довольно резкой форме, идеей о том, что все люди созданы равными, и что $COUNTRY$ должна отменить освященный веками институт рабства. Для местных жителей, привыкших к рабству на протяжении столетий, это может показаться опасным...;;Die fur den Unterricht des Hofes in $COUNTRY$ angeheuerte, europaische Gouvernante macht ihre Arbeit anscheinend gut, auch wenn sie einige merkwurdige Ideen verbreitet. So vertritt sie mit recht barschen Worten die Idee, dass alle Menschen vor Gott gleich sind, und dass $COUNTRY$ die altbewahrte Institution der Sklaverei aufgeben sollte. Fur die seit Jahrhunderten an die Sklaverei gewohnten Einwohner ein gefahrlich anmutender Ansatz...;;;;;;;;;;;x;
EVTDESC13120_NEWS_MEDIUM;Европейская гувернантка, нанятая для обучения двора в $COUNTRY$, кажется, неплохо справляется со своей работой, но она вводит некоторые довольно странные идеи. Например, она бросается, в довольно резкой форме, идеей о том, что все люди созданы равными.;;Die fur den Unterricht des Hofes in $COUNTRY$ angeheuerte, europaische Gouvernante macht ihre Arbeit anscheinend gut, auch wenn sie einige merkwurdige Ideen verbreitet. So vertritt sie mit recht barschen Worten die Idee, dass alle Menschen vor Gott gleich sind.;;;;;;;;;;;x;
EVTDESC13120_NEWS_SHORT;Европейская гувернантка, нанятая для обучения придворных в $COUNTRY$, похоже, неплохо справляется со своей работой, но она привносит в обстановку довольно странные идеи.;;Die fur den Unterricht des Hofes in $COUNTRY$ angeheuerte, europaische Gouvernante macht ihre Arbeit anscheinend gut, auch wenn sie einige merkwurdige Ideen verbreitet.;;;;;;;;;;;x;
EVTDESC13230_NEWS_LONG;$COUNTRY$: Бродить в одиночку по улицам $PROVINCENAME$ может быть опасно, как недавно узнал иностранный посол в Посольском квартале. Охранники сообщают, что нашли его мертвым в 4 утра, по-видимому, жертвой ограбления, однако иностранцы обвиняют местные власти в том, что они не выполнили свою предполагаемую обязанность по защите своих дипломатов. Местные власти опасаются, что даже формальных извинений будет недостаточно, чтобы успокоить их, однако, что-то более ощутимое может...;;$COUNTRY$: Alleine in den Strassen von $PROVINCENAME$ zu wandeln, kann gefahrlich sein, wie ein auslandischer Botschafter im Botschafts-Viertel herausfinden musste. Wachen fanden ihn um 4 Uhr morgens tot auf, scheinbar Opfer eines Uberfalls. Auslandische Vertreter beschuldigen die lokale Administration, ihre Pflicht zum Schutz der Diplomaten vernachlassigt zu haben. Lokale Offizielle befurchten, dass eine formale Entschuldigung nicht ausreichen wird, um die Fremden zu besanftigen, vielleicht aber hilft ein materieller Versuch…;;;;;;;;;;;x;
EVTDESC13230_NEWS_MEDIUM;$COUNTRY$: Бродить в одиночку по улицам $PROVINCENAME$ может быть опасно, как недавно узнал иностранный посол в Посольском квартале. Охранники сообщают, что нашли его мертвым в 4 утра, по-видимому, жертвой ограбления.;;$COUNTRY$: Alleine in den Strassen von $PROVINCENAME$ zu wandeln, kann gefahrlich sein, wie ein auslandischer Botschafter im Botschafts-Viertel herausfinden musste. Wachen fanden ihn um 4 Uhr morgens tot auf, scheinbar Opfer eines Uberfalls.;;;;;;;;;;;x;
EVTDESC13230_NEWS_SHORT;$COUNTRY$: Бродить по улицам в одиночку может быть опасно, как выяснил иностранный посол. Охранники сообщают, что нашли его мертвым в 4 утра, жертвой ограбления.;;$COUNTRY$: Alleine in den Strassen zu wandeln ist gefahrlich, wie ein auslandischer Botschafter herausfand. Wachen fanden ihn um 4 Uhr morgens tot auf, scheinbar Opfer eines Uberfalls.;;;;;;;;;;;x;
EVTDESC13270_NEWS_LONG;Торговые споры между $FROMCOUNTRY$ и великими державами продолжались со второй половины XVIII века. Напряженность, наконец, достигла точки кипения в $MONTH$ $YEAR$, когда должностные лица $FROMCOUNTRY_ADJ$ неоднократно отклоняли запросы $COUNTRY_ADJ$ на неограниченный торговый доступ, включая снятие запрета на продажу опиума. Правительство $COUNTRY_ADJ$, уже глубоко погруженное в политику конфронтации, обнаружило, что у него нет иного выбора, кроме как объявить войну, таким образом, началась Опиумная война $COUNTRY_ADJ$-$FROMCOUNTRY_ADJ$.;;Die Handelsstreitigkeiten zwischen $FROMCOUNTRY$ und den Grossmachten bestehen nun schon seit dem spaten 18. Jahrhundert. Die Spannungen erreichten im $MONTH$ des Jahres $YEAR$ den Siedepunkt, als $FROMCOUNTRY_ADJ$ Offizielle zum wiederholten Male $COUNTRY_ADJ$ Anfragen fur unbegrenzten Handel ablehnten, einschliesslich der Aufhebung eines Banns des Opiumhandels. Die $COUNTRY_ADJ$ Regierung sah nach Zeiten der Konfrontation keine andere Moglichkeit als die Kriegserklarung - und der $COUNTRY_ADJ$-$FROMCOUNTRY_ADJ$ Opium-Krieg begann.;;;;;;;;;;;x;
EVTDESC13270_NEWS_MEDIUM;Торговые споры между $FROMCOUNTRY$ и великими державами продолжались некоторое время. Правительство $COUNTRY_ADJ$, уже инвестировавшее в политику конфронтации, обнаружило, что у него нет выбора, кроме как объявить войну, таким образом, началась Опиумная война $COUNTRY_ADJ$-$FROMCOUNTRY_ADJ$.;;Die Handelsstreitigkeiten zwischen $FROMCOUNTRY$ und den Grossmachten finden kein Ende. Die $COUNTRY_ADJ$ Regierung sah nach Zeiten der Konfrontation keine andere Moglichkeit als die Kriegserklarung - und der $COUNTRY_ADJ$-$FROMCOUNTRY_ADJ$ Opium-Krieg begann.;;;;;;;;;;;x;
EVTDESC13270_NEWS_SHORT;Торговые споры между $FROMCOUNTRY$ и великими державами наконец достигли точки кипения в $MONTH$ $YEAR$. Началась $COUNTRY_ADJ$-$FROMCOUNTRY_ADJ$ Опиумная война.;;Die Handelsstreitigkeiten zwischen $FROMCOUNTRY$ und den Grossmachten erreichten im $MONTH$ des Jahres $YEAR$ den Siedepunkt. Der $COUNTRY_ADJ$-$FROMCOUNTRY_ADJ$ Opium-Krieg begann.;;;;;;;;;;;x;
EVTDESC13355_NEWS_LONG;Старый летний дворец, известный по-китайски как Сады совершенной яркости, представляет собой комплекс садов к северо-западу от Имперского города в Пекине, Китай. Этот огромный садово-дворцовый комплекс был построен в XVIII и начале XIX веков и долгое время служил местом жительства и офисом для императоров династии Цин. Сегодня мы получили известие о том, что солдаты $FROMCOUNTRY_ADJ$, оккупировавшие Пекин, сожгли дворец дотла. Целая нация скорбит, поскольку известие об этом варварском акте культурцида распространилось по всему Китаю и миру.;;Der Alte Sommerpalast, auch bekannt als Garten der Vollkommenheit und des Lichts, sind Garten nordwestlich der Reichsstadt in Peking, China. Diese Garten- und Palastanlage wurde im 18. und 19. Jahrhundert erbaut und war lange Zeit die Residenz und der Amtssitz der Herrscher der Qing-Dynastie. Heute erfuhren wir, dass $FROMCOUNTRY_ADJ$ Soldaten den Palast niedergebrannt haben. Eine ganze Nation trauert uber diesen barbarischen Akt der Vernichtung der Kultur Chinas und der Welt.;;;;;;;;;;;x;
EVTDESC13355_NEWS_MEDIUM;Мы получили новости о том, что солдаты $FROMCOUNTRY_ADJ$, оккупировавшие Пекин, сожгли дотла Старый Летний Дворец, известный на китайском языке как Сады Совершенной Яркости. Вся нация скорбит, поскольку новости об этом варварском акте культурцида распространились по Китаю и миру.;;Heute erfuhren wir, dass der Alte Sommerpalast, bekannt als Garten der Vollkommenheit und des Lichts, von $FROMCOUNTRY_ADJ$ Soldaten niedergebrannt wurde. Eine ganze Nation trauert uber diesen barbarischen Akt der Vernichtung der Kultur Chinas und der Welt.;;;;;;;;;;;x;
EVTDESC13355_NEWS_SHORT;Сегодня мы получили известие о том, что солдаты $FROMCOUNTRY_ADJ$, оккупировавшие Пекин, сожгли дотла Старый Летний дворец, известный на китайском языке как Сады Совершенной Яркости.;;Heute erfuhren wir, dass der Alte Sommerpalast, bekannt als Garten der Vollkommenheit und des Lichts, von $FROMCOUNTRY_ADJ$ Soldaten, den Besetzern Pekings, niedergebrannt wurde.;;;;;;;;;;;x;
EVTDESC13356_NEWS_LONG;Праведное общество гармоничных кулаков, в просторечии известное как «боксеры» — китайское движение, посвятившее себя восстановлению независимости Китая перед лицом европейской экспансии в Азии — устроило резню европейских миссионеров и торговцев в Китае. Наряду с европейцами, которым не повезло оказаться на их пути, были зверски убиты несколько китайских христиан-новообращенных. Китайское правительство, похоже, не обеспокоено этими зверствами, и некоторые слухи утверждают, что правительство империи Цин даже оказывает свою молчаливую поддержку этому движению.;;Der Verband fur Gerechtigkeit und Harmonie, auch bekannt als 'Boxer', sind eine Bewegung, die im Schatten der europaischen Expansion in Asien fur die chinesische Unabhangigkeit kampfen und deren Missionare und Handler in China massakrieren. Auch zahlreiche chinesische, christliche Konvertiten, die ihnen im Weg sind, wurden brutal niedergemetzelt. Die chinesische Regieriung scheint unbesorgt ob dieser brutale Angriffe, Geruchten zufolge bietet die Qing-Dynastie den Mitgliedern der Bewegung sogar taktischen Rat.;;;;;;;;;;;x.;x
EVTDESC13356_NEWS_MEDIUM;Праведное общество гармоничных кулаков, известное как «боксеры», устроило резню европейских миссионеров и торговцев в Китае. Наряду с европейцами, которым не повезло попасться им на пути, были зверски убиты и несколько китайских христиан-новообращенных.;;Der Verband fur Gerechtigkeit und Harmonie, auch bekannt als 'Boxer', massakrierten europaische Missionare und Handler in China. Auch zahlreiche chinesische, christliche Konvertiten, die ihnen im Weg sind, wurden brutal niedergemetzelt.;;;;;;;;;;;x;
EVTDESC13356_NEWS_SHORT;Боксеры' устраивали резню европейских миссионеров и торговцев в Китае. Вместе с европейцами были зверски убиты и несколько китайских христиан-новообращенных.;;Boxer' massakrierten europaische Missionare und Handler in China. Auch zahlreiche chinesische, christliche Konvertiten, die ihnen im Weg sind, wurden brutal niedergemetzelt.;;;;;;;;;;;x;
EVTDESC13358_NEWS_LONG;«Доктрина упущения» была британской политикой в отношении индийских подданных Британии государств, княжеств, которая гласила, что любое такое государство может быть немедленно аннексировано Британской Ост-Индской компанией, если правитель умрет без прямого наследника или если правитель будет признан «явно некомпетентным». Доктрина была отвергнута с установлением британского владычества в 1858 году. Из-за трагического положения дел, которое пронизывает правительство $FROMCOUNTRY$, Ост-Индская компания сегодня объявила независимость этой страны недействительной.;;Die 'Doctrine of Lapse' war eine britische Richtlinie im Bezug auf indische Furstenstaaten, basierend auf der Regel, dass eine solche Nation sofort von Britisch-Ostindien annektiert werden kann, wenn der Herrscher ohne Thronfolge stirbt oder als deutlich behindert eingeordnet werden kann. Die Doktin wurde mit Einrichtung des britischen Raj 1858 eingestellt. Aufgrund des desastrosen Zustands der Regierung von $FROMCOUNTRY$, erklarte die Ostindische Kompanie deren Unabhangigkeit heute fur null und nichtig.;;;;;;;;;;;x;
EVTDESC13358_NEWS_MEDIUM;«Доктрина упущения» была британской политикой, позволяющей аннексировать индийские подданные Британии. В связи с трагическим положением дел, которое пронизывает правительство $FROMCOUNTRY$, Ост-Индская компания сегодня объявила независимость этой страны недействительной.;;Die 'Doctrine of Lapse' war eine britische Richtlinie, die die unmittelbare Annektierung indischer Kolonien erlaubte. Aufgrund des desastrosen Zustands der Regierung von $FROMCOUNTRY$, erklarte die Ostindische Kompanie deren Unabhangigkeit heute fur null und nichtig.;;;;;;;;;;;x;
EVTDESC13358_NEWS_SHORT;В связи с трагическим положением дел, сложившимся в правительстве $FROMCOUNTRY$, Ост-Индская компания сегодня объявила независимость этой страны недействительной.;;Aufgrund des desastrosen Zustands der Regierung von $FROMCOUNTRY$, erklarte die Ostindische Kompanie deren Unabhangigkeit heute fur null und nichtig.;;;;;;;;;;;x;
westernize_nation_desc_NEWS_LONG;$COUNTRY$ находится под интеллектуальной атакой современности Западного мира. Старые традиции больше не служат так, как раньше. Западные влияния распространяются как лесной пожар. Если местные жители хотят остаться теми, кем они всегда были, и не стать чем-то совершенно другим, сейчас самое время взять под контроль свою собственную судьбу. Ведущим членам интеллектуальной элиты стало очевидно, что единственный способ переломить ход событий в отношении Западного Левиафана — плыть вместе с ним, поскольку, как говорит Сунь Цзы: Тростник, который гнется под ветром, также оказывает сопротивление.;;$COUNTRY$ befindet sich unter dem intellektuellen Ansturm der modernen, westlichen Welt. Alte Traditionen verlieren ihren Einfluss und westliche Eindrucke verbreiten sich rasend. Wenn die Einwohner ihre Kultur erhalten wollen, so mussen sie die Kontrolle uber ihr Schicksal zuruckerlangen. Fuhrende Mitglieder der intellektuellen Elite erkennen, dass ihre beste Chance darin besteht, mit dem westlichen Leviathan mitzuschwimmen. Wie Sun Tzu schon sagte: Das Schilf biegt sich im Winde, aber es bricht nicht.;;;;;;;;;;;x;
westernize_nation_desc_NEWS_MEDIUM;$COUNTRY$ находится под интеллектуальной атакой современности Западного Мира. Старые традиции больше не служат так, как раньше. Западные влияния распространяются как лесной пожар. Единственный способ переломить ход событий в Западном Левиафане — плыть вместе с ним.;;$COUNTRY$ befindet sich unter dem intellektuellen Ansturm der modernen, westlichen Welt. Alte Traditionen verlieren ihren Einfluss und westliche Eindrucke verbreiten sich rasend. Die beste Chance besteht darin, mit dem westlichen Leviathan mitzuschwimmen. ;;;;;;;;;;;x;
westernize_nation_desc_NEWS_SHORT;$COUNTRY$ находится под интеллектуальной атакой современности Западного Мира. Единственный способ переломить ход событий в отношении Западного Левиафана — плыть вместе с ним.;;$COUNTRY$ befindet sich unter dem intellektuellen Ansturm der modernen, westlichen Welt. Die beste Chance besteht darin, mit dem westlichen Leviathan mitzuschwimmen. ;;;;;;;;;;;x;
EVTDESC19500_NEWS_LONG;Несколько дней назад разведчики обнаружили дымящиеся останки каравана фоортреккеров около реки Бушмен. В опустошении, оставшемся после того, что, очевидно, было атакой, они обнаружили останки нескольких мужчин, женщин и детей африканеров. Наконечники копий, оставленные на месте, говорят сами за себя. Похоже, что за резней стоят имписы зулусов с юго-востока. Военное вмешательство против племени может быть необходимым в ответ на эту новую угрозу пионерам фоортреккеров.;;Die rauchenden Uberreste eines Voortrekker-Personenzuges wurden von Spahern vor einigen Tagen nahe des Bushman-Flusses entdeckt. Als Ergebnis dieses vermuteten Angriffs fanden sie die Leichen zahlreicher Manner, Frauen und Kinder der Afrikaans. Vorort gefundene Speerspitzen bestatigen den Verdacht, dass die Impis der Zulu aus dem Sudosten hinter dem Massaker stecken. Eine Militaraktion gegen den Stamm scheint die einzig richtige Antwort auf diese neue Bedrohung der Voortrekker-Pioniere.;;;;;;;;;;;x;
EVTDESC19500_NEWS_MEDIUM;Несколько дней назад разведчики обнаружили дымящиеся останки каравана Voortrekker недалеко от реки Бушмен. Они обнаружили останки нескольких мужчин, женщин и детей-африканеров. Наконечники копий, оставленные на месте, говорят сами за себя. За резней стоят зулусы.;;Uberreste eines Voortrekker-Personenzuges wurden von Spahern vor einigen Tagen nahe des Bushman-Flusses entdeckt. Sie fanden die Leichen zahlreicher Manner, Frauen und Kinder der Afrikaans. Gefundene Speerspitzen bestatigen den Verdacht, dass die Zulu hinter dem Massaker stecken.;;;;;;;;;;;x;
EVTDESC19500_NEWS_SHORT;Тлеющие останки каравана Voortrekker были обнаружены разведчиками около реки Бушмен. Наконечники копий, оставленные на месте, говорят сами за себя. За резней стоят зулусы.;;Uberreste eines Voortrekker-Zuges wurden von Spahern vor einigen Tagen am Bushman-Fluss entdeckt. Gefundene Speerspitzen bestatigen den Verdacht, dass die Zulu hinter dem Massaker stecken.;;;;;;;;;;;x;
EVTDESC19501_NEWS_LONG;Мигранты в большом количестве перемещаются через колонию на мысе, по пути в недавно включенный город «Йоханнесбург» на краю гор Витватерсранд, где происходит крупная золотая лихорадка. Местные древние речные дельты содержат невообразимые объемы золотых залежей, вымываемых из окружающих богатых золотом поясов зеленокаменных пород на севере и западе. Массовый приток иностранных жителей в этот район вызывает проблемы вдоль границ, и это может стать угрозой независимости этих пограничных государств.;;Einwanderer ziehen in Massen, auf ihrem Weg in die neue Stadt 'Johannesburg' am Rand der Witwatersrand-Berge, durch die Kolonie am Kap, wo das Goldfieber ausgebrochen ist. Die Flussdeltas der Region sind reich an unglaublichen Goldvorraten, die aus dem Norden und Westen des Grunsteingurtels herangewaschen wurden. Der enorme Zuwachs an Fremden sorgt fur Probleme in den Grenzgebieten, was fur die Randstaaten zum Problem werden kann.;;;;;;;;;;;x;
EVTDESC19501_NEWS_MEDIUM;Мигранты в большом количестве направляются в недавно включенный город «Йоханнесбург» в горах Витватерсранда, где происходит крупная золотая лихорадка. Массовый приток иностранных жителей может стать угрозой независимости окраинных государств.;;Einwanderer ziehen in Massen in die neue Stadt 'Johannesburg' am Rand der Witwatersrand-Berge, wo das Goldfieber ausgebrochen ist. Der enorme Zuwachs an Fremden sorgt fur Probleme in den Grenzgebieten, was fur die Randstaaten zum Problem werden kann.;;;;;;;;;;;x;
EVTDESC19501_NEWS_SHORT;Мигранты в больших количествах перемещаются через колонию на мысе Доброй Надежды по пути в недавно образованный город Йоханнесбург, где в настоящее время разгорается крупная золотая лихорадка.;;Einwanderer ziehen in Massen auf ihrem Weg in die neue Stadt 'Johannesburg' am Rand der Witwatersrand-Berge durch die Kolonie am Kap, wo das Goldfieber ausgebrochen ist. ;;;;;;;;;;;x;
EVTDESC22500_NEWS_LONG;Сегодня мрачный день для $COUNTRY$, поскольку финансовый район $CAPITAL$ сотрясается от шока от лопнувшего спекулятивного пузыря. Цены на недвижимость стремительно растут последние полтора года, и хотя некоторые аналитики уже давно предупреждают, что цены искусственно завышены, матадоры бычьего рынка оставили эти предупреждения без внимания. В правительственных кругах слышны крики об ужесточении банковского и валютного регулирования, призывающие положить конец тому, что называют «провалами беспощадного капитализма».;;Heute ist ein trostloser Tag fur $COUNTRY$, nun da das Finanzenviertel von $CAPITAL$ mit den Auswirkungen einer Spekulationsblase kampft. Die Immobilienpreise sind laut Finanzexperten seit mehr als anderthalb Jahren alarmierend in die Hohe gestiegen, doch die Warnungen verhallten ungehort. In Regierungskreisen schreit man nach erhohter Banken- und Wahrungsregulierung, um dem sogenannten Ellbogen-Kapitalismus ein Ende zu setzen.;;;;;;;;;;;x;
EVTDESC22500_NEWS_MEDIUM;Сегодня мрачный день для $COUNTRY$, поскольку финансовый район $CAPITAL$ сотрясается от шока от лопнувшего спекулятивного пузыря. В правительственных кругах слышны крики об усилении банковского и валютного регулирования, призывающие положить конец «провалам беспощадного капитализма».;;Ein trostloser Tag fur $COUNTRY$, nun da das Finanzenviertel von $CAPITAL$ mit den Auswirkungen einer Spekulationsblase kampft. In Regierungskreisen schreit man nach erhohter Banken- und Wahrungsregulierung, um dem sogenannten Ellbogen-Kapitalismus ein Ende zu setzen.;;;;;;;;;;;x;
EVTDESC22500_NEWS_SHORT;Сегодня мрачный день для $COUNTRY$, поскольку финансовый район $CAPITAL$ сотрясается от шока от лопнувшего спекулятивного пузыря. В правительственных кругах слышны крики об усилении регулирования.;;Ein trostloser Tag fur $COUNTRY$, nun da das Finanzenviertel von $CAPITAL$ mit den Auswirkungen einer Spekulationsblase kampft. In Regierungskreisen schreit man nach erhohten Regulierungen.;;;;;;;;;;;x;
EVTDESC22510_NEWS_LONG;Крупный крах на фондовом рынке $CAPITAL$ перерос в нечто гораздо худшее, последовавшее за массовыми изъятиями вкладов из банков, вызванными падением доверия вкладчиков к банковскому сектору. Вскоре последовала массовая безработица, вызванная крахом целых секторов мастерских практически в одночасье. С переплетением экономик западного мира кризис быстро распространился на другие страны, и последствия краха теперь отражаются по всему миру, в том, что потомкам будет известно как: Великая депрессия $YEAR$.;;Ein Borsencrash in $CAPITAL$ fuhrt, aufgrund des Vertrauensverlustes, zu einem Andrang auf die Banken. Hohe Arbeitslosigkeit durch den Bankrott zahlreicher Industrien quasi uber Nacht wird die Folge sein. Weitreichende westliche Handelsbeziehungen bringen die Krise in andere Lander, erschuttern die Weltwirtschaft und werden als Grosse Depression von $YEAR$ in die Geschichte eingehen.;;;;;;;;;;;x;
EVTDESC22510_NEWS_MEDIUM;Крупный крах на фондовом рынке $CAPITAL$ перерос в нечто гораздо худшее, последовавшее за массовыми банковскими набегами, вызванными падением доверия вкладчиков к банковскому сектору. За этим вскоре последует массовая безработица, вызванная крахом целых секторов мастерских практически в одночасье.;;Ein Borsencrash in $CAPITAL$ fuhrt, aufgrund des Vertrauensverlustes, zu einem Andrang auf die Banken. Hohe Arbeitslosigkeit durch den Bankrott zahlreicher Industrien quasi uber Nacht wird die Folge sein. ;;;;;;;;;;;;x
EVTDESC22510_NEWS_SHORT;Крупный крах на фондовом рынке $CAPITAL$ перерос в нечто гораздо худшее после массовых изъятий вкладов из банков, вызванных резким падением доверия вкладчиков к банковскому сектору.;;Ein Borsencrash in $CAPITAL$ fuhrt, aufgrund des Vertrauensverlustes, zu einem Andrang auf die Banken.;;;;;;;;;;;x;
EVTDESC23203_NEWS_LONG;Исследователи $COUNTRY_ADJ$ нанесли на карту исток Нила и принесли славу и престиж этой великой стране! Сражаясь с суровым климатом и местными племенами, неустанно продвигаясь вперед вдоль берегов реки, несмотря на болезни и истощение, преследовавшие их усилия, они в конце концов сумели достичь большого водоема, который, как они утверждают, является источником этой легендарной реки. Подробный отчет об их путешествии был опубликован и считается первым в западном мире, что оказало большую честь стране, организовавшей экспедицию.;;$COUNTRY_ADJ$ Entdecker haben den Ursprung des Nils auf Karten festgehalten und dem Land Ruhm und Prestige gebracht! Dem rauhen Klima und lokalen Stammen zum Trotz, trotz Krankheit und Erschopfung stets dem Flusslauf folgend, erreichten sie ein immenses Wasserlager, das sie als Ursprung des imposanten Nils deklarierten. Ein umfangreicher Bericht der Reise wurde als erster dieser Art in der westlichen Welt veroffentlicht und bringt dem die Expedition finanzierenden Land grosse Ehre.;;;;;;;;;;;x;
EVTDESC23203_NEWS_MEDIUM;Исследователи $COUNTRY_ADJ$ нанесли на карту исток Нила и принесли славу и престиж этой великой стране! Подробный отчет об их путешествии был опубликован, что оказало большую честь стране, организовавшей экспедицию.;;$COUNTRY_ADJ$ Entdecker haben den Ursprung des Nils auf Karten festgehalten und dem Land Ruhm und Ehre gebracht! Ein umfangreicher Bericht der Reise wurde als erster dieser Art in der westlichen Welt veroffentlicht und bringt dem die Expedition finanzierenden Land grosse Ehre.;;;;;;;;;;;x;
EVTDESC23203_NEWS_SHORT;Исследователи $COUNTRY_ADJ$ нанесли на карту исток Нила и принесли славу и престиж этой великой стране, поскольку подробный отчет об их путешествии был недавно опубликован.;;$COUNTRY_ADJ$ Entdecker haben den Ursprung des Nils auf Karten festgehalten und dem Land mit der Veroffentlichung des Reiseberichts Ruhm und Ehre gebracht!;;;;;;;;;;;x;
EVTDESC23207_NEWS_LONG;Исследователи $COUNTRY_ADJ$ первыми подняли флаг на Северном полюсе и принесли славу и престиж этой великой стране! В сопровождении четырех местных инуитов, Ута, Сигло, Эгингва и Укуеа, экспедиция успешно достигла цели, которая ускользала от многих до них. Подробный отчет об их навигационной работе не оставляет сомнений в том, что они являются первыми западными людьми, когда-либо прибывшими туда, оставив мир науки в благоговении перед их достижением. Высочайшее уважение международного сообщества оказано стране, организовавшей эту замечательную экспедицию.;;$COUNTRY_ADJ$ Entdecker haben als Erste eine Flagge am Nordpol errichtet und dem Land Ruhm und Ehre gebracht. Die Expedition erreichte in Begleitung von vier erfahrenen Inuit  namens Ootah, Seeglo, Egingwah und Ooqueah ihr Ziel, an welchem so viele vor ihnen scheiterten. Der ausfuhrliche Reisebericht lasst keinen Zweifel daran, dass sie die ersten Menschen des Westens sind, die diesen Punkt je erreichten und die Welt der Wissenschaft staunt. Dem Land, dass diese Expedition organisierte, gebuhrt weltweiter Respekt.;;;;;;;;;;;x;
EVTDESC23207_NEWS_MEDIUM;Исследователи $COUNTRY_ADJ$ первыми подняли флаг на Северном полюсе и принесли славу и престиж этой великой стране! Подробный отчет об их навигационной работе не оставляет сомнений, что они первые западные люди, когда-либо достигшие цели, которая ускользала от столь многих до них.;;$COUNTRY_ADJ$ Entdecker haben als Erste eine Flagge am Nordpol errichtet und dem Land Ruhm und Ehre gebracht. Der ausfuhrliche Reisebericht lasst keinen Zweifel daran, dass sie die ersten Menschen des Westens sind, die dieses Ziel je erreichten, an dem so viele vor ihnen scheiterten.;;;;;;;;;;;x;
EVTDESC23207_NEWS_SHORT;Исследователи $COUNTRY_ADJ$ первыми подняли флаг на Северном полюсе и принесли славу и престиж этой великой стране! Они достигают цели с помощью местных жителей-инуитов.;;$COUNTRY_ADJ$ Entdecker haben als Erste in Begleitung von vier erfahrenen Inuit eine Flagge am Nordpol errichtet und dem Land Ruhm und Ehre gebracht.;;;;;;;;;;;x;
EVTDESC23211_NEWS_LONG;Исследователи $COUNTRY_ADJ$ первыми подняли флаг на Южном полюсе и принесли славу и престиж этой великой стране! В рассказе об их путешествии обсуждается, как, дождавшись первых признаков весны, они отправились к месту назначения с четырьмя санями и пятьюдесятью двумя собаками. Двое, полные опасностей и усталости, через несколько месяцев прибыли на Южный полюс и отметили место для будущих исследователей, чтобы не осталось никаких сомнений, что они были первыми, кто достиг его. О конкурирующей экспедиции ничего не было слышно, и, как полагают, она погибла, пытаясь достичь той же цели.;;$COUNTRY_ADJ$ Entdecker haben als Erste eine Flagge am Sudpol errichtet und dem Land Ruhm und Ehre gebracht! Laut Reisebericht brachen sie nach einer zermurbenden Wartezeit auf den Fruhling mit vier Schlitten und zweiundfunfzig Hunden zu ihrem Ziel auf. Zwei Monate voller Gefahren und Erschopfung spater erreichten sie ihr Ziel und markierten den Punkt als Zeichen fur alle nachfolgenden Entdecker, dass sie die ersten waren. Eine konkurrierende Expedition wird vermisst und es wird angenommen, dass sie umgekommen sind.;;;;;;;;;;;x;
EVTDESC23211_NEWS_MEDIUM;Исследователи $COUNTRY_ADJ$ первыми подняли флаг на Южном полюсе и принесли славу и престиж этой великой стране! Спустя два месяца после отплытия с базы, полные опасностей и изнеможения, они прибыли на Южный полюс и обозначили место для будущих исследователей.;;$COUNTRY_ADJ$ Entdecker haben als Erste eine Flagge am Sudpol errichtet und dem Land Ruhm und Ehre gebracht! Zwei Monate voller Gefahren und Erschopfung spater erreichten sie ihr Ziel und markierten den Punkt als Zeichen fur alle nachfolgenden Entdecker.;;;;;;;;;;;x;
EVTDESC23211_NEWS_SHORT;Исследователи $COUNTRY_ADJ$ первыми подняли флаг на Южном полюсе и принесли славу и престиж этой великой стране! После двух месяцев борьбы они достигли цели.;;$COUNTRY_ADJ$ Entdecker haben als Erste eine Flagge am Sudpol errichtet und dem Land Ruhm und Ehre gebracht! Nach zwei Monate voller Gefahren erreichten sie ihr Ziel.;;;;;;;;;;;x;
EVTDESC23213_NEWS_LONG;Экспедиция $COUNTRY_ADJ$ на Южный полюс пробудила нечто ужасное. В руинах огромного инопланетного города они обнаружили вещи, не идентифицируемые ни как растения, ни как животные. Вещи, которые правили Землей в далеком прошлом. Вещи, которые возвращаются и полны невыразимого голода. Конец света может наступить из-за непреодолимого любопытства людей нашего века. В этом шокирующем открытии, которое, несомненно, угрожает самому нашему существованию, мы узнаем бесценный урок о том, что некоторые вещи лучше оставить нетронутыми, а некоторые места — не посещать.;;Die $COUNTRY_ADJ$ Expedition zum Sudpol hat etwas Schreckliches erweckt. In den Ruinen einer gewaltigen Alien-Stadt entdeckten sie weder als Pflanze noch als Tier identifizierbare Dinge, die die Erde vor uralten Zeiten beherrschten. Sie erwachten zum Leben und sind voll unsaglichen Hungers. Das Ende der Welt scheint nahe, dank der Neugierde des Menschen unserer Zeit. Diese schockierenden Neuigkeiten, die unser aller Existenz bedrohen, lehren uns, dass manche Dinge besser im Verborgenen bleiben sollten.;;;;;;;;;;;x;
EVTDESC23213_NEWS_MEDIUM;Экспедиция $COUNTRY_ADJ$ на Южный полюс пробудила нечто ужасное. В руинах огромного инопланетного города они обнаружили вещи, не идентифицируемые ни как растения, ни как животные. Вещи, которые правили Землей в далеком прошлом. Вещи, которые полны невыразимого голода.;;Die $COUNTRY_ADJ$ Expedition zum Sudpol hat etwas Schreckliches erweckt. In den Ruinen einer gewaltigen Alien-Stadt entdeckten sie weder als Pflanze noch als Tier identifizierbare Dinge, die die Erde vor uralten Zeiten beherrschten voll unsaglichen Hungers sind. ;;;;;;;;;;;x;
EVTDESC23213_NEWS_SHORT;Экспедиция $COUNTRY_ADJ$ на Южный полюс пробудила нечто ужасное. В руинах огромного инопланетного города они обнаружили вещи, не идентифицируемые ни как растения, ни как животные.;;Die $COUNTRY_ADJ$ Expedition zum Sudpol hat etwas Schreckliches erweckt. In den Ruinen einer gewaltigen Alien-Stadt entdeckten sie weder als Pflanze noch als Tier identifizierbare Dinge.;;;;;;;;;;;x;
EVTDESC1140_NEWS_LONG;Подполковник Джордж Армстронг Кастер докладывает из Черных Холмов, что на территории Дакоты обнаружено значительное количество золота. Золотоискатели, старатели и искатели удачи стекаются в этот район, превращая его в самую густонаселенную часть всего штата. Строятся железные дороги, чтобы доставлять золотоискателей в недавно основанные города и лагеря в ранее безлюдной местности. Но тревожные сообщения говорят о странных воплях и криках, доносящихся с холмов по ночам. Некоторые говорят, что сиу выходят на тропу войны...;;Lt. Colonel George Armstong Custer kehrt mit Meldungen von reichen Goldfunden in Dakota von den Black Hills zuruck. Goldsucher aller Art stromen in das Gebiet und machen es zum meistbevolkerten im ganzen Staat. Eisenbahnstrecken werden gebaut, um Goldsucher in neu errichtete Stadte und Lager in der einstmalige Einode zu bringen. Verstorende Meldungen berichten jedoch von seltsamem Geheul und Rufen in der Nacht aus den Hugeln. Manche sagen, dass die Sioux sich auf dem Kriegspfad befinden...;;;;;;;;;;;x;
EVTDESC1140_NEWS_MEDIUM;Подполковник Кастер докладывает из Черных Холмов, что на территории Дакоты обнаружено золото. Но тревожные сообщения говорят о странных воплях и криках, доносящихся с холмов по ночам. Некоторые говорят, что сиу выходят на тропу войны...;;Lt. Colonel George Armstong Custer kehrt mit Meldungen von reichen Goldfunden in Dakota von den Black Hills zuruck. Verstorende Meldungen berichten jedoch von seltsamem Geheul und Rufen in der Nacht aus den Hugeln. Manche sagen, dass die Sioux sich auf dem Kriegspfad befinden...;;;;;;;;;;;x;
EVTDESC1140_NEWS_SHORT;Подполковник Кастер докладывает из Черных Холмов, что на территории Дакоты обнаружено золото. Но некоторые говорят, что сиу выходят на тропу войны...;;Lt. Colonel George Armstong Custer kehrt mit Meldungen von reichen Goldfunden in Dakota von den Black Hills zuruck. Manche sagen, dass die Sioux sich auf dem Kriegspfad befinden...;;;;;;;;;;;x;
EVTDESC1000_NEWS_LONG;$COUNTRY$: Карл Маркс и Фридрих Энгельс опубликовали «Манифест Коммунистической партии», короткий, но влиятельный документ, в котором обсуждается история общества и классовая борьба в разных странах, что привело к тому, что рабочие в $COUNTRY$ основали Сословие, посвященное продвижению повестки дня, изложенной в нем. Они называют себя социалистами и верят в страну, управляемую рабочими, где рабочие, а не буржуазия, контролируют средства производства. Равенство, справедливость, солидарность и демократия — другие важные пункты в идеологии социализма.;;$COUNTRY$: Karl Marx und Friedrich Engels haben das Kommunistische Manifest veroffentlicht, ein knappes aber  einflussreiches Dokument uber die Geschichte der Gesellschaft und den Klassenkampf in vielen Landern. Arbeiter in $COUNTRY$ grundeten daraufhin eine Partei mit Zielen des Manifestes. Sie nennen sich Sozialisten und glauben an den Arbeiterstaat, in dem die Arbeiter die Produktion kontrollieren. Gleichheit, Gerechtigkeit, Solidaritat und Demokratie sind weitere wichtige Punkte der sozialisitischen Ideologie.;;;;;;;;;;;x;
EVTDESC1000_NEWS_MEDIUM;$COUNTRY$: Они называют себя социалистами и верят в страну, которой правят рабочие, где рабочие, а не буржуазия, контролируют средства производства. Равенство, справедливость, солидарность и демократия — другие важные пункты в идеологии социализма.;;$COUNTRY$: Sie nennen sich Sozialisten und glauben an den Arbeiterstaat, in dem die Arbeiter die Produktion kontrollieren. Gleichheit, Gerechtigkeit, Solidaritat und Demokratie sind weitere wichtige Punkte der sozialisitischen Ideologie.;;;;;;;;;;;x;
EVTDESC1000_NEWS_SHORT;$COUNTRY$: Их называют социалистами, и они верят в страну, где рабочие контролируют средства производства. Равенство, справедливость, солидарность и демократия являются важнейшими пунктами их идеологии.;;$COUNTRY$: Sozialisten glauben an ein Land, in dem die Arbeiter die Produktion kontrollieren. Gleichheit, Gerechtigkeit, Solidaritat und Demokratie sind wichtige Punkte ihrer Ideologie.;;;;;;;;;;;x;
EVTDESC1001_NEWS_LONG;$COUNTRY$: Мы хотим, нет, нам НУЖНО свободное общество, где никто не считается выше, никто не остается позади и где человечество свободно от угнетения и дефицита. Нам нужно общество без правительства, без классовых различий и где рабочие контролируют средства производства. Мы постулируем общество без разделения и отчуждения, общество без денег и частной собственности, обещая избыток ресурсов в мире, организованном в соответствии с нашей идеологией. Распределение должно основываться на потребностях, человеческие объединения должны быть полностью свободными.;;$COUNTRY$: Wir wollen, nein, wir BRAUCHEN eine freie Gesellschaft, in der niemand den Vorrang hat oder das Nachsehen und in der keine Unterdruckung oder Knappheit herrscht. Wir brauchen eine Gesellschaft ohne Regierung oder Klassentrennung, in der die Arbeiter die Produktion kontrollieren. Wir streben nach einer Gesellschaft ohne Verfremdung, Geld oder Privateigentum mit einem Uberschuss an Ressourcen in der Welt gemass unserer Ideologie. Guterverteilung sollte auf Bedarf basieren, der Mensch komplett frei sein.;;;;;;;;;;;x;
EVTDESC1001_NEWS_MEDIUM;$COUNTRY$: Мы хотим, нет, нам НУЖНО свободное общество, где никто не считается выше, никто не остается позади и где человечество свободно от дефицита. Нам нужно общество без правительства, без классовых различий и где рабочие контролируют средства производства.;;$COUNTRY$: Wir wollen, nein, wir BRAUCHEN eine freie Gesellschaft, in der niemand den Vorrang hat oder das Nachsehen und in der keine Knappheit herrscht. Wir brauchen eine Gesellschaft ohne Regierung oder Klassentrennung, in der die Arbeiter die Produktion kontrollieren.;;;;;;;;;;;x;
EVTDESC1001_NEWS_SHORT;\$COUNTRY\$: Мы хотим, нет, нам НУЖНО свободное общество, где никто не будет считаться выше других, никто не будет оставлен позади и где человечество будет свободно от угнетения и нужды.;;$COUNTRY$: Wir wollen, nein, wir BRAUCHEN eine freie Gesellschaft, in der niemand den Vorrang hat oder das Nachsehen und in der die Menschheit frei von Unterdruckung und Knappheit ist.;;;;;;;;;;;x;
EVTDESC1002_NEWS_LONG;Группа либералов, недовольных отсутствием экономической свободы и темпами парламентской реформы, сформировала новую фракцию в политике $COUNTRY_ADJ$. Анархо-либералы являются революционным авангардом либеральной идеологии, и они не колеблясь используют любые необходимые средства, чтобы их идеи свободы и свободной торговли были внедрены как в $COUNTRY$, так и за рубежом. Они требуют мира без государственного принуждения с полным индивидуальным суверенитетом в обществе свободного рынка, организованном вокруг принципа ненападения.;;Eine Gruppe Liberaler, unzufrieden mit ihrem Mangel an wirtschaftlicher Freiheit und parlamentarischen Reformen, hat eine neue Partei in der $COUNTRY_ADJ$ Politik gegrundet. Die Anarcho-Liberalen sind die revolutionare Avantgarde der liberalen Ideologie und werden ohne Zogern alles tun, um ihre Ideen der Freiheit und des freien Handels in $COUNTRY$ und weltweit durchzusetzen. Sie streben nach einer Welt ohne Staatszwang, mit individueller Souveranitat und freiem Handel ohne Agression.;;;;;;;;;;;x;
EVTDESC1002_NEWS_MEDIUM;Группа либералов, недовольных отсутствием экономической свободы и темпами парламентской реформы, сформировала новую фракцию в политике $COUNTRY_ADJ$. Анархо-либералы — революционный авангард либеральной идеологии.;;Eine Gruppe Liberaler, unzufrieden mit ihrem Mangel an wirtschaftlicher Freiheit und parlamentarischen Reformen, hat eine neue Partei in der $COUNTRY_ADJ$ Politik gegrundet. Die Anarcho-Liberalen sind die revolutionare Avantgarde der liberalen Ideologie.;;;;;;;;;;;x;
EVTDESC1002_NEWS_SHORT;Группа либералов, недовольных отсутствием экономической свободы и темпами парламентской реформы, сформировала новую анархо-либеральную фракцию в политической партии $COUNTRY_ADJ$.;;Eine Gruppe Liberaler, unzufrieden mit ihrem Mangel an wirtschaftlicher Freiheit und parlamentarischen Reformen, hat die anarcho-liberale Partei in der $COUNTRY_ADJ$ Politik gegrundet.;;;;;;;;;;;x;
EVTDESC1003_NEWS_LONG;$COUNTRY$: «Сила через единство! Правительство ослабло, нам нужно Сословие, которое может нас объединить, которое может дать нам сильную национальную идентичность и которое не будет обмануто сладким, но ядовитым голосом капитализма». Третий путь, или фашисты, как их можно назвать, стремятся получить место в Верхней палате. Они утверждают, что государственный контроль должен быть расширен на жизненно важные Мастерские, чтобы обеспечить самодостаточность и экономическую независимость нации. Будучи категорически против всех других идеологий, они не колеблясь прибегают к насилию, чтобы укрепить свою власть.;;$COUNTRY$: 'Starke durch Einheit! Die Regierung ist schwach, wir brauchen eine Partei, die uns eint, uns eine nationale Identitat geben kann und nicht auf die vergifteten Versprechen der Kapitalisten hort.' Der dritte Weg, auch Faschisten genannt, strebt nach einem Sitz im Oberhaus. Sie fordern die Ausweitung der Staatskontrolle auf wichtige Industrien, um die Versorgung und wirtschaftliche Unabhangigkeit der Nation zu sichern. Sie lehnen andere Ideologien ab und schrecken auch nicht vor Gewalt zuruck, um ihre Ziele durchzusetzen.;;;;;;;;;;;x;
EVTDESC1003_NEWS_MEDIUM;$COUNTRY$: «Правительство ослабло, нам нужно Сословие, которое объединит нас, даст нам сильную национальную идентичность и которое не будет обмануто сладким, но ядовитым голосом капитализма». Третий путь, или фашисты, как их можно назвать, стремятся получить место в Верхней палате.;;$COUNTRY$: 'Die Regierung ist schwach, wir brauchen eine Partei, die uns eint, uns eine nationale Identitat gibt und nicht auf die vergifteten Versprechen der Kapitalisten hort.' Der dritte Weg, auch Faschisten genannt, strebt nach einem Sitz im Oberhaus.;;;;;;;;;;;x;
EVTDESC1003_NEWS_SHORT;$COUNTRY$: Третий путь, или фашисты, как их называют, стремятся получить место в верхней палате. Будучи категорически против всех других идеологий, они не колеблясь прибегают к насилию.;;$COUNTRY$:Der dritte Weg, auch Faschisten genannt, strebt nach einem Sitz im Oberhaus. Sie lehnen andere Ideologien ab und schrecken auch nicht vor Gewalt zuruck.;;;;;;;;;;;x;
EVTDESC14600_NEWS_LONG;Неясно, было ли что-то в воздухе в тот год. Некоторые утверждали, что это было всего лишь серией неудачных совпадений — стечением катастроф, если хотите, — но, что бы это ни вызвало, $YEAR$ увидел волну беспорядков, распространяющуюся по колониям $COUNTRY_ADJ$, как лесной пожар по сухой кустарниковой местности. Волна беспорядков сотрясает колонии $COUNTRY_ADJ$, и они должны решить, как с этим справиться. Уступки туземцам будут стоить им серьезной потери международного лица, но смогут ли они справиться с тем, чтобы их не давать?;;Vielleicht lag in diesem Jahr etwas in der Luft. Manche sagen, es war nur eine Anreihung von unglucklichen Zufallen, eine Katastrophenwelle sozusagen, doch woran auch immer es lag, $YEAR$ erlebte eine Welle der Unruhe in den $COUNTRY_ADJ$ Kolonien, die wie ein Lauffeuer durch trocknes Buschland fegte. Die $COUNTRY_ADJ$ Kolonie mussen entscheiden, wie sie damit umgehen. Zugestandnisse an die Eingeborenen wurden sie das Gesicht vor der Welt verlieren lassen, doch konnen sie es sich leisten, nichts zu tun?;;;;;;;;;;;x;
EVTDESC14600_NEWS_MEDIUM;Неясно, было ли что-то в воздухе в тот год. Что бы ни было причиной, $YEAR$ увидел волну беспорядков, распространяющуюся по колониям $COUNTRY_ADJ$, словно лесной пожар по сухой кустарниковой местности.;;Vielleicht lag in diesem Jahr etwas in der Luft. Woran auch immer es lag, $YEAR$ erlebte eine Welle der Unruhe in den $COUNTRY_ADJ$ Kolonien, die wie ein Lauffeuer durch trocknes Buschland fegte.;;;;;;;;;;;x;
EVTDESC14600_NEWS_SHORT;Волна беспорядков сотрясает колонии $COUNTRY_ADJ$, и им предстоит решить, как с этим справиться. Любые уступки туземцам будут стоить серьезной потери международного лица.;;Unruhen erschuttern die $COUNTRY_ADJ$ Kolonien und sie mussen entscheiden, was zu tun ist. Zugestandnisse an die Eingeborenen wurden sie das Gesicht vor der Welt verlieren lassen.;;;;;;;;;;;x;
EVTDESC14670_NEWS_LONG;$COUNTRY$ в шоке, так как крупная европейская газета опубликовала сегодня репортаж об условиях в одной из ее колоний. Жестокое обращение с туземцами, телесные наказания и неоднократные случаи нанесения телесных увечий были устоявшимися способами поддержания колониального порядка в колонии, на шахтах и плантациях, которые все были сохранены вне влияния Колониального управления с помощью сложной системы взяток и коррупции.;;$COUNTRY$ steht unter Schock, nachdem eine grosse europaische Zeitung heute von den Bedingungen in einer der Kolonien berichtete. Misshandlungen der Einwohner, Zuchtstrafen und Verstummelungen wurden zur Kontrolle der Kolonie, auf Plantagen und in Minen eingesetzt. Bestechung und Korruption verhinderten das Eingreifen des Kolonialministeriums.;;;;;;;;;;;x;
EVTDESC14670_NEWS_MEDIUM;$COUNTRY$ в шоке, так как крупная европейская газета опубликовала сегодня репортаж об условиях в одной из ее колоний. Жестокое обращение с туземцами, телесные наказания и неоднократные случаи нанесения увечий были устоявшимися способами поддержания колониального порядка.;;$COUNTRY$ steht unter Schock, nachdem eine grosse europaische Zeitung heute von den den Bedingungen in einer der Kolonien berichtete. Misshandlungen der Einwohner, Zuchtstrafen und Verstummelungen wurden zur Kontrolle der Kolonie eingesetzt.;;;;;;;;;;;x;
EVTDESC14670_NEWS_SHORT;$COUNTRY$ в шоке, поскольку сегодня крупная европейская газета опубликовала репортаж об условиях в одной из ее колоний, свидетельствующий о жестоком обращении с коренными жителями.;;$COUNTRY$ steht unter Schock, nachdem eine grosse europaische Zeitung heute von den Bedingungen in einer der Kolonien berichtete und Misshandlungen nachwies.;;;;;;;;;;;;x
EVTDESC14740_NEWS_LONG;С постоянно растущей конкуренцией за колонии, когда европейские страны борются за Африку и весь мир, $COUNTRY$ преуспела. Одна из колоний $COUNTRY_ADJ$ за последние несколько лет получила международное признание как модель хорошо управляемой европейской колонии, и внимание, которое эта колония привлекла к своей колониальной политике в парламентах и судах Европы, является прекрасным благом для исследований $COUNTRY_ADJ$ и международного престижа.;;Im kolonialen Wettstreit der europaischen Nationen in Afrika und der Welt steht $COUNTRY$ gut da. Eine $COUNTRY_ADJ$ Kolonie gilt in den letzten Jahren weltweit als Modell fur eine gute Fuhrung. Die weltweite Aufmerksamkeit fur die $COUNTRY_ADJ$ Kolonialpolitik in den Parlamenten und bei den Hofstaaten Europas erweist sich als ausserordentlich hilfreich in der $COUNTRY_ADJ$ Forschung und internationalen Anerkennung.;;;;;;;;;;;x;
EVTDESC14740_NEWS_MEDIUM;Одна из колоний $COUNTRY_ADJ$ получила международное признание как образец хорошо управляемой европейской колонии, и внимание, которое эта колония привлекла к колониальной политике $COUNTRY_ADJ$, является прекрасным благом для исследований $COUNTRY_ADJ$ и международного престижа.;;Eine $COUNTRY_ADJ$ Kolonie gilt weltweit als Modell fur eine gute europaische Fuhrung und die Aufmerksamkeit fur die $COUNTRY_ADJ$ Kolonialpolitik erweist sich als ausserordentlich hilfreich in der $COUNTRY_ADJ$ Forschung und internationalen Anerkennung.;;;;;;;;;;;x;
EVTDESC14740_NEWS_SHORT;За последние несколько лет одна из колоний $COUNTRY_ADJ$ получила международное признание как образец хорошо управляемой европейской колонии, привлекая к себе большое международное внимание.;;Eine $COUNTRY_ADJ$ Kolonie wird seit einigen Jahren weltweit fur seine gute europaische Fuhrung anerkannt und erlangt internationale Aufmerksamkeit.;;;;;;;;;;;x;
EVTDESC22010_NEWS_LONG;Идея изоляции преступников и нарушителей общественного спокойствия от общества, вероятно, стара как само время. Многие классические системы правосудия включали изгнание из королевства как крайнюю меру наказания, зарезервированную для серьезных преступлений и правонарушений, и такое наказание нередко считалось хуже смертной казни. С ростом европейских колониальных империй в XVIII и XIX веках эти идеи получили современное воплощение в форме исправительной колонии. $COUNTRY$ в настоящее время рассматривает возможность создания таких учреждений.;;Die Idee, Straftater und Storer des offentlichen Friedens von der Gesellschaft zu isolieren, ist so alt wie die Menschheit. Viele klassische Justizsysteme nutzten die Verbannung als letztes Strafmittel, die fur schwere Straftaten und Vergehen reserviert war, und nicht selten galt solch eine Strafe schlimmer als der Tod. Mit dem Wachstum der europaischen Kolonien im 18. und 19. Jahrhundert erfuhr die Verbannung eine moderne Verkorperung in Form einer Strafkolonie. $COUNTRY$ erwagt zur Zeit die Einrichtung solcher Institutionen.;;;;;;;;;;;x;
EVTDESC22010_NEWS_MEDIUM;С ростом европейских колониальных империй в XVIII и XIX веках идеи изоляции преступников и нарушителей общественного спокойствия получили современное воплощение в форме исправительной колонии. В настоящее время $COUNTRY$ рассматривает возможность создания исправительной колонии.;;Mit dem Wachstum europaischer Kolonien im 18. und 19. Jahrhundert erfuhr die Verbannung als Strafe fur Straftaten und Storer des offentlichen Friedens eine moderne Verkorperung in Form einer Strafkolonie. $COUNTRY$ erwagt zur Zeit die Einrichtung solch einer Kolonie.;;;;;;;;;;;x;
EVTDESC22010_NEWS_SHORT;Идея изоляции правонарушителей и нарушителей общественного порядка от общества, вероятно, стара как мир. В настоящее время $COUNTRY$ рассматривает возможность создания исправительной колонии.;;Die Idee, Straftater und Storer des offentlichen Friedens von der Gesellschaft zu isolieren, ist so alt wie die Menschheit. $COUNTRY$ erwagt zur Zeit die Einrichtung einer Kolonie.;;;;;;;;;;;x;
EVTDESC2510_NEWS_LONG;$COUNTRY$: SS $CAPITAL$, небольшой военный пароход, вчера загадочно затонул во время захода в иностранный порт после мощного взрыва на правом борту в середине судна. Военная разведка предполагает, что взрыв мог быть вызван перегревом котла, но широко тиражируемая скандальная пресса называет взрыв актом саботажа и агрессии со стороны иностранной державы. Местные жители возмущены этим делом, и призывы пролить иностранную кровь можно услышать на улицах $CAPITAL$, тезки судна.;;$COUNTRY$: Die SS $CAPITAL$, ein kleines Militar-Dampfschiff, sank gestern unerklarlicherweise, nach einer gewaltigen Explosion auf der Steuerbordseite des Schiffs, wahrend es in einem auslandischen Hafen vor Anker lag. Der militarische Geheimdienst vermutet einen uberhitzten Heizkessel als Ursache, doch die Skandalpresse spricht von einem Sabotageakt und terroristischem Anschlag des Auslands. Die Einwohner der Stadt sind beunruhigt und Rufe nach Vergeltung erklingen in den Strassen von $CAPITAL$, dem Namensvetter des Schiffs.;;;;;;;;;;;x;
EVTDESC2510_NEWS_MEDIUM;$COUNTRY$: SS $CAPITAL$, небольшой военный пароход, вчера загадочно затонул во время захода в иностранную гавань после мощного взрыва на правом борту в средней части судна. Некоторые представители прессы называют взрыв актом саботажа и агрессии со стороны иностранной державы.;;$COUNTRY$: Die SS $CAPITAL$, ein Militar-Dampfschiff, sank gestern unerklarlicherweise, nach einer Explosion auf dem Mittschiff, wahrend es in einem auslandischen Hafen vor Anker lag. Die Presse spricht von einem Sabotageakt und terroristischem Anschlag des Auslands.;;;;;;;;;;;x;
EVTDESC2510_NEWS_SHORT;$COUNTRY$: Небольшой военный пароход SS $CAPITAL$ вчера загадочно затонул во время захода в иностранный порт после мощного взрыва в средней части правого борта.;;$COUNTRY$: Die SS $CAPITAL$, ein Militar-Dampfschiff, sank gestern unerklarlicherweise, nach einer Explosion auf dem Mittschiff, wahrend es in einem auslandischen Hafen vor Anker lag.;;;;;;;;;;;x;
EVTDESC23300_NEWS_LONG;Несколько $COUNTRY_ADJ$ кораблей торгового флота затерялись в море за последний год из-за странного явления, которое многие считают крупным и пока еще не открытым видом кита. Известный французский профессор морской биологии, легендарный Пьер Арронакс, предложил присоединиться к научной экспедиции по исследованию этого странного зверя, который взялся бродить по океанам мира, и ходят слухи, что несколько стран планируют собственные экспедиции, чтобы докопаться до сути этой тайны.;;Zahlreiche $COUNTRY_ADJ$ Schiffe der Handelsmarine gingen vergangenes Jahr wegen eines merkwurdigen Phanomens auf See verloren. Viele verdachtigten eine neue, unbekannte, riesige Walart. Der anerkannte und legendare franzosische Meeresbiologe Pierre Arronax hat angeboten, eine Forschungsexpedition zu begleiten, um dieses unbekannte Biest, das die Meere unsicher macht, zu untersuchen. Geruchten zufolge planen andere Lander ahnliche Expeditionen.;;;;;;;;;;;x;
EVTDESC23300_NEWS_MEDIUM;Известный французский профессор морской биологии, легендарный Пьер Арронакс, предложил присоединиться к научной экспедиции $COUNTRY_ADJ$ по исследованию странного зверя, который стал бродить по океанам мира, и ходят слухи, что несколько стран также планируют экспедиции.;;Der anerkannte, legendare, franzosische  Meeresbiologe Pierre Arronax hat angeboten, eine $COUNTRY_ADJ$ Forschungsexpedition zu begleiten, um das unbekannte Biest, das die Meere unsicher macht, zu untersuchen. Geruchten zufolge planen andere Lander ahnliche Expeditionen.;;;;;;;;;;;x;
EVTDESC23300_NEWS_SHORT;Известный французский профессор морской биологии Пьер Арронакс вызвался присоединиться к экспедиции $COUNTRY_ADJ$, чтобы исследовать странное чудовище, которое стало бродить по океанам мира.;;Der anerkannte franzosische Meeresbiologe Pierre Arronax hat angeboten, eine $COUNTRY_ADJ$ Forschungsexpedition zu begleiten, um das unbekannte Biest, das die Meere unsicher macht, zu untersuchen. ;;;;;;;;;;;x;
EVTDESC23302_NEWS_LONG;Известный французский морской биолог Пьер Арронакс был найден выброшенным на берег $COUNTRY$. Профессор исчез с тех пор, как присоединился к экспедиции, отправленной, чтобы узнать правду о таинственном ките, который, как говорят, пожирает корабли. Арронакс утверждает, что его смыло за борт во время встречи с существом, и что существо на самом деле было человеческим кораблем, способным путешествовать под водой. Арронакс утверждает, что кораблем командовал свободолюбивый мститель, который поклялся отказаться от всех контактов с terra firma в пользу свободной жизни в мировых океанах.;;Der bekannte, franz. Meeresbiologe Pierre Arronax wurde an der Kuste von $COUNTRY$ angespult. Der Professor befand sich als Expeditionsmitglied auf der Suche nach einem mysteriosen Wal, der Schiffe verschlingen soll. Arronax behauptet, dass er bei einer Begegnung mit der Kreatur uber Bord ging, die in Wirklichkeit ein Schiff fur Menschenhand sei, das unter Wasser navigieren konne. Arronax sagt, das Schiff werde von einem freiheitsliebenden Haudegen befehligt, der jeglichen Kontakt zum Festland zugunsten der Freiheit auf den Meeren abgebrochen hat.;;;;;;;;;;;x;
EVTDESC23302_NEWS_MEDIUM;$COUNTRY$: Известный французский морской биолог Пьер Арронакс утверждает, что его смыло за борт во время встречи с существом, и что это существо на самом деле было человеческим кораблем, способным передвигаться под водой и управляемым свободолюбивым мстителем.;;$COUNTRY$: Der bekannte, franz. Meeresbiologe Pierre Arronax behauptet, dass er nach einer Begegnung mit einer Kreatur uber Bord ging, welches in Wahrheit ein Schiff sei, das unter Wasser reist und von einem Freigeist befehligt wird.;;;;;;;;;;;x;
EVTDESC23302_NEWS_SHORT;\$COUNTRY\$: Известный французский морской биолог Пьер Арронакс утверждает, что его смыло за борт во время столкновения с подводным судном, которым командовал свободолюбивый мститель.;;$COUNTRY$: Der bekannte, franz. Meeresbiologe Pierre Arronax behauptet, dass er nach einer Begegnung mit einem Untersee-Schiff uber Bord ging, das von einem Freigeist befehligt wird.;;;;;;;;;;;x;
EVTDESC21500_NEWS_LONG;Тунгусский взрыв 1908 года, который произвел разрушительный огненный шар в Сибири, уничтоживший леса и вызвавший всемирные толчки, был результатом падения астероида или метеорита, полагают ученые. Очевидцы, находившиеся на расстоянии десятков миль от события, сообщают, что видели, как небо раскололось надвое, а затем наполнилось огнем, который передал их телам невыносимо высокий жар, за которым последовали повторяющиеся громкие удары множества камней, падающих на землю. Огненный ветер выжег дорожки на земле вдоль улиц, взрыв был настолько ярким, что напоминал второе Солнце.;;Die Tunguska-Explosion von 1908, in der ein gewaltiger Feuerball in Sibirien Walder zerstorte und die ganze Welt erschutterte, war laut Forschern das Ergebnis eines Asteroiden- oder Meteoreinschlags. Zeugen berichten, dass sie noch aus zehntausenden von Metern Entfernung den Himmel in Flammen aufgehen sahen und die Hitze unertraglich wurde, gefolgt vom lauten Donnerhall des Einschlags von Steinsbrocken. Feuersturme verbrannten die Erde, die Explosion wirkte wie eine zweite Sonne.;;;;;;;;;;;x;
EVTDESC21500_NEWS_MEDIUM;Тунгусский взрыв 1908 года, который произвел разрушительный огненный шар в Сибири, уничтоживший леса и вызвавший всемирные толчки, был результатом падения астероида или метеора, полагают ученые. Взрыв был настолько ярким, что напоминал второе Солнце.;;Die Tunguska-Explosion von 1908, in der ein gewaltiger Feuerball in Sibirien Walder zerstorte und die ganze Welt erschutterte, war laut Forschern das Ergebnis eines Asteroiden- oder Meteoreinschlags. Die Explosion wirkte wie eine zweite Sonne.;;;;;;;;;;;x;
EVTDESC21500_NEWS_SHORT;Ученые полагают, что Тунгусский взрыв 1908 года, в результате которого в Сибири образовался разрушительный огненный шар, уничтоживший леса и вызвавший подземные толчки по всему миру, стал результатом падения астероида или метеорита.;;Die Tunguska-Explosion von 1908, in der ein riesiger Feuerball in Sibirien Walder zerstorte und die Welt erschutterte, war laut Forschern das Ergebnis eines Asteroiden- oder Meteoreinschlags.;;;;;;;;;;;x;
EVTDESC21510_NEWS_LONG;Извержение вулкана Кракатау и вызванное им цунами унесли жизни более 36500 человек в Голландской Ост-Индии, а звук извержения был слышен на расстоянии 3000 миль на острове Родригес в Индийском океане. Взрыв имел колоссальные глобальные последствия, небо потемнело во всем мире на долгие годы, вызвав ярко-красные закаты и другие оптические эффекты, а также падение средней глобальной температуры более чем на градус Цельсия. Барографы по всему миру регистрировали давление от взрыва в течение пяти дней.;;Der Ausbruch des Krakatau-Vulkans und der folgende Tsunami kosteten in Niederlandisch-Ostindien mehr als 36500 Leben und wurde noch in 3000 Meilen Entfernung auf der Rodrigues-Insel im indischem Ozean gehort. Er hatte weltweite Auswirkungen und verdunkelte den Himmel auf Jahre, mit intensiv-roten Sonnenuntergangen und anderen Effekten. Die weltweite Temperatur fiel um mehr als 1 Grad Celsius. Barographen aus aller Welt zeichneten den Druck der Explosion funf Tage lang auf.;;;;;;;;;;;x;
EVTDESC21510_NEWS_MEDIUM;Извержение вулкана Кракатау и вызванное им цунами унесли жизни более 36500 человек в Голландской Ост-Индии, а звук извержения был слышен на расстоянии 3000 миль от острова Родригес в Индийском океане. Взрыв имел колоссальные глобальные последствия.;;Der Ausbruch des Krakatau-Vulkans und der folgende Tsunami kosteten in Niederlandisch-Ostindien mehr als 36500 Leben und wurde noch in 3000 Meilen Entfernung auf der Rodrigues-Insel im indischem Ozean gehort. Der Ausbruch hatte weltweite Auswirkungen.;;;;;;;;;;;x;
EVTDESC21510_NEWS_SHORT;Извержение вулкана Кракатау и вызванное им цунами унесли жизни более 36 500 человек в Голландской Ост-Индии, а звук извержения был слышен на расстоянии 3000 миль от острова Родригес.;;Der Ausbruch des Krakatau-Vulkans und anschliessende Tsunami kosteten in Niederlandisch-Ostindien mehr als 36500 Leben und wurde in 3000 Meilen Entfernung auf der Rodrigues-Insel gehort.;;;;;;;;;;;x;
EVTDESC21520_NEWS_LONG;Сильное землетрясение произошло в Сан-Франциско, Калифорния, вызвав масштабные разрушения и потерю тысяч жизней. Сообщалось о толчках даже в Неваде, а пожар, вспыхнувший в результате землетрясения, практически сравнял город с землей. Армейские подразделения усердно работают, доставляя припасы выжившим, и мы можем быть уверены, что землетрясение оставит свой след в общественной памяти для будущих поколений.;;Ein gewaltiges Erdbeben hat San Francisco, Kalifornien, erschuttert und gewaltige Zerstorungen mit mehreren tausend Toten verursacht. Die Erschutterungen waren noch in Nevada spurbar und Brande vernichteten grosse Teile der Stadt. Die Armee arbeitet hart an der Versorgung der Uberlebenden und das Erdbebeben wird noch viele Generationen in Erinnerung bleiben.;;;;;;;;;;;x;
EVTDESC21520_NEWS_MEDIUM;Сегодня в Сан-Франциско, штат Калифорния, произошло крупное землетрясение, вызвавшее масштабные разрушения и повлекшее за собой гибель тысяч людей. Сообщалось о толчках даже в Неваде, а пожары, вспыхнувшие в результате землетрясения, практически сравняли город с землей.;;Ein gewaltiges Erdbeben hat heute San Francisco, Kalifornien, erschuttert und gewaltige Zerstorungen mit mehreren tausend Toten verursacht. Die Erschutterungen waren noch in Nevada spurbar und Brande vernichteten grosse Teile der Stadt.;;;;;;;;;;;x;
EVTDESC21520_NEWS_SHORT;В Сан-Франциско, Калифорния, произошло крупное землетрясение, вызвавшее масштабные разрушения и гибель тысяч людей. Пожары, вызванные землетрясением, сравняли город с землей.;;Ein gewaltiges Erdbeben hat San Francisco, Kalifornien, erschuttert und gewaltige Zerstorungen mit mehreren tausend Toten verursacht. Brande vernichteten grosse Teile der Stadt.;;;;;;;;;;;x;
EVTDESC23450_NEWS_LONG;В последней воле недавно умершего шведского изобретателя и промышленника Альфреда Нобеля все его состояние было зарезервировано для создания фонда, который ежегодно будет присуждать премии выдающимся исследователям в области химии, физики, физиологии или медицины, а также авторам новаторской литературы и активистам, чья работа наилучшим образом способствует международному миру и сотрудничеству. Широко известный как пацифист, Нобель за свою жизнь выдал 350 международных патентов и открыл 90 оружейных мастерских, значительно увеличив богатство своей семьи.;;Der letzte Wille des kurzlich verstorbenen, schwedischen Erfinders und Industriellen Alfred Nobel hinterlasst sein Vermogen fur die Grundung einer Stiftung, die jedes Jahr Preise an vielversprechende Forscher in Chemie, Physik, Physiologie oder Medizin verleiht, wie auch fur Autoren weltbewegender Literatur und Aktivisten, die sich herausragend fur Frieden und Zusammenarbeit einsetzen. Der weltweit als Pazifist angesehene Nobel erhielt in seinem Leben 350 internationale Patente und unterhielt 90 Rustungsfabriken, die den Reichtum seiner Familie mehrten.;;;;;;;;;;;x;
EVTDESC23450_NEWS_MEDIUM;В своей последней воле недавно скончавшийся шведский изобретатель и промышленник Альфред Нобель зарезервировал все свое состояние для создания фонда для присуждения премий выдающимся исследователям в области химии, физики, физиологии и медицины и других областях.;;Der letzte Wille des kurzlich verstorbenen, schwedischen Erfinders und Industriellen Alfred Nobel hinterlasst sein Vermogen fur die Grundung einer Stiftung, die jedes Jahr Preise u.a. fur viel versprechende Forscher in Chemie, Physik, Physiologie oder Medizin verleiht.;;;;;;;;;;;x;
EVTDESC23450_NEWS_SHORT;В своей последней воле недавно скончавшийся шведский изобретатель и промышленник Альфред Нобель зарезервировал часть своего состояния для создания фонда для присуждения премий выдающимся исследователям.;;Der kurzlich verstorbene, schwedische Erfinder und Industrielle Alfred Nobel hinterlasst sein Vermogen der Grundung einer Stiftung, die Preise u.a. fur vielversprechende Forscher verleiht.;;;;;;;;;;;x;
EVTDESC23400_NEWS_LONG;Сочетание возрожденного интереса к древнегреческой цивилизации и идеи спорта как важной части общественного развития привело французского аристократа барона Пьера де Кубертена к предложению возродить Олимпийские игры как способ содействия международному миру посредством дружеских спортивных соревнований между странами. Крупнейшее спортивное событие на сегодняшний день, первые Олимпийские игры принимали участников, которые соревновались в девяти дисциплинах, включая борьбу, тяжелую атлетику, фехтование и велоспорт. Победители в каждой дисциплине получали серебряную медаль, оливковую ветвь и диплом.;;Das erneut zunehmende Interesse am griechischen Altertum und die Idee des Sportes als wichtigem Bestandteil der franz. sozialen Entwicklung, veranlasste den franz. Aristokraten Baron Pierre de Coubertin zu dem Vorschlag, die Olympischen Spiele zum Erhalt des internationalen Friedens, mit friedlichen Wettbewerben von Athleten aller Nationen, wiederzubeleben. Das grosste Sportevent aller Zeiten beherbergt Athleten in neun Disziplinen, u.a. Ringen, Gewichtheben, Fechten und Radsport. Die Gewinner erhielten eine Silbermedaille, einen Olivenzweig und ein Diplom.;;;;;;;;;;;x;
EVTDESC23400_NEWS_MEDIUM;Сочетание возрожденного интереса к древнегреческой цивилизации и идеи спорта как важной части общественного развития побудило французского аристократа барона Пьера де Кубертена предложить возродить Олимпийские игры для содействия международному миру посредством спортивных соревнований.;;Erneutes Interesse am griechischen Altertum und die Idee des Sportes als wichtigem Bestandteil der sozialen Entwicklung, veranlasste den franz. Aristokraten Baron Pierre de Coubertin zu dem Vorschlag, die Olympischen Spiele zum Erhalt des internationalen Friedens wiederzubeleben. ;;;;;;;;;;;x;
EVTDESC23400_NEWS_SHORT;Возобновление интереса к древнегреческой цивилизации и идее спорта как части общественного развития побудило французского аристократа барона Пьера де Кубертена возродить Олимпийские игры.;;Erneutes Interesse am gr. Altertum und die Idee des Sportes als Bestandteil der sozialen Entwicklung veranlasste den franz. Baron Pierre de Coubertin, die Olympischen Spiele wiederzubeleben. ;;;;;;;;;;;x;
EVTDESC90040_NEWS_LONG;Индия подняла мятеж! Мятеж отряда сипаев, коренных индийских солдат, состоявших на службе в западной армии, спровоцировал восстание, охватившее огромные территории субконтинента. Длинный список злоупотреблений и обид со стороны администраторов Компании на все слои индийского общества вызвал ряд более мелких инцидентов в недавнем прошлом, но ни один из них не разросся так сильно и быстро, как мятеж солдат, отказавшихся оторвать зубами винтовочные патроны, смазанные животным жиром, что противоречило их религиозным убеждениям.;;Indien rebelliert! Eine Meuterei einer Sepoy-Einheit, eingeborener indischer Soldaten im Dienste des westl. Militars, fuhrte zu einem Aufstand, der weite Teile des Sub-Kontinents erfasste. Eine lange Liste von Misshandlungen und Beschwerden gegen die Verwalter der Kompanie in allen Teilen Indiens verursachte einige kleinere Scharmutzel in der Vergangenheit, die jedoch nie in dieser Form eskalierten wie die Weigerung der Soldaten, mit Tierfetten geschmierte Patronenhulsen mit ihren Zahnen auszureissen, was gegen ihren Glauben war.;;;;;;;;;;;x;
EVTDESC90040_NEWS_MEDIUM;Индия подняла мятеж! Мятеж отряда сипаев, коренных индийских солдат, состоявших на службе в западной армии, спровоцировал восстание, охватившее огромные территории субконтинента. В качестве причины приводится длинный список злоупотреблений и обид со стороны администраторов компании.;;Indien rebelliert! Die Meuterei einer Sepoy-Einheit, eingeborener indischer Soldaten im Dienste des westl. Militars, fuhrte zu Aufstanden in weiten Teilen des Sub-Kontinents. Eine lange Liste von Misshandlungen und Beschwerden gegen die Verwalter der Kompanie gilt als Ursache.;;;;;;;;;;;x;
EVTDESC90040_NEWS_SHORT;Индия подняла мятеж! Мятеж отряда сипаев, коренных индийских солдат, состоявших на службе в западной армии, спровоцировал восстание, охватившее огромные территории субконтинента.;;Indien rebelliert! Die Meuterei einer Sepoy-Einheit, eingeborener indischer Soldaten im Dienste des westl. Militars, fuhrte zu Aufstande in weiten Teilen des Sub-Kontinents.;;;;;;;;;;;x;
EVTDESC17610_NEWS_LONG;Зарождающееся фашистское сообщество в одном из государств $COUNTRY_ADJ$ сформировало военизированный корпус, организованный с цепочкой военного командования, идеологически последовательный и готовый прибегнуть к насилию, чтобы выполнить приказы лидеров фашистского сообщества. Группу в разговорной речи называют «чернорубашечниками» из-за культовых милитаресковых рубашек, которые они стали носить. Эта тенденция является новой для политики $COUNTRY_ADJ$, и некоторые опасаются, что она может привести к цепной реакции, когда другие партии создадут собственные военные организации для защиты своих членов и сторонников.;;Die neue faschistische Partei in einem der $COUNTRY_ADJ$ Staaten bildete einen paramilitarischen Korps mit militarischer Kommandokette, der Partei loyal verbunden und bereit, die Belange der Partei-Anfuhrer mit Gewalt durchzusetzen. Aufgrund der schwarzen, militarisch anmutenden Hemden wird die Gruppe die 'Schwarzhemden' genannt. Dieser Trend ist neu in der $COUNTRY_ADJ$ Politik und viele furchten eine Kettenreaktion die andere Parteien zu Ahnlichem veranlasst, um ihre Mitglider und Anhanger zu verteidigen.;;;;;;;;;;;x;
EVTDESC17610_NEWS_MEDIUM;Зарождающееся фашистское сословие в одном из государств $COUNTRY_ADJ$ сформировало военизированный корпус, организованный с цепочкой военного командования, идеологически последовательный и готовый выполнять приказы лидеров фашистского сословия. Группа именуется «чернорубашечниками».;;Die neue faschistische Partei in einem der $COUNTRY_ADJ$ Staaten bildete einen paramilitarischen Korps mit militarischer Kommandokette, der Partei loyal verbunden und bereit, die Belange der Partei-Anfuhrer mit Gewalt durchzusetzen. Die Gruppe wird auch 'Schwarzhemden' genannt.;;;;;;;;;;;x;
EVTDESC17610_NEWS_SHORT;Фашистское сословие в одном из государств $COUNTRY_ADJ$ сформировало военизированный корпус, организованный с военной командной цепочкой, идеологически последовательный и готовый выполнять приказы лидеров сословия.;;Die faschistische Partei in einem der $COUNTRY_ADJ$ Staaten bildete einen paramilit. Korps mit milit. Kommandokette, der Partei und ihren Anfuhrern loyal verbunden. ;;;;;;;;;;;x;
EVTDESC17630_NEWS_LONG;До $CAPITAL$ дошли сообщения о том, что чернорубашечники, военизированное крыло местного фашистского сословия, начали маршировать по стране в направлении $CAPITAL$, намереваясь захватить власть в $COUNTRY$. Военные до сих пор не пытались вмешаться, и мы подозреваем, что это может быть связано с тем, что несколько ведущих членов вооруженных сил $COUNTRY_ADJ$ сами имеют фашистские симпатии. Это определенно кризис для молодой демократии $COUNTRY_ADJ$, и он угрожает стабильности и миру во всем регионе.;;$CAPITAL$ erhielt Meldungen, dass die Schwarzhemden, der paramilitarische Flugel der lokalen Faschisten, durch das Land auf $CAPITAL$ zumarschiert, um die Kontrolle uber $COUNTRY$ zu ubernehmen. Bis jetzt hat das Militar nicht eingegriffen, vermutlich da viele fuhrende Offiziere der $COUNTRY_ADJ$ Streitmacht mit den Faschisten sympathisieren. Dies ist eindeutig eine Krise fur die junge $COUNTRY_ADJ$ Demokratie, die die Stabilitat und den Frieden in der ganzen Region bedrohen.;;;;;;;;;;;x;
EVTDESC17630_NEWS_MEDIUM;До $CAPITAL$ дошли сообщения о том, что чернорубашечники, военизированное крыло местного фашистского сословия, начали марш по стране в сторону $CAPITAL$, намереваясь захватить власть в $COUNTRY$. Военные пока не пытались вмешаться.;;$CAPITAL$ erhielt Meldungen, dass die Schwarzhemden, der paramilitarische Flugel der lokalen Faschisten, durch das Land auf $CAPITAL$ zumarschiert, um die Kontrolle uber $COUNTRY$ zu ubernehmen. Bis jetzt hat das Militar nicht eingegriffen.;;;;;;;;;;;x;
EVTDESC17630_NEWS_SHORT;До $CAPITAL$ дошли сообщения о том, что «чернорубашечники», военизированное крыло фашистского сословия, начали марш по стране в сторону $CAPITAL$, намереваясь захватить власть в $COUNTRY$.;;$CAPITAL$ erhielt Meldungen, dass die Schwarzhemden, der paramilitarische Flugel der Faschisten, durch das Land auf $CAPITAL$ zumarschiert, um die Kontrolle uber $COUNTRY$ zu ubernehmen.;;;;;;;;;;;x;
EVTDESC17680_NEWS_LONG;Фашисты вышли на улицы одного из штатов $COUNTRY_ADJ$, чтобы продемонстрировать силу Estate и его различных подорганизаций. Одетые в черные и коричневые рубашки, марширующие по улицам в военном порядке, бьющие в барабаны, фашисты представляют собой устрашающее зрелище. Несколько членов кабинета $COUNTRY_ADJ$ предполагают, что присутствие, по сути, военных подразделений, не находящихся под контролем государства, становится все более серьезной проблемой, и предлагают объявить военизированные организации вне закона.;;Faschisten demonstrieren auf den Strassen eines $COUNTRY_ADJ$ Staates die Starke ihrer Partei und Sub-Organisationen. Sie marschieren zum Klang der Trommeln , in militarischer Formation in braunen oder schwarzen Hemden durch die Strassen und sind ein wahrhaft einschuchternder Anblick. Zahlreiche Mitglieder des $COUNTRY_ADJ$ Kabinetts sehen dieses pseudomilitarische Schauspiel als wachsendes Problem an und schlagen das Verbot paramilitarischer Organisationen vor.;;;;;;;;;;;x;
EVTDESC17680_NEWS_MEDIUM;Фашисты вышли на улицы одного из $COUNTRY_ADJ$ штатов, чтобы продемонстрировать силу Estate и его различных подорганизаций. Одетые в черные и коричневые рубашки, марширующие по улицам в военном порядке, бьющие в барабаны, фашисты представляют собой устрашающее зрелище.;;Faschisten demonstrieren auf den Strassen eines $COUNTRY_ADJ$ Staates die Starke ihrer Partei und Sub-Organisationen. Sie marschieren zum Klang der Trommeln, in militarischer Formation in braunen oder schwarzen Hemden durch die Strassen und sind ein wahrhaft einschuchternder Anblick.;;;;;;;;;;;x;
EVTDESC17680_NEWS_SHORT;Фашисты вышли на улицы одного из $COUNTRY_ADJ$ штатов, чтобы продемонстрировать силу для Estate. Одетые в свои черные и коричневые рубашки, они маршируют в военном порядке.;;Faschisten demonstrieren auf den Strassen eines $COUNTRY_ADJ$ Staates die Starke ihrer Partei. Sie marschieren in militarischer Formation in braunen oder schwarzen Hemden durch die Strassen.;;;;;;;;;;;x;
EVTDESC17560_NEWS_LONG;Красные знамена развеваются на ветру, и люди всех возрастов выходят посмотреть, как социалисты, коммунисты, члены профсоюзов и рабочие всех возрастов объединяются в марше протеста по всей $COUNTRY$, чтобы почтить память нескольких демонстрантов, погибших во время бойни на Хеймаркете в Чикаго в 1886 году. Хотя ежегодное празднование проводится почти в каждом городе $COUNTRY$, в этом году оно оказалось особенно успешным в одном из штатов $COUNTRY_ADJ$, где можно ожидать подъема социалистической воинственности и сознательности.;;Die roten Banner flattern im Wind und Menschen aller Altersgruppen sehen zu, wie Sozialisten, Kommunisten, Gewerkschaftsmitglieder und Arbeiter jeden Alters im Protestmarsch durch ganz $COUNTRY$ ziehen, um an den Tod zahlreicher Demonstranten im Chicago Haymarket Massaker 1886 zu erinnern. Diese jahrlich in fast allen Stadten von  $COUNTRY$ stattfindende Gedenkveranstaltung war dieses Jahr in einem $COUNTRY_ADJ$ Staat besonders erfolgreich und wird sicherlich zu einem Erstarken der sozialisitischen Militanz und mehr Aufmerksamkeit fuhren.;;;;;;;;;;;x;
EVTDESC17560_NEWS_MEDIUM;Красные знамена развеваются на ветру, и люди всех возрастов выходят посмотреть, как социалисты, коммунисты, члены профсоюзов и рабочие всех возрастов объединяются в марше протеста по всей $COUNTRY$, чтобы почтить память жертв бойни на Хеймаркете в Чикаго в 1886 году.;;Rote Banner flattern im Wind und Menschen aller Altersgruppen sehen zu, wie Sozialisten, Kommunisten, Gewerkschaftsmitglieder und Arbeiter jeden Alters im Protestmarsch durch ganz $COUNTRY$ ziehen, um an die Toten im Chicago Haymarket Massaker 1886 zu erinnern. ;;;;;;;;;;;x;
EVTDESC17560_NEWS_SHORT;\$COUNTRY\$: Красные знамена развеваются на ветру, и люди всех возрастов выходят посмотреть, как социалисты, коммунисты, члены профсоюзов и рабочие объединяются в марше протеста.;;$COUNTRY$: Rote Banner flattern im Wind und Menschen aller Altersgruppen sehen zu, wie Sozialisten, Kommunisten, Gewerkschaftsmitglieder und Arbeiter zum Protestmarsch aufmarschieren.;;;;;;;;;;;x;
EVTDESC5001_NEWS_LONG;Уругвай только что принял первый чемпионат мира по футболу, который имел ошеломительный успех. Несмотря на то, что не многим странам удалось приехать сюда из Европы, здесь все равно играли в отличный футбол. Люсьен Лоран из Франции стал первым, кто забил гол на чемпионате мира, а американский вратарь Джимми Дуглас провел первый матч без пропущенных голов на турнире. Гильермо Стабиле из Аргентины стал первым лучшим бомбардиром чемпионата мира, забив 8 голов. Но что было самым важным из всего, Уругвай выиграл финал со счетом 4:2 у Аргентины перед 93000 восторженных болельщиков!;;Uruguay veranstaltete kurzlich mit grossem Erfolg die erste Fussballweltmeisterschaft. Auch wenn nicht viele Lander von Europa zu dem Ereignis anreisen konnten, gab es grossen Fussball zu sehen. Lucien Laurent aus Frankreich erzielte das erste Tor und der amerikanische Torwart Jimmy Douglas blieb im Wettbewerb als erster ohne Gegentore. Guillermo Stabile aus Argentinien wurde mit 8 Toren der erste Top-Torschutze. Doch am wichtigsten war, dass Uruguay das Finale mit 4:2 gegen Argentinien vor 93000 begeisterten Zuschauern gewann!;;;;;;;;;;;x;
EVTDESC5001_NEWS_MEDIUM;Уругвай только что принял первый чемпионат мира по футболу, который имел ошеломительный успех. Несмотря на то, что не многим странам удалось приехать сюда из Европы, все равно был отличный футбол. Уругвай выиграл финал со счетом 4:2 у Аргентины перед 93000 восторженных болельщиков!;;Uruguay veranstaltete kurzlich mit grossem Erfolg die erste Fussballweltmeisterschaft. Auch wenn nicht viele europ. Lander zu dem Ereignis anreisen konnten, gab es grossen Fussball zu sehen. Uruguay gewann das Finale mit 4:2 gegen Argentinien vor 93000 begeisterten Zuschauern!;;;;;;;;;;;x;
EVTDESC5001_NEWS_SHORT;Уругвай только что принял первый чемпионат мира по футболу, который имел ошеломительный успех. Несмотря на то, что не многим странам удалось приехать сюда из Европы, там все равно играли в отличный футбол.;;Uruguay veranstaltete kurzlich mit grossem Erfolg die erste Fussballweltmeisterschaft. Auch wenn nicht viele europ. Lander zu dem Ereignis anreisen konnten, gab es grossen Fussball zu sehen.;;;;;;;;;;;x;
EVTDESC5002_NEWS_LONG;Лорд Стэнли из Престона был очень заинтригован хоккеем с шайбой, когда он стал генерал-губернатором Доминиона. Первоначально названный как Кубок вызова хоккея Доминиона, трофей был подарен им в 1892 году в качестве награды для лучшего любительского хоккейного клуба Канады. Первый кубок был вручен Монреальскому хоккейному клубу, который успешно победил всех претендентов сезона. Лорд Стэнли так и не посетил ни одной кубковой игры, будучи отозванным обратно в Англию, поскольку его срок полномочий генерал-губернатора закончился вскоре после учреждения кубка.;;Lord Stanley of Preston hielt sehr viel von Eishockey, als er Generalgouverneur des Dominion wurde. Ursprunglich als Dominion Hockey Trophae bekannt, stiftete er diese 1892 als Auszeichnung fur Kanadas erstplatzierten Amateur-Eishockey-Club. Der Montreal Hockey Club erhielt die Trophae als erstes, nachdem er erfolgreich alle Herausforderer der Saison besiegte. Lord Stanley besuchte nie ein einziges Spiel, da er nach Ende seiner Amtszeit nach England zuruckberufen wurde, kurz nachdem die Meisterschaft ins Leben gerufen wurde.;;;;;;;;;;;x;
EVTDESC5002_NEWS_MEDIUM;Лорд Стэнли из Престона был очень заинтригован хоккеем с шайбой, когда он стал генерал-губернатором Доминиона. Первоначально именуемый Dominion Hockey Challenge Cup, трофей был подарен им в 1892 году в качестве награды для ведущего любительского хоккейного клуба Канады.;;Lord Stanley of Preston hielt sehr viel von Eishockey, als er Generalgouverneur des Dominion wurde. Ursprunglich als Dominion Hockey Trophae bekannt, stiftete er diese 1892  als Auszeichnung fur Kanadas erstplatzierten Amateur-Eishockey-Club. ;;;;;;;;;;;x;
EVTDESC5002_NEWS_SHORT;Первоначально трофей назывался «Dominion Hockey Challenge Cup» и был подарен в 1892 году лордом Стэнли Престонским в качестве награды лучшему любительскому хоккейному клубу Канады.;;Ursprunglich als Dominion Hockey Trophae bekannt, stiftete Lord Stanley of Preston diese 1892 als Auszeichnung fur Kanadas erstplatzierten Amateur-Eishockey-Club gestiftet. ;;;;;;;;;;;x;
EVTDESC160001_NEWS_LONG;Великое восстание раскололо все под Небесами! Хун Сюцюань, утверждающий, что получил видения, называющие его младшим братом Иисуса Христа, восстал против правящей маньчжурской династии Цин и основал Небесное Царство на юге Китая, втянув более тридцати миллионов своих подданных в одну из самых кровавых гражданских войн в истории. Мятежники тайпины хотят заменить традиционное конфуцианство, буддизм и китайскую народную религию своей собственной формой христианства и постулируют ряд других прогрессивных реформ, таких как равенство женщин и общая собственность.;;Eine grosse Rebellion hat alles unter dem Himmel zerschmettert! Hong Xiuquan behauptet nach Visionen, der jungere Bruder von Jesus zu sein, und rebellierte gegen die herrschende mandschurische Qing-Dynastie, um das Himmlische Konigreich im Suden Chinas zu errichten. Mehr als 30 Mio. seiner Untertanen riss er mit sich in den blutigsten Burgerkrieg aller Zeiten. Taiping-Rebellen wollen den traditionellen Konfuzianismus, Buddhismus und Volksreligionen Chinas mit ihrer Form des Christentums ersetzen und verkunden progressive Reformen wie die Gleichstellung der Frau und Eigentum. ;;;;;;;;;;;x;
EVTDESC160001_NEWS_MEDIUM;Великое восстание раскололо всю Поднебесную! Хун Сюцюань, утверждавший, что получил видения, в которых его называли младшим братом Иисуса Христа, восстал против правящей маньчжурской династии Цин и основал Небесное Царство на юге Китая.;;Eine grosse Rebellion hat alles unter dem Himmel zerschmettert! Hong Xiuquan behauptet nach Visionen, der jungere Bruder von Jesus zu sein, und rebellierte gegen die herrschende mandschurische Qing Dynastie, um das Himmlische Konigreich im Suden Chinas zu errichten.;;;;;;;;;;;x;
EVTDESC160001_NEWS_SHORT;Великое восстание раскололо всю Поднебесную! Хун Сюцюань, утверждающий, что получил видения, в которых его назвали младшим братом Иисуса Христа, восстал против правящей маньчжурской династии Цин.;;Eine grosse Rebellion hat alles unter dem Himmel zerschmettert! Hong Xiuquan beansprucht nach Visionen, der jungere Bruder von Jesus zu sein, und rebellierte gegen die herrschende mandschurische Qing Dynastie.;;;;;;;;;;;x;
EVTDESC48300_NEWS_LONG;Прямые новости из немецких герцогств. Александр Карл, герцог Ангальт-Бернбургский из дома Асканиев и последний представитель линии Ангальт-Бернбургский, умер без прямого наследника. Герцог Леопольд IV, будучи ближайшим родственником в наследовании герцогства Ангальт-Кётен в 1847 году, становится преемником. С этим событием Ангальт наконец-то объединен под одним герцогом.;;Neuigkeiten von den deutschen Herzogtumern. Alexander Karl, Herzog von Anhalt-Bernburg der Askanier und letzter Erbe in der Linie von Anhalt-Bernburg, starb ohne rechtmassigem Erben. Herzog Leopold IV. wird als nachster Verwandter in der Erbfolge, aus dem Herzogtum von Anhalt-Kothen 1847, sein Nachfolger. Durch dieses Ereignis wird Anhalt endlich unter einem Herzog vereint.;;;;;;;;;;;x;
EVTDESC48300_NEWS_MEDIUM;Александр Карл, герцог Ангальт-Бернбургский, умер без прямого наследника. Герцог Леопольд IV, будучи ближайшим родственником в наследовании герцогства Ангальт-Кётен в 1847 году, становится преемником. Ангальт наконец-то объединен под властью одного герцога.;;Alexander Karl, Herzog von Anhalt-Bernburg, starb ohne rechtmassigem Erben. Herzog Leopold IV. wird als nachster Verwandter in der Erbfolge, aus dem Herzogtum von Anhalt-Kothen 1847, sein Nachfolger. Durch dieses Ereignis ist Anhalt endlich unter einem Herzog vereint.;;;;;;;;;;;x;
EVTDESC48300_NEWS_SHORT;Герцог Ангальт-Бернбургский умер, не оставив потомства. Герцог Леопольд IV Ангальт-Кётенский, будучи ближайшим родственником в престолонаследии, наследует земли. Ангальт наконец-то объединен под властью одного герцога.;;Der Herzog von Anhalt-Bernburg ist verstorben. Herzog Leopold IV. von Anhalt-Kothen wird als nachster Verwandter sein Nachfolger. Anhalt ist endlich unter einem Herzog vereint.;;;;;;;;;;;x ;
EVTDESC46600_NEWS_LONG;Новости от нашего корреспондента в Южной Америке, Аргентине: Книга Хуана Баутисты Альберди, метко названная «Основы политической организации Аргентинской Республики», впервые опубликованная в 1852 году, в год поражения Хуана Мануэля де Росаса, теперь становится основой для новой конституции Аргентины. Конституция Аргентины, созданная Альберди, была создана по образцу конституции Соединенных Штатов.;;Neuigkeiten von unserem Korrespondenten in Argentinien, Sud-Amerika: Juan Bautista Alberdis Buch passenderweise mit dem Titel: Basis der polit. Organisation der Republik Argentiniens, erstmals im Jahre der Niederlage von Juan Manuel de Rosas 1852 veroffentlicht, wird die Richtlinie der neuen argentinischen Verfassung. Sie ist nach der Verfassung der Vereinigten Staaten modelliert.;;;;;;;;;;;x;
EVTDESC46600_NEWS_MEDIUM;Из Аргентины: Книга Хуана Баутисты Альберди под названием «Основы политической организации Аргентинской Республики» теперь становится основой для новой конституции Аргентины. Конституция Аргентины, созданная Альберди, была создана по образцу конституции Соединенных Штатов.;;Aus Argentinien: Juan Bautista Alberdis Buch mit dem Titel 'Basis der polit. Organisation der Republik Argentiniens' wird die Richtlinie der neuen argentinischen Verfassung. Sie ist nach der Verfassung der Vereinigten Staaten modelliert.;;;;;;;;;;;x;
EVTDESC46600_NEWS_SHORT;Аргентина: Книга Альберди «Основы политической организации Аргентинской Республики» становится основой новой конституции Аргентины, созданной по образцу конституции Соединенных Штатов.;;Argentinien: Alberdis Buch 'Basis der polit. Organisation der Republik Argentiniens' wird die Richtlinie der neuen argent. Verfassung, modelliert nach der Verfassung der Vereinigten Staaten.;;;;;;;;;;;x;
EVTDESC46601_NEWS_LONG;Книга «Факундо: Цивилизация и варварство», впервые опубликованная в 1845 году в Аргентине, использует историю диктатора Факундо, чтобы разоблачить противостояние европейской «цивилизации» и местного «варварства». Насколько бы зол и осуждающе Сармьенто ни был по отношению к Факундо Кироге, Росасу и народу пампасов, в книге возник прекрасный, а порой и восхитительный портрет той части Аргентины, которую Сармьенто считал подлежащей уничтожению.;;Das Buch Facundo: Zivilisation und Barbarei, erstmals 1845 in Argentinien veroffentlicht, nutzt die Geschichte des Diktators Facundo, um die Widerspruche zw. europaischer 'Zivilisation' und einheimischer 'Barbarei' aufzudecken. Wahrend Sarmiento Facundo Quiroga, Rosas und den Volkern der Pampas verargert und verachtend gegenuberstand, enthullt dieses Buch ein wundervolles und fast bewunderndes Portrat dieses Teils Argentiniens, den Sarmiento glaubte, ausmerzen zu mussen.;;;;;;;;;;;x;
EVTDESC46601_NEWS_MEDIUM;Книга, опубликованная в Аргентине, использует историю диктатора Факундо, чтобы разоблачить противостояние европейской «цивилизации» и местного «варварства». Несмотря на осуждение книги, в ней возникает замечательный портрет части Аргентины, которую Сармьенто считал необходимой уничтожить.;;Das in Argentinien erschienene Buch nutzt die Geschichte des Diktators Facundo, um Widerspruche zw. europ. 'Zivilisation' und einh. 'Barbarei' aufzudecken. Trotz aller Verachtung zeigt das Buch ein wundervolles Portrat dieses Teils Argentiniens, den Sarmiento vernichten wollte.;;;;;;;;;;;x;
EVTDESC46601_NEWS_SHORT;Книга, опубликованная в Аргентине, раскрывает противопоставление европейской «цивилизации» и туземному «варварству». Однако возникает прекрасный портрет частей страны, осужденных там.;;Das in Argentinien veroffentlichte Buch enhullt Widerspruche zw. europ. “Zivilisation' und einh. 'Barbarei'. Dennoch gibt es auch ein wundervolles Bild der Landesteile, die es verdammt.;;;;;;;;;;;x;
EVTDESC46300_NEWS_LONG;Литературные новости из Южной Америки, Бразилии: Бразильский поэт и драматург Антонио де Кастро Алвес недавно опубликовал O Navio Negreiro (Рабский корабль), вскоре заслужив прозвище поэта рабов. Поэма с ужасными образами и выражениями описывает положение африканских рабов, которых забирают из их домов и привозят работать через океан в неизвестную им страну. Его работа оказала влияние на отмену рабства в Бразилии.;;Literarische Neuigkeiten aus Brasilien, Sud-Amerika: Der brasil. Poet und Buhnenautor Antonio de Castro Alves veroffentlichte vor kurzem O Navio Negreiro (Das Sklavenschiff), was ihm bald den Spitznamen Poet der Sklaven einbrachte. Das Gedicht beschreibt in schrecklichen Bildern und Ausdrucken die Lage der afrikanischen Sklaven, die ihrer Heimat entrissen und zur Arbeit in ein ihnen unbekanntes Land jenseits des Ozeans verschleppt werden. Sein Werk nahm grossen Einfluss auf die Abschaffung der Sklaverei in Brasilien.;;;;;;;;;;;x;
EVTDESC46300_NEWS_MEDIUM;Бразильский поэт Антонио де Кастро Алвес недавно опубликовал O Navio Negreiro (Рабский корабль), вскоре заслужив прозвище поэта рабов. В поэме описывается тяжелое положение африканских рабов. Его творчество оказало влияние на отмену рабства в Бразилии.;;Der brasil. Poet Antonio de Castro Alves, der 'Poet der Sklaven', veroffentlichte vor kurzem O Navio Negreiro (Das Sklavenschiff). Das Gedicht beschreibt die schreckliche Lage der afrikanischen Sklaven. Sein Werk nahm grossen Einfluss auf die Abschaffung der Sklaverei in Brasilien.;;;;;;;;;;;x;
EVTDESC46300_NEWS_SHORT;Антонио де Кастро Алвес опубликовал O Navio Negreiro и вскоре получил прозвище поэта рабов. Его работа оказала влияние на отмену рабства в Бразилии.;;Antonio de Castro Alves, der 'Poet der Sklaven', veroffentlichte O Navio Negreiro. Sein Werk nahm grossen Einfluss auf die Abschaffung der Sklaverei in Brasilien.;;;;;;;;;;;x;
EVTDESC46301_NEWS_LONG;В 1894 году Чарльз Миллер из Паулисты вернулся из Англии, где он учился, с двумя футбольными мячами, книгой правил, комплектом униформы и опытом изучения спорта, изобретенного англичанами. Миллер и другие англичане, проживающие в Сан-Паулу, сыграли первый матч в Бразилии в 1895 году, когда сотрудники Газовой компании играли против сотрудников Железнодорожной компании Сан-Паулу. Матч проходил в долине Кармо, и сотрудники компании Infraestructure выиграли со счетом 4:2. С тех пор интерес бразильцев к этому виду спорта резко возрос.;;1894 kehrte der Paulist Charles Miller mit zwei Ballen, einem Regelwerk, einem Satz Uniformen und dem erlernten Wissen uber das von Englandern erfundenen Sport aus England zuruck, wo er studiert hatte. Miller und andere engl. Einwohner von Sao Paulo spielten 1895 in Brasilien die erste Partie, in der Angestellte des Gaswerkes gegen Angestellte der Eisenbahn von Sao Paulo antraten. Das Spiel fand im Tal von Carmo statt und die Eisenbahnarbeiter gewannen 4:2. Seitdem ist die Begeisterung der Brasilianer fur diesen Sport dramatisch angestiegen. ;;;;;;;;;;;x;
EVTDESC46301_NEWS_MEDIUM;В 1894 году Паулиста Чарльз Миллер вернулся из Англии с двумя футбольными мячами, книгой правил, комплектом формы и опытом изучения спорта, изобретенного англичанами. С тех пор интерес бразильцев к этому виду спорта резко возрос.;;1894 kehrte der Paulist Charles Miller mit zwei Ballen, einem Regelwerk, einem Satz Uniformen und dem erlernten Wissen uber das in England erfundenen Sport aus England zuruck, wo er studiert hatte. Seitdem ist die Begeisterung der Brasilianer fur diesen Sport dramatisch angestiegen. ;;;;;;;;;;;x;
EVTDESC46301_NEWS_SHORT;Вернувшись в Бразилию из Англии, где он научился играть в футбол, Чарльз Миллер, игрок клуба «Паулиста», резко повысил интерес бразильцев к этому виду спорта.;;Nachdem der Paulist Charles Miller aus England zuruckkehrte, wo er den Sport namens Fussball erlernte, erweckte er das Interesse der Brasilianer an diesem Sport.;;;;;;;;;;;x;
EVTDESC46302_NEWS_LONG;Новости от нашего корреспондента в Южной Америке, Бразилия: Франсиско Сабино, недовольный медик, ставший революционным военным офицером, начал радикальное восстание в бразильском штате Баия, призывая к отмене рабства и перераспределению земли. Поступают сообщения о стычках по всему региону с бразильскими имперскими войсками. Ходят слухи, что повстанцы планируют захватить и удержать важный город Сальвадор.;;Neuigkeiten von unserem Korrespondenten in Brasilien, Sud-Amerika: Francisco Sabino, ein unzufriedener Arzt, der zum revolutionaren Militar-Offizier wurde, initiierte einen radikalen Aufstand im brasil. Staat Bahia und fordert das Ende der Sklaverei und die Neuverteilung des Landes. Meldungen berichten von Gefechten in der Region gegen brasil. Regierungstruppen. Geruchten zufolge wollen die Rebellen die wichtige Stadt Salvador einnehmen und halten.;;;;;;;;;;;x;
EVTDESC46302_NEWS_MEDIUM;Франсиско Сабино, медик, ставший революционным военным офицером, начал радикальное восстание в штате Баия, призывая к отмене рабства и перераспределению земли. Сообщается, что по всему региону происходят стычки с бразильскими имперскими войсками.;;Francisco Sabino, ein Arzt, der zum revolutionaren Militar-Offizier wurde, initiierte einen radikalen Aufstand im brasil. Staat Bahia und fordert das Ende der Sklaverei und Neuverteilung des Landes. Meldungen berichten von Gefechten in der Region gegen brasil. Regierungstruppen.;;;;;;;;;;;x;
EVTDESC46302_NEWS_SHORT;Военный офицер Франсиско Сабино поднял радикальное восстание в бразильском штате Баия, призывая к отмене рабства и перераспределению земли.;;Francisco Sabino, ein Militar-Offizier, initiierte einen radikalen Aufstand im brasil. Staat Bahia und fordert das Ende der Sklaverei und Neuverteilung des Landes.;;;;;;;;;;;x;
EVTDESC33300_NEWS_LONG;Великая трагедия! Театр великого герцогства Баден сгорел дотла в Карлсруэ. Власти говорят, что состав здания, в основном из дерева и холста, мог способствовать распространению пламени. Пожар начался во время представления и быстро вызвал панику среди зрителей, которые отчаянно пытались покинуть здание. Однако аварийные двери, которые открывались внутрь, помешали быстрому выходу всех зрителей. Сообщается, что в этой ужасной катастрофе погибло 63 человека.;;Welche Tragodie! Das Theater im Grossherzogtum Baden in Karlsruhe brannte komplett nieder. Offizielle sagen, dass die Bauweise aus uberwiegend Holz und Leinwand, die schnelle Ausbreitung des Feuers begunstigte. Das Feuer begann wahrend einer Auffuhrung und verbreitete schnell Panik unter den Zuschauern, die verzweifelt zu fluchten versuchten. Die sich nach innen offnenden Notausgangs-Turen, verhinderten jedoch ein schnelles Entkommen. 63 verloren ihr Leben in diesem schrecklichen Desaster.;;;;;;;;;;;x;
EVTDESC33300_NEWS_MEDIUM;Театр великого герцогства Баден сгорел дотла в Карлсруэ. Пожар начался во время представления и быстро вызвал панику среди зрителей, которые попытались покинуть здание. Сообщается, что в этой страшной катастрофе погибло 63 человека.;;Das Theater im Grossherzogtum Baden in Karlsruhe brannte komplett nieder. Das Feuer begann wahrend einer Auffuhrung und verbreitete schnell Panik unter den Zuschauern, die verzweifelt zu fluchten versuchten. 63 verloren ihr Leben in diesem schrecklichen Desaster.;;;;;;;;;;;x;
EVTDESC33300_NEWS_SHORT;Великая трагедия! В Карлсруэ сгорел дотла театр великого герцогства Баден. В результате катастрофы погибло 63 человека.;;Welche Tragodie! Das Theater im Grossherzogtum Baden in Karlsruhe brannte komplett nieder. 63 verloren ihr Leben in der Katastrophe.;;;;;;;;;;;x;
EVTDESC34100_NEWS_LONG;Музыкальные новости: 42 хоровых общества из Рейнланда, Бадена, Гессена и Франконии встретились во Франкфурте, чтобы отпраздновать трехдневный фестиваль музыки Моцарта. Для подготовки мероприятия были собраны денежные пожертвования, а также были организованы гостеприимные помещения для притока хористов. Тысячи людей собрались на берегах реки Майн, чтобы приветствовать их. Даже световые фонари были заполнены веселыми зрителями, размахивающими платками и ликующими. Однако, как говорят, мероприятие быстро превратилось в демонстрацию за политическое объединение Германии.;;Musikalische Neuigkeiten: 42 Gesangsvereine aus dem Rheinland, Baden, Hessen und Franken trafen sich in Frankfurt zu einem dreitagigen Festival der Musik Mozarts. Die Vorbereitungen erfolgten dank Geldspenden und Gastquartiere fur den erwarteten Strom an Chormitgliedern wurden vorbereitet. Tausende versammelten sich an den Ufern des Mains zu ihrer Begrussung. Sogar die Dacher waren voller jubelnder Zuschauer, die feierten und mit Taschentuchern wedelten. Angeblich wandelte sich das Ereignis jedoch schnell zu einer Demonstration der politischen Einheit Deutschlands.;;;;;;;;;;;x;
EVTDESC34100_NEWS_MEDIUM;42 хоровых общества из Рейнланда, Бадена, Гессена и Франконии встретились во Франкфурте, чтобы отпраздновать трехдневный фестиваль музыки Моцарта. Дома были заполнены ликующими зрителями. Однако мероприятие превратилось в демонстрацию за политическое объединение Германии.;;42 Gesangsvereine aus dem Rheinland, Baden, Hessen und Franken trafen sich in Frankfurt zu einem dreitagigen Festival der Musik Mozarts. Die Hauser waren voller jubelnder Zuschauer. Das Ereignis wandelte sich jedoch zu einer Demonstration der politischen Einheit Deutschlands.;;;;;;;;;;;x;
EVTDESC34100_NEWS_SHORT;42 хоровых общества встретились во Франкфурте, чтобы отметить трехдневный фестиваль музыки Моцарта. Однако мероприятие превратилось в демонстрацию за политическое объединение Германии.;;42 Gesangsvereine trafen sich in Frankfurt zu einem dreitagigen Festival der Musik Mozarts. Das Ereignis wandelte sich jedoch zu einer Demonstration der politischen Einheit Deutschlands.;;;;;;;;;;;x ;
EVTDESC44100_NEWS_LONG;В 1885 году Марк Твен опубликовал «Приключения Гекльберри Финна» и полностью изменил американскую художественную литературу. До ее публикации американская художественная литература имела тенденцию использовать форму и язык своих европейских предшественников. Марк Твен выстрелил во имя языковой независимости, прекрасно изобразив речь неграмотных и бесправных американцев. Книга была явной попыткой показать, что люди всех видов достойны уважения из-за своих действий, а не из-за своего статуса.;;1885 veroffentliche Mark Twain 'Die Abenteuer von Huckleberry Finn' und revolutionierte damit die Romanliteratur Amerikas. Bis zur Veroffentlichung verwendeten amerik. Autoren in der Literatur die Form und Sprache der europ. Vorfahren. Mark Twain setzte neue Standards der linguistischen Unabhangigkeit und nutzte in wunderschoner Weise die amerik. Sprache der ungebildeten und unfreien Bevolkerung. Das Buch war ein Versuch aufzuzeigen, dass Menschen aller Art Respekt fur ihre Taten verdienen, nicht fur ihren Status.;;;;;;;;;;;x;
EVTDESC44100_NEWS_MEDIUM;В 1885 году Марк Твен опубликовал «Приключения Гекльберри Финна» и полностью перевернул американскую литературу. Он выстрелил во имя языковой независимости, прекрасно изобразив речь неграмотных и бесправных американцев.;;1885 veroffentliche Mark Twain 'Die Abenteuer von Huckleberry Finn' und revolutionierte damit die Romanliteratur Amerikas. Mark Twain setzte linguistischer Unabhangigkeit ein Zeichen und nutzte in wunderschoner Weise die amerik. Sprache der ungebildeten und unfreien Bevolkerung.;;;;;;;;;;;x;
EVTDESC44100_NEWS_SHORT;В 1885 году Марк Твен опубликовал «Приключения Гекльберри Финна» и произвел революцию в американской художественной литературе, прекрасно изобразив речь неграмотных и бесправных американцев.;;1885 veroffentliche Mark Twain 'Die Abenteuer von Huckleberry Finn' und revolutionierte die amerik. Fiktion mit der Verwendung der Sprache der ungebildeten und unfreien Bevolkerung Amerikas.;;;;;;;;;;;x;
EVTDESC44101_NEWS_LONG;Паровоз № 999, направляющийся в Empire State Express на New York Central и Hudson River Infraestructure, как утверждается, развил скорость 112 миль в час между Батавией и Буффало. Несмотря на то, что скептически настроенные репортеры, замеряющие № 999, независимо заявляют, что он в лучшем случае движется со скоростью 86 миль в час на указанном участке пути, это все равно самая замечательная скорость для обычного пассажирского поезда той эпохи, намного превышающая скорости, достижимые другими объектами на колесах за пределами специально построенных путей для специальных испытаний.;;Dampflokomotive Nr. 999 erreichte laut Messungen eine Geschwindigkeit von 112 Meilen pro Stunde mit dem Empire State Express auf der New York Central & Hudson River-Eisenbahnstrecke von Batavia nach Buffalo. Skeptische Reporter sprechen dagegen von unabhangigen Messungen von Nr. 999 von bestenfalls 86 Meilen pro Stunde auf der angegebenen Strecke, doch dies ist immer noch eine beeindruckende Geschwindigkeit fur einen normalen Personenzug dieser Zeit und schlagt andere Fahrzeuge in anderen Einsatzgebieten um Langen.;;;;;;;;;;;x;
EVTDESC44101_NEWS_MEDIUM;Паровоз № 999, направляющийся в Empire State Express на New York Central и Hudson River Infraestructure, как утверждается, развил скорость 112 миль в час между Батавией и Буффало. Это самая замечательная скорость для обычного пассажирского поезда той эпохи.;;Dampflok Nr. 999 erreichte lt. Messungen eine Geschwindigkeit von 112 Meilen pro Stunde mit dem Empire State Express auf der New York Central & Hudson River-Eisenbahnstrecke von Batavia nach Buffalo. Eine beeindruckende Geschwindigkeit fur einen normalen Personenzug dieser Zeit.;;;;;;;;;;;x;
EVTDESC44101_NEWS_SHORT;Утверждается, что паровоз № 999, направлявшийся в экспресс Empire State по линии New York Central и Hudson River Infraestructure, развил скорость 112 миль в час между Батавией и Буффало.;;Dampflok Nr. 999 erreichte lt. Messungen eine Geschwindigkeit von 112 Meilen pro Stunde mit dem Empire State Express auf der New York Central & Hudson River-Eisenbahnstrecke Batavia-Buffalo.;;;;;;;;;;;x;
EVTDESC44102_NEWS_LONG;Кандидат в президенты Уильям Дженнингс Брайан призвал к чеканке свободного серебра, заработав себе номинации от Популистской, Серебряной республиканской, Национальной серебряной и Прогрессивной партий, и впервые со времен классовых войн объединив западных и южных фермеров ради общего дела. Его поддержка была воспринята северными промышленниками как попытка саботировать кредиторов и разрушить тресты.;;Prasidentschaftskandidat William Jennings Bryan erlangte mit seinem Kampf fur den Bimetallismus gegen den Goldstandard Nominierungen der Populistischen, Silver-Republican, National Silver und Progressiven Parteien und vereinte erstmals westliche und sudliche Farmer fur ein gemeinsames Ziel seit den Klassenkampfen. Die Unterstutzung werteten Industrielle des Nordens als Versuch der Sabotage von Glaubigern und Zerschlagung der Konzerne.;;;;;;;;;;;x;
EVTDESC44102_NEWS_MEDIUM;Кандидат в президенты Уильям Дженнингс Брайан призвал к чеканке свободного серебра, заработав себе номинации от Популистской, Серебряно-республиканской, Национальной серебряной и Прогрессивной партий, а также объединив западных и южных фермеров ради общего дела.;;Prasidentschaftskandidat William Jennings Bryan erlangte mit seinem Kampf fur den Bimetallismus gegen den Goldstandard Nominierungen der Populistischen, Silver-Republican, National Silver und Progressiven Parteien und vereinte westliche und sudliche Farmer fur ein gemeinsames Ziel.;;;;;;;;;;;x;
EVTDESC44102_NEWS_SHORT;Кандидат в президенты Уильям Дженнингс Брайан призвал к чеканке свободного серебра, заработав себе номинации от Популистской, Серебряно-республиканской, Национальной серебряной и Прогрессивной партий.;;Prasidentschaftskandidat William Jennings Bryan erlangte mit seinem Kampf fur den Bimetallismus Nominierungen der populistischen, Silver-Republican, National Silver und progressiven Parteien.;;;;;;;;;;;x;
EVTDESC44103_NEWS_LONG;HMS Resolute был найден дрейфующим в Северной Атлантике после того, как был оставлен эскадрой в поисках пропавшего полярного исследователя сэра Джона Франклина. Первоначально торговый барк, Resolute был переоборудован для навигации в полярных водах, чтобы стать частью экспедиции, организованной женой Франклина для спасения ее мужа. Сэр Франклин и его экспедиция, как полагают, погибли от пневмонии и голода после того, как покинули свои застрявшие во льдах суда. Соединенные Штаты выкупили судно у спасателей, переоборудовали его и вернули Великобритании.;;Die HMS Resolute wurde im Nord-Atlantik treibend gefunden, nachdem sie von der Besatzung auf der Suche nach dem Polarforscher Sir John Franklin verlassen wurde. Das ehemalige Handelsschiff wurde fur die Navigation in Polargewassern umgebaut, um Teil der von Franklins Ehefrau organisierten Rettungs-Expedition zu werden. Man nimmt an, dass Sir Franklin und sein Team an Lungenentzundung und Hunger starben. Die Vereinigten Staaten kauften das geborgene Schiff, besserten es aus und sandten es nach Grossbritannien zuruck.;;;;;;;;;;;x;
EVTDESC44103_NEWS_MEDIUM;HMS Resolute был найден дрейфующим в Северной Атлантике, после того как был оставлен эскадрой в поисках пропавшего полярного исследователя сэра Джона Франклина. Соединенные Штаты выкупили судно у спасателей, переоборудовали его и вернули Великобритании.;;Die HMS Resolute wurde im Nord-Atlantik treibend gefunden, nachdem sie von der Besatzung auf der Suche nach dem Polarforscher Sir John Franklin verlassen wurde. Die Vereinigten Staaten kauften das geborgene Schiff, besserten es aus und sandten es nach Grossbritannien zuruck.;;;;;;;;;;;x;
EVTDESC44103_NEWS_SHORT;HMS Resolute был найден дрейфующим в Северной Атлантике. Соединенные Штаты выкупили судно у спасателей, переоборудовали его и вернули Великобритании.;;Die HMS Resolute wurde im Nord-Atlantik treibend gefunden. Die Vereinigten Staaten kauften das geborgene Schiff und sandten es nach Ausbesserungen nach Grossbritannien zuruck.;;;;;;;;;;;x;
EVTDESC44104_NEWS_LONG;Политик и юрист Хорас Манн начал реформы образовательной системы Массачусетса. Его система школ стала моделью для всех Соединенных Штатов. Манн был известен тем, что посещал каждую школу в штате, чтобы узнать о ее положении, он также известен тем, что путешествовал за свой счет в Европу, чтобы узнать подробности прусской школьной системы. Он прославился как один из первых сторонников отказа от телесных наказаний, что вызвало конфликты со многими традиционно настроенными учителями, вопрос, который в конечном итоге был решен в его пользу.;;Politiker und Anwalt Horace Mann begann mit seinen Reformen des Bildungswesens von Massachusetts. Sein Schulsystem wurde ein Modell fur die gesamten Vereinigten Staaten. Mann war bekannt dafur, alle Schulen des Staates zu besuchen und ihre Lage zu erfassen, auch reiste er auf eigene Kosten nach Europa, um mehr uber das preussische Schulsystem zu lernen. Er ist beruhmt als einer der ersten, die die Abschaffung der Prugelstrafe forderten, was zu Konflikten mit vielen traditionsverbundenen Lehrern fuhrte und am Ende in seinem Sinne einen Abschluss fand.;;;;;;;;;;;x;
EVTDESC44104_NEWS_MEDIUM;Политик и юрист Хорас Манн начал реформы образовательной системы Массачусетса. Его система школ стала образцом для всей нации. Манн был известен тем, что путешествовал за свой счет в Европу, чтобы изучить подробности прусской школьной системы.;;Politiker und Anwalt Horace Mann begann mit seinen Reformen des Bildungswesens von Massachusetts. Sein Schulsystem wurde ein Modell fur die gesamten Vereinigten Staaten. Mann reiste auf eigene Kosten nach Europa, um mehr uber das preussische Schulsystem zu lernen.;;;;;;;;;;;x;
EVTDESC44104_NEWS_SHORT;Политик и юрист Хорас Манн начал реформы образовательной системы Массачусетса. Его система школ стала образцом для всех Соединенных Штатов.;;Politiker und Anwalt Horace Mann begann mit seinen Reformen des Bildungswesens von Massachusetts. Sein Schulsystem wurde ein Modell fur die gesamten Vereinigten Staaten.;;;;;;;;;;;x;
EVTDESC44105_NEWS_LONG;Конгресс США основал Смитсоновский институт, который подчиняется непосредственно президенту. Его целями были и остаются поддержка исследований и экспедиций, а также популяризация науки. Британский ученый Джеймс Смитсон завещал свое богатство нации, и потребовались годы торгов в Конгрессе, чтобы придумать учреждение, которое Смитсон в своем завещании потребовал посвятить «увеличению и распространению знаний среди людей». С помощью специальных экспедиций и добровольных пожертвований Смитсоновский институт начал собирать свои впечатляющие коллекции.;;Der Kongress der Vereinigten Staaten grundete das Smithsonian-Institut, das direkt an den Prasidenten berichtet. Seine Ziele sind die Unterstutzung von Forschung und Expeditionen, sowie die Belebung der Wissenschaft. Der brit. Forscher James Smithson vermachte seinen Reichtum der Nation und es dauerte viele Jahre, bis der Kongress nach seinem Willen das Smithsonian-Institut zum 'Wachstum und der Vielfalt des menschlichen Wissens' realisierte. Dank spezieller Expeditionen und freiwilligen Spenden, begann das Smithsonian mit seinen eindrucksvollen Sammlungen.;;;;;;;;;;;x;
EVTDESC44105_NEWS_MEDIUM;Конгресс США основал Смитсоновский институт, который подчиняется непосредственно президенту. Благодаря специальным экспедициям и добровольным пожертвованиям Смитсоновский институт начал собирать свои впечатляющие коллекции.;;Der Kongress der Vereinigten Staaten grundete das Smithsonian-Institut, das direkt an den Prasidenten berichtet. Dank spezieller Expeditionen und freiwilligen Spenden begann das Smithsonian mit seinen eindrucksvollen Sammlungen.;;;;;;;;;;;x;
EVTDESC44105_NEWS_SHORT;Конгресс США основал Смитсоновский институт, который подчиняется непосредственно президенту. Его целями были и остаются поддержка исследований и экспедиций.;;Der Kongress der Vereinigten Staaten grundete das Smithsonian-Institut, das direkt an den Prasidenten berichtet. Sein Ziel war und ist die Unterstutzung von Forschung und Expeditionen. ;;;;;;;;;;;x;
EVTDESC44106_NEWS_LONG;Первый сборник «Очерков» Ральфа Уолдо Эмерсона был опубликован в 1841 году и познакомил мир с новой, довольно мистической философией, присущей Новому Свету. Хотя многие европейцы не считали его философом как таковым, его влияние на континентальное мышление было несомненным — особенно на Ницше. Вдохновленный одним из «Очерков» Эмерсона, «Природой», трансцендентализм, выводивший принципы из внутренней духовной сущности человека, стал крупным культурным движением 1840-х годов, хотя критики утверждали, что он находится за пределами разума и здравомыслия.;;Ralph Waldo Emersons erste Essay-Sammlung wurde 1841 veroffentlicht und fuhrte die Welt in eine neue, recht mystische Philosophie der Neuen Welt ein. Auch wenn viele Europaer ihn nicht direkt als Philosophen ansahen, beeinflusste er das kontinentale Bewusstsein ohne Zweifel – insbesondere bei Nietzsche. Inspiriert von Emersons Essay 'Natur' wurde Transzendentalismus, der sich mit Prinzipien aus der menschlichen, inneren Spiritualitat befasste, in den 1840ern eine grosse, kulturelle Bewegung, auch wenn Kritiker dies als Unsinn und Wahnsinn bezeichneten.;;;;;;;;;;;x;
EVTDESC44106_NEWS_MEDIUM;Первая коллекция «Очерков» Ральфа Уолдо Эмерсона была опубликована в 1841 году и представила новую мистическую философию, свойственную Новому Свету. Хотя многие европейцы не считали его большим философом, его влияние на континентальное мышление было несомненным.;;Ralph Waldo Emersons erste Essay-Sammlung wurde 1841 veroffentlicht und fuhrte in eine neue, recht mystische Philosophie der Neuen Welt ein. Auch wenn viele Europaer ihn nicht direkt als Philosophen ansahen, beeinflusste er das kontinentale Bewusstsein ohne Zweifel.;;;;;;;;;;;x;
EVTDESC44106_NEWS_SHORT;Первый сборник «Очерков» Ральфа Уолдо Эмерсона был опубликован в 1841 году и представил новую, довольно мистическую философию, свойственную Новому Свету.;;Ralph Waldo Emersons erste Essay-Sammlung wurde 1841 veroffentlicht und fuhrte in eine neue, recht mystische Philosophie der Neuen Welt ein.;;;;;;;;;;;x;
EVTDESC44107_NEWS_LONG;В 1861 году Оливер Уэнделл Холмс опубликовал «Общее право» — историю традиции общего права. В ней он утверждал, что право не является логическим, а скорее волей судьи, смягченной обстоятельствами, или, как гласит его самая известная максима, «Жизнь закона не была логикой, а опытом». Книга быстро стала классикой, и Холмс был назначен на должность профессора в Гарварде в следующем году и в конечном итоге стал судьей Верховного суда США. Публикация «Общего права» ознаменовала подъем прагматизма среди американских интеллектуалов.;;1861 veroffentlichte Oliver Wendell Holmes 'The Common Law' uber die Geschichte der Tradition des burgerlichen Rechts. Laut ihm war das Recht nicht logisch, sondern wurde vom Willen und der Umgebung der Richter beeinflusst. Seine Haupt-Maxime lautete: Das Leben des Rechts basiert nicht auf Logik, sondern Erfahrung. Sie wurde schnell zum Klassiker und Holmes erhielt ein Jahr spater einen Lehrstuhl in Havard und wurde schliesslich ein Richter am Verfassungsgericht. Amerik. Intellektuelle verbanden mit der Veroffentlichung das Erstarken des Pragmatismus.;;;;;;;;;;;x;
EVTDESC44107_NEWS_MEDIUM;В 1861 году Оливер Уэнделл Холмс опубликовал «Общее право» — историю традиции общего права. В ней он утверждал, что право не является логическим, а скорее волей судьи, смягченной обстоятельствами, или, проще говоря, что «Жизнь права» была не логикой, а опытом.;;1861 veroffentlichte Oliver Wendell Holmes 'The Common Law' uber die Geschichte der Tradition des burgerlichen Rechts. Laut ihm war das Recht nicht logisch, sondern wurde von der Umgebung der Richter beeinflusst. Das Leben des Rechts basiert nicht auf Logik, sondern Erfahrung.;;;;;;;;;;;x;
EVTDESC44107_NEWS_SHORT;В 1861 году Оливер Уэнделл Холмс опубликовал книгу «Общее право», посвященную истории традиции общего права, в которой утверждалось, что право не является логикой, а представляет собой волю судьи, смягчаемую обстоятельствами.;;1861 veroffentlichte Oliver Wendell Holmes 'The Common Law' uber die Geschichte der Tradition des burgerl. Rechts, welches nicht von Logik, sondern vom Willen der Richter beeinflusst wurde.;;;;;;;;;;;x;
EVTDESC44108_NEWS_LONG;В 1885 году Улисс С. Грант опубликовал свои «Личные мемуары», которые были почти полным пересказом его жизни. Он написал книгу, страдая от рака горла, чтобы попытаться гарантировать своей семье пропитание после своей смерти. Общепризнанные шедевры американской литературы, мемуары Гранта отличаются своей прямотой, ясностью и экономией стиля. «Личные мемуары» имели ошеломительный успех в свое время и остаются одной из немногих книг, непрерывно издаваемых со времен Гражданской войны. Это, вероятно, лучшая книга, написанная американским президентом.;;1885 veroffentlichte Ulysses S. Grant seine personl. Memoiren, die fast sein ganzes Leben erzahlten. Er schrieb das Buch, als er unter Kehlkopfkrebs litt, um seiner Familie nach seinem Tod ein Einkommen zu gewahrleisten. Allgemein als Meisterwerk angesehen, ist das Buch markant in seiner Direktheit, Klarheit und seinem Stil. Die 'Personlichen Memoiren' waren ein voller Erfolg und das Buch wird als eines der wenigen seit dem Burgerkrieg weiterhin verlegt. Es ist moglicherweise das beste Buch eines amerik. Prasidenten.;;;;;;;;;;;x;
EVTDESC44108_NEWS_MEDIUM;В 1885 году Улисс С. Грант опубликовал свои «Личные мемуары», почти полный пересказ своей жизни. Он написал книгу, страдая от рака горла, чтобы попытаться обеспечить своей семье пропитание после своей смерти. Это, вероятно, лучшая книга, написанная американским президентом.;;1885 veroffentlichte Ulysses S. Grant seine personl. Memoiren, die fast sein ganzes Leben erzahlten. Er schrieb das Buch, als er unter Kehlkopfkrebs litt, um seiner Familie nach dem Tod ein Einkommen zu gewahrleisten. Es ist moglicherweise das beste Buch eines amerik. Prasidenten.;;;;;;;;;;;x;
EVTDESC44108_NEWS_SHORT;В 1885 году Улисс С. Грант опубликовал свои «Личные мемуары», которые представляли собой почти полный пересказ его жизни и, вероятно, лучшую книгу, написанную американским президентом.;;1885 veroffentlichte Ulysses S. Grant seine personl. Memoiren, die fast sein ganzes Leben erzahlten, und moglicherweise das beste Buch eines amerik. Prasidenten ist.;;;;;;;;;;;x;
EVTDESC44109_NEWS_LONG;Альфред Тайер Мэхэн опубликовал книгу «Влияние морской мощи на историю», в которой проанализировал роль морской мощи в истории, а также обсудил различные стратегические аспекты и преимущества организации и поддержания значительных военно-морских сил. Она была принята теми, кто был заинтересован в расширении как ВМС США, так и всемирных интересов Соединенных Штатов. Книгу считают наиболее влиятельным произведением в области военно-морской стратегии. Принятие принципов Мэхэна, как утверждается, стало прямой причиной гонки военно-морских вооружений.;;Alfred Thayer Mahan veroffentlichte 'Vom Einfluss der Seemacht auf die Geschichte' mit einer Analyse der Rolle von Seestreitkraften und einer Diskussion zahlreicher strategischer Aspekte, sowie der Hervorhebung der Vorzuge der Organisation und Verwaltung einer Seestreitmacht. An der U.S. Marine und der Ausdehnung des amerik. Einflusses weltweit Interessierte begrussten das Buch als das bedeutendste Werk zur Strategie der Marine. Die Ubernahme von Mahans Prinzipien gilt als direkte Ursache fur das Marine-Wettrusten.;;;;;;;;;;;x;
EVTDESC44109_NEWS_MEDIUM;Альфред Тайер Мэхэн опубликовал работу «Влияние морской мощи на историю», в которой проанализировал роль морской мощи в истории, а также рассмотрел различные стратегические аспекты и преимущества организации и содержания значительных военно-морских сил.;;Alfred Thayer Mahan veroffentlichte 'Vom Einfluss der Seemacht auf die Geschichte' mit einer Analyse der Rolle von Seestreitkraften und einer Diskussion zahlreicher strategischer Aspekte, sowie der Hervorhebung der Vorzuge der Organisation und Verwaltung einer Seestreitmacht.;;;;;;;;;;;x;
EVTDESC44109_NEWS_SHORT;Альфред Тайер Мэхэн опубликовал «Влияние морской мощи на историю». Принятие принципов Мэхэна, как утверждается, стало прямой причиной гонки морских вооружений.;;Alfred Thayer Mahan veroffentlichte 'Vom Einfluss der Seemacht auf die Geschichte. Die Ubernahme von Mahans Prinzipien gilt als direkte Ursache fur das Marine-Wettrusten.;;;;;;;;;;;x;
EVTDESC44110_NEWS_LONG;$COUNTRY$: В ответ на растущие антивоенные и рабочие настроения среди призывников и низших слоев населения Конгресс принял измененную версию Закона об иностранцах и подстрекательстве к мятежу 1799 года, сделав незаконным протест против президента и национальной политики во время войны и значительно подрывая права иностранных граждан и просителей убежища. Поддержанные Верховным судом в нескольких эпохальных постановлениях в течение следующего десятилетия, законы сохранялись в различных формах, пока не были отменены судом Уоррена полвека спустя.;;$COUNTRY$: Als Antwort auf die wachsenden Anti-Kriegs- und Arbeiterbewegungen unter Wehrpflichtigen und der Unterschicht, verabschiedete der Kongress eine revidierte Version der 1799 Alien and Sedition Acts, der Proteste gegen den Prasidenten und nationale Politik in Zeiten des Krieges verbot und die Rechte von Auslandern und Asyl-Suchenden massiv einschrankte. Das Verfassungsgericht hielt das Gesetz das nachste Jahrzehnt in mehreren Meilenstein-Urteilen in variierender Form aufrecht, bis es vom Warren-Gericht ein halbes Jahrhundert spater verworfen wurde.;;;;;;;;;;;x;
EVTDESC44110_NEWS_MEDIUM;$COUNTRY$: В ответ на растущие антивоенные и рабочие настроения среди призывников и низших слоев населения Конгресс принял измененную версию Закона об иностранцах и подстрекательстве к мятежу 1799 года, согласно которой протесты против президента и национальной политики во время войны стали незаконными.;;$COUNTRY$: Als Antwort auf wachsende Anti-Kriegs- und Arbeiterbewegungen bei Wehrpflichtigen und der Unterschicht, verabschiedete der Kongress eine revidierte Version der 1799 Alien and Sedition Acts, der Proteste gegen den Prasidenten und nationale Politik in Kriegszeiten verbot.;;;;;;;;;;;x;
EVTDESC44110_NEWS_SHORT;$COUNTRY$: В ответ на растущие антивоенные и трудовые настроения среди призывников и низших слоев населения Конгресс запретил протестовать против президента и национальной политики во время войны.;;$COUNTRY$: Als Antwort auf Anti-Kriegs- und Arbeiterbewegungen bei Wehrpflichtigen und der Unterschicht, verbot der Kongress Proteste gg. den Prasidenten und nationale Politik in Kriegszeiten.;;;;;;;;;;;x;
EVTDESC44111_NEWS_LONG;$COUNTRY$: Люди из Пинкертона, которые доказали свою эффективность в раскрытии ограблений поездов и поимке фальшивомонетчиков, теперь перешли на работу в качестве штрейкбрехеров и внедрении в такие тайные общества, как «Молли Магуайрс». Начав как частное детективное агентство для различных компаний инфраструктуры, Пинкертоны настолько преуспели в выполнении задач по обеспечению соблюдения закона, что в отсутствие средств на создание специального следственного агентства они в конечном итоге были наняты федеральным правительством для обеспечения соблюдения федеральных законов. Они утверждают, что никогда не спят.;;$COUNTRY$: Pinkerton-Manner, die sich als effektiv in der Aufklarung von Zuguberfallen und dem Aufspuren von Falschern erwiesen haben, arbeiten nun als Streikbrecher und infiltrieren Geheimbunde wie die Molly Maguires. Sie begannen als Privatdetektive fur Eisenbahn-Unternehmen und erweisen sich nun im Gesetzesvollzug in Ermangelung von Geldmitteln zur Einrichtung einer offiziellen Detektei als so hilfreich, dass die Regierung sie im Gesetzesvollzug anheuert. Sie behaupten, niemals zu schlafen.;;;;;;;;;;;x;
EVTDESC44111_NEWS_MEDIUM;$COUNTRY$: Люди Пинкертона, доказавшие свою эффективность в раскрытии ограблений поездов и поимке фальшивомонетчиков, теперь перешли на работу штрейкбрехеров и проникновение в такие тайные общества, как «Молли Магуайрс». Они утверждают, что никогда не спят.;;$COUNTRY$: Pinkerton-Manner, die sich als effektiv in der Aufklarung von Zuguberfallen und dem Aufspuren von Falschern erwiesen haben, arbeiten nun als Streikbrecher und infiltrieren Geheimbunde wie die Molly Maguires. Sie behaupten, niemals zu schlafen.;;;;;;;;;;;x;
EVTDESC44111_NEWS_SHORT;$COUNTRY$: Люди из Пинкертона, доказавшие свою эффективность в раскрытии ограблений поездов и поимке фальшивомонетчиков, теперь перешли на работу в качестве штрейкбрехеров.;;$COUNTRY$: Pinkerton-Manner, die sich als effektiv in der Aufklarung von Zuguberfallen und dem Aufspuren von Falschern erwiesen haben, arbeiten nun als Streikbrecher.;;;;;;;;;;;x;
EVTDESC44112_NEWS_LONG;$COUNTRY$: Восемь команд объединились, чтобы сформировать чистую, хорошо управляемую бейсбольную лигу - Boston Red Caps, Chicago White Stockings, Cincinnati Reds, Hartford Dark Blues, Louisville Grays, New York Mutuals, Philadelphia Athletics и St. Louis Browns. Они ссылаются на коррупционные скандалы и неэффективное управление в других организациях как на причину создания новой ассоциации. Объединяя команды из крупнейших городов под одной твердой рукой и играя по правилам Нью-Йорка, эта конкретная лига, как ожидается, станет более успешной, чем любая предшественница, и переживет всех своих конкурентов.;;$COUNTRY$: Acht Teams haben sich zur Formierung einer sauberen, organisierten Baseball-Liga zusammengetan - die Boston Red Caps, Chicago White Stockings, Cincinnati Reds, Hartford Dark Blues, Louisville Grays, New York Mutuals, Philadelphia Athletics und St. Louis Browns. Als Grund gaben sie Korruptionsskandale und Misswirtschaft in anderen Organisationen an. Mit den Teams der grossten Stadte unter einer Kontrolle nach New Yorker Regeln, wird dieser Liga ein grosser Erfolg vorausgesagt, die allen Kontrahenten standhalten wird.;;;;;;;;;;;x;
EVTDESC44112_NEWS_MEDIUM;$COUNTRY$: Восемь команд объединились, чтобы сформировать чистую, хорошо организованную бейсбольную лигу — Boston Red Caps, Chicago White Stockings, Cincinnati Reds, Hartford Dark Blues, Louisville Grays, New York Mutuals, Philadelphia Athletics и St. Louis Browns.;;$COUNTRY$: Acht Teams haben sich zur Formierung einer sauberen, organisierten Baseball-Liga zusammengetan - die Boston Red Caps, Chicago White Stockings, Cincinnati Reds, Hartford Dark Blues, Louisville Grays, New York Mutuals, Philadelphia Athletics und St. Louis Browns.;;;;;;;;;;;x;
EVTDESC44112_NEWS_SHORT;$COUNTRY$: Восемь команд объединились, чтобы сформировать чистую, хорошо организованную бейсбольную лигу. Среди них Boston Red Caps, Chicago White Stockings, St. Louis Browns и New York Mutuals.;;$COUNTRY$: Acht Teams haben sich zu einer sauberen, organisierten Baseball-Liga zusammengetan, darunter die Boston Red Caps, Chicago White Stockings, St. Louis Browns und New York Mutuals.;;;;;;;;;;;x;
EVTDESC44113_NEWS_LONG;$COUNTRY$: Пожар, начавшийся в амбаре в резиденции Патрика О'Лири на улице ДеКовен в Чикаго, распространился по всему деловому району, уничтожив 17 450 зданий, убив 300 человек и оставив без крова более 98 000 человек. Смелые усилия волонтеров из соседних городов, откликнувшихся на отчаянные призывы о помощи мэра Чикаго, оказались бесполезными перед лицом неудержимого огня. Пожар, предположительно вызванный коровой, пнувшей фонарь, длился два дня и две ночи, охватив большую часть города и вынудив провести масштабные восстановительные работы.;;$COUNTRY$: Ein in einer Scheune von Patrick O'Leary auf der DeKoven Street in Chicago entfachtes Feuer hat den ges. Wirtschaftsdistrikt erfasst, 17.450 Gebaude zerstort, 300 Tote gefordert und uber 98.000 obdachlos gemacht. Die tapferen Freiwilligen aus Nachbarstadten, die dem verzweifelten Hilferuf des Burgermeisters folgten, waren angesichts der Feuersbrunst machtlos. Angebliche Ursache war eine Kuh, die eine Laterne umtrat. Das angefachte Inferno wutete zwei Tage und Nachte und verschlang den Grossteil der Stadt, die nun vor immensem Wiederaufbau steht.;;;;;;;;;;;x;
EVTDESC44113_NEWS_MEDIUM;Пожар, начавшийся в амбаре резиденции Патрика О'Лири на улице ДеКовен в Чикаго, распространился по всему деловому району, уничтожив 17 450 зданий, убив 300 человек и оставив без крова более 98 000 человек.;;Ein in einer Scheune von Patrick O'Leary auf der DeKoven Street in Chicago entfachtes Feuer hat den ges. Wirtschaftsdistrikt erfasst, 17.450 Gebaude zerstort, 300 Tote gefordert und uber 98.000 obdachlos gemacht.;;;;;;;;;;;x;
EVTDESC44113_NEWS_SHORT;Пожар, начавшийся в амбаре резиденции Патрика О'Лири на улице ДеКовен в Чикаго, распространился по всему деловому району, уничтожив 17 450 зданий.;;Ein in einer Scheune von Patrick O'Leary auf der DeKoven Street in Chicago entfachtes Feuer hat den ges. Wirtschaftsdistrikt erfasst und 17.450 Gebaude zerstort.;;;;;;;;;;;x;
EVTDESC44114_NEWS_LONG;$COUNTRY$: В тридцатисекундной перестрелке в Тумстоуне, штат Аризона, Уайетт, Морган и Вирджил Эрп вместе с Доком Холлидеем убили Билли Клэнтона и Тома и Боба Маклори — троих членов их политических соперников, «Ковбоев». Вражда между законниками и ковбоями началась с ложных показаний Айка Клэнтона о предполагаемой причастности Холлидея к ограблению дилижанса и убийству. Повторные угрозы в адрес Эрпов и Холлидея со стороны Айка Клэнтона и его сообщников привели к перестрелке, в результате которой погибли три ковбоя и двое законников получили ранения.;;$COUNTRY$: In Tombstone, Arizona, toteten Wyatt, Morgan und Virgil Earp mit Doc Holliday in einem 30sekundigen Schusswechsel Billy Clanton und Tom und Bob McLaury – drei Mitglieder ihrer politischen Rivalen, den Cowboys. Das bose Blut zwischen den Sheriffs und den Cowboys begann mit Ike Clantons Falschaussage uber Hollidays angebliche Verwicklung in einen Postkutschen-Uberfall und Mord. Wiederholte Drohungen gegen die Earps und Holliday durch Ike Clanton und seine Komplizen fuhrten zu dem Schusswechsel, der drei Cowboys tot und 2 Sherrifs verwundet zurucklasst.;;;;;;;;;;;x;
EVTDESC44114_NEWS_MEDIUM;$COUNTRY$: В тридцатисекундной перестрелке в Тумстоуне, Аризона, Уайетт, Морган и Вирджил Эрп вместе с Доком Холлидеем убили Билли Клэнтона и Тома и Боба Маклори - трех членов Cowboys. Повторные угрозы привели к перестрелке, в результате которой погибли три ковбоя и двое полицейских получили ранения.;;$COUNTRY$: In Tombstone, Arizona, toteten Wyatt, Morgan und Virgil Earp mit Doc Holliday in einem 30sek. Schusswechsel Billy Clanton und Tom und Bob McLaury – drei Mitglieder der Cowboys. Drohungen fuhrten zu dem Schusswechsel mit drei toten Cowboys und zwei verwundeten Sherrifs.;;;;;;;;;;;x;
EVTDESC44114_NEWS_SHORT;Неоднократные угрозы в адрес Эрпов и Холлидея со стороны Айка Клэнтона и его сообщников привели к перестрелке, в результате которой погибли три ковбоя и двое полицейских получили ранения.;;Wiederholte Drohungen gegen die Earps und Holliday durch Ike Clanton und seine Komplizen fuhrten zu einem Schusswechsel mit drei toten Cowboys und zwei verwundeten Sherrifs.;;;;;;;;;;;x;
EVTDESC44116_NEWS_LONG;К середине 1830-х годов волна религиозного рвения прокатилась по США. Движимое харизматичными проповедниками, призывавшими верующих вернуться к изначальному учению Библии и вести честную нравственную жизнь, движение породило несколько новых протестантских сект, привело к дебатам и расколам внутри устоявшихся сект по вопросам теологии и ритуала и усилило силу и влияние христианских учений среди низших и средних классов американского народа в то время, когда религиозный пыл в Европе пошел на убыль.;;Mitte der 1830er uberrannte eine Welle religiosen Eifers die USA. Charismatische Prediger riefen die Glaubigen auf, zu den wahren Lehren der Bibel zuruckzukehren und moralisch einwandfreie Leben zu fuhren. Die Bewegung brachte viele neue, protestantische Sekten hervor und fuhrte zu Debatten und Spaltungen mit etablierten Sekten zu theologischen Themen und Ritualen. Die Macht und der Einfluss der christl. Lehren erstarkte bei den unteren und mittleren Bevolkerungsschichten Amerikas, wahrend der religiose Eifer in Europa abflaute.;;;;;;;;;;;x;
EVTDESC44116_NEWS_MEDIUM;К середине 1830-х годов волна религиозного рвения прокатилась по США. Подгоняемое харизматичными проповедниками, призывавшими верующих вернуться к изначальному учению Библии и вести честную нравственную жизнь, движение породило несколько новых протестантских сект.;;Mitte der 1830er uberrannte eine Welle religiosen Eifers die USA. Charismatische Prediger riefen die Glaubigen auf, zu den wahren Lehren der Bibel zuruckzukehren und moralisch einwandfreie Leben zu fuhren. Die Bewegung brachte viele neue protestantische Sekten hervor.;;;;;;;;;;;x;
EVTDESC44116_NEWS_SHORT;К середине 1830-х годов по США прокатилась волна религиозного рвения, движимая харизматичными проповедниками, призывавшими верующих вернуться к изначальному учению Библии.;;Mitte der 1830er uberrannte eine Welle religiosen Eifers die USA. Charismatische Prediger riefen die Glaubigen auf, zu den wahren Lehren der Bibel zuruckzukehren.;;;;;;;;;;;x;
EVTDESC44117_NEWS_LONG;Рост многочисленных сект в протестантском христианстве в США в начале 19 века создал среду для дальнейших теологических спекуляций. Одним из самых влиятельных движений, возникших в результате этого, является американский унитарианизм. Подчеркивая роль разума в понимании теологии и врожденной доброты человечества и его способности к улучшению благодаря разуму, унитарианство может стать очень влиятельным и поощрить несколько движений за социальное улучшение, от государственного образования до аболиционизма.;;Der Anstieg zahlreicher Sekten im protestantischen Christentum in den USA im fruhen 19. Jahrhundert erschuf eine Umgebung fur weitere theologische Spekulationen. Eine der einflussreichsten Bewegungen ist der amerikanische Unitarismus. Er hebt die Rolle der Vernunft im Verstandnis der Theologie hervor, die angeborene Tugend des Menschen und seine Fahigkeit zur Verbesserung dank seiner Vernunft. Dies konnte wohl den Unitarismus sehr einflussreich machen und zahlreiche Bewegungen fur soziale Verbesserungen ermutigen, von offentlicher Bildung bis zur Sklavenbefreiung.;;;;;;;;;;;x;
EVTDESC44117_NEWS_MEDIUM;Подчеркивая роль разума в понимании теологии, а также изначальную доброту человечества и его способность к совершенствованию благодаря разуму, унитарианство могло бы поощрять несколько движений за социальное улучшение — от государственного образования до аболиционизма.;;Der Unitarismus hebt die Rolle der Vernunft im Verstandnis der Theologie, die angeborene Tugend des Menschen und seine Fahigkeit zur Verbesserung hervor und konnte wohl zahlreiche Bewegungen fur soziale Verbesserungen ermutigen, von offentlicher Bildung bis zur Sklavenbefreiung.;;;;;;;;;;;x;
EVTDESC44117_NEWS_SHORT;Подчеркивая роль разума в понимании теологии, унитарианство могло бы поощрить несколько движений за улучшение общества — от государственного образования до аболиционизма.;;Der Unitarismus hebt die Rolle der Vernunft im Verstandnis der Theologie hervor und ermutigt viele Bewegungen fur soziale Verbesserungen, von offentlicher Bildung bis zur Sklavenbefreiung.;;;;;;;;;;;x; 
EVTDESC44118_NEWS_LONG;Одним из прямых последствий религиозного возрождения в США в начале девятнадцатого века стал взрывной рост числа добровольных организаций, организованных для помощи в улучшении общества путем решения воспринимаемых социальных или моральных проблем в обществе, предоставления утешения менее удачливым или продвижения самопомощи через образование. Эти организации, названные историками «Благотворительной империей», помогли обеспечить общественную инфраструктуру для быстро растущего в численности общества и трансформирующегося под воздействием новых экономических сил.;;Eine direkte Auswirkung der Wiederbelebung der Religion in den USA im fruhen 19. Jahrhundert war die explosive Zunahme von freiwilligen Organisationen, die den wahrgenommenen sozialen und moralischen Problemen der Gesellschaft den Kampf ansagten, indem sie den Armen beistanden oder Selbsthilfe durch Bildung forderten. Von den Historikern als 'The Benevolent Empire' tituliert, halfen diese Organisationen im Aufbau der Gemeinde-Infrastruktur fur eine rapid wachsende und durch neue Wirtschaftsantriebe der sich verandernden Gesellschaft.;;;;;;;;;;;x;
EVTDESC44118_NEWS_MEDIUM;Одним из прямых последствий религиозного возрождения в США в начале XIX века стал резкий рост числа добровольных организаций, созданных для содействия улучшению общества путем решения социальных и моральных проблем и предоставления утешения менее удачливым слоям населения.;;Eine direkte Auswirkung der Wiederbelebung der Religion in den USA im fruhen 19. Jahrhundert war die explosive Zunahme von freiwilligen Organisationen, die den wahrgenommenen sozialen und moralischen Problemen der Gesellschaft den Kampf ansagten, indem sie den Armen beistanden.;;;;;;;;;;;x;
EVTDESC44118_NEWS_SHORT;Одним из прямых последствий религиозного возрождения в США в начале XIX века стал резкий рост числа добровольных организаций, созданных для содействия улучшению общества.;;Eine direkte Auswirkung der Wiederbelebung der Religion in den USA im fruhen 19. Jh. war die explosive Zunahme von freiwilligen Organisationen, die mithalfen, die Gesellschaft zu verbessern.;;;;;;;;;;;x;
EVTDESC44119_NEWS_LONG;$COUNTRY$: Будучи епископом (а позднее архиепископом) Нью-Йорка с 1842 по 1864 год, Эдвард Хьюз, внук ирландских иммигрантов, неустанно трудился над интеграцией католиков, особенно недавно прибывших иммигрантов-католиков, в структуру американского общества, в то же время обеспечивая, чтобы институты и активы Католической церкви оставались под твердым контролем католической иерархии. Выражая свои твердые убеждения против абортов и рабства, он посвятил более семи десятилетий преданному служению церкви.;;$COUNTRY$: Als Bischof (und spater Erzbischof) von New York 1842 bis 1864, arbeitete Edward Hughes, ein Enkel irischer Einwanderer, unermudlich fur die Integration Romisch- Katholischer, insbesondere neu eingewanderter Katholiken, in die amerikanische Gesellschaft und stellte parallel sicher, dass die Institutionen und Mittel der katholischen Kirche fest in der Hand der katholischen Hierarchie verblieben. Er war ein klarer Gegner der Abtreibung und Sklaverei und diente der Kirche inbrunstig mehr als sieben Jahrzehnte.;;;;;;;;;;;x;
EVTDESC44119_NEWS_MEDIUM;$COUNTRY$: Будучи епископом (а позднее архиепископом) Нью-Йорка с 1842 по 1864 год, Эдвард Хьюз, внук ирландских иммигрантов, неустанно трудился над интеграцией католиков, особенно недавно прибывших иммигрантов-католиков, в структуру американского общества.;;$COUNTRY$: Als Bischof (und spater Erzbischof) von New York 1842 bis 1864, arbeitete Edward Hughes, ein Enkel irischer Einwanderer, unermudlich fur die Integration Romisch-Katholischer, insbesondere neu eingewanderter Katholiken, in die amerikanische Gesellschaft.;;;;;;;;;;;x;
EVTDESC44119_NEWS_SHORT;$COUNTRY$: Будучи епископом (а позднее архиепископом) Нью-Йорка с 1842 по 1864 год, Эдвард Хьюз, внук ирландских иммигрантов, неустанно трудился над интеграцией католиков.;;$COUNTRY$: Als Bischof (und spater Erzbischof) von New York 1842 bis 1864, arbeitete Edward Hughes, ein Enkel irischer Einwanderer, unermudlich fur die Integration Romisch-Katholischer.;;;;;;;;;;;x;
EVTDESC44120_NEWS_LONG;Одним из последствий религиозного возрождения в США в начале 19 века стали постоянные кампании против предполагаемых пороков, проводимые теми, кто верил, что они делают работу Бога, пытаясь искоренить такое поведение. Салуны часто были излюбленными целями таких крестоносцев, и время от времени салуны и их посетители подвергались физическим нападениям со стороны фанатиков. Это чувство воздержания часто разделяли люди, занимавшие высшие государственные должности в стране, что привело к вмешательству правительства от имени Бога.;;Eine der Auswirkungen der religiosen Wiederbelebung im fruhen 19. Jh. waren anhaltende Kampagnen gegen wahrgenommene Laster von jenen, die glaubten, mit dem Kampf gegen solches Verhalten den Dienst Gottes zu tun. Saloons waren ein beliebtes Ziel solcher Kreuzzugler und mehr als einmal wurden Saloonbetreiber von Fanatikern physisch attackiert. Dieses Streben nach Massigung wurde oft von Personen in hohen, offentlichen Amtern im Land geteilt und fuhrte zu Eingriffen der Regierung im Namen Gottes.;;;;;;;;;;;x;
EVTDESC44120_NEWS_MEDIUM;Одним из последствий религиозного возрождения в США в начале 19 века стали непрерывные кампании против предполагаемых пороков теми, кто верил, что они делают дело Божье, пытаясь искоренить такое поведение. Салуны часто были излюбленными целями таких крестоносцев.;;Eine der Auswirkungen der religiosen Wiederbelebung im fruhen 19. Jh. waren anhaltende Kampagnen gegen wahrgenommene Laster von jenen, die glaubten, mit dem Kampf gegen solches Verhalten den Dienst Gottes zu tun. Saloons waren ein beliebtes Ziel solcher Kreuzzugler.;;;;;;;;;;;x;
EVTDESC44120_NEWS_SHORT;Одним из последствий религиозного возрождения в США стали кампании против предполагаемых пороков, проводимые теми, кто считал, что выполняет Божье дело, пытаясь искоренить такое поведение.;;Eine der Auswirkungen der religiosen Wiederbelebung waren Kampagnen gegen wahrgenommene Laster von jenen, die glaubten, mit dem Kampf gegen solches Verhalten den Dienst Gottes zu tun.;;;;;;;;;;;x;
EVTDESC44121_NEWS_LONG;Основанная в 1816 году афроамериканцами из методистской общины Филадельфии, в 1830-х и 1840-х годах церковь AME быстро расширила свое членство среди свободного и рабского населения в Соединенных Штатах в эпоху религиозного возрождения, предоставляя духовный выход для афроамериканского сообщества, полностью находящегося под их собственным контролем и руководством, и новую платформу для борьбы с продолжающейся практикой рабства в Союзе. «Бог — наш Отец, Христос — наш Искупитель, Святой Дух — наш Утешитель, человечество — наша семья» — таков был их девиз.;;Die AME-Kirche, 1816 von afro-amerikanischen Mitgliedern der methodistischen Gemeinde in Philadelphia gegrundet, breitete sich in den 1830ern und 40ern in Zeiten religiosen Aufschwungs rapide unter der freien Bevolkerung und den Sklaven in den Vereinigten Staaten aus und gab der afro-amerikanischen Gemeinde ein spirituelles Ventil unter ihrer eigenen Kontrolle und Anleitung, sowie eine neue Plattform im Kampf gg. die Sklaverei in der Union. Ihr Motto war 'Gott unser Vater, Christus unser Erloser, die Menschheit unsere Familie'.;;;;;;;;;;;x;
EVTDESC44121_NEWS_MEDIUM;Основанная в 1816 году афроамериканцами из методистской общины Филадельфии, в 1830–1840-х годах церковь AME быстро расширяла свое членство как среди свободного, так и среди рабского населения Соединенных Штатов в эпоху религиозного возрождения.;;Die AME-Kirche, 1816 von afro-amerikanischen Mitgliedern der methodistischen Gemeinde in Philadelphia gegrundet, breitete sich in den 1830ern und 40ern in Zeiten religiosen Aufschwungs rapide unter der freien Bevolkerung und den Sklaven in den Vereinigten Staaten aus.;;;;;;;;;;;x;
EVTDESC44121_NEWS_SHORT;Основанная в 1816 году афроамериканцами из методистской общины Филадельфии, в 1830–1840-х годах церковь AME быстро расширяла свое членство.;;Die AME-Kirche, 1816 von afro-amerikanischen Mitgliedern der methodistischen Gemeinde in Philadelphia gegrundet, breitete sich in den 1830ern und 40ern rapide aus.;;;;;;;;;;;x;
EVTDESC46400_NEWS_LONG;Известный журналист и лидер Колорадо Эстейт Хосе Батлье и Ордоньес добился принятия сильного законодательства для политической реформы в Уругвае. Будучи выходцем из большой семьи успешных политиков, Ордоньес за два срока своего президентства, в том, что он называл Batllismo, согласованными правительственными усилиями против иностранного империализма, сумел ввести ряд глубоких реформ, расширяющих сферу деятельности правительства, включая национализацию мастерских, государственное образование, введение более высоких тарифов и субсидий для жизненно важной животноводческой мастерской.;;Der bekannte Journalist und Anfuhrer der Colorado-Partei, Jose Batlle y Ordonez, erreichte die Verabschiedung starker Gesetze zur politischen Reform in Uruguay. Ordonez, aus einer Familie erfolgreicher Politiker kommend, fuhrte in seinen beiden Amtszeiten als Prasident im Rahmen konzentrierter Regierungsmassnahmen gegen den auslandischen Imperialismus, zahlreiche als Batllismo titulierte umfangreiche Reformen ein, die den Regierungseinfluss ausweiteten und die Verstaatlichung von Industrien Schulbildung und Steuer- sowie Zuschusserhohungen in der Viehzucht umfassten.;;;;;;;;;;;x;
EVTDESC46400_NEWS_MEDIUM;Известный журналист и лидер Колорадо Эстейт Хосе Батлье-и-Ордоньес добился принятия жесткого законодательства для политической реформы в Уругвае. Его реформы включали национализацию мастерских, введение более высоких тарифов и субсидий для жизненно важной скотоводческой мастерской.;;Der bekannte Journalist und Anfuhrer der Colorado-Partei, Jose Batlle y Ordonez, erreichte die Verabschiedung starker Gesetze zur politischen Reform in Uruguay. Seine Reformen unfassten die Verstaatlichung von Industrien sowie Steuer- und Zuschusserhohungen in der Viehzucht.;;;;;;;;;;;x;
EVTDESC46400_NEWS_SHORT;Известный журналист и лидер Колорадо Эстейт Хосе Батлье-и-Ордоньес добился принятия жесткого законодательства о политической реформе в Уругвае.;;Der bekannte Journalist und Anfuhrer der Colorado-Partei, Jose Batlle y Ordonez, erreichte die Verabschiedung starker Gesetze zur politischen Reform in Uruguay.;;;;;;;;;;;x;
EVTDESC34700_NEWS_LONG;В 1837 году в Лейпциге состоялась премьера самой известной оперы Альберта Лорцинга «Царь и плотник». Лорцинга считают отцом немецкой комедийной оперы, аналога романтической оперы. Премьера «Царя и Циммермана» не была тепло принята публикой в Лейпциге, но последующие постановки в Берлине и на других сценах Германии прошли гораздо успешнее. Опера рассказывает историю царя Петра Великого, который путешествовал по Германии, Голландии и Англии, чтобы под видом плотника познать западную культуру и технологии.;;1837 fand in Leipzig die Premiere von Albert Lortzings bekanntester Oper, Zar und Zimmermann, statt. Lortzing gilt als Begrunder der komodiantischen Oper in Deutschland, ein Gegenstuck zur romantischen Oper. Zar und Zimmermann war kein grosser Erfolg in Leipzig, doch weitere Auffuhrungen in Berlin und anderen Stadten Deutschlands waren erfolgreicher. Die Oper erzahlt die Geschichte von Zar Peter dem Grossen der, verkleidet als Zimmermann, durch Deutschland, Holland und England reiste, um Wissen uber die westl. Kultur und Technologien zu erlangen.;;;;;;;;;;;x;
EVTDESC34700_NEWS_MEDIUM;В 1837 году в Лейпциге состоялась премьера самой известной оперы Альберта Лорцинга «Царь и плотник». В ней рассказывается история царя Петра Великого, который путешествовал по Германии и Англии, чтобы под видом плотника познать западные технологии.;;1837 fand in Leipzig die Premiere von Albert Lortzings Oper Zar und Zimmermann statt. Die Oper erzahlt die Geschichte von Zar Peter dem Grossen der, verkleidet als Zimmermann, durch Deutschland, Holland und England reiste, um Wissen uber die westl. Kultur und Technologien zu erlangen.;;;;;;;;;;;x;
EVTDESC34700_NEWS_SHORT;В 1837 году в Лейпциге состоялась премьера самой известной оперы Альберта Лорцинга «Царь и плотник». Лорцинг считается отцом немецкой комедийной оперы.;;1837 fand in Leipzig die Premiere von Albert Lortzings bekanntester Oper statt, Zar und Zimmermann. Lortzing gilt als der Begrunder der komodiantischen Oper in Deutschland.;;;;;;;;;;;x;
EVTDESC34701_NEWS_LONG;Профессор Готфрид Земпер, придворный архитектор в Саксонии, закончил один из своих шедевров, Дрезденский оперный театр, который был назван в его честь. Его стиль находился под влиянием как классицизма, так и ренессанса, и не в последнюю очередь из-за его работы Дрезден получил прозвище Флоренции на Эльбе. Земпер, архитектор, профессор и художественный критик, был известен своими самыми грандиозными проектами, такими как два музея и театр, которые он построил в Вене, но также и проектами предметов размером с дирижерскую палочку для Рихарда Вагнера.;;Der Hofarchitekt von Sachsen, Professor Gottfried Semper, hat eines seiner Meisterwerke, das Dresdener Opernhaus, beendet, das nach ihm benannt wurde. Sein Stil wurde vom Klassizismus und der Renaissance beeinflusst und Dresden erwarb nicht zuletzt dank seiner Arbeit den Spitznamen Florenz der Elbe. Der Architekt, Professor und Kunstkritiker Semper war bekannt fur zwei Museen und ein Theater, die er in Wien erbaute, und auch fur die Entwicklung kleiner Gegenstande, wie einen Dirigentenstaben fur Richard Wagner.;;;;;;;;;;;x;
EVTDESC34701_NEWS_MEDIUM;Профессор Готфрид Земпер, придворный архитектор в Саксонии, завершил один из своих шедевров — Дрезденский оперный театр, названный в его честь. Его стиль находился под влиянием как классицизма, так и ренессанса.;;Der Hofarchitekt von Sachsen, Professor Gottfried Semper, hat eines seiner Meisterwerke, das Dresdener Opernhaus, beendet, das nach ihm benannt wurde. Sein Stil wurde vom Klassizismus und der Renaissance beeinflusst.;;;;;;;;;;;x;
EVTDESC34701_NEWS_SHORT;Профессор Готфрид Земпер, придворный архитектор Саксонии, завершил один из своих шедевров — Дрезденский оперный театр, названный в его честь.;;Der Hofarchitekt von Sachsen, Professor Gottfried Semper, hat eines seiner Meisterwerke, das Dresdener Opernhaus, beendet, das nach ihm benannt wurde.;;;;;;;;;;;x;
EVTDESC46800_NEWS_LONG;Американский исследователь Хирам Бингем обнаружил останки затерянного города инков Мачу-Пикчу в 1911 году. Построенная в первой половине XV века, на пике могущества империи инков, цитадель, как полагают, была поместьем императора инков Пачакути, хотя некоторые археологи также предполагали, что она могла иметь чисто религиозный характер. Бингем был предметом споров, обвиняемый местными жителями Перу в краже их культурного наследия, когда пытался перевезти найденные артефакты в Соединенные Штаты для более тщательного изучения.;;Der amerikanische Forscher Hiram Bingham entdeckte 1911 die Ruinen der verlorenen Inkastadt Macchu Picchu. Diese zu Beginn des 15. Jh., auf dem Hohepunkt der Inka-Kultur errichtete Festung, war angeblich der Heimatort des Inka-Herrschers Pachacuti, auch wenn manche Archaologen der Stadt eher eine rein religiose Bedeutung geben. Bingham war das Ziel von Kontroversen und wurde von peruanischen Einwohnern beschuldigt, ihr kulturelles Erbe zu stehlen, als er versuchte, zahlreiche entdeckte Artefakte fur weitere Forschungen in die Vereinigten Staaten zu bringen.;;;;;;;;;;;x;
EVTDESC46800_NEWS_MEDIUM;Американский исследователь Хайрам Бингем обнаружил руины затерянного города инков Мачу-Пикчу в 1911 году. Построенная в первой половине XV века, в период расцвета империи инков, цитадель, как полагают, была поместьем императора инков Пачакути.;;Der amerikanische Forscher Hiram Bingham entdeckte 1911 die Ruinen der verlorenen Inkastadt Macchu Picchu. Diese zu Beginn des 15. Jh., auf dem Hohepunkt der Inka-Kultur errichtete Festung, war angeblich der Heimatort des Inka-Herrschers Pachacuti.;;;;;;;;;;;x;
EVTDESC46800_NEWS_SHORT;В 1911 году американский исследователь Хайрам Бингем обнаружил руины затерянного города инков Мачу-Пикчу, датируемые XV веком — периодом расцвета империи инков.;;Der amerikanische Forscher Hiram Bingham entdeckte 1911 die Ruinen der verlorenen Inkastadt Macchu Picchu, zu Beginn des 15. Jh. auf dem Hohepunkt der Inka-Kultur erbaut.;;;;;;;;;;;x;
EVTDESC46801_NEWS_LONG;Сельскохозяйственные удобрения, полученные из гуано, сейчас пользуются большим спросом в Европе и Северной Америке. Месторождения гуано на прибрежных островах $COUNTRY_ADJ$ могут стать для этой страны серьезным преимуществом. Считается, что коренные перуанцы посещали острова в течение как минимум тысячи лет, чтобы получить удобрения. Наиболее эффективное гуано производят три вида птиц: баклан гуанай, перуанский пеликан и перуанская олуша. Историки полагают, что императоры инков придавали гуано большую ценность, ограничивая доступ на острова и наказывая людей, которые причиняли вред птицам.;;Landwirtschaftlicher Dunger auf Guano-Basis ist zur Zeit der Renner in Europa und Nordamerika. Die Guano-Vorkommen an den Stranden der $COUNTRY_ADJ$ Inseln geben der Nation einen gewaltigen Vorteil. Peruanische Einwohner besuchen die Inseln angeblich seit mind. tausend Jahren zur Bergung des Dungers. Der beste Guano wird von drei Vogelarten produziert, dem Guanokormoran, Chilepelikan und Guanotolpel. Historiker schatzen, dass die Inka-Herrscher den Guano fur sehr wertvoll hielten, den Zugang zu den Inseln kontrollierten und jeden bestraften, der den Vogeln schadete.;;;;;;;;;;;x;
EVTDESC46801_NEWS_MEDIUM;Сельскохозяйственное удобрение, полученное из гуано, сейчас пользуется большим спросом в Европе и Северной Америке. Историки полагают, что императоры инков придавали гуано большую ценность, ограничивая доступ на острова и наказывая людей, которые причиняли вред птицам.;;Landwirtschaftlicher Dunger auf Guano-Basis ist zur Zeit der Renner in Europa und Nordamerika. Historiker schatzen, dass die Inka-Herrscher den Guano fur sehr wertvoll hielten, den Zugang zu den Inseln kontrollierten und jeden bestraften, der den Vogeln schadete.;;;;;;;;;;;x;
EVTDESC46801_NEWS_SHORT;Сельскохозяйственное удобрение, полученное из гуано, сейчас пользуется большим спросом в Европе и Северной Америке. Месторождения гуано на прибрежных островах $COUNTRY_ADJ$ могут стать крупным благом для этой страны.;;Landwirtschaftl. Dunger auf Guano-Basis ist zur Zeit der Renner in Europa und Nordamerika. Die Guano-Vorkommen auf den $COUNTRY_ADJ$ Inseln geben der Nation einen gewaltigen Vorteil.;;;;;;;;;;;x;
EVTDESC36700_NEWS_LONG;Хендрик Конссионс, один из самых популярных фламандских романистов этого столетия, опубликовал один из двух своих шедевров, «De Vlaamse Leeuw» («Фламандский лев»). Другой был «De Loteling». Роман описывает приключения Махтельд, дочери Робрехта III ван Бетюна, графа Фландрии, со своим возлюбленным, рыцарем Адольфом ван Ниувландтом. Исторический фон — история угнетенного фламандского населения, восставшего против французских угнетателей в битве Золотых шпор (1302), которая быстро принимается фламандским движением.;;Hendrik Conscience, einer der bekanntesten Autoren in flamischer Sprache dieses Jahrhunderts, hat eines seiner Meisterwerke veroffentlicht, 'De Vlaamse Leeuw' (Der flamische Lowe). Das andere lautet 'De Loteling'. Der Roman erzahlt von den Abenteuern Machtelds, der Tochter von Robrecht III. van Bethune, Graf von Flandern, mit ihrem Liebhaber, Ritter Adolf van Nieuwlandt. Histor. Hintergrund war das unterdruckte flam. Volk, das sich in der Goldene-Sporen-Schlacht 1302 gegen die franz. Unterdruckung auflehnte und schon bald von der flam. Bewegung aufgegriffen wurde.;;;;;;;;;;;x;
EVTDESC36700_NEWS_MEDIUM;Популярный фламандский писатель Хендрик Конссионс опубликовал свой шедевр «De Vlaamse Leeuw» («Фламандский лев»). История фламандского народа, угнетенного французами в битве «Золотых шпор», быстро принимается фламандским движением.;;Der bekannte Autor Hendrik Conscience hat sein Meisterwerk veroffentlicht, 'De Vlaamse Leeuw' (Der flamische Lowe). Der Roman uber das flam. Volk, das sich in der Goldene-Sporen-Schlacht gegen die franz. Unterdruckung auflehnte, wurde schon bald von der flam. Bewegung aufgegriffen.;;;;;;;;;;;x;
EVTDESC36700_NEWS_SHORT;Фламандский романист Хендрик Конссионс опубликовал книгу «De Vlaamse Leeuw». История угнетенных фламандцев в битве «Золотых шпор» быстро принимается фламандским движением.;;Der bekannte Autor Hendrik Conscience veroffentlichte 'De Vlaamse Leeuw'. Der Roman uber die unterdruckten Flamen in der Goldene-Sporen-Schlacht wurde bald von der flam. Bewegung aufgegriffen.;;;;;;;;;;;x;
EVTDESC36701_NEWS_LONG;В прошлом году было сформировано Фламандское движение. Созданное манифестом, оно должно было стать голосом фламандских жителей Бельгии. Оно превратилось в широкое объединение различных фламандских организаций: спортивных клубов, музыкальных групп, театров, интеллектуальных организаций и т. д. Сначала Движение было аполитичным, но с годами его последователи становились все более и более воинственными в своих убеждениях и верованиях. Сообщается, что Фламандское движение планирует внести свой вклад в формирование партий, которые будут лоббировать больше прав фламандцев в политической жизни.;;Im letzten Jahr entstand die flamische Bewegung mittels eines Manifests. Sie war die Stimme der Flamen von Belgien. Durch sie entwickelten sich zahlreiche flamische Organisationen: Sportvereine, Musikgruppen, Theater, Intellektuelle Organisationen und viele mehr. Die Bewegung war zunachst unpolitisch, doch mit den Jahren wurden seine Mitglieder in ihrem Glauben und ihrer Uberzeugung militanter. Meldungen zufolge will die Bewegung an der Grundung von Parteien teil haben, die sich fur mehr Rechte der Flamen in der Politik einsetzen.;;;;;;;;;;;x;
EVTDESC36701_NEWS_MEDIUM;Фламандское движение, сформированное манифестом, должно было стать голосом фламандского народа Бельгии. Сначала движение было аполитичным, но с годами его последователи становились все более воинственными. Говорят, что это может привести к формированию фламандских партий в Бельгии.;;Die mittels Manifest gegrundete flamische Bewegung war die Stimme der Flamen von Belgien. Die Bewegung war zunachst unpolitisch, doch mit den Jahren wurden seine Mitglieder militanter. Meldungen zufolge konnte sie zur Grundung flamischer Parteien in Belgien fuhren.;;;;;;;;;;;x;
EVTDESC36701_NEWS_SHORT;Фламандское движение было поначалу в значительной степени аполитичным. Однако с годами оно становилось все более и более воинственным. Говорят, что это может привести к формированию фламандских партий в Бельгии.;;Die flamische Bewegung war zunachst unpolitisch, doch mit den Jahren wurden seine Mitglieder militanter. Meldungen zufolge konnte sie zur Grundung flamischer Parteien in Belgien fuhren.;;;;;;;;;;;x;
EVTDESC36704_NEWS_LONG;Адольф Сакс, талантливый музыкант и мастер по изготовлению инструментов из Намюра на юге Бельгии, недавно представил свое новейшее изобретение: великолепный инструмент, который теперь известен как саксофон. Этот уникальный инструмент, считающийся частью семейства кларнетов, был создан Саксом с намерением стать самым мощным из деревянных духовых инструментов и самым адаптивным из медных. Саксофон набирает популярность, его быстро принимают музыканты в Париже, а позже он может даже пересечь Атлантику.;;Der talentierte Musiker und Instrumentenbauer Adolphe Sax aus Namur in Sudbelgien enthullte kurzlich seine neueste Erfindung: ein wundervolles Instrument namens Saxophon. Dieses einzigartige Instrument aus der Familie der Klarinetten wurde von Sax mit dem Ziel entwickelt, das kraftvollste Blech-Blasinstrument zu sein. Das Saxophon wird immer popularer, wurde schnell von Musikern in Paris angenommen und findet sicher auch jenseits des Atlantiks grosse Beachtung.;;;;;;;;;;;x;
EVTDESC36704_NEWS_MEDIUM;Адольф Сакс, талантливый музыкант и мастер музыкальных инструментов из Намюра на юге Бельгии, представил свое новейшее изобретение: великолепный инструмент, известный как саксофон. Он быстро принимается музыкантами в Париже и позже, возможно, даже пересечет Атлантику.;;Der talentierte Musiker und Instrumentenbauer Adolphe Sax aus Namur, Sudbelgien enthullte kurzlich seine neueste Erfindung: ein wundervolles Instrument namens Saxophon. Es wurde schnell von Musikern in Paris angenommen und findet sicher auch jenseits des Atlantiks grosse Beachtung.;;;;;;;;;;;x;
EVTDESC36704_NEWS_SHORT;Адольф Сакс, производитель инструментов из Намюра в Бельгии, недавно представил свое новое изобретение: инструмент, известный как саксофон. Он быстро принимается музыкантами в Париже.;;Der talentierte Instrumentenbauer Adolphe Sax aus Namur, Belgien enthullte kurzlich seine neuste Erfindung: ein Instrument namens Saxophon. Es wurde schnell von Musikern in Paris angenommen.;;;;;;;;;;;x;
EVTDESC36705_NEWS_LONG;Бельгиец Эрнест Сольве, считающийся одним из самых талантливых химиков мира, изобрел аммиачный процесс (также известный как процесс Сольве в академических кругах) для промышленного производства соды. Этот процесс намного эффективнее, чем популярный в настоящее время и традиционный процесс Леблана. В этом инновационном новом процессе сочетание соляного раствора и известняка обеспечивает недорогую основу для производства кальцинированной соды. Промышленное производство продукта должно начаться в ближайшее время.;;Einer der weltweit bekanntesten Chemiker, der Belgier Ernest Solvay, entwickelte das in Akademikerkreisen auch als Solvay-Verfahren bekannte Ammoniak-Verfahren zur industriellen Herstellung von Soda. Dieses Verfahren ist effizienter als das bereits bekannte, traditionelle Leblanc-Verfahren. In diesem neuartigen Prozess erzeugt die Kombination von Salzlake und Kalk eine preiswerte Basis zur Produktion von Kohlensaure. Die industrielle Herstellung soll bald beginnen.;;;;;;;;;;;x;
EVTDESC36705_NEWS_MEDIUM;Бельгиец Эрнест Сольве, считающийся одним из самых талантливых химиков мира, изобрел аммиачный процесс (также известный как процесс Сольве в академических кругах) для промышленного производства газировки. Промышленное производство продукта должно начаться в ближайшее время.;;Einer der weltweit bekanntesten Chemiker, der Belgier Ernest Solvay, entwickelte das in Akademikerkreisen auch als Solvay-Verfahren bekannte Ammoniak-Verfahren zur industriellen Herstellung von Soda. Die industrielle Herstellung soll bald beginnen.;;;;;;;;;;;x;
EVTDESC36705_NEWS_SHORT;Талантливый бельгийский химик Эрнест Сольвей изобрел аммиачный процесс для промышленного производства газировки. Промышленное производство продукта должно начаться в ближайшее время.;;Der talentierte, belgische Chemiker Ernest Solvay, entwickelte das Ammoniak-Verfahren zur industriellen Herstellung von Soda. Die industrielle Herstellung soll bald beginnen.;;;;;;;;;;;x;
EVTDESC36706_NEWS_LONG;Отец Дамиан Де Веустер, священник из Тиенена в Брабанте (Бельгия), отправился на корабле на остров Молокаи на Гавайях, чтобы помочь колонии прокаженных. Многие местные жители заражаются такими болезнями, как грипп, завезенными иностранными моряками и торговцами. Другие болезни, такие как неизлечимая в настоящее время проказа, также поражают большую часть населения. Отец Дамиан планирует работать и жить с прокаженными на Молокаи в течение многих лет, демонстрируя истинную преданность помощи нуждающимся, даже несмотря на то, что эта поездка может считаться для него смертным приговором.;;Der Priester Damiaan De Veuster aus Tienen in Brabant (Belgien) ist mit einem Schiff zur Insel Molokai in Hawaii aufgebrochen, um den Leprakolonien beizustehen. Viele Einwohner wurden von Krankheiten, wie der Grippe infiziert, die Seefahrer und Handler ubertrugen. Andere Krankheiten, wie die derzeit unheilbare Lepra, setzen den Einwohnern ebenfalls zu. Pater Damiaan plant, viele Jahre mit den Leprakranken in Molokai zu leben, und er zeigt wahrhaftige Hingabe, den Hilfsbedurftigen zu helfen. Die Reise kommt einem Todesurteil fur ihn gleich.;;;;;;;;;;;x;
EVTDESC36706_NEWS_MEDIUM;Отец Дамиан Де Веустер, священник из Тиенена в Брабанте (Бельгия), отправился на корабле на остров Молокаи на Гавайях, чтобы помочь колонии прокаженных. Он планирует работать и жить с прокаженными на Молокаи в течение многих лет, проявляя истинную преданность делу помощи нуждающимся.;;Priester Damiaan De Veuster aus Tienen in Brabant (Belgien) ist mit einem Schiff zur Insel Molokai in Hawaii aufgebrochen, um den Leprakolonien beizustehen. Er plant, viele Jahre mit Leprakranken in Molokai zu leben, und zeigt wahrhaftige Hingabe, den Hilfsbedurftigen zu helfen.;;;;;;;;;;;x;
EVTDESC36706_NEWS_SHORT;Отец Дамиан Де Веустер, бельгийский священник, отправился на остров Молокаи на Гавайях, чтобы помочь колонии прокаженных. Он планирует работать и жить с прокаженными на Молокаи в течение многих лет.;;Der belgische Priester Damiaan De Veuster ist zur Insel Molokai in Hawaii aufgebrochen, um den Leprakolonien beizustehen. Er plant, viele Jahre mit Leprakranken in Molokai zu leben.;;;;;;;;;;;x;
EVTDESC19010_NEWS_LONG;$CAPITAL$, $COUNTRY$: Правительство $COUNTRY$ объявило о проведении Шоу Императорской Славы. В мероприятии примут участие армия и флот $FROMCOUNTRY_ADJ$, проходящие по улицам $CAPITAL$, демонстрируя свои блестящие пуговицы и узкие брюки, а также демонстрируя новые технологические достижения в области вооружений. Престижная культурная атрибутика также будет представлена, и нельзя отрицать, что у $FROMCOUNTRY_ADJ$ есть талант к литературе, музыке и искусству. Пока неизвестно, будут ли приглашены на мероприятие иностранные высокопоставленные лица.;;$CAPITAL$, $COUNTRY$: Eine Demonstration imperialer Grosse wurde von der Regierung in $COUNTRY$ angekundigt. Das Ereignis wird die $FROMCOUNTRY_ADJ$ Armee und Marine mit Paraden in voller Montur durch die Strassen von $CAPITAL$ einbeziehen und auch neue Technologien und Verbesserungen im Rustungswesen vorstellen. Auch glanzvolles, kulturelles Zubehor wird es zu sehen geben, und keinen Zweifel am $FROMCOUNTRY_ADJ$ Talent in Literatur, Musik und Kunst lassen. Einladungen auslandischer Wurdetrager wurde noch nicht bestatigt.;;;;;;;;;;;x;
EVTDESC19010_NEWS_MEDIUM;$CAPITAL$: $COUNTRY$ анонсировала Шоу Имперской Славы. Мероприятие будет включать военный парад $FROMCOUNTRY_ADJ$ через $CAPITAL$, демонстрирующий технологические достижения в области вооружений. Престижная культурная атрибутика также будет представлена.;;$CAPITAL$, $COUNTRY$: Eine Demonstration imperialer Grosse wurde von der Regierung $COUNTRY$s angekundigt. Sie wird $FROMCOUNTRY_ADJ$ Militarparaden durch $CAPITAL$ einbeziehen und techn. Verbesserungen im Rustungswesen vorstellen. Auch kultureller Fortschritt wird zu sehen sein.;;;;;;;;;;;x;
EVTDESC19010_NEWS_SHORT;$CAPITAL$, $COUNTRY$: Правительство $COUNTRY$ объявило о проведении Шоу Имперской Славы. Источники сообщают, что пока неизвестно, будут ли приглашены на мероприятие иностранные высокопоставленные лица.;;$CAPITAL$, $COUNTRY$: Eine Demonstration imperialer Grosse wurde von der Regierung $COUNTRY$s angekundigt. Eine Einladung auslandischer Wurdetrager wurde noch nicht bestatigt.;;;;;;;;;;;x;
EVTDESC19030_NEWS_LONG;$CAPITAL$ - В Анатолии нарастает напряженность, поскольку продолжающийся упадок Османской империи дестабилизирует весь регион. Национализм и восстания в нетурецких провинциях империи вызывают растущую обеспокоенность Османского государства, и в сочетании с относительной отсталостью империи по сравнению с государствами Западной Европы многие теперь, похоже, считают, что упадок империи - это лишь вопрос времени. Более того, предполагаемое жестокое обращение с христианами в Османском государстве привело к тому, что $FROMCOUNTRY$ объявила себя защитницей восточного христианства.;;$CAPITAL$ - Die Spannungen in Anatolien nehmen aufgrund des zunehmenden Zerfalls des Osmanischen Reiches und der Destabilisierung der Region zu. Nationalismus und Revolten in den nicht-turkischen Provinzen geben dem Osmanischen Reich Grund zur Sorge, angesichts der relativen Ruckstandigkeit zu den Staaten West-Europas rechnen viele mit dem baldigen Ende des Reiches. Zusatzlich dazu, veranlasste der harte Umgang mit Christen im Osmanischen Reich $FROMCOUNTRY$ dazu, sich zum Beschutzer des ostlichen Christentums auszurufen.;;;;;;;;;;;x;
EVTDESC19030_NEWS_MEDIUM;Напряженность нарастает, поскольку упадок Османской империи дестабилизирует регион. Многие теперь, похоже, считают, что упадок империи — это лишь вопрос времени. Более того, отношение к христианам привело к тому, что $FROMCOUNTRY$ объявила себя защитницей восточного христианства.;;Spannungen in Anatolien nehmen mit dem zunehmenden Verfall des Osmanischen Reiches zu und erschuttern die Region. Viele rechnen mit dem baldigen Ende des Reiches. Der harte Umgang mit Christen im Reich veranlasste $FROMCOUNTRY$, sich zum Beschutzer des ostl. Christentums auszurufen.;;;;;;;;;;;x;
EVTDESC19030_NEWS_SHORT;Напряженность нарастает, поскольку упадок Османской империи дестабилизирует регион. Отношение к христианам привело к тому, что $FROMCOUNTRY$ объявила себя защитницей восточного христианства.;;Spannungen in Anatolien erschuttern wegen des Verfalls des Osmanischen Reiches die Region. Aufgrund des Umgangs mit Christen erklarte sich $FROMCOUNTRY$ zum Beschutzer des ostl. Christentums.;;;;;;;;;;;x;
EVTDESC19046_NEWS_LONG;Долина царей, Египет – Гробница, которая пролежала нераскрытой тысячи лет, была обнаружена во время раскопок в Египте. Тело молодого человека, который, как полагают, был фараоном (или королем) в древние времена, было найдено забальзамированным и законсервированным, окруженным множеством прекрасных артефактов и удивительных богатств. Растут предположения, что это может быть величайшая архитектурная находка века, и кафедры египтологии университетов переполнены пылким волнением и удивлением. Предполагается, что ужасную мумию перевезут на запад для дальнейшего изучения.;;Das Tal der Konige, Agypten – Eine seit Jahrtausenden unentdeckte Grabkammer wurde bei Ausgrabungen in Agypten entdeckt. Der einbalsamierte und gut erhaltene Korper eines jungen Mannes, mutmasslich ein Pharao (oder Konig) vergangener Zeiten, wurde umgeben von vielen exquisiten Artefakten und Schatzen gefunden. Dies konnte die grosste archaologische Entdeckung des Jahrhunderts sein und die Agyptologie-Abteilungen der Universitaten befinden sich in heller Aufregung. Es wird angenommen, dass die gruselige Mumie fur weitere Untersuchungen in den Westen transportiert wird.;;;;;;;;;;;x;
EVTDESC19046_NEWS_MEDIUM;$COUNTRY_ADJ$ Археологи обнаружили гробницу, которая пролежала нераскрытой тысячи лет в Египте. Тело молодого фараона было окружено удивительными богатствами. Растут предположения, что это может быть величайшая архитектурная находка века.;;$COUNTRY_ADJ$ Archaologen haben eine seit Jahretausenden unentdeckte Grabkammer in Ausgrabungen in Agypten entdeckt. Der Korper eines jungen Pharao vergangener Zeiten war umgeben von wundersamen Schatzen. Dies konnte die grosste archaologische Entdeckung des Jahrhunderts sein.;;;;;;;;;;;x;
EVTDESC19046_NEWS_SHORT;$COUNTRY_ADJ$ Археологи обнаружили в Египте гробницу, которая оставалась нераскрытой тысячи лет. Тело молодого фараона было окружено дивными богатствами.;;$COUNTRY_ADJ$ Archaologen haben in Agypten eine Jahrtausende unentdeckte Grabkammer in Agypten entdeckt. Der Korper eines jungen Pharao vergangener Zeiten war umgeben von wundersamen Schatzen.;;;;;;;;;;;x;
EVTDESC19310_NEWS_LONG;Пекин – Спящий гигант, похоже, проснулся, поскольку члены дипломатических кругов в целом согласны с тем, что Китай теперь можно причислить к великим державам мира. Китайские лидеры приписывают рост своего благосостояния тому факту, что их правительство пользуется Мандатом Неба. Европейские лидеры утверждают, что это произошло потому, что на Востоке были приняты западные идеи и обычаи. Независимо от причины, потенциал китайского левиафана безграничен, и миру не мешало бы обратить на это внимание. Мы советуем читателям следить за ним с растущей опаской.;;Peking – Ein schlafender Riese scheint erwacht. Mitglieder diplomatischer Kreise sind sich einig, dass China nun zu den Grossmachten der Welt zahlt. Chinesische Anfuhrer begrunden dies mit dem Himmelsauftrag, den ihre Regierung erfullt. Europaische Anfuhrer sehen die Ursache eher in der Ubernahme westlicher Ideen und Gebrauche im Orient. Egal warum, das Potential des chinesischen Leviathans ist grenzenlos und die Welt sollte dem Beachtung schenken. Wir empfehlen unseren Lesern, die weitere Entwicklung aufmerksam zu verfolgen.;;;;;;;;;;;x;
EVTDESC19310_NEWS_MEDIUM;Спящий гигант проснулся, поскольку дипломатические круги пришли к согласию, что Китай можно причислить к великим державам мира. Китайские лидеры приписывают рост своего благосостояния Небесному мандату, но европейцы говорят, что это произошло из-за принятия западных идей.;;Ein schlafender Riese scheint erwacht. Diplomatische Kreise sind sich einig, dass China nun zu den Grossmachten der Welt zahlt. Chinesische Anfuhrer begrunden dies mit dem Himmelsauftrag ihrer Regierung, Europa jedoch sieht die Ursache eher in der Ubernahme westlicher Ideen.;;;;;;;;;;;x;
EVTDESC19310_NEWS_SHORT;Дипломатические круги сходятся во мнении, что Китай можно причислить к великим державам. Китайские лидеры приписывают свое благосостояние Мандату Неба. Европейские лидеры говорят, что причиной являются западные идеи.;;Diplomatische Kreise sind sich einig, dass China nun zu den Grossmachten zahlt. Anfuhrer Chinas begrunden dies mit dem Himmelsauftrag, Europa sieht die Ursache eher in den westlichen Ideen.;;;;;;;;;;;x;
EVTDESC19320_NEWS_LONG;Токио, страна восходящего солнца – сегодня куры, похоже, вернулись домой на насест, поскольку члены дипломатических кругов в целом согласны с тем, что Японию можно причислить к великим державам мира. С момента вступления в контакт с западным влиянием несколько лет назад трудолюбивый народ Японии добился значительных успехов в области культуры, мастерства и военного мастерства и больше не может считаться отсталыми дикарями. Геополитические эксперты выразили обеспокоенность тем, что новая Япония может попытаться расширить свою территорию через Азию и дальше.;;Tokio, das Land der aufgehenden Sonne – Diplomaten sind sich einig, dass Japan nun zu den Grossmachten der Welt zahlt. Seit diese Nation vor Jahren mit westlichen Einflussen in Kontakt kam, entwickelten die Japaner unglaubliche Fortschritte in Bereichen der Kultur, Industrie und des Militarwesens. Sie sind definitiv nicht mehr ruckstandige Wilde. Experten der Weltpolitik aussern Bedenken, dass das neue Japan die Ausdehnung nach Asien und daruber hinaus anstreben konnte.;;;;;;;;;;;x;
EVTDESC19320_NEWS_MEDIUM;Дипломатические круги согласны, что Японию можно причислить к великим державам мира. Трудолюбивый японский народ добился огромных успехов в области культуры, мастерства и армии, и теперь его больше нельзя сбрасывать со счетов как грязных, отсталых дикарей.;;Diplomaten sind sich einig, dass Japan nun zu den Grossmachten der Welt zahlt. Die Japaner entwickelten unglaubliche Fortschritte in Bereichen der Kultur, Industrie und des Militarwesens. Sie sind definitiv keine ruckstandigen Wilden mehr.;;;;;;;;;;;x;
EVTDESC19320_NEWS_SHORT;Дипломатические круги теперь согласны, что Японию можно причислить к великим державам мира. Японский народ добился огромных успехов и больше не может считаться отсталыми дикарями.;;Diplomaten sind sich einig, dass Japan nun zu den Grossmachten der Welt zahlt. Die Japaner entwickelten unglaubliche Fortschritte und sind definitiv keine ruckstandigen Wilden mehr.;;;;;;;;;;;x;
EVTDESC19355_NEWS_LONG;Геополитические ученые провели симпозиум на прошлой неделе и пришли к общему согласию, что рост националистических настроений, военной гордости и новых и устрашающих видов оружия войны означает, что будущие конфликты с участием многих великих держав, скорее всего, попадут в совершенно новую категорию под названием «великие войны». Вероятно, будут представлены более крупные территориальные изменения, унижения и национальные освобождения, хотя прямые аннексии по-прежнему считаются маловероятными. Приведут ли упрямство, изобретательность и жестокая натура человека к полному уничтожению Земли? Только время покажет.;;Geopolitische Gelehrte stimmten letzte Woche mehrheitl. uberein, dass das Erstarken nationaler Stimmungen, milit. Stolzes und neuer, schrecklicher Kriegswaffen dazu fuhren werden, dass kunftige Konflikte der Grossmachte wahrscheinlich zur neuen Kategorie der 'Grossen Kriege' fuhren konnen. Es wird erwartet, das grossere Territorialanderungen, Beschamungen und nationale Befreiungen auftreten, auch wenn direkte Ubernahmen unwahrscheinlich sind. Wird die Sturheit, der Erfindergeist und die Gewalttatigkeit der Menschheit zur Zerstorung der Erde fuhren? Die Zeit wird es zeigen.;;;;;;;;;;;x;
EVTDESC19355_NEWS_MEDIUM;Геополитические ученые провели симпозиум на прошлой неделе и пришли к общему согласию, что новое и грозное оружие войны означает, что будущие конфликты с участием великих держав, вероятно, попадут в совершенно новую категорию, называемую великими войнами. Более крупные территориальные изменения кажутся теперь вероятными.;;Geopolitische Gelehrte stimmten letzte Woche mehrheitl. uberein, dass neue Kriegswaffen dazu fuhren werden, dass kunftige Konflikte der Grossmachte wahrscheinlich zur neuen Kategorie der 'Grossen Kriege' fuhren konnen. Grossere Territorialanderungen werden wahrscheinlicher.;;;;;;;;;;;x;
EVTDESC19355_NEWS_SHORT;На прошлой неделе ученые-геополитики провели симпозиум и пришли к общему мнению, что будущие конфликты с участием многих великих держав, скорее всего, попадут в совершенно новую категорию под названием «великие войны».;;Geopolitische Gelehrte stimmten letzte Woche mehrheitl. uberein, dass kunftige Konflikte der Grossmachte zur neuen Kategorie der 'Grossen Kriege' fuhren konnten.;;;;;;;;;;;x;
EVTDESC31100_NEWS_LONG;Археолог Генрих Шлиман раскопал останки затерянного города Троя в Турции! Это открытие привело к взрыву талантов в археологии и захватило воображение миллионов. Когда Шлиман раскопал холмы в Гиссарлыке, он обнаружил ряд древних городов, датируемых от бронзового века до римских времен. Его находки на этом месте были названы сокровищами Приама и приобретены берлинскими музеями. Археологические усилия Шлимана были вдохновлены британским дипломатом Фрэнком Калвертом, который провел более шести десятилетий, проводя полевые работы в этом районе.;;Der Archaologe Heinrich Schliemann entdeckte die Ruinen von Troja in der Turkei! Die Entdeckung entfachte das Talent neuer Archaologen und die Vorstellungskraft von Millionen. Wahrend seiner Grabungen in den Hugeln von Hisarlik, entdeckte er eine Reihe altertumlicher Stadte aus dem Bronzezeitalter bis zu den Zeiten Roms. Seine Entdeckungen werden Priamos' Schatz genannt und in Berliner Museen gesammelt. Schliemanns archaologischer Einsatz wurde vom britischen Diplomaten Frank Calvert inspiriert, der mehr als sechs Jahrzehnte in diesem Feld tatig war.;;;;;;;;;;;x;
EVTDESC31100_NEWS_MEDIUM;Археолог Генрих Шлиман раскопал останки затерянного города Троя в Турции! Это открытие привело к взрыву талантов в археологии и захватило воображение миллионов. Его находки на этом месте были названы Сокровищем Приама и приобретены берлинскими музеями.;;Der Archaologe Heinrich Schliemann entdeckte die Ruinen von Troja in der Turkei! Die Entdeckung entfachte das Talent neuer Archaologen und die Vorstellungskraft von Millionen. Seine Entdeckungen werden Priamos' Schatz genannt und in Berliner Museen gesammelt.;;;;;;;;;;;x;
EVTDESC31100_NEWS_SHORT;Археолог Генрих Шлиман раскопал останки затерянного города Троя в Турции! Это открытие вызвало взрыв в археологии и захватило воображение миллионов.;;Der Archaologe Heinrich Schliemann entdeckte die Ruinen von Troja in der Turkei! Die Entdeckung entfachte das Talent neuer Archaologen und die Vorstellungskraft von Millionen.;;;;;;;;;;;x;
EVTDESC31102_NEWS_LONG;$COUNTRY_ADJ$ положение в Константинополе больше не является безопасным. Они решили переместить свое правительство в более безопасное, не имеющее выхода к морю место в Анкаре. Один из старейших городов мира, Анкара славится тем, что был основан мифическим фригийским царем Мидасом, хотя историки утверждают, что поселение было старше фригийского правления и датируют первые следы строительства там более ранней цивилизацией Хатти. Османская, византийская и римская архитектура, доминирующая в старых частях города, доказывает непреходящее культурное и торговое значение Анкары на протяжении веков.;;Die $COUNTRY_ADJ$ Position in Constantinople ist nicht langer sicher. Sie beschlossen, den Regierungsstandort weiter ins sichere Inland nach Ankara zu verlegen. Ankara ist eine der weltweit altesten Stadte und wurde angeblich vom marchenhaften, phrygischen Konig Midas gegrundet, wenngleich Historiker erste Spuren ihrer Errichtung in die Zivilisation der Yucatan ruckdatieren. Osmanen, Byzantiner und Romer hinterliessen ihre architektonischen Spuren in den alten Teilen der Stadt und beweisen ihre kulturelle und wirtschaftliche Wichtigkeit in allen Zeiten.;;;;;;;;;;;x;
EVTDESC31102_NEWS_MEDIUM;$COUNTRY_ADJ$ положение в Константинополе больше не безопасно. Они решили переместить свое правительство в более безопасное место в Анкаре. Османская, византийская и римская архитектура, доминирующая в старых частях города, доказывает его неизменную культурную и торговую значимость на протяжении веков.;;Der $COUNTRY_ADJ$ Regierungsstandort in Constantinople ist nicht langer sicher. Er wird ins sichere Inland nach Ankara verlegt. Architektonischen Spuren der Osmanen, Byzantiner und Romer in alten Teilen der Stadt beweisen ihre kulturelle und wirtschaftliche Bedeutung in allen Zeiten.;;;;;;;;;;;x;
EVTDESC31102_NEWS_SHORT;$COUNTRY_ADJ$ положение в Константинополе больше не является безопасным. Они решили переместить свое правительство в более безопасное, не имеющее выхода к морю место в Анкаре.;;Der $COUNTRY_ADJ$ Regierungsstandort in Constantinople ist nicht langer sicher. Er wird ins sichere Inland nach Ankara verlegt.;;;;;;;;;;;x;
EVTDESC31307_NEWS_LONG;Елизавета фон Виттельсбах, императрица Австрии, была убита итальянским анархистом Луиджи Лукени. Этот ужасный акт произошел в отеле Beau-Rivage в Женеве. «Я анархист по убеждениям. Я приехал в Женеву, чтобы убить государя, чтобы дать пример тем, кто страдает, и тем, кто ничего не делает для улучшения своего социального положения. Мне было все равно, кто тот государ, которого я должен убить. Я ударил не женщину, а императрицу. Я имел в виду корону», — цитируют его, объясняя совершенное им злодеяние.;;Elisabeth von Wittelsbach, Kaiserin von Osterreich, fiel einem Attentat durch den italienischen Anarchisten Luigi Lucheni zum Opfer. Die schreckliche Tat geschah im Hotel Beau-Rivage in Genf. Er wird mit den Worten zitiert: “Ich bin Anarchist aus Uberzeugung. Ich kam nach Genf, um einen Herrscher zu toten, als Mahnmal fur alle, die in sozialer Armut leben und denen niemand beisteht. Welcher Herrscher mein Opfer wird, war mir egal. Ich totete keine Frau, sondern eine Herrscherin. Die Krone war das Ziel.”, mit denen er seine schandliche Tat zu erklaren versuchte.;;;;;;;;;;;x;
EVTDESC31307_NEWS_MEDIUM;Елизавета фон Виттельсбах, императрица Австрии, была убита итальянским анархистом Луиджи Лукени. Этот ужасный акт произошел в отеле Beau-Rivage в Женеве. «Я ударил не женщину, а императрицу. Я имел в виду корону», — объяснил он позже.;;Elisabeth von Wittelsbach, Kaiserin von Osterreich, fiel einem Attentat durch den italienischen Anarchisten Luigi Lucheni zum Opfer. Die schreckliche Tat geschah im Hotel Beau-Rivage in Genf. “Ich totete keine Frau, sondern eine Herrscherin. Die Krone war das Ziel.”, erklarte er.;;;;;;;;;;;x;
EVTDESC31307_NEWS_SHORT;Елизавета фон Виттельсбах, императрица Австрии, была убита итальянским анархистом Луиджи Лукени. Этот ужасный акт произошел в отеле Beau-Rivage в Женеве.;;Elisabeth von Wittelsbach, Kaiserin von Osterreich, fiel einem Attentat durch den italienischen Anarchisten Luigi Lucheni zum Opfer. Die schreckliche Tat geschah im Hotel Beau-Rivage in Genf.;;;;;;;;;;;x;
EVTDESC31308_NEWS_LONG;$COUNTRY$: Циммервальдская конференция Социалистического Интернационала была первой подобной встречей, последовавшей за началом Первой мировой войны в августе 1914 года. Ужасающие потери, вызванные боевыми действиями, заставили делегатов осудить войну как результат империализма и призвать рабочих сопротивляться его преследованию. На эту встречу собрались многие видные лидеры социалистического движения, в том числе Лаццари и Модильяни из Италии, Ленин и Бобров из России, немцы Ледебур и Гофман, французские социалисты Бурдерон и Мергейм и многие другие.;;$COUNTRY$: Die Zimmerwald Konferenz der internationalen Sozialisten war das erste Treffen nach Ausbruch des Grossen Krieges im August 1914. Die hohen Opferzahlen des Krieges fuhrten dazu, dass Delegierte den Imperialismus als Kriegsgrund anprangerten und  Arbeiter zur Kriegsdienstverweigerung aufforderten. Bekannte Anfuhrer der sozialistischen Bewegung kamen zu diesem Treffen zusammen: Lazzari und Modigliani aus Italien, Lenin und Bobrow aus Russland, die Deutschen Ledebour und Hoffmann, die franz. Sozialisten Bourderon und Merrheim und viele mehr.;;;;;;;;;;;x;
EVTDESC31308_NEWS_MEDIUM;\$COUNTRY\$: Циммервальдская конференция Социалистического Интернационала была первой подобной встречей, состоявшейся после начала Первой мировой войны в августе 1914 года. Ужасающие жертвы, понесенные в ходе боевых действий, побудили делегатов осудить войну как результат империализма.;;$COUNTRY$: Die Zimmerwald Konferenz der internationalen Sozialisten war das erste Treffen nach Ausbruch des Grossen Krieges im August 1914. Die hohen Opferzahlen des Krieges fuhrten dazu, dass Delegierte den Imperialismus als Kriegsgrund anprangerten.;;;;;;;;;;;x;
EVTDESC31308_NEWS_SHORT;\$COUNTRY\$: Циммервальдская конференция Социалистического Интернационала была первой подобной встречей после начала Первой мировой войны в августе 1914 года.;;$COUNTRY$: Die Zimmerwald Konferenz der internationalen Sozialisten war das erste Treffen nach Ausbruch des Grossen Krieges im August 1914.;;;;;;;;;;;x;
EVTDESC31310_NEWS_LONG;$COUNTRY$: 16 стран подписали Женевскую конвенцию, чтобы улучшить участь солдат, раненых в бою. В качестве символа они выбрали перевернутый швейцарский флаг: красный крест на белом фоне. После четырех десятилетий мира после падения Наполеона при Ватерлоо в 1818 году, кампания его племянника в Северной Италии в 1859 году стала шокирующим зрелищем для многих наблюдателей. Анри Дюнан, швейцарский бизнесмен и активист по оказанию помощи, став свидетелем ужасных условий десятков тысяч раненых солдат в Италии, предложил ряд международных законов, чтобы облегчить их страдания.;;$COUNTRY$: 16 Lander stimmten den Genfer Konventionen zur Situations-Verbesserung der im Kampf verwundeten Soldaten zu. Als Zeichen wahlten sie die inverse Flagge der Schweiz: rotes Kreuz auf weissem Grund. Vierzig Jahre herrschte nach Napoleons Niederlage 1818 in Waterloo Frieden, als die Kampagne seines Neffens in Norditalien 1859 fur Zeugen zu einem schockierenden Anblick wurde. Der schweizer Geschaftsmann und Freiheitskampfer Henri Dunant war Zeuge der schlimmen Zustande zehntausender Verwundeter und forderte internat. Gesetze zur Behandlung von Kriegsgefangenen.;;;;;;;;;;;x;
EVTDESC31310_NEWS_MEDIUM;$COUNTRY$: 16 стран подписали Женевскую конвенцию, чтобы улучшить положение солдат, раненых в бою. Анри Дюнан, швейцарский бизнесмен и активист по оказанию помощи, предложил ряд международных законов, чтобы облегчить их страдания.;;$COUNTRY$: 16 Lander stimmten den Genfer Konventionen zur Situations-Verbesserung der im Kampf verwundeten Soldaten zu. Der Schweizer Geschaftsmann und Freiheitskampfer Henri Dunant forderte internat. Gesetze zur Behandlung von Kriegsgefangenen.;;;;;;;;;;;x;
EVTDESC31310_NEWS_SHORT;$COUNTRY$: 16 стран подписали Женевскую конвенцию, чтобы улучшить участь солдат, раненых в бою. В качестве символа они выбрали перевернутый швейцарский флаг: красный крест на белом фоне.;;$COUNTRY$: 16 Lander stimmten den Genfer Konventionen zur Situations-Verbesserung verwundeter Soldaten zu. Als Symbol wahlten sie die inverse Flagge der Schweiz: rotes Kreuz auf weissem Grund.;;;;;;;;;;;x;
EVTDESC36600_NEWS_LONG;Шведская сопрано Йенни Линд родилась в 1820 году в Стокгольме. Она дебютировала в опере «Der Freischьtz» в Стокгольме в 1838 году, и в середине 1840-х годов ее слава росла, когда она сделала серию выступлений в Европе и США. Йенни Линд была первой шведской мегазвездой, известной своим изысканно экспрессивным пением и невероятной вокальной техникой, а также своими искренними, естественными и непритязательными манерами. Благодаря своим концертам и оперным выступлениям она заработала целое состояние, из которого она пожертвовала большие суммы на благотворительность.;;Die schwedische Sopranistin Jenny Lind wurde 1820 in Stockholm geboren. Sie gab ihr Debut 1838 in Stockholm in der Oper 'Der Freischutz'. In den 1840ern wuchs ihr Ruhm nach einer Reihe von Auftritten in Europa und den USA. Sie war der erste schwedische Mega-Star, beruhmt fur ihren ausdrucksvollen Gesang, ihre unglaubliche Gesangstechnik, sowie ihre ehrliche, naturliche und unvoreingenommene Art. Sie wurde durch Konzerte und Opernauftritte reich und spendete grosse Summen an die Wohlfahrt.;;;;;;;;;;;x;
EVTDESC36600_NEWS_MEDIUM;Шведская сопрано Йенни Линд родилась в 1820 году в Стокгольме. Она дебютировала в опере «Der Freischьtz» в Стокгольме в 1838 году, и в середине 1840-х годов ее слава росла, поскольку она сделала ряд успешных выступлений в Европе и США.;;Die schwedische Sopranistin Jenny Lind wurde 1820 in Stockholm geboren. Sie gab ihr Debut 1838 in Stockholm in der Oper 'Der Freischutz'. In den 1840ern wuchs ihr Ruhm nach einer Reihe von Auftritten in Europa und den USA.;;;;;;;;;;;x;
EVTDESC36600_NEWS_SHORT;Шведская певица-сопрано Йенни Линд дебютировала в опере «Вольный стрелок» в Стокгольме в 1838 году, а в 1840-х годах ее слава росла, поскольку она неоднократно выступала в Европе и США.;;Die schwedische Sopranistin Jenny Lind gab ihr Debut 1838 in Stockholm in der Oper 'Der Freischutz'. In den 1840ern wuchs ihr Ruhm nach einer Reihe von Auftritten in Europa und den USA.;;;;;;;;;;;x;
EVTDESC36611_NEWS_LONG;Шведский писатель Август Стриндберг (1849-1912) был одной из самых талантливых личностей мировой литературы. Драматург, романист и автор рассказов, его творчество демонстрировало ярость и гениальность, сочетавшие натурализм, психологию и мистицизм. «Красная комната» принесла ему известность в 1879 году. Она высмеивала институты и условия Швеции конца 1870-х годов. Будучи многогранным человеком, Стриндберг питал фанатичную ненависть к эмансипированной женщине, интересовался наукой и оккультизмом, а также пробовал себя в живописи, фотографии и алхимии!;;Der Schwede August Strindberg (1849-1912) war einer der begabtesten Autoren der Weltliteratur. Seine Arbeit als Buhnenautor und seine Romane und Kurzgeschichten enthullten eine Genialitat und Leidenschaft, die Naturalismus, Psychologie und Mystizismus vereinten. 'Das rote Zimmer' machte ihn 1879 bekannt, eine Satire uber die Institutionen und Bedingungen in Schweden in den spaten 1870ern. Als Mann vieler Facetten verachtete er die Emanzipation der Frau, interessierte sich fur Wissenschaft und das Okkulte und versuchte sich in Malerei, Fotografie und Alchemie!;;;;;;;;;;;x;
EVTDESC36611_NEWS_MEDIUM;Шведский писатель Август Стриндберг (1849-1912) был одним из самых талантливых личностей мировой литературы. Драматург, романист и автор коротких рассказов, его творчество демонстрировало ярость и гениальность, сочетавшую натурализм, психологизм и мистицизм.;;Der Schwede August Strindberg (1849-1912) war einer der begabtesten Autoren der Weltliteratur. Seine Arbeit als Buhnenautor und seine Romane und Kurzgeschichten enthullten eine Genialitat und Leidenschaft, die Naturalismus, Psychologie und Mystizismus vereinten.;;;;;;;;;;;x;
EVTDESC36611_NEWS_SHORT;Шведский писатель Август Стриндберг (1849-1912) был одним из самых талантливых личностей мировой литературы. Драматург, романист и автор коротких рассказов, его творчество демонстрировало ярость и гениальность.;;Der Schwede August Strindberg (1849-1912) war einer der begabtesten Autoren der Weltliteratur. Der Buhnen-, Roman- und Kurzgeschichten-Autor sprudelte vor Genialitat und Leidenschaft.;;;;;;;;;;;x;
EVTDESC37700_NEWS_LONG;Чтобы консолидировать бюджет, правительство $COUNTRY_ADJ$ в Мадриде приказало конфисковать и продать церковную собственность без какой-либо компенсации. Налоговые привилегии католической церкви также были отменены, в то время как государство, в свою очередь, согласилось взять на себя расходы на содержание церкви. Многие либералы считали, что церковь встала на сторону карлистов в недавней гражданской войне, и считали конфискацию и продажу крайне недоиспользуемой и в основном монастырской собственности актом справедливости, а также возможностью поощрить продуктивное использование этой земли.;;Im Rahmen von Budgeteinsparungen veranlasste die $COUNTRY_ADJ$ Regierung in Madrid die Beschlagnahmung und den Verkauf kirchlichen Eigentums ohne Entschadigung. Steuerbegunstigungen der kath. Kirche wurden abgeschafft und im Gegenzug ubernahm der Staat den Unterhalt der Kirchen. Viele Liberale erkannten, dass die Kirche im jungsten Burgerkrieg auf Seiten der Carlisten agiert hatte und sahen die Beschlagnahmungen und den Verkauf meist ungenutzten klosterlichen Eigentums als Gerechtigkeit an und als Chance, das Land sinnvoll zu nutzen.;;;;;;;;;;;x;
EVTDESC37700_NEWS_MEDIUM;Для консолидации бюджета правительство $COUNTRY_ADJ$ в Мадриде распорядилось конфисковать и продать церковную собственность без какой-либо компенсации. Налоговые привилегии Католической церкви также были отменены, а государство в свою очередь согласилось взять на себя расходы на содержание церкви.;;Im Rahmen von Budgeteinsparungen veranlasste die $COUNTRY_ADJ$ Regierung in Madrid die Beschlagnahmung und den Verkauf kirchlichen Eigentums ohne Entschadigung. Steuerbegunstigungen der kath. Kirche wurden abgeschafft und im Gegenzug ubernahm der Staat den Unterhalt der Kirchen.;;;;;;;;;;;x;
EVTDESC37700_NEWS_SHORT;Чтобы консолидировать бюджет, правительство $COUNTRY_ADJ$ в Мадриде распорядилось конфисковать церковную собственность и продать ее без какой-либо компенсации.;;Im Rahmen von Budgeteinsparungen veranlasste die $COUNTRY_ADJ$ Regierung in Madrid die Beschlagnahmung und den Verkauf kirchlichen Eigentums ohne Entschadigung.;;;;;;;;;;;x;
EVTDESC37701_NEWS_LONG;Уроженец Венесуэлы генерал Нарсисо Лопес был казнен испанскими колониальными властями на Кубе. Он высадился с небольшой группой людей, пытаясь поднять восстание, которое должно было передать Кубу США, но потерпел неудачу из-за отсутствия поддержки со стороны населения. Жестокое обращение испанцев с военнопленными вызвало волну возмущения как в южных, так и в северных штатах США, даже среди тех, кто не поддерживал экспедицию. Начинание Лопеса, несмотря на его катастрофический результат, вдохновило ряд других организаторов обструкции по всей Латинской Америке.;;Der venezolanische General Narciso Lopez wurde von der spanischen Kolonialobrigkeit in Kuba hingerichtet. Er war mit einer kleinen Gruppe von Mannern gelandet, um eine Revolte zu entfachen, die Kuba an die USA ubergeben wurde, scheiterte jedoch an mangelnder Unterstutzung durch die Bevolkerung. Der brutale Umgang mit milit. Gefangenen entfachte einen Sturm der Entrustung in den Nord- und Sudstaaten der USA auch unter jenen, die den General nicht unterstutzten. Trotz des katastrophalen Endes von Lopez' Unterfangen, inspirierte es andere Filibuster in Latein-Amerika.;;;;;;;;;;;x;
EVTDESC37701_NEWS_MEDIUM;Уроженец Венесуэлы генерал Нарсисо Лопес был казнен испанскими колониальными властями на Кубе. Он высадился с небольшой группой людей, пытаясь поднять восстание, которое должно было передать Кубу США, но потерпел неудачу из-за отсутствия поддержки со стороны населения.;;Der venezolanische General Narciso Lopez wurde von der span. Kolonialobrigkeit in Kuba hingerichtet. Er landete mit einer kleinen Gruppe von Mannern, um eine Revolte zu entfachen, die Kuba an die USA ubergeben wurde, scheiterte jedoch an mangelnder Unterstutzung der Bevolkerung.;;;;;;;;;;;x;
EVTDESC37701_NEWS_SHORT;Уроженец Венесуэлы генерал Нарсисо Лопес был казнен испанскими колониальными властями на Кубе. Он высадился с небольшой группой людей, пытавшихся передать Кубу США.;;General Narciso Lopez aus Venzuela wurde von der span. Kolonialobrigkeit in Kuba hingerichtet. Er landete mit einer kleinen Gruppe von Mannern, um Kuba an die USA zu ubergeben.;;;;;;;;;;;x;
EVTDESC37706_NEWS_LONG;Испанский художник Пабло Пикассо отказался от традиционных представлений о живописи и начал использовать гораздо более концептуальный стиль, на который повлияли скульптура и африканское искусство. Один из самых влиятельных художников 20-го века, он провел большую часть своей жизни во Франции. Он вдохновил и разработал множество различных стилей, среди прочего, он известен как один из основателей движения кубистов. Рожденный с выдающимся талантом, Пикассо рисовал реалистично в детстве и юности, чтобы перейти к более абстрактным и экспериментальным формам позже в своей жизни.;;Der spanische Maler Pablo Picasso lehnte die konventionellen Ideen der Malerei ab und nutzte einen eher konzeptionellen Stil, beeinflusst von den Skulpturen und der Kunst Afrikas. Er war einer der einflussreichsten Kunstler des 20. Jh., verbrachte den Grossteil seines Lebens in Frankreich und inspirierte und entwickelte eine Reihe verschiedener Stilrichtungen, u. a. die kubistische Bewegung. Picasso malte in seiner Jugend realistische Werke und entwickelte in spateren Jahren sein unglaubliches Talent weiter zu abstrakter und experimenteller Malerei.;;;;;;;;;;;x;
EVTDESC37706_NEWS_MEDIUM;Испанский художник Пабло Пикассо отказался от традиционных идей живописи и начал использовать гораздо более концептуальный стиль. Рожденный с замечательным талантом, он рисовал реалистично в детстве и юности, чтобы перейти к более абстрактным и экспериментальным формам в конце жизни.;;Der spanische Maler Pablo Picasso lehnte die konventionelle Malerei ab und nutzte einen eher konzeptionellen Stil. Picasso malte in seiner Jugend realistische Werke und entwickelte in spateren Jahren sein unglaubliches Talent weiter zu abstrakter und experimenteller Malerei.;;;;;;;;;;;x;
EVTDESC37706_NEWS_SHORT;Испанский художник Пабло Пикассо отказался от традиционных представлений о живописи и начал использовать гораздо более концептуальный стиль, на который оказали влияние скульптура и африканское искусство.;;Der spanische Maler Pablo Picasso lehnte die konventionellen Ideen der Malerei ab und nutzte einen eher konzeptionellen Stil, beeinflusst von den Skulpturen und der Kunst Afrikas.;;;;;;;;;;;x;
EVTDESC32500_NEWS_LONG;$COUNTRY$: Один из самых влиятельных писателей современной русской литературы, который поставил Россию на один уровень с остальной Европой, Пушкин был известен такими произведениями, как «Евгений Онегин», «Борис Годунов» и «Капитанская дочка». Оказавшись в немилости у двора и все глубже погружаясь в долги, он умер от ран в феврале 1837 года после дуэли с французским иммигрантом, предполагаемым любовником его жены Натальи. Царская администрация перенесла и ограничила его похороны, опасаясь политической демонстрации.;;$COUNTRY$: Pushkin war einer der einflussreichsten Schriftsteller der modernen, russischen Literatur und brachte Russland auf europ. Standard. Er war bekannt fur Werke wie 'Jewgeni Onegin', 'Boris Godunow' und 'Die Tochter des Kapitans'. Er verstarb, bei Hofe in Ungnade gefallen und schwer verschuldet, 1837 an den Wunden eines Duells mit einem franz. Einwanderer, der angeblich der Liebhaber seiner Frau Natalya war. Die Zarenregierung verschob und beschrankte seine Beerdigung aus Furcht vor politischen Demonstrationen.;;;;;;;;;;;x;
EVTDESC32500_NEWS_MEDIUM;\$COUNTRY\$: Один из самых влиятельных писателей современной русской литературы, поднявший Россию на уровень остальной Европы, Пушкин был известен такими произведениями, как «Евгений Онегин», «Борис Годунов» и «Капитанская дочка».;;$COUNTRY$: Pushkin war einer der einflussreichsten Schriftsteller der modernen, russischen Literatur und brachte Russland auf europ. Standard. Er war bekannt fur Werke wie 'Jewgeni Onegin', 'Boris Godunow' und 'Die Tochter des Kapitans'.;;;;;;;;;;;x;
EVTDESC32500_NEWS_SHORT;\$COUNTRY\$: Один из самых влиятельных писателей в русской литературе, поднявший Россию до уровня остальной Европы, Пушкин был известен такими произведениями, как «Евгений Онегин» и «Борис Годунов».;;$COUNTRY$: Pushkin war einer der bekanntesten Autoren der russischen Literatur, brachte Russland auf europ. Standard und war bekannt fur Werke wie 'Jewgeni Onegin' oder 'Boris Godunow'.;;;;;;;;;;;x;
EVTDESC32505_NEWS_LONG;$COUNTRY$: В 1880 году Федор Достоевский завершил свой magnum opus, «Братья Карамазовы». Одно из самых захватывающих произведений за всю историю литературы, «Братья Карамазовы» было комедией, которая развивала основные темы постсоциалистической карьеры Достоевского как писателя. Комедия, возможно, но, возможно, самая серьезная комедия из когда-либо написанных. Произведения Достоевского оказали огромное влияние не только в России, но и на всем Западе, и не только в литературных кругах, но также в философских и религиозных.;;$COUNTRY$: 1880 vollendete Fjodor Dostojewski sein Meisterwerk 'Die Bruder Karamazov'. Es war eines der fesselndsten Werke der Literaturgeschichte, eine Komodie, die die Hauptthemen von Dostojewskis post-sozialistischer Karriere als Schriftsteller entwickelte. Ohne Zweifel die ernsthafteste Komodie, die je geschrieben wurde. Dostojewskis Werke beeinflussten nicht nur Russland, sondern auch den Westen, und dies nicht nur in literarischen Kreisen, sondern auch in der Philosophie und Religion.;;;;;;;;;;;x;
EVTDESC32505_NEWS_MEDIUM;\$COUNTRY\$: В 1880 году Федор Достоевский завершил свой главный труд «Братья Карамазовы». Произведения Достоевского оказали огромное влияние не только в России, но и на всем Западе, и не только в литературных кругах, но также в философских и религиозных.;;$COUNTRY$: 1880 vollendete Fjodor Dostojewski sein Meisterwerk 'Die Bruder Karamazov'. Dostojewskis Werke beeinflussten nicht nur Russland, sondern auch den Westen, und dies nicht nur in literarischen Kreisen, sondern auch in der Philosophie und Religion.;;;;;;;;;;;x;
EVTDESC32505_NEWS_SHORT;\$COUNTRY\$: В 1880 году Федор Достоевский завершил свой magnum opus, «Братья Карамазовы». Произведения Достоевского оказали огромное влияние в России и на всем Западе.;;$COUNTRY$: 1880 vollendete Fjodor Dostojewski sein Meisterwerk 'Die Bruder Karamazov'. Dostoevskys Werke beeinflussten Russland und den gesamten Westen.;;;;;;;;;;;x;
EVTDESC35700_NEWS_LONG;Ватикан, Рим: Энциклика папы Льва XIII «Права и обязанности капитала и труда» начиналась словами «Rerum Novarum». В анализе энциклики дух социалистических революционных изменений начал проникать во все большее количество областей. Причины конфликта, как утверждалось, были ясны: огромное расширение промышленных занятий, изменившиеся отношения между хозяевами и рабочими, накопление огромных состояний несколькими людьми и крайняя нищета масс, а также преобладающее моральное вырождение.;;Vatikan, Rom: Papst Leo XIII.s Enzyklika uber die 'Rechte und Pflichten des Kapitals und der Arbeit' begann mit den Worten 'Rerum Novarum'. In der Analyse hatte sich der Geist der sozialistischen Revolution auf weitere Bereiche ausgedehnt. Die Ursache dieses Konflikts war demnach angeblich klar: Die gewaltige Ausbreitung industriellen Strebens, die geanderte Beziehung zw. Meister und Arbeiter, die Ansammlung gewaltigen Reichtums durch einige wenige und die grosse Armut der Massen, sowie die Degeneration der Moral.;;;;;;;;;;;x;
EVTDESC35700_NEWS_MEDIUM;Ватикан, Рим: В энциклике Папы Льва XIII «Права и обязанности капитала и труда» содержалось предупреждение о том, что из-за крайней нищеты масс и всеобщего морального разложения дух социалистических революционных перемен начал проникать во все большее число областей.;;Vatikan, Rom: Papst Leo XIII.s Enzyklika uber die 'Rechte und Pflichten des Kapitals und der Arbeit' warnte, dass die grosse Armut der Massen und die moralische Degeneration den Geist der sozialistischen Revolution auf weitere Bereiche ausdehnte.;;;;;;;;;;;x;
EVTDESC35700_NEWS_SHORT;Ватикан, Рим: В энциклике Папы Льва XIII «Права и обязанности капитала и труда» содержалось предупреждение о том, что дух социалистических революционных перемен начал проникать во все большее число сфер.;;Vatikan, Rom: Papst Leo XIII.s Enzyklika uber die 'Rechte und Pflichten des Kapitals und der Arbeit' warnte, dass sich der Geist der sozialistischen Revolution auf weitere Bereiche ausdehnte.;;;;;;;;;;;x;
EVTDESC38500_NEWS_LONG;Первое оманское судно, отправившееся в Новый Свет, Sultana прибыло в Нью-Йорк в 1840 году, доставив личного представителя султана Сайида Саида ибн Султана для торговли с Америкой и встречи с американским правительством. Лишив своего брата совместного правления, Сайид ибн Султан перенес столицу из Маската, Оман, в Каменный город, Занзибар. Он известен очень активной внешней политикой, добиваясь торговых договоров с Соединенным Королевством, Францией и США. По просьбе Лондона он запретил рабство среди своих подданных, одного из ключевых Workshops в Омане до его правления.;;Die Sultana war das erste omanische Schiff in der Neuen Welt und erreichte 1840 New York, an Bord den personl. Reprasentanten von Sayyid Said ibn Sultan, um die amerik. Regierung zu treffen und Handel zu betreiben. Sayyid ibn Sultan hatte seinen Bruder um die geteilte Herrschaft gebracht und die Hauptstadt von Maskat, Oman, nach Stone Town, Sansibar, verlegt. Seine Auslandspolitik strebte nach Handel mit Grossbritannien, Frankreich und den USA. Auf Londons Anfrage verbot er seinen Untertanen die Sklaverei, die vor seiner Herrschaft die Hauptindustrie des Omans war.;;;;;;;;;;;x;
EVTDESC38500_NEWS_MEDIUM;«Султана» — первое оманское судно, совершившее плавание в Новый Свет. Оно прибыло в Нью-Йорк в 1840 году, доставив личного представителя султана Сайида Саида ибн Султана для торговли с Америкой и встречи с американским правительством.;;Die Sultana segelte als erstes omanisches Schiff in die Neue Welt und erreichte 1840 New York, an Bord den personl. Reprasentanten von Sultan Sayyid Said ibn Sultan, um die amerik. Regierung zu treffen und Handel zu betreiben.;;;;;;;;;;;x;
EVTDESC38500_NEWS_SHORT;«Султана» — первое оманское судно, совершившее плавание в Новый Свет. Оно прибыло в Нью-Йорк в 1840 году, доставив личного представителя султана Сайида Саида ибн Султана для торговли с Америкой.;;Die Sultana segelte als erstes omanisches Schiff in die Neue Welt und erreichte 1840 New York, an Bord den personl. Reprasentanten von Sayyid Said ibn Sultan, um mit Amerika zu handeln.;;;;;;;;;;;x;
EVTDESC36400_NEWS_LONG;Эдвард Мунк (1863-1944), норвежский художник, сыграл важную роль в развитии экспрессионизма и символизма. Его работы потрясли высшие классы общества до такой степени, что поначалу они были запрещены. Его картины повысили осведомленность об ужасных условиях жизни менее удачливых слоев общества. «В отличие от других художников, он видит то, что является существенным, и это он рисует», — защищал его друг. Выполненная в четырех разных версиях, самая известная из работ Мунка, его знаковая картина «Крик», была продана за рекордно высокую номинальную цену, когда-либо уплаченную на аукционе.;;Der norwegische Maler Edvard Munch (1863-1944) spielte eine wichtige Rolle im Expressionismus und Symbolismus. Seine Werke wuhlten die gehobenen Gesellschaftsschichten zunachst so auf, dass sie verboten wurden. Seine Gemalde machten auf die schrecklichen Lebensbedingungen der Armen aufmerksam. 'Wie kein anderer Kunstler sieht er das Wesentliche, und das malt er', verteidigte ihn ein Freund. Eines der bekanntesten, in vier Versionen existierenden Werke Munchs ist das ikonenhafte Bild 'Der Schrei', das fur einen Rekordpreis auf einer Auktion verkauft wurde.;;;;;;;;;;;x;
EVTDESC36400_NEWS_MEDIUM;Эдвард Мунк (1863-1944) сыграл важную роль в развитии экспрессионизма и символизма. Его работы потрясли высшие классы общества до такой степени, что поначалу они были запрещены. Его картины повышали осведомленность об ужасных условиях жизни менее удачливых слоев общества.;;Edvard Munch (1863-1944) spielte eine wichtige Rolle im Expressionismus und Symbolismus. Seine Werke wuhlten die gehobenen Gesellschaftsschichten zunachst so auf, dass sie verboten wurden. Seine Gemalde machten auf die schrecklichen Lebensbedingungen der Armen aufmerksam.;;;;;;;;;;;x;
EVTDESC36400_NEWS_SHORT;Эдвард Мунк (1863-1944) сыграл важную роль в развитии экспрессионизма и символизма. Его работы потрясли высшие классы общества до такой степени, что поначалу были запрещены.;;Edvard Munch (1863-1944) spielte eine wichtige Rolle im Expressionismus und Symbolismus. Seine Werke wuhlten die gehobenen Gesellschaftsschichten zunachst so auf, dass sie verboten wurden.;;;;;;;;;;;x;
EVTDESC36401_NEWS_LONG;Сын фермера и учитель Ивар Аасен (1813-1896) видел необходимость в реформировании норвежского письменного языка, который до этого момента был датским. Благодаря нескольким путешествиям по стране, проделанным через небольшие деревни и фермерские общины, он создал грамматику и словарь для «нового» норвежского языка. Хотя его кодификация разговорного языка мало что сделала для просвещения людей, которым он стремился помочь, многие из его стихотворений стали популярными песнями. Незадолго до его смерти его новый язык получил официальное признание норвежского парламента.;;Der Bauernsohn und Lehrer Ivar Aasen (1813-1896) sah den Bedarf einer Reform der norwegischen Schriftsprache, die bis dahin Danisch war. Mithilfe zahlreicher Reisen durch das Land, in kleine Dorfer und Bauerngemeinden, entwickelte er eine Grammatik und ein Worterbuch fur eine 'neue' norwegische Sprache. Auch wenn seine Aufzeichnungen der gesprochenen Sprache nicht den Leuten halfen, fur die er sprach, so wurden viele seiner Gedichte populare Lieder. Kurz vor seinem Tod wurde seine neue Sprache vom norwegischen Parlament offiziell anerkannt.;;;;;;;;;;;x;
EVTDESC36401_NEWS_MEDIUM;Сын фермера и учитель Ивар Аасен (1813-1896) видел необходимость реформирования норвежского письменного языка, который до этого момента был датским. Он создал грамматику и словарь для «нового» норвежского языка. Многие из его стихотворений стали популярными песнями.;;Der Bauernsohn und Lehrer Ivar Aasen (1813-1896) sah den Bedarf einer Reform der norwegischen Schriftsprache, die bis dahin Danisch war. Er entwickelte eine Grammatik und ein Worterbuch fur eine 'neue' norwegische Sprache. Viele seiner Gedichte wurden populare Lieder.;;;;;;;;;;;x;
EVTDESC36401_NEWS_SHORT;Сын фермера и учитель Ивар Аасен (1813-1896) увидел необходимость реформирования норвежского письменного языка, который до этого момента был датским. Он создал «новый» норвежский язык.;;Der Bauernsohn und Lehrer Ivar Aasen (1813-1896) sah den Bedarf einer Reform der norwegischen Schriftsprache, die bis dahin Danisch war. Er entwickelte eine 'neue' norwegische Sprache.;;;;;;;;;;;x;
EVTDESC44000_NEWS_LONG;С открытием Гавайев для внешнего влияния на острова пришли новые болезни, которые и поразили острова. Проказа была одним из бедствий, и опасаясь, что болезнь очень заразна, на острове Молокаи была основана колония прокаженных для карантина жертв. Бельгийский миссионер, отец Дамьен, предложил свои услуги по надзору за колонией и обеспечению ее работы на благо жертв. Считающийся мучеником милосердия, он сам умер от этой болезни, заразившись ею после шестнадцати лет оказания помощи больным.;;Mit der Offnung Hawaiis gegenuber fremden Einflussen erreichten neue Krankheiten die Inseln. Lepra war eine der Seuchen und im Verdacht, hoch ansteckend zu sein, sodass eine Leprakolonie auf der Insel Molokai errichtet wurde, um die Infizierten unter Quarantane zu stellen. Der belgische Missionar Pater Damien bot seine Dienste an, die Kolonie zu verwalten und ihre Verwaltung zugunsten der Kranken sicherzustellen. Er starb an der Krankheit nach sechzehn aufopfernden Jahren der Krankenpflege als Martyrer.;;;;;;;;;;;x;
EVTDESC44000_NEWS_MEDIUM;С открытием Гавайев для внешнего влияния на острова пришли новые болезни. Проказа была одним из бедствий, и опасаясь, что болезнь была очень заразной, на острове Молокаи была создана колония прокаженных для карантина жертв.;;Mit der Offnung Hawaiis gegenuber fremden Einflussen erreichten neue Krankheiten die Inseln. Lepra war eine der Seuchen und im Verdacht, hoch ansteckend zu sein, so dass eine Leprakolonie auf der Insel Molokai errichtet wurde, um die Infizierten unter Quarantane zu stellen.;;;;;;;;;;;x;
EVTDESC44000_NEWS_SHORT;С открытием Гавайев для внешнего влияния на острова пришли новые болезни. Проказа была среди бедствий. На острове Молокаи была основана колония прокаженных.;;Mit der Offnung Hawaiis gegenuber fremden Einflussen erreichten neue Krankheiten die Inseln. Lepra war eine der Seuchen. Eine Leprakolonie wurde auf der Insel Molokai errichtet.;;;;;;;;;;;x;
EVTDESC36204_NEWS_LONG;В 1848 году восстали рабы на Датских Виргинских островах. Губернатор Петер фон Шолтен решил освободить их, а не применять силу для подавления восстания. Фон Шолтен сослался на закон 1847 года, который гласил, что все дети, рожденные рабами, должны быть свободны, как на причину недовольства, приведшего к восстанию. Ученые сходятся во мнении, что его проживание с Анной Хегор, цветной женщиной, повлияло на его взгляды по этому вопросу. Действия фон Шолтена встретили значительное сопротивление со стороны плантаторов. Он был отозван в Данию и предан суду, но позже был оправдан Верховным судом.;;1848 rebellierten die Sklaven auf den dan. Jungferninseln. Der Gouverneur Peter von Scholten entschloss sich, sie ohne Gegenwehr freizulassen. Von Scholten berief sich auf ein Gesetz von 1847 das besagte, dass alle von Sklaven geborene Kinder freizusein hatten, als Ausloser des Aufstandes. Gelehrte sahen den Grund vielmehr in seiner Partnerschaft mit der Farbigen Anna Heegaard. Sein Entschluss traf auf heftigen Widerstand der Plantagenbauern. Er wurde nach Danemark zuruckbeordert und vor Gericht gestellt. Das Verfassungsgericht entlastete ihn schliesslich.;;;;;;;;;;;x;
EVTDESC36204_NEWS_MEDIUM;В 1848 году восстали рабы на Датских Виргинских островах. Губернатор Петер фон Шольтен решил освободить их, а не использовать силу для подавления восстания. Его отозвали в Данию и отдали под суд, но позже Верховный суд оправдал его.;;1848 rebellierten die Sklaven auf den danischen Jungferninseln. Der Gouverneur Peter von Scholten entschloss sich, sie ohne Gegenwehr freizulassen. Er wurde nach Danemark zuruckbeordert und vor Gericht gestellt. Das Verfassungsgericht entlastete ihn schliesslich.;;;;;;;;;;;x;
EVTDESC36204_NEWS_SHORT;В 1848 году восстали рабы на Датских Виргинских островах. Губернатор Петер фон Шольтен решил освободить их, а не подавлять восстание силой.;;1848 rebellierten die Sklaven auf den danischen Jungferninseln. Der Gouverneur Peter von Scholten entschloss sich, sie ohne Gegenwehr freizulassen.;;;;;;;;;;;x;
EVTDESC36217_NEWS_LONG;Датский писатель и философ Кьеркегор опубликовал свою работу «Или — или» в 1843 году. Кьеркегора обычно считают первым философом-экзистенциалистом. «Бог не похож на человека, Богу не важно иметь видимые доказательства, чтобы он мог видеть, победило его дело или нет, он видит в тайне так же хорошо. Он тот, кто поможет вам учиться заново, чтобы вы отвыкли от мирской точки зрения, которая настаивает на видимых доказательствах», — сказал он однажды, объясняя свои теологические взгляды.;;Der danische Autor und Philosoph Kierkegaard veroffentlichte 1843 sein Werk 'Entweder – Oder'. Er wird als der erste Existentialist angesehen. 'Gott ist nicht wie der Mensch. Er braucht keine sichtbaren Beweise, um zu wissen, ob er erfolgreich war, er sieht das Verborgene. Er ist es, der dich die Erkenntnis lehren wird, um dich vom weltlichen Standpunkt zu entwohnen, der auf sichtbaren Beweisen beharrt.' sagte er einst, um seine theologischen Ansichten zu erklaren.;;;;;;;;;;;x;
EVTDESC36217_NEWS_MEDIUM;Датский писатель и философ Кьеркегор опубликовал свою работу «Или — или» в 1843 году. «Богу не так уж важно иметь видимые доказательства, чтобы он мог видеть, победило его дело или нет, он видит и тайное», — сказал он однажды, объясняя свои теологические взгляды.;;Der danische Autor und Philosoph Kierkegaard veroffentlichte 1843 sein Werk 'Entweder – Oder'. 'Gott braucht keine sichtbaren Beweise, um zu wissen, ob er erfolgreich war, er sieht das Verborgene.' sagte er einst, um seine theologischen Ansichten zu erklaren.;;;;;;;;;;;x;
EVTDESC36217_NEWS_SHORT;Датский писатель и философ Кьеркегор опубликовал свою работу «Или — или» в 1843 году. Кьеркегора обычно считают первым философом-экзистенциалистом.;;Der danische Autor und Philosoph Kierkegaard veroffentlichte 1843 sein Werk 'Entweder – Oder'. Er wird als der erste Existentialist angesehen.;;;;;;;;;;;x;
EVTDESC90900_NEWS_LONG;После многих лет унизительных договоров, эксплуатации и запугивания $COUNTRY$ теперь стоит на равных с западными державами. Дракон проснулся и может потрясти мир. Поскольку создание школ и мастерских набирает обороты, реформы в армии и флоте приносят им равный статус с западными коллегами, а реформы институтов позволяют государству управлять более эффективно, китайцы с их огромными ресурсами и населением вскоре могут оказаться среди великих держав этого мира.;;Nach Jahren der erniedrigenden Abkommen, Ausbeutung und Einschuchterung steht $COUNTRY$ den westlichen Machten nun gleichberechtigt gegenuber. Der Drache ist erwacht und wird die Welt erschuttern. Wahrend Schulen und Industrien rapide zunehmen, bringen die Reformen der Armee und Marine das Land auf gleiche Stufe wie die westlichen Nationen. Verwaltungsreformen erlauben eine effizientere Regierung. Die Chinesen konnten sich mit all ihren Ressourcen und ihrer Bevolkerung schon bald unter den Grossmachten der Welt befinden.;;;;;;;;;;;x;
EVTDESC90900_NEWS_MEDIUM;После многих лет унизительных договоров, эксплуатации и запугивания $COUNTRY$ теперь стоит на равных с западными державами. Дракон пробудился и может потрясти мир. Китайцы вскоре могут оказаться среди великих держав этого мира.;;Nach Jahren der erniedrigenden Abkommen, Ausbeutung und Einschuchterung steht $COUNTRY$ den westlichen Machten nun gleichberechtigt gegenuber. Der Drache ist erwacht und wird die Welt erschuttern. Die Chinesen konnten sich schon bald unter den Grossmachten der Welt befinden.;;;;;;;;;;;x;
EVTDESC90900_NEWS_SHORT;После многих лет унизительных договоров, эксплуатации и запугивания $COUNTRY$ теперь стоит на равных с западными державами. Дракон пробудился и может потрясти мир.;;Nach Jahren der erniedrigenden Abkommen, Ausbeutung und Einschuchterung steht $COUNTRY$ den westl. Machten nun gleichberechtigt gegenuber. Der Drache ist erwacht und wird die Welt erschuttern.;;;;;;;;;;;x;
EVTDESC90902_NEWS_LONG;Китай раскололся. То, что когда-то было единым целым, развалилось, разделив ресурсы и людей. То, что могло быть великой державой, теперь в лучшем случае станет рядом региональных держав, конкурирующих между собой больше, чем конкурирующих вместе против Запада, набором вассалов западных уловок, а не сильным государством, отвергающим их своей силой и единством. Запад, однако, не успокаивается, благодаря промышленной и военной мощи одно из малых государств все же может возвыситься над другими и сплотить их под своими знаменами, чтобы пробудить дракона и потрясти мир.;;China ist zerspalten. Die einstige Einheit ist zerbrochen, die Ressourcen und Menschen sind geteilt. Was eine Grossmacht hatte sein konnen, wird nun eine Reihe regionaler Krafte im Wettbewerb gegeneinander, nicht im gemeinsamen Wettstreit gg. den Westen. Sie sind nichts weiter als Marionetten westl. Rankespiele, kein starker Staat, der sich diesen als Einheit widersetzt. Doch der Westen bleibt wachsam, mit indust. und milit. Starke konnte einer der kleineren Staaten erwachen, andere unter seinem Banner vereinen, den Drachen erwecken und die Welt erschuttern.;;;;;;;;;;;x;
EVTDESC90902_NEWS_MEDIUM;Китай раскололся. То, что когда-то было единым целым, развалилось, разделив ресурсы и людей. То, что могло быть великой державой, теперь в лучшем случае станет рядом региональных держав, конкурирующих между собой больше, чем вместе с Западом.;;China ist zerspalten. Die einstige Einheit ist zerbrochen, die Ressourcen und Menschen sind geteilt. Was eine Grossmacht hatte sein konnen, wird nun eine Reihe regionaler Krafte im Wettbewerb gegeneinander, nicht im gemeinsamen Wettstreit gg. den Westen.;;;;;;;;;;;x;
EVTDESC90902_NEWS_SHORT;Китай раскололся. То, что когда-то было единым целым, развалилось, разделив ресурсы и людей. То, что могло быть великой державой, превратилось в региональные державы, конкурирующие друг с другом.;;China ist zerspalten. Die Einheit ist zerbrochen, die Ressourcen und Menschen sind geteilt. Was eine Grossmacht hatte sein konnen, sind nun viele regionale Krafte im Wettstreit untereinander.;;;;;;;;;;;x;
EVTDESC37201_NEWS_LONG;$COUNTRY$: Триумфальная арка в Париже, заказанная Наполеоном Бонапартом и спроектированная Жаном Шальгреном, была открыта в 1836 году после тридцати лет строительства. Вдохновленный триумфальными арками римлян, памятник отображает сцены из французской революционной войны и успехов Наполеона. Самая большая триумфальная арка на сегодняшний день, расположенная на правом берегу Сены в центре двенадцатиугольной конфигурации из двенадцати расходящихся проспектов, имеет высоту 50 метров, ширину 45 метров и глубину 22 метра.;;$COUNTRY$: Der von Napoleon Bonaparte in Auftrag gegebene und von Jean Chalgrin entworfene Arc de Triomphe in Paris wurde 1836 nach dreissig Jahren Bauzeit enthullt. Das Monument zeigt, inspiriert von Triumphbogen Roms, Szenen der franz. Koalitionskriege und Napoleons Erfolgen. Er ist mit 50 Metern Hohe, 45 Metern Breite und 22 Metern Flache der grosste Triumphbogen dieser Zeit und befindet sich am rechten Ufer der Seine, im Zentrum eines Zwolfecks mit zwolf herausfuhrenden Alleen.;;;;;;;;;;;x;
EVTDESC37201_NEWS_MEDIUM;$COUNTRY$: Триумфальная арка в Париже, заказанная Наполеоном Бонапартом, была открыта в 1836 году после тридцати лет строительства. Вдохновленный триумфальными арками римлян, памятник отображает сцены из французской революционной войны и успехи Наполеона.;;$COUNTRY$: Der von Napoleon Bonaparte in Auftrag gegebene Arc de Triomphe in Paris wurde 1836 nach dreissig Jahren Bauzeit enthullt. Das Monument zeigt, inspiriert von Triumphbogen Roms, Szenen der franz. Koalitionskriege und Napoleons Erfolgen.;;;;;;;;;;;x;
EVTDESC37201_NEWS_SHORT;$COUNTRY$: Триумфальная арка в Париже, заказанная Наполеоном Бонапартом и спроектированная Жаном Шальгреном, была открыта в 1836 году после тридцати лет строительства.;;$COUNTRY$: Der von Napoleon Bonaparte in Auftrag gegebene und von Jean Chalgrin entworfene Arc de Triomphe in Paris wurde 1836 nach dreissig Jahren Bauzeit enthullt.;;;;;;;;;;;x;
EVTDESC37204_NEWS_LONG;Тело Наполеона Бонапарта, умершего в 1821 году на острове Святой Елены, было эксгумировано и возвращено во Францию в декабре 1840 года. В первые дни после его похорон в Доме Инвалидов в Париже сотни тысяч людей отдали ему дань уважения. В своем последнем завещании Бонапарт просил похоронить его «на берегах Сены, среди французского народа, которого он так любил». Похороненное с тем самым мечом, который он носил при Аустерлице и Маренго, тело Наполеона покоилось в сакрофаге, установленном на двух мраморных плитах в круглом склепе без потолка.;;Der Korper des 1821 in St. Helena verstorbenen Napoleon Bonaparte wurde exhumiert und kehrte im Winter 1840 nach Frankreich zuruck. In den ersten Tagen nach seiner Beerdigung im Dome des Invalides in Paris zollten ihm Hunderttausende ihren Respekt. In seinem Testament bat er darum, 'an den Ufern der Seine inmitten des franzosischen Volks, das [er] so liebte', begraben zu werden. Er fand seine letzte Ruhe in einem auf zwei Marmorblocken ruhenden Sarkophag, in einer runden  Krypta ohne Dach, in seinen Handen das Schwert, das er bei Austerlitz und Marengo trug.;;;;;;;;;;;x;
EVTDESC37204_NEWS_MEDIUM;Тело Наполеона Бонапарта, умершего в 1821 году на острове Святой Елены, было эксгумировано и возвращено во Францию в декабре 1840 года. В первые дни после его похорон в Доме Инвалидов в Париже сотни тысяч людей отдали ему дань уважения.;;Der Korper des 1821 in St. Helena verstorbenen Napoleon Bonaparte wurde exhumiert und kehrte im Winter 1840 nach Frankreich zuruck. In den ersten Tagen nach seiner Beerdigung im Dome des Invalides in Paris zollten ihm Hunderttausende ihren Respekt.;;;;;;;;;;;x;
EVTDESC37204_NEWS_SHORT;Тело Наполеона Бонапарта, умершего в 1821 году на острове Святой Елены, было эксгумировано и возвращено во Францию в декабре 1840 года. Сотни тысяч людей отдали ему дань уважения.;;Der Korper des 1821 in St. Helena verstorbenen Napoleon Bonaparte wurde exhumiert und kehrte im Winter 1840 nach Frankreich zuruck. Hunderttausende zollten ihm ihren Respekt.;;;;;;;;;;;x;
EVTDESC37213_NEWS_LONG;$COUNTRY$: В 1835 году Алексис де Токвиль опубликовал свою «Демократию в Америке», которая сразу же была признана классикой как в Америке, так и во Франции. В ней он отметил сутяжничество и религиозность американцев, что остается загадкой для европейцев и сегодня. Токвиль — один из немногих историков, на счету которых более одного «классического» произведения. Его другая великая работа «Старый режим и Французская революция» была опубликована в 1856 году, всего за три года до его смерти.;;$COUNTRY$: 1835 veroffentlichte Alexis de Tocqueville sein Werk 'Demokratie in Amerika', das sowohl in Amerika als auch in Frankreich sofort ein Klassiker wurde. In ihm offenbarte er die Streitsucht und Religiositat der Amerikaner, etwas, das Europa heute noch in Erstaunen versetzt. Tocqueville ist einer der wenigen Historiker mehr als einen 'Klassiker' vorzuweisen hat. Das andere Meisterwerk ist 'Das alte Regime und die franzosische Revolution', das 1856, nur drei Jahre vor seinem Tod, veroffentlicht wurde.;;;;;;;;;;;x;
EVTDESC37213_NEWS_MEDIUM;$COUNTRY$: В 1835 году Алексис де Токвиль опубликовал свою «Демократию в Америке», которая была немедленно признана классикой как в Америке, так и во Франции. Он один из немногих историков, на счету которых более одной «классики».;;$COUNTRY$: 1835 veroffentlichte Alexis de Tocqueville sein Werk 'Demokratie in Amerika', das sowohl in Amerika als auch in Frankreich sofort ein Klassiker wurde. Er ist einer der wenigen Historiker mit mehr als einem 'Klassiker' vorzuweisen hat.;;;;;;;;;;;x;
EVTDESC37213_NEWS_SHORT;$COUNTRY$: В 1835 году Алексис де Токвиль опубликовал свою работу «Демократия в Америке», которая сразу же была признана классикой как в Америке, так и во Франции.;;$COUNTRY$: 1835 veroffentlichte Alexis de Tocqueville sein Werk 'Demokratie in Amerika', welches sowohl in Amerika als auch in Frankreich sofort ein Klassiker wurde.;;;;;;;;;;;x;
EVTDESC37216_NEWS_LONG;$COUNTRY$: В 1894 году французский шпион обнаружил в немецком посольстве рукописный бордеро, содержащий секретные французские военные документы. Подозрение пало на капитана-еврея Альфреда Дрейфуса, и он был осужден военным судом и приговорен к пожизненному заключению на острове Дьявола. Дрейфус протестовал против своей невиновности, отрицая авторство бордеро, но безуспешно.;;$COUNTRY$: 1894 wurde ein handschriftliches Verzeichnis von einem franzosischen Spion in der deutschen Botschaft entdeckt, das geheime, franzosische Militardokumente enthielt. Der Verdacht fiel auf den judischen Feldherrn Alfred Dreyfus, der von einem Kriegsgericht fur schuldig befunden und zu einem Leben in Gefangenschaft auf Devil's Island verurteilt wurde. Dreyfus beteuerte erfolglos seine Unschuld.;;;;;;;;;;;x;
EVTDESC37216_NEWS_MEDIUM;$COUNTRY$: В 1894 году французский шпион обнаружил в немецком посольстве рукописный бордеро, содержащий секретные французские военные документы. Подозрение пало на капитана-еврея Альфреда Дрейфуса, и он был приговорен к пожизненному заключению на острове Дьявола.;;$COUNTRY$: 1894 wurde ein handschriftl. Verzeichnis von einem franz. Spion in der deutschen Botschaft entdeckt, das geheime, franz. Militardokumente enthielt. Der judische Feldherr Alfred Dreyfus wurde verdachtigt und zu lebenslanglich auf Devil's Island verurteilt.;;;;;;;;;;;x;
EVTDESC37216_NEWS_SHORT;$COUNTRY$: В 1894 году еврейский капитан Альфред Дрейфус был приговорен к пожизненному заключению на острове Дьявола. Дрейфус заявлял о своей невиновности, но безуспешно.;;$COUNTRY$: 1894 wurde der judische Feldherr Alfred Dreyfus zu lebenslanglich auf Devil's Island verurteilt. Dreyfus beteuerte erfolglos seine Unschuld.;;;;;;;;;;;x;
EVTDESC37217_NEWS_LONG;$COUNTRY$: В 1896 году полковник Пикар обнаружил доказательства, указывающие на майора Эстерхази как на истинного автора бордеро, за написание которого был осужден Дрейфус, но в военном суде майор был оправдан за считанные минуты. В открытом письме президенту Франции Эмиль Золя обвинил судей, оправдавших Эстерхази, в том, что им приказало сделать это военное министерство. Позже в 1898 году было обнаружено, что большая часть доказательств против Дрейфуса была подделана.;;$COUNTRY$: 1896 entdeckte Colonel Picquart Beweise, dass Major Esterhazy der wahre Verfasser des Verzeichnisses war, fur das Dreyfus verurteilt worden war, doch ein Kriegsgericht entlastete den Major innerhalb von wenigen Minuten. In einem offenen Brief an den franzosischen Prasidenten beschuldigte Emile Zola die Richter, die Esterhazy freisprachen, dies auf Befehl des Kriegsministeriums getan zu haben. Spater, 1898, wurde festgestellt, dass viele Beweise gegen Dreyfus gefalscht waren.;;;;;;;;;;;x;
EVTDESC37217_NEWS_MEDIUM;$COUNTRY$: В 1896 году полковник Пикар обнаружил доказательства, указывающие на майора Эстерхази как на истинного автора бордеро, но в военном суде майор был оправдан за считанные минуты. Эмиль Золя обвинил судей в том, что им приказало сделать это военное министерство.;;$COUNTRY$: 1896 entdeckte Colonel Picquart Beweise, dass Major Esterhazy der wahre Verfasser des Verzeichnisses war, doch ein Kriegsgericht entlastete den Major nach kurzer Zeit. Emile Zola beschuldigte die Richter, auf Befehl des Kriegsministeriums gehandelt zu haben.;;;;;;;;;;;x;
EVTDESC37217_NEWS_SHORT;$COUNTRY$: В 1896 году полковник Пикар обнаружил доказательства, указывающие на то, что майор Эстерхази был истинным автором бордеро, за написание которого был осужден Дрейфус.;;$COUNTRY$: 1896 entdeckte Colonel Picquart Beweise, dass Major Esterhazy der wahre Verfasser des Verzeichnisses war, fur das Dreyfus verurteilt worden war.;;;;;;;;;;;x;
EVTDESC37218_NEWS_LONG;$COUNTRY$: Поскольку было доказано, что доказательства против Дрейфуса были сфальсифицированы, его дело было передано в Апелляционный суд в 1899 году. Возмущение последовало после того, как он был снова признан виновным военным судом, истеблишмент отказался признать свою предыдущую ошибку. Хотя он был помилован президентом и позже оправдан в 1906 году, результат всего дела усилил антиклерикализм, антимилитаризм и объединил французских левых.;;$COUNTRY$: Nachdem die Beweise gegen Dreyfus als Falschung entlarvt worden waren, wurde sein Fall 1899 vor dem Berufungsgericht erneut verhandelt. Die erneute Verurteilung durch ein Kriegsgericht, dass die vorherigen Fehler nicht zugeben wollte, fuhrte zu Aufruhr. Dreyfus wurde vom Prasidenten begnadigt und 1906 entlastet, doch die Affare fuhrte zu wachsendem Antiklerikalismus und Antimilitarismus und solidarisierte die Franzosen.;;;;;;;;;;;x;
EVTDESC37218_NEWS_MEDIUM;$COUNTRY$: Поскольку было доказано, что доказательства против Дрейфуса были сфальсифицированы, его дело было передано в Апелляционный суд в 1899 году. Возмущение последовало после того, как военный суд снова признал его виновным, поскольку власти отказались признать свою предыдущую ошибку.;;$COUNTRY$: Nachdem die Beweise gegen Dreyfus als Falschung entlarvt worden waren, wurde sein Fall 1899 vor dem Berufungsgericht erneut verhandelt. Die erneute Verurteilung durch ein Kriegsgericht, dass die vorherigen Fehler nicht zugeben wollte, fuhrte zu Aufruhr.;;;;;;;;;;;x;
EVTDESC37218_NEWS_SHORT;$COUNTRY$: Поскольку было доказано, что доказательства против Дрейфуса были сфальсифицированы, его дело было передано в Апелляционный суд в 1899 году. После того, как его снова признали виновным, последовало возмущение.;;$COUNTRY$: Nachdem die Beweise gegen Dreyfus als Falschung entlarvt wurden, wurde sein Fall 1899 vor dem Berufungsgericht verhandelt. Die erneute Verurteilung fuhrte zu Aufruhr.;;;;;;;;;;;x;
EVTDESC37220_NEWS_LONG;$COUNTRY$: Дочь мельника, 14-летняя Бернадетт Субиру, впервые увидела Святую Марию в пещере недалеко от Лурда, на северной стороне Пиренеев. Хотя это были частные явления, а не публичные откровения, после канонического расследования в 1864 году ее видения были официально признаны Католической церковью, и Лурд стал одним из важнейших мест паломничества католиков. Считается, что вода из источника, на который Дева Мария указала Бернадетт, обладает целительными свойствами, если сочетать ее с молитвой.;;$COUNTRY$: Die 14 Jahre alte Mullerstochter Bernadette Soubirous hatte in einer Hohle bei Lourdes, nordlich der Pyrenaen, ihre erste Vision der Gottesmutter Maria. Auch wenn es keine Zeugen fur die Erscheinungen gab, wurden sie 1864, nach einer kirchlichen Untersuchung, von der katholischen Kirche offiziell anerkannt und Lourdes wurde einer der wichtigsten Wallfahrtsorte der Katholiken. Das Wasser der Quelle, die die Jungfrau Maria Bernadette zeigte, soll in Verbindung mit Gebeten heilende Krafte haben.;;;;;;;;;;;x;
EVTDESC37220_NEWS_MEDIUM;$COUNTRY$: Дочь мельника, 14-летняя Бернадетт Субиру, впервые увидела Святую Марию в пещере недалеко от Лурда, на северной стороне Пиренеев. В 1864 году ее видения были официально признаны Католической церковью.;;$COUNTRY$: Die 14 Jahre alte Mullerstochter Bernadette Soubirous hatte in einer Hohle bei Lourdes, nordlich der Pyrenaen, ihre erste Vision der Gottesmutter Maria. 1864 wurden ihre Visionen von der katholischen Kirche offiziell anerkannt.;;;;;;;;;;;x;
EVTDESC37220_NEWS_SHORT;$COUNTRY$: Дочь мельника, 14-летняя Бернадетт Субиру, впервые увидела Святую Марию в пещере недалеко от Лурда, на северной стороне Пиренеев.;;$COUNTRY$: Die 14 Jahre alte Mullerstochter Bernadette Soubirous hatte in einer Hohle bei Lourdes, nordlich der Pyrenaen, ihre erste Vision der Gottesmutter Maria.;;;;;;;;;;;x;
EVTDESC31502_NEWS_LONG;В возрасте 67 лет умер император Австро-Венгрии Франц I, после чего на престол взошел его умственно и физически неполноценный сын Фердинанд I. Из-за неспособности Фердинанда так называемая Geheime Regierungskonferenz (Тайная правительственная конференция), в которую входили Клеменс Венце и фюрст Меттерних, взяла на себя повседневное управление правительством вместо него. Регенты настаивали на легитимности нового императора и объявили его пригодным для правления под их руководством. Цитируется единственный последовательный приказ Фердинанда: «Я император, и я хочу пельменей».;;Mit 67 Jahren starb Kaiser Franz I. von Osterreich-Ungarn und sein geistig und korperlich behinderter Sohn, Ferdinand I., bestieg den Thron. Aufgrund seiner Beeintrachtigungen ubernahm die sogenannte Geheime Regierungskonferenz, u.a. mit Klemens Wenze und Furst Metternich, die tagliche Regierungsarbeit fur ihn. Die Regenten bestanden auf der Legitimitat des Kaisers und erklarten ihn dazu in der Lage, mit ihrer Beratung zu herrschen. Laut Uberlieferungen lautete Ferdinands einziger koharenter Befehl 'Ich bin der Herrscher und ich will Knodel'.;;;;;;;;;;;x;
EVTDESC31502_NEWS_MEDIUM;В возрасте 67 лет умер император Австро-Венгрии Франц I, после чего на престол взошел его умственно и физически неполноценный сын Фердинанд I. Регенты Клеменс Венце и фюрст Меттерних взяли на себя повседневное управление правительством.;;Mit 67 Jahren starb Kaiser Franz I. von Osterreich-Ungarn und sein geistig und korperlich behinderter Sohn, Ferdinand I., bestieg den Thron. Die Regenten Klemens Wenze und Furst Metternich ubernahmen die tagliche Regierungsarbeit fur ihn.;;;;;;;;;;;x;
EVTDESC31502_NEWS_SHORT;В возрасте 67 лет умер император Австро-Венгрии Франц I, и на престол взошел его умственно и физически неполноценный сын Фердинанд I. Регенты взяли на себя управление государством вместо него.;;Mit 67 Jahren starb Kaiser Franz I. von Osterreich-Ungarn und sein geistig und korperlich behinderter Sohn, Ferdinand I., bestieg den Thron. Regenten ubernahmen die Regierungsarbeit fur ihn.;;;;;;;;;;;x;
EVTDESC31504_NEWS_LONG;Серб Илья Гарашанин в своем произведении «Нашертанье» («Черновик») требовал единства всех южных славян в борьбе против их австрийских и османских угнетателей. Вдохновленные немецкими и французскими моделями нации, пытаясь справиться со сложным международным положением сербского народа, его труды стали программой южнославянского националистического движения и направляли решения Гарашанина на протяжении всей его карьеры, но не смогли получить широкой народной поддержки и держались в секрете до самого конца его жизни.;;Der Serbe Ilya Garashanin verlangte in seiner Schrift 'Natshertanye' die Einheit aller sudlichen Slawen im Kampf gegen ihre osterr. und osmanischen Unterdrucker. Inspiriert  vom deutschen und franz. Modell einer Nation versuchte er, die schwierige internationale Situation der Serben zu erfassen, und seine Schriften wurden zum Programm fur die sudliche, nationale Bewegung der Serben. Sie leiteten Garashanins Entscheidungen in seiner Karriere, fanden jedoch keine ausreichende, offentliche Unterstutzung und blieben bis zu seinem Alter ein Geheimnis.;;;;;;;;;;;x;
EVTDESC31504_NEWS_MEDIUM;Серб Илья Гарашанин в своем произведении «Нашертанье» («Черновик») требовал единства всех южных славян в борьбе против австрийских и османских угнетателей. Его сочинения стали программой южнославянского национального движения.;;Der Serbe Ilya Garashanin verlangte in seiner Schrift 'Natshertanye' die Einheit aller sudlichen Slawen im Kampf gegen ihre osterr. und osmanischen Unterdrucker. Seine Schriften wurden zum Programm fur die sudliche, nationale Bewegung der Serben.;;;;;;;;;;;x;
EVTDESC31504_NEWS_SHORT;Серб Илья Гарашанин в своем произведении «Нацхертанье» («Черновик») требовал единства всех южных славян в борьбе против австрийских и османских угнетателей.;;Der Serbe Ilya Garashanin verlangte in seiner Schrift 'Natshertanye' die Einheit aller sudlichen Slawen im Kampf gegen ihre osterr. und osmanischen Unterdrucker.;;;;;;;;;;;x;
EVTDESC31505_NEWS_LONG;Баварская принцесса Элизабет, прозванная Сиси, вышла замуж за австрийского императора Франца Иосифа I в 1854 году. Ее нетрадиционные манеры, часто в полном пренебрежении к этикету, снискали ей любовь ее народа. Воспитанная в очень непринужденной и необузданной обстановке двора ее отца, Максимилиана Иосифа Баварского, она часто пропускала уроки, чтобы покататься верхом в сельской местности. Очарованный личностью и красотой Элизабет, Франц Иосиф I разорвал помолвку с ее старшей и более набожной сестрой, бросив вызов своей матери и потребовав, чтобы Сиси стала его женой, и никто другой.;;Die bayr. Prinzessin Elisabeth, kurz Sissi, heiratete 1854 den osterr. Kaiser Franz Josef I.. Ihre unkonventionelle, oft gegen die Etikette verstossende, Art machte sie bei ihrem Volk beliebt. Sie wuchs in unbandiger, offener Umgebung am Hof ihres Vaters, Maximilian Josef von Bayern, auf und schwanzte oft den Unterricht, um durch die Landschaft zu reiten. Franz Josef I. war verzaubert von Sissis Personlichkeit und Schonheit. Er brach die Verlobung mit ihrer alteren, frommeren Schwester, entgegen dem Willen seiner Mutter, und verlangte keine andere als Sissi zur Frau.;;;;;;;;;;;x;
EVTDESC31505_NEWS_MEDIUM;Баварская принцесса Элизабет, прозванная Сиси, вышла замуж за австрийского императора Франца Иосифа I в 1854 году. Ее нетрадиционные манеры, часто несоблюдение этикета, расположили к ней ее народ. Очарованный личностью и красотой Элизабет, Франц Иосиф потребовал, чтобы именно Сиси стала его женой, и никто другой.;;Die bayr. Prinzessin Elisabeth, kurz Sissi, heiratete 1854 den osterr. Kaiser Franz Josef I. Ihre unkonventionelle Art machte sie bei ihrem Volk beliebt. Franz Josef I. war verzaubert von Sissis Personlichkeit und Schonheit. Er verlangte keine andere als Sissi zur Frau.;;;;;;;;;;;x;
EVTDESC31505_NEWS_SHORT;Баварская принцесса Елизавета, прозванная Сиси, вышла замуж за австрийского императора Франца Иосифа I в 1854 году. Ее нетрадиционные манеры, часто несоблюдение этикета, снискали ей любовь народа.;;Die bayr. Prinzessin Elisabeth, kurz Sissi, heiratete 1854 den osterr. Kaiser Franz Josef I. Ihre unkonventionelle, oft gegen die Etikette verstossende, Art machte sie bei ihrem Volk beliebt.;;;;;;;;;;;x;
EVTDESC35000_NEWS_LONG;В то время как в настоящее время Великобритания воюет с Германией, британские кузены Саксен-Кобург-Готской династии решили отречься от них, чтобы спасти свою собственную репутацию! Теперь они известны как Дом Виндзоров, и все семейные связи с герцогом и его семьей теперь разорваны. Сообщается, что видный принц немецкой знати сказал: «Я не удивлен. Увы, у меня есть дела поважнее, например, посмотреть пьесу Шекспира «Саксен-Кобург-Готские насмешницы». По мнению этого репортера, у немцев действительно может быть определенное чувство юмора.;;Aufgrund des Krieges zw. Grossbritannien und Deutschland, entschlossen sich die britischen Vettern des Hauses Sachsen-Coburg und Gotha, ihre Reputation zu retten! Sie nennen sich nun das Haus von Windsor und alle familiaren Bindungen mit dem Herzog und seiner Familie wurden abgebrochen. Ein beruhmter Prinz des deutschen Adels sagte angeblich: 'Das uberrascht mich nicht. Ich habe aber besseres zu tun, z.B. Shakespeares Stuck 'Die lustigen Weiber von Sachsen-Coburg und Gotha' zu schauen'. Die Deutschen scheinen doch einen Sinn fur Humor zu haben.;;;;;;;;;;;x;
EVTDESC35000_NEWS_MEDIUM;В то время как в настоящее время Великобритания воюет с Германией, британские кузены Саксен-Кобург-Готской династии решили отречься от них, чтобы спасти свою репутацию! Теперь они известны как Дом Виндзоров, и все семейные связи с герцогом и его семьей теперь разорваны.;;Aufgrund des Krieges zw. Grossbritannien und Deutschland, entschlossen sich die britischen Vettern des Hauses Sachsen-Coburg und Gotha, ihre Reputation zu retten! Sie nennen sich nun Haus von Windsor und alle familiaren Bindungen mit dem Herzog und seiner Familie wurden abgebrochen.;;;;;;;;;;;x;
EVTDESC35000_NEWS_SHORT;В связи с войной против Германии британская королевская семья решила разорвать связи с династией Саксен-Кобург-Готских герцогов и теперь известна как династия Виндзоров!;;Wegen des Krieges gegen Deutschland, entschloss sich die britische Konigsfamilie, alle Bindungen zum Haus Sachsen-Coburg und Gotha durch Umbenennung in Haus von Windsor zu kappen.;;;;;;;;;;;x ;
EVTDESC33400_NEWS_LONG;В Донауштауфе около Регенсбурга в Баварии на прошлой неделе был открыт Вальхалла, классический монумент, созданный по образцу греческих храмов и названный в честь легендарного загробного мира скандинавской мифологии. Этот великолепный мемориал является печально известной достопримечательностью, расположенной над рекой Дунай, которая настолько велика по размеру и славе, что ее можно увидеть издалека. В этом зале славы для публики выставлены бюсты знаменитых немцев, не только убитых воинов, как в его мифологическом тезке, но и ученых, писателей и художников, как мужчин, так и женщин.;;Ein klassisches Monument im Stile griechischer Tempel und benannt nach der sagenhaften Unterwelt der nordischen Mythologie, die Walhalla, wurde letzte Woche in Donaustauf nahe Regensburg in Bayern eingeweiht. Das beeindruckende Denkmal uber der Donau ist von gewaltiger Grosse und kann von Weitem gesehen werden. Die Busten beruhmter Deutscher sind in der Ruhmeshalle ausgestellt, nicht nur gefallener Krieger, sondern auch namhafter, mannlicher oder weiblicher Forscher, Schriftsteller und Kunstler.;;;;;;;;;;;x;
EVTDESC33400_NEWS_MEDIUM;В Донауштауфе близ Регенсбурга в Баварии на прошлой неделе состоялось открытие Вальхаллы — классического памятника, созданного по образцу греческих храмов и названного в честь легендарного загробного мира скандинавской мифологии. В этом зале славы для публики выставлены бюсты знаменитых немцев.;;Ein klassisches Monument im Stile griechischer Tempel und benannt nach der sagenhaften Unterwelt der nordischen Mythologie wurde letzte Woche in Donaustauf nahe Regensburg in Bayern eingeweiht. Die Busten beruhmter Deutscher sind in dieser Ruhmeshalle ausgestellt.;;;;;;;;;;;x;
EVTDESC33400_NEWS_SHORT;В Донауштауфе, Бавария, на прошлой неделе открылся памятник под названием Вальхалла, созданный по образцу греческих храмов. В этом зале славы выставлены для обозрения публики бюсты знаменитых немцев.;;Ein Monument im Stile griechischer Tempel namens Walhalla wurde letzte Woche in Donaustauf, Bayern eingeweiht. Die Busten beruhmter Deutscher sind in dieser Ruhmeshalle ausgestellt.;;;;;;;;;;;x;
EVTDESC33401_NEWS_LONG;Новости от нашего корреспондента в Баварии: Скандал! Роман короля Людвига I с танцовщицей Лолой Монтес, которую он сделал графиней, в конечном итоге оказался концом его правления. Элиза Розанна Гилберт (ее настоящее имя), до сих пор официально графиня Ландсфельд, была любовницей Людвига с 1846 года и была весьма непопулярна среди местных жителей, которые были против ее стремлений стать натурализовавшимся гражданином Баварии и возведенным в традиционное дворянство. Консервативно-католические круги протестовали и возражали так сильно против их отношений, что ему пришлось отречься от престола.;;Neuigkeiten von unserem Korrespondenten aus Bayern: Skandal! Die Affare Konig Ludwigs I. mit der Tanzerin Lola Montez, die er zur Grafin ernannt hatte, setzt seiner Herrschaft endlich ein Ende. Eliza Rosanna Gilbert (ihr richtiger Name), bis jetzt Grafin von Landsfeld, war seit 1846 die Geliebte von Ludwig und beim Volk recht unbeliebt, das ihr Streben nach bayrischer Staatsburgerschaft und Aufnahme in den traditionellen Adel stets ablehnte. Konservativ-katholische Kreise protestierten so vehement gegen diese Beziehung, dass der Konig schliesslich abdanken musste.;;;;;;;;;;;x;
EVTDESC33401_NEWS_MEDIUM;Новости из Баварии: Скандал! Роман короля Людвига I с танцовщицей Лолой Монтес, которую он сделал графиней, в конечном итоге оказался концом его правления. Консервативно-католические круги протестовали и возражали против их отношений так сильно, что ему пришлось отречься от престола.;;Neuigkeiten aus Bayern: Skandal! Die Affare Konig Ludwigs I. mit der Tanzerin Lola Montez, die er zur Grafin ernannt hatte, setzt seiner Herrschaft endlich ein Ende. Konservativ-katholische Kreise protestierten so stark gegen diese Beziehung, dass der Konig abdanken musste.;;;;;;;;;;;x;
EVTDESC33401_NEWS_SHORT;Бавария: Скандал! Роман короля Людвига I с танцовщицей Лолой Монтес оказался концом его правления. После возражений консервативно-католических кругов ему пришлось отречься от престола.;;Bayern: Skandal! Die Affare Konig Ludwigs I. mit der Tanzerin Lola Montez setzt seiner Herrschaft ein Ende. Nach Protesten konservativ-katholischer Kreise musste der Konig abdanken.;;;;;;;;;;;x;
EVTDESC33402_NEWS_LONG;Новости от нашего корреспондента в Баварии: Новая Пинакотека открыла свои двери для публики на этой неделе в Мюнхене. Построенная архитекторами Фридрихом фон Гертнером и Августом фон Фойтом по приказу короля Людвига, в центре внимания произведений ее великолепной коллекции находится так называемое «Современное искусство» в отличие от коллекции старых мастеров в Старой Пинакотеке, основанной в 1836 году. Изюминкой коллекции являются любимые королем Людвигом работы Мюнхенской школы и немецкого романтизма.;;Neues von unserem Korrespondenten in Bayern: Die Neue Pinakothek in Munchen offnet diese Woche ihre Pforten. Sie wurde im Auftrag von Konig Ludwig von den Architekten Friedrich von Gartner und August von Voit erbaut und konzentriert sich in ihrer beeindruckenden Sammlung auf Werke der sog. 'Modernen Kunst' im Gegensatz zur Alten Pinakothek mit ihrer Sammlung alter Meister, die 1836 gegrundet wurde. Hohepunkte der Sammlung sind Konig Ludwigs Lieblingswerke der Munchner Schule und der deutschen Romantik.;;;;;;;;;;;x;
EVTDESC33402_NEWS_MEDIUM;Новости из Баварии: Новая Пинакотека открыла свои двери для публики на этой неделе в Мюнхене. Построенная архитекторами Фридрихом фон Гертнером и Августом фон Фойтом по приказу короля Людвига I, в центре внимания произведений ее великолепной коллекции находится так называемое современное искусство.;;Neues aus Bayern: Die Neue Pinakothek in Munchen offnet diese Woche ihre Tore. Sie wurde im Auftrag von Konig Ludwig I. von den Architekten Friedrich von Gartner und August von Voit erbaut und konzentriert sich in ihrer beeindruckenden Sammlung auf Werke der sog. 'Modernen Kunst'.;;;;;;;;;;;x;
EVTDESC33402_NEWS_SHORT;Новая Пинакотека открыла свои двери для публики на этой неделе в Мюнхене, Бавария. Построенная по приказу короля Людвига I, в центре ее коллекции находится «Современное искусство».;;Die Neue Pinakothek in Munchen, Bayern offnet diese Woche ihre Tore. Sie wurde im Auftrag von Konig Ludwig I. erbaut und zeigt in ihrer Sammlung Werke der sog. 'Modernen Kunst'.;;;;;;;;;;;x;
EVTDESC33403_NEWS_LONG;Композитор Рихард Вагнер завершил строительство Festspielhaus в Байройте. С 1871 года Вагнер следил за этой территорией, мечтая о строительстве идеальной инсталляции для сценического фестивального спектакля, и вскоре после этого его планы получили насыщенное начало с участка земли, подаренного городом Байройт. Предполагается, что фестиваль, посвященный исполнению великих немецких произведений театра, будет проводиться там каждый год. Его первая премьера: «Кольцо нибелунга» самого Вагнера.;;Der Komponist Richard Wagner hat den Bau des Festspielhauses in Bayreuth fertiggestellt. Seit 1871 hatte Wagner den Ort fur seinen Traum einer perfekten Installation fur Buhnenfestspiele im Auge und konnte seine Plane, dank der Grundstucksspende der Stadt Bayreuth, bald in Angriff nehmen. Jedes Jahr sollen auf einem Festival grosse, deutsche Theaterstucke aufgefuhrt werden. Die erste Premiere wird 'Der Ring der Nibelungen' von Wagner selbst sein.;;;;;;;;;;;x;
EVTDESC33403_NEWS_MEDIUM;Композитор Рихард Вагнер завершил строительство Festspielhaus в Байройте. Предполагается, что там каждый год будет проходить фестиваль, посвященный исполнению великих немецких произведений театра. Его первая премьера: «Кольцо нибелунга» самого Вагнера.;;Der Komponist Richard Wagner hat den Bau des Festspielhauses in Bayreuth fertiggestellt. Jedes Jahr sollen auf einem Festival grosse, deutsche Theaterstucke aufgefuhrt werden. Die erste Premiere wird 'Der Ring der Nibelungen' von Wagner selbst sein.;;;;;;;;;;;x;
EVTDESC33403_NEWS_SHORT;Композитор Рихард Вагнер завершил строительство Фестшпильхауса в Байройте. Ежегодно там будет проходить фестиваль, посвященный исполнению великих произведений немецкого театра.;;Der Komponist Richard Wagner hat den Bau des Festspielhauses in Bayreuth fertiggestellt. Jedes Jahr sollen auf einem Festival grosse, deutsche Theaterstucke aufgefuhrt werden.;;;;;;;;;;;x;
EVTDESC34600_NEWS_LONG;Адольф Дистервег, немецкий педагог, работающий директором государственных школ Берлина, недавно сформулировал принципы обучения детей, направленные на то, чтобы сделать их сознательными, думающими, ответственными гражданами. Однако многие считают его идеи весьма спорными из-за его твердого убеждения, что ни церковь, ни политика не должны влиять на образование. Говорят, что его целью является истинная профессионализация профессии учителя. Из-за этого спорного либерального мышления он рискует вскоре быть отстраненным.;;Der deutsche Padagoge Adolph Diesterweg arbeitet als Direktor der staatl. Schulen in Berlin und hat kurzlich Prinzipien fur den Unterricht von Kindern entwickelt, die diese zu selbstbewussten, denkenden und verantwortlichen Burgern erziehen sollen. Seine Ideen werden jedoch von vielen als kontrovers angesehen, da er den Einfluss der Kirche oder Politik in die Bildung ablehnt. Sein Ziel soll die wahre Professionalisierung der lehrenden Zunft sein. Aufgrund seines diskussionswurdigen, liberalen Gedankengutes riskiert er die baldige Suspension.;;;;;;;;;;;x;
EVTDESC34600_NEWS_MEDIUM;Адольф Дистервег, немецкий педагог, недавно сформулировал принципы обучения детей, направленные на то, чтобы сделать их сознательными, думающими, ответственными гражданами. Однако его идеи считаются весьма спорными, и говорят, что они даже могут привести к его отстранению.;;Der deutsche Padagoge Adolph Diesterweg hat kurzlich Prinzipien fur die Erziehung von Kindern zu selbstbewussten, denkenden, verantwortlichen Burgern entwickelt. Seine Ideen werden jedoch von vielen als kontrovers angesehen und konnten zu seiner Suspension fuhren.;;;;;;;;;;;x;
EVTDESC34600_NEWS_SHORT;Немецкий педагог Адольф Дистервег недавно сформулировал принципы обучения детей, направленные на то, чтобы сделать их сознательными, думающими и ответственными гражданами.;;Der deutsche Padagoge Adolph Diesterweg hat kurzlich Prinzipien fur die Erziehung von Kindern zu selbstbewussten, denkenden, verantwortlichen Burgern entwickelt.;;;;;;;;;;;x;
EVTDESC34601_NEWS_LONG;В этом месяце немецкий поэт Хоффман фон Фаллерслебен опубликовал свою поэму Deutschlandlied, написанную на острове Гельголанд. Эта поэма пробуждает желание единой и свободной Германии, которая все еще кажется далекой мечтой для многих революционеров объединения в Пруссии и во всех небольших немецких монархических государствах и свободных городах. В сочетании с мелодией австрийского Йозефа Гайдна «Gott erhalte Franz den Kaiser», либералы говорят, что это уместно сказать, что однажды она должна стать немецким национальным гимном.;;Der deutsche Dichter Hoffmann von Fallersleben veroffentlichte diesen Monat sein, auf der Insel Helgoland verfasstes, Gedicht Deutschlandlied. Das Gedicht erweckt die Sehnsucht nach einem vereinten und freien Deutschland, ein Traum, der fur viele Einheits-Revolutionare in Preussen, allen kleineren deutschen Monarchie-Staaten und freien Stadten in weiter Ferne liegt. Vereint mit der Melodie von 'Gott erhalte Franz den Kaiser' des Osterreichers Joseph Haydn, sehen viele Liberale die mogliche Geburt einer deutschen Nationalhymne.;;;;;;;;;;;x;
EVTDESC34601_NEWS_MEDIUM;В этом месяце немецкий поэт Хоффман фон Фаллерслебен опубликовал свою поэму Deutschlandlied. В сочетании с мелодией австрийского произведения Йозефа Гайдна Gott erhalte Franz den Kaiser, можно смело сказать, что однажды она станет немецким национальным гимном.;;Der deutsche Dichter Hoffmann von Fallersleben veroffentlichte diesen Monat sein Gedicht Deutschlandlied. Vereint mit der Melodie von 'Gott erhalte Franz den Kaiser' des Osterreichers Joseph Haydn, sehen viele Liberale die mogliche Geburt einer deutschen Nationalhymne.;;;;;;;;;;;x;
EVTDESC34601_NEWS_SHORT;Гофман фон Фаллерслебен публикует свое стихотворение «Немецкая песня», которое в сочетании с мелодией «Gott erhalte Franz den Kaiser», по мнению либералов, идеально подходит для настоящего немецкого национального гимна.;;Hoffmann von Fallersleben veroffentlichte sein Gedicht Deutschlandlied, dass in Verbindung mit der Melodie von 'Gott erhalte Franz den Kaiser' das Zeug zur deutschen Nationalhymne hat.;;;;;;;;;;;x;
EVTDESC34602_NEWS_LONG;Новости из Пруссии: В прошлое воскресенье умер король Пруссии Фридрих Вильгельм III в возрасте почти 70 лет. После восхождения на престол в 1797 году он стал широко известен своими усилиями по восстановлению морали и достоинства своей династии, которые, как считалось, были запятнаны во время правления его отца. Его правление также было отмечено событиями Наполеоновских войн и особым влиянием его жены Луизы Мекленбург-Стрелицкой как на его личную жизнь, так и на политику Пруссии. Его старший сын Фридрих Вильгельм IV, романтик, становится его преемником на троне.;;Neues aus Preussen: Letzten Sonntag starb Konig Friedrich Willhelm III. von Preussen im Alter von 70 Jahren. Nach seinem Aufstieg auf den Thron 1797 wurde er bekannt fur seine Bemuhungen, die Moral und Wurde seiner Dynastie wieder herzustellen, die unter der Herrschaft seines Vaters gelitten hatten. Seine Herrschaft wurde gezeichnet von den Napoleonischen Kriegen und dem Einfluss seiner Frau, Luise von Mecklenburg-Strelitz, auf sein Privatleben und seine preussische Politik. Sein altester Sohn, der Romantiker Friedrich Willhelm IV., tritt seine Nachfolge an.;;;;;;;;;;;x;
EVTDESC34602_NEWS_MEDIUM;В прошлое воскресенье умер король Пруссии Фридрих Вильгельм III, ему было почти 70 лет. Его правление было отмечено событиями Наполеоновских войн и особым влиянием его жены Луизы как в его личной, так и в политической жизни. Его старший сын, романтик, наследует ему трон.;;Letzten Sonntag starb Konig Friedrich Willhelm III. von Preussen im Alter von 70 Jahren. Seine Herrschaft wurde gezeichnet von den Napoleonischen Kriegen und dem Einfluss seiner Frau Luise auf Leben und Politik. Sein altester Sohn, ein Romantiker, tritt seine Nachfolge an.;;;;;;;;;;;x;
EVTDESC34602_NEWS_SHORT;Новости из Пруссии: В прошлое воскресенье скончался король Пруссии Фридрих Вильгельм III, ему было почти 70 лет. Его старший сын Фридрих Вильгельм IV, романтик, наследует ему престол.;;Neues aus Preussen: Letzten Sonntag starb Konig Friedrich Willhelm III. von Preussen im Alter von 70 Jahren. Sein altester Sohn, der Romantiker Friedrich Willhelm IV., tritt die Nachfolge an.;;;;;;;;;;;x;
EVTDESC34603_NEWS_LONG;Новости из Пруссии: В этом месяце в Берлине открылся первый в Германии зоологический сад с большим количеством экзотических животных. Мартин Хинрих Лихтенштейн, зоолог Берлинского университета, убедил короля Фридриха Вильгельма IV пожертвовать земельный участок для этого сада из части королевского фазаньяка в Берлинском Тиргартене. Король также предоставил ссуду и пожертвовал первых животных из своего зверинца и фазаньяка. Другие подобные сады уже существуют в Лондоне и Антверпене и становятся очень популярными в Европе.;;Neues aus Preussen: In Berlin eroffnete diesen Monat Deutschlands erster zoologischer Garten mit einer grossen Vielfalt an exotischen Tieren. Konig Friedrich Willhelm IV. wurde von dem Zoologen der Universitat Berlin, Martin Hinrich Lichtenstein, davon uberzeugt, das Land fur den Garten vom koniglichen Fasanengehege im Berliner Tiergarten zu spenden. Der Konig gab auch einen Kredit und spendete die ersten Tiere aus seinem Privatzoo und der Fasanerie. Ahnliche Garten existieren bereits in London und Antwerpen und sind in Europa sehr beliebt.;;;;;;;;;;;x;
EVTDESC34603_NEWS_MEDIUM;В этом месяце в Берлине открылся первый в Германии зоологический сад с широким выбором экзотических животных. Первые животные были подарены королем Фридрихом Вильгельмом IV из его зверинца и фазаньяка. Другие подобные сады уже существуют в Лондоне и Антверпене.;;In Berlin eroffnete diesen Monat Deutschlands erster zoologischer Garten mit einer grossen Vielfalt an exotischen Tieren. Die ersten Tiere spendete Konig Friedrich Wilhelm IV. aus seinem Privatzoo und der Fasanerie. Ahnliche Garten existieren bereits in London und Antwerpen.;;;;;;;;;;;x;
EVTDESC34603_NEWS_SHORT;В этом месяце в Берлине открылся первый в Германии зоологический сад с широким спектром экзотических животных. Другие подобные сады уже существуют в Лондоне и Антверпене.;;In Berlin eroffnete diesen Monat Deutschlands erster zoologischer Garten mit einer grossen Vielfalt an exotischen Tieren. Ahnliche Garten existieren bereits in London und Antwerpen.;;;;;;;;;;;x;
EVTDESC34604_NEWS_LONG;После тщательной подготовки прусский король Фридрих Вильгельм IV издал постановление кабинета министров, вступающее в силу в следующем месяце, в котором евреям предписывается в течение четырнадцати дней представить официальное заявление о выбранной фамилии. Это станет фамилией человека, которая будет унаследована любыми детьми, которые могут быть у него в будущем. До сих пор не существовало официального постановления относительно установления фиксированных фамилий для евреев на всех немецких территориях. Теперь они также обязаны служить в армии.;;Nach umfangreichen Vorbereitungen veroffentlichte der preussische Konig Friedrich Wilhelm IV. eine Kabinettsorder, die Juden ab Beginn des nachsten Monats anordnet, eine offizielle Erklarung bzgl. eines gewahlten Familiennamens innerhalb von 14 Tagen einzureichen. Dieser Familienname wird von den Nachkommen geerbt. Bis jetzt gab es keine offizielle Regelung fur judische Familiennamen in deutschen Gebieten. Juden verpflichten sich nun auch zum Militardienst.;;;;;;;;;;;x;
EVTDESC34604_NEWS_MEDIUM;Прусский закон, вступающий в силу в следующем месяце и изданный самим королем, предписывает евреям в течение 14 дней взять себе постоянные фамилии, которые будут унаследованы любыми их детьми. Теперь они также обязаны служить в армии.;;Ein vom Konig selbst verfasstes, preussisches Gesetz wird nachsten Monat wirksam, das Juden anordnet, innerhalb von 14 Tagen einen Familiennamen anzunehmen, der von den Nachkommen geerbt wird. Juden verpflichten sich nun auch zum Militardienst.;;;;;;;;;;;x;
EVTDESC34604_NEWS_SHORT;Прусский закон, вступающий в силу в следующем месяце, предписывает евреям в течение 14 дней взять фиксированные и наследуемые фамилии. Теперь они также обязаны служить в армии.;;Ein preussisches Gesetz wird nachsten Monat wirksam, das Juden anordnet, innerhalb von 14 Tagen einen Familiennamen anzunehmen. Juden verpflichten sich nun auch zum Militardienst.;;;;;;;;;;;x;
EVTDESC34605_NEWS_LONG;Прусский астроном Иоганн Готфрид Галле на этой неделе объявил об открытии планеты Нептун. Существование этой новой планеты было подтверждено Галле после наблюдений за возмущением орбиты планеты Уран. Их заметил его французский коллега Урбен Леверье, который попросил его посмотреть на определенную часть неба, чтобы найти возможное новое планетное тело. После этого Галле и его помощник Генрих Луи д'Арре наблюдали неизвестную новую звезду величиной 8 вокруг предсказанного положения, которая, как было подтверждено, была новой планетой.;;Der preussische Astronom Johann Gottfried Galle verkundete diese Woche die Entdeckung des Planeten Neptun. Die Existenz dieses neuen Planeten wurde von Galle nach der Beobachtung der Umlaufbahn-Storungen von Uranus gemacht. Diese Storungen wurden von seinem franz. Kollegen Urbain Le Verrier notiert, der ihn daraufhin bat, einen Teil des Himmels nach moglichen neuen Planetenkorpern abzusuchen. Daraufhin entdeckten Galle und sein Assistent Heinrich Louis d'Arrest  einen neuen Stern von Magnitude 8 in der vermuteten Position, der als Planet verifiziert wurde.;;;;;;;;;;;x;
EVTDESC34605_NEWS_MEDIUM;Прусский астроном Иоганн Готфрид Галле объявил на этой неделе об открытии планеты Нептун. Существование этой новой планеты было подтверждено Галле после наблюдений за возмущением планеты Уран, предсказанным его французским коллегой Урбеном Леверье.;;Der preuss. Astronom Johann Gottfried Galle verkundete diese Woche die Entdeckung des Planeten Neptun. Die Existenz des neuen Planeten wurde von Galle nach der Beobachtung der Perturbation von Uranus und aufgrund der Berechnungen seines franz. Kollegen Urbain Le Verrier bestatigt.;;;;;;;;;;;x;
EVTDESC34605_NEWS_SHORT;Прусский астроном Иоганн Готфрид Галле на этой неделе объявил об открытии планеты Нептун после наблюдений за возмущением орбиты планеты Уран, предсказанным Леверье.;;Der preuss. Astronom Johann Gottfried Galle verkundete diese Woche die Entdeckung des Planeten Neptun nach Beobachtung der Perturbation von Uranus und Berechnungen von Le Verrier.;;;;;;;;;;;x;
EVTDESC34606_NEWS_LONG;«Виндзорские насмешницы», комедийная опера, основанная на одноименной пьесе Шекспира, была впервые представлена на этой неделе в Королевском оперном театре в Берлине, Пруссия. Опера Карла Отто Эренфрида Николаи с немецким либретто Германа Саломона Мозенталя состоит из трех актов и длится около двух с половиной часов. Музыка была написана Николаи в течение трех лет и уже считается восторженными критиками шедевром, которые также хвалят ее как самый большой успех Отто Николаи на сегодняшний день.;;Diese Woche feierte die komodiantische Oper 'Die lustigen Weiber von Windsor', basierend auf einem Stuck Shakespeares gleichen Namens, an der Hofoper in Berlin, Preussen Premiere. Die Oper von Carl Otto Ehrenfried Nicolai, mit einem deutschen Libretto von Hermann Salomon Mosenthal, ist in drei Akten komponiert und dauert etwa zweieinhalb Stunden. Die Musik wurde innerhalb von drei Jahren von Nicolai komponiert und wird von begeisterten Kritikern bereits als Meisterwerk bezeichnet, die die Oper auch als Otto Nicolais bis dato grossten Erfolg bewerten.;;;;;;;;;;;x;
EVTDESC34606_NEWS_MEDIUM;«Виндзорские насмешницы», комедийная опера в трех действиях по одноименной пьесе Шекспира, впервые была представлена на этой неделе в Королевском оперном театре в Берлине, Пруссия. Критики в восторге и хвалят ее как самый большой успех Отто Николаи на сегодняшний день.;;Diese Woche feierte die komodiantische Oper in drei Akten 'Die lustigen Weiber von Windsor', basierend auf einem gleichnamigen Stuck Shakespeares, an der Hofoper in Berlin, Preussen Premiere. Begeisterte Kritiker bewerten sie als Otto Nicolais bis dato grossten Erfolg.;;;;;;;;;;;x;
EVTDESC34606_NEWS_SHORT;В Берлине состоялась премьера комедийной оперы «Виндзорские насмешницы», основанной на одноименной пьесе Шекспира. Критики отмечают, что это самый большой успех Отто Николаи на сегодняшний день.;;Die komodiantische Oper 'Die lustigen Weiber von Windsor', auf Basis eines Shakespeare-Stucks, feierte an der Hofoper in Berlin Premiere. Laut Kritikern, Otto Nicolais bis dato grosster Erfolg.;;;;;;;;;;;x;
EVTDESC34607_NEWS_LONG;Новости из Пруссии: Компания Krupp в Эссене ввела фонд медицинского страхования для всех своих 970 работников. Членство в нем вводится руководством компании как обязательное. Многие считают этот шаг очень передовым и прогрессивным для этой эпохи, возможно, даже имеющим потенциал стать моделью для будущих государственных социальных реформ, которые могли бы принести пользу населению, в то время как другие считают его чистой социалистическим абсурдом и грубым нарушением личной свободы сотрудников.;;Neues aus Preussen: Das Unternehmen Krupp in Essen fuhrte fur alle 970 Arbeiter einen Gesundheitsversicherungs-Fonds ein. Die Mitgliedschaft ist obligatorisch. Viele bewerten diesen Schritt als fortschrittlich fur die Zeit und vielleicht sogar als Vorbild fur kommende Sozialreformen in der Politik zum Vorteil der Bevolkerung. Andere wiederum bewerten es als reinen sozialistischen Unfug und eine schwere Verletzung der personlichen Freiheit der Angestellten.;;;;;;;;;;;x;
EVTDESC34607_NEWS_MEDIUM;Новости из Пруссии: Компания Krupp в Эссене ввела фонд медицинского страхования для всех своих 970 рабочих. Членство в нем навязывается руководством компании как обязательное. Многие считают этот шаг прогрессивным, в то время как другие видят в нем чистейшую социалистическую чушь.;;Neues aus Preussen: Das Unternehmen Krupp in Essen fuhrte fur alle 970 Arbeiter einen Gesundheitsversicherungs-Fonds ein. Die Mitgliedschaft ist obligatorisch. Viele bewerten diesen Schritt als fortschrittlich, andere wiederum als reinen sozialistischen Unfug.;;;;;;;;;;;x;
EVTDESC34607_NEWS_SHORT;Новости из Пруссии: Компания Krupp в Эссене ввела фонд медицинского страхования для всех своих 970 работников. Членство в нем вводится руководством компании как обязательное.;;Neues aus Preussen: Das Unternehmen Krupp in Essen fuhrte fur alle 970 Arbeiter einen Gesundheitsversicherungs-Fonds ein. Die Mitgliedschaft ist obligatorisch.;;;;;;;;;;;x;
EVTDESC34608_NEWS_LONG;Новости от нашего корреспондента в Берлине: Следуя примеру Британии, в этом месяце правительство Пруссии под влиянием некоторых религиозных и общественных деятелей приняло закон, строго регулирующий объем детского труда, который был возможен в течение года. До этого момента все попытки одобрить законодательство, ограничивающее детский труд, встречали яростное сопротивление со стороны многих политиков, которые видели в таких законах угрозу, способную помешать промышленному росту. Хотя это и стало важной вехой в этом отношении, многие видят в этом лишь первый шаг против злоупотреблений в отношении детей как дешевой рабочей силы.;;Neues von unserem Korrespondenten in Berlin: Dem Beispiel Grossbritanniens folgend, verabschiedete Preussen diesen Monat, unter dem Einfluss einiger religioser und gesellschaftl. Wurdentrager, ein Gesetz, das die Kinderarbeit, die im Jahr erlaubt ist, streng reglementiert. Bis zu diesem Zeitpunkt wurde jeder Gesetzesvorschlag in diese Richtung von vielen Politikern aus Furcht vor wirtschaftl. Stillstand torpediert. Viele sehen diesen Meilenstein nur als ersten Schritt gegen den Missbrauch von Kindern als billige Arbeitskrafte.;;;;;;;;;;;x;
EVTDESC34608_NEWS_MEDIUM;Новости от нашего корреспондента в Берлине: Следуя примеру Великобритании, в этом месяце правительство Пруссии под влиянием некоторых религиозных и общественных деятелей приняло закон, строго регулирующий объем детского труда, который допускается в течение года.;;Neues von unserem Korrespondenten in Berlin: Dem Beispiel Grossbritanniens folgend, verabschiedete Preussen diesen Monat, unter dem Einfluss einiger religioser und gesellschaftl. Wurdentrager, ein Gesetz, das die Kinderarbeit, die im Jahr erlaubt ist, streng reglementiert.;;;;;;;;;;;x;
EVTDESC34608_NEWS_SHORT;В этом месяце правительство Пруссии под влиянием некоторых религиозных и общественных деятелей приняло закон, строго регламентирующий объем детского труда, допустимый в течение года.;;Preussen verabschiedete diesen Monat, unter dem Einfluss einiger religioser und gesellschaftl. Wurdentrager, ein Gesetz, das die Kinderarbeit, die im Jahr erlaubt ist, streng reglementiert.;;;;;;;;;;;x;
EVTDESC34609_NEWS_LONG;Музыкальные новости: 42 хоровых общества из Рейнланда, Бадена, Гессена и Франконии встретились во Франкфурте, чтобы отпраздновать трехдневный фестиваль музыки Моцарта. Для подготовки мероприятия были собраны денежные пожертвования, а также были организованы гостеприимные помещения для притока хористов. Тысячи людей собрались на берегах реки Майн, чтобы приветствовать их. Даже световые фонари были заполнены веселыми зрителями, размахивающими платками и ликующими. Однако, как говорят, мероприятие быстро превратилось в демонстрацию за политическое объединение Германии.;;Neues aus der Musik: 42 Gesangsvereine aus dem Rheinland, Baden, Hessen und Franken trafen sich in Frankfurt zu einem dreitagigen Festival der Musik Mozarts. Die Vorbereitungen erfolgten dank Geldspenden und Gastquartiere wurden fur den erwarteten Strom an Chormitgliedern vorbereitet. Tausende versammelten sich zu ihrer Begrussung an den Ufern des Mains. Sogar die Dacher waren voller jubelnder Zuschauer, die feierten und mit Taschentuchern winkten. Angeblich wandelte sich das Ereignis jedoch schnell zu einer Demonstration fur die politische Einheit Deutschlands.;;;;;;;;;;;x;
EVTDESC34609_NEWS_MEDIUM;42 хоровых общества из Рейнланда, Бадена, Гессена и Франконии встретились во Франкфурте, чтобы отпраздновать трехдневный фестиваль музыки Моцарта. Дома были заполнены ликующими зрителями. Однако мероприятие превратилось в демонстрацию за политическое объединение Германии.;;42 Gesangsvereine aus dem Rheinland, Baden, Hessen und Franken trafen sich in Frankfurt zu einem dreitagigen Festival der Musik Mozarts. Die Hauser waren voller jubelnder Zuschauer. Das Ereignis wandelte sich jedoch zu einer Demonstration fur die politische Einheit Deutschlands.;;;;;;;;;;;x;
EVTDESC34609_NEWS_SHORT;42 хоровых общества встретились во Франкфурте, чтобы отметить трехдневный фестиваль музыки Моцарта. Однако мероприятие превратилось в демонстрацию за политическое объединение Германии.;;42 Gesangsvereine trafen sich in Frankfurt zu einem dreitagigen Festival der Musik Mozarts. Das Ereignis wandelte sich jedoch zu einer Demonstration fur die politische Einheit Deutschlands.;;;;;;;;;;;x;
EVTDESC33004_NEWS_LONG;Немецкое правительство в Шлезвиге предложило снизить антинемецкий элемент в регионе посредством введения обучения на немецком языке и высылки датских граждан, все еще проживающих в провинции. История конфликта между этническими датчанами и немцами в регионе продолжается уже несколько десятилетий, с момента аннексии этой спорной территории много лет назад. Хотя германизация региона всегда была приоритетом, все еще существует множество очагов сопротивления. Это предложение в настоящее время обсуждается в Рейхстаге.;;Die deutsche Regierung in Schleswig hat vorgeschlagen, anti-deutsche Elemente in der Region durch obligatorischen Unterricht der deutschen Sprache und die Ausweisung danischer Burger aus der Provinz zu reduzieren. Seit dieses umkampfte Gebiet vor vielen Jahren annektiert wurde, schwelte der Konflik zw. den einheimischen Danen und Deutschen in der Region. Auch wenn die Germanisierung der Region stets Prioritat hatte, so exisitieren noch viele Widerstandsgruppen. Der Vorschlag wird zur Zeit im Reichstag diskutiert.;;;;;;;;;;;x;
EVTDESC33004_NEWS_MEDIUM;Немецкое правительство в Шлезвиге предложило сократить антинемецкий элемент в регионе посредством введения обучения на немецком языке и высылки датских граждан, все еще проживающих в провинции. Это предложение обсуждается в Рейхстаге.;;Die deutsche Regierung in Schleswig hat vorgeschlagen, anti-deutsche Elemente in der Region durch obligatorischen Unterricht der deutschen Sprache und die Ausweisung danischer Burger aus der Provinz zu reduzieren. Der Vorschlag wird zur Zeit im Reichstag diskutiert.;;;;;;;;;;;x;
EVTDESC33004_NEWS_SHORT;Немецкое правительство в Шлезвиге предложило ввести обязательное преподавание на немецком языке и выслать датских граждан, все еще проживающих в провинции, чтобы сократить там антинемецкие элементы.;;Die dt. Regierung in Schleswig hat die Reduzierung anti-deutscher Elemente durch obligatorischen deutschen Sprachunterricht und die Ausweisung danischer Burger aus der Provinz vorgeschlagen.;;;;;;;;;;;x;
EVTDESC33000_NEWS_LONG;Театральная труппа герцогства Саксен-Майнинген с большим успехом представила свой репертуар в Берлине. Труппа наблюдала устойчивый рост своей популярности в последние годы. Она концентрируется на стиле, который стремится объединить дизайн, концептуализацию, интерпретацию и исполнение театральных работ посредством использования аутентичных костюмов и декораций, а также текучести действия и естественной интеграции актеров и среды. Скоро они начнут серию туров по странам по всей Европе.;;Die Theatertruppe des Herzogtums Sachsen-Meiningen hat unter grossem Beifall ihr Repertoire in Berlin aufgefuhrt. Die Truppe wurde in den vergangenen Jahren immer popularer. Ihr Stil versucht, Design, Konzept, Interpretation und Ausfuhrung theatralischer Werke durch den Einsatz von authentischen Kostumen und Buhnenbildern, flussigen Aktionen und einer naturlichen Integration von Kunstlern und Umgebung zu vereinen. Sie beginnen bald mit mehreren Tourneen durch die Nationen Europas.;;;;;;;;;;;x;
EVTDESC33000_NEWS_MEDIUM;Театральная труппа герцогства Саксен-Майнинген с большим успехом представила свой репертуар в Берлине. Труппа наблюдала, как ее популярность неуклонно растет в последние годы благодаря новаторским методам, и вскоре начнет серию туров по странам по всей Европе.;;Die Theatertruppe des Herzogtums Sachsen-Meiningen hat unter grossem Beifall ihr Repertoire in Berlin aufgefuhrt. Die Truppe wurde in den vergangenen Jahren durch ihre innovativen Methoden immer popularer und beginnt bald mit mehreren Tourneen durch die Nationen Europas.;;;;;;;;;;;x;
EVTDESC33000_NEWS_SHORT;Театральная труппа герцогства Саксен-Майнинген с большим успехом представила свой репертуар в Берлине. Скоро они начнут серию гастролей по странам Европы.;;Die Theatertruppe des Herzogtums Sachsen-Meiningen hat unter grossem Beifall ihr Repertoire in Berlin aufgefuhrt. Sie beginnt bald mit mehreren Tourneen durch die Nationen Europas.;;;;;;;;;;;x;
EVTDESC33001_NEWS_LONG;Пять лет назад Карл Хагенбек, сын торговца животными, провел в Гамбурге свое первое шоу об экзотических народах, таких как нубийцы и инуиты. Три года спустя он расширил концепцию, основав цирк, который основывался на дрессировке животных без применения силы. В этом месяце Хагенбек представил свой зоопарк под открытым небом в Гамбурге, Tierpark Hagenbeck, образцовый зоопарк в своем роде, где он стремился выставлять животных в форме реалистичной среды, став первым зоопарком, который использовал новаторскую идею отделения посетителей от животных с помощью рвов вместо решеток.;;Vor funf Jahren zeigte der Sohn eines Tierhandlers, Carl Hagenbeck, in Hamburg seine erste Show mit exotischen Volkern, wie z.B. den Inuit und Nubiern. Drei Jahre spater expandierte er dieses Konzept und grundete einen Zirkus, der Tiere ohne Gewalteinwirkung dressierte. In diesem Monat eroffnete Hagenbeck seinen Freiluftzoo 'Tierpark Hagenbeck' in Hamburg, ein Musterexemplar eines Zoos, indem er Tiere in einer moglichst naturlichen Umgebung zeigt. Der Zoo ist der erste mit der innovativen Idee, Besucher durch Graben statt durch Gitterstabe von den Tieren zu trennen.;;;;;;;;;;;x;
EVTDESC33001_NEWS_MEDIUM;Пять лет назад Карл Хагенбек, сын торговца животными, провел свое первое шоу об экзотических людях в Гамбурге. Три года спустя он основал цирк, который делал ставку на дрессировку животных без применения силы. В этом месяце Хагенбек представил свой зоопарк под открытым небом в Гамбурге, лучший в своем роде.;;Vor funf Jahren zeigte der Sohn eines Tierhandlers, Carl Hagenbeck, in Hamburg seine erste Show mit exotischen Volkern. Drei Jahre spater grundete er einen Zirkus, der Tiere gewaltfrei dressierte. Diesen Monat eroffnete Hagenbeck seinen Freiluftzoo in Hamburg, der beste seiner Art.;;;;;;;;;;;x;
EVTDESC33001_NEWS_SHORT;В этом месяце Карл Хагенбек, сын торговца животными и известный своим цирком, в котором животных дрессировали без применения силы, открыл в Гамбурге свой зоопарк под открытым небом, лучший в своем роде.;;Diesen Monat eroffnete der Sohn eines Tierhandlers, Carl Hagenbeck, bekannt fur seinen Zirkus gewaltfrei dressierter Tiere, seinen Freiluftzoo in Hamburg, der beste seiner Art.;;;;;;;;;;;x;
EVTDESC33002_NEWS_LONG;Директор школы Конрад Дуден опубликовал свой «Полный орфографический словарь немецкого языка» в этом месяце. Он должен стать основой немецкой орфографии в ближайшие годы, и многие ученые говорят, что это идеальная работа, которая должна стать окончательным словарем немецкого языка. С 28 000 записей он также становится очень популярным в правительственных и бюрократических кругах, будучи недавно объявленным официальным источником правильного и надлежащего написания официальных документов и одобренным для использования в качестве справочника в администрации Германии.;;Der Schuldirekter Konrad Duden veroffentlichte diesen Monat sein 'Vollstandiges Orthographisches Worterbuch der deutschen Sprache'. Es konnte in den nachsten Jahren die Basis der deutschen Rechtschreibung werden. Viele Gelehrte bewerten es als ein Meisterwerk, das eindeutig das offizielle Worterbuch der deutschen Sprache sein sollte. Es wird mit seinen 28.000 Eintragen auch von Regierungs- und Amtskreisen geschatzt und wurde kurzlich zur offiziellen Quelle fur die korrekte Rechtschreibung in Amts-Dokumenten und genehmigtes Referenzmatierial fur deutsche Behorden ernannt.;;;;;;;;;;;x;
EVTDESC33002_NEWS_MEDIUM;Директор школы Конрад Дуден опубликовал в этом месяце свой «Полный орфографический словарь немецкого языка». Он должен стать основой немецкой орфографии в ближайшие годы. Многие ученые говорят, что он должен стать окончательным словарем немецкого языка.;;Der Schuldirekter Konrad Duden veroffentlichte diesen Monat sein 'Vollstandiges Orthographisches Worterbuch der deutschen Sprache'. Es konnte in den nachsten Jahren die Basis der dt. Rechtschreibung werden. Viele Gelehrte sagen, es sollte das offizielle Worterbuch der deutschen Sprache sein.;;;;;;;;;;;x;
EVTDESC33002_NEWS_SHORT;Директор школы Конрад Дуден опубликовал в этом месяце свой «Полный орфографический словарь немецкого языка». Многие говорят, что он станет окончательным словарем немецкого языка.;;Schuldirekter Konrad Duden veroffentlichte diesen Monat sein Vollstandiges Orthographisches Worterbuch der deutschen Sprache. Viele erwarten, dass es DAS Worterbuch der dt. Sprache wird.;;;;;;;;;;;x;
EVTDESC33005_NEWS_LONG;Вчера было объявлено о проекте Baghdad Infraestructure, который в значительной степени финансируется немцами, с планами соединить Константинополь и Багдад. Хотя он выгоден как немцам, которые, как говорят, имеют экономические интересы в нефтяных месторождениях региона Ирака, так и гражданам Константинополя, соединяя их с такими далекими городами, как Анкара и Конья (Икония), проект рассматривается как спорный, противоречащий интересам других великих держав. Тем не менее, его провозглашают одним из самых ярких моментов в хороших отношениях между Константинополем и Берлином.;;Gestern wurde das Projekt der Bagdad-Eisenbahn mit der Verbindung von Konstantinopel und Bagdad angekundigt, das vorwiegend von Deutschen finanziert wird. Dies hat nicht nur fur die Deutschen Vorteile, denen wirtschaftl. Interessen an Iraks Olfeldern nachgesagt werden, sondern auch fur die Burger Konstantinopels, die dann weit entfernte Stadte wie Ankara und Ikonion erreichen konnen. Andere Grossmachte allerdings bewerten das Projekt als kontrovers und sehen darin Konfliktpotential. Nichtsdestotrotz ist es ein Hohepunkt der guten Beziehungen zw. Konstantinopel und Berlin.;;;;;;;;;;;x;
EVTDESC33005_NEWS_MEDIUM;Вчера был анонсирован проект Baghdad Infraestructure, который в значительной степени финансируется немцами, с планами соединить Константинополь и Багдад. Это преподносится как один из важнейших моментов в хороших отношениях между Константинополем и Берлином.;;Gestern wurde das Projekt der Bagdad-Eisenbahn mit der Verbindung von Konstantinopel und Bagdad angekundigt, das vorwiegend von Deutschen finanziert wird. Dies gilt als neuer Hohepunkt der guten Beziehungen zw. Konstantinopel und Berlin.;;;;;;;;;;;x;
EVTDESC33005_NEWS_SHORT;Вчера было объявлено о проекте «Инфраструктура Багдада», финансируемом в основном немцами, который планирует соединить Константинополь и Багдад, что станет свидетельством хороших отношений между Берлином и Константинополем.;;Gestern wurde das von Deutschen finanzierte Projekt der Bagdad-Eisenbahn mit der Strecke Konstantinopel-Bagdad angekundigt, das die guten Beziehungen zw. Konstantinopel und Berlin zeigt.;;;;;;;;;;;x;
EVTDESC36898_NEWS_LONG;Принцесса Александрина Виктория из Ганноверского дома взошла на престол Соединенного Королевства Великобритании и Ирландии как «Королева Виктория». Сегодня ликующая лондонская толпа провожала ее в ее резиденцию в недавно построенном Букингемском дворце. Люди всех классов и вероисповеданий рады видеть, как новый монарх занимает свое место в качестве суверена Великобритании, и сама королева, как сообщается, с нетерпением ждет задач и вызовов, которые сопутствуют этой обременительной должности. Ее отца, короля Георга III, будет очень не хватать и он будет с теплотой вспоминать британский народ.;;Prinzessin Alexandrina Victoria von Hannover hat den Thron des Vereinigten Konigreichs von Grossbritannien und Irland als 'Konigin Victoria' bestiegen. Die jubelnde Londoner Menge eskortierte sie zu ihrer Residenz im neuen Buckingham Palace. Menschen aller Klassen und jeden Glaubens freuen sich uber die neue Monarchin auf dem Thron Grossbritanniens und die Konigin sieht lt. Berichten den Aufgaben und Herausforderungen dieses ehrbaren Amtes freudig entgegen. Ihr Vater, Konig George III. wird sehr vermisst werden und dem britischen Volk in guter Erinnerung bleiben.;;;;;;;;;;;x;
EVTDESC36898_NEWS_MEDIUM;Принцесса Александрина Виктория взошла на престол Соединенного Королевства Великобритании и Ирландии. Сегодня ликующая толпа провожала ее в Букингемский дворец. Люди всех классов и вероисповеданий в восторге, и она с нетерпением ждет задач, которые сопутствуют ее должности.;;Prinzessin Alexandrina Victoria hat den Thron des Vereinigten Konigreichs von Grossbritannien und Irland bestiegen. Eine jubelnde Menge begleitete sie heute zum Buckingham Palace. Sie sieht den Aufgaben dieses ehrbaren Amtes freudig entgegen.;;;;;;;;;;;x;
EVTDESC36898_NEWS_SHORT;Принцесса Виктория из дома Ганноверов взошла на престол Соединенного Королевства Великобритании и Ирландии. Люди всех классов и вероисповеданий в восторге. Короля Георга будет очень не хватать.;;Prinzessin Victoria von Hannover hat den Thron des Vereinigten Konigreichs von Grossbritannien und Irland bestiegen. Menschen aller Gruppierungen jubeln. Konig George wird vermisst werden.;;;;;;;;;;;x;
EVTDESC36901_NEWS_LONG;В 1838 году в Лондоне был опубликован роман Чарльза Диккенса «Оливер Твист». В нем он привлек внимание читателей к бедности и отсутствию прав рабочих в свое время. Рассказывая историю мальчика-сироты, который прошел через детскую ферму и работный дом, пока он, наконец, не присоединился к банде уличных карманников в Лондоне, роман пролил свет на то, что называется великим лондонским кризисом беспризорников, привлекая внимание к большому количеству сирот на улицах Лондона в то время. Возможно, величайший романист викторианской эпохи, Диккенс сам страдал от нищеты в раннем возрасте.;;1838 wurde Charles Dickens Roman “Oliver Twist' in London veroffentlicht. Darin machte er die Leser auf die Armut und fehlenden Rechte der Arbeiter in dieser Zeit aufmerksam. Das Buch erzahlt die Geschichte eines Waisenjungen auf einer Babyfarm, in einem Armenhaus und schliesslich als Mitglied einer Taschendiebbande in London und wirft so Licht auf die Londoner Obdachlosenkrise, mit ihren , zu jener Zeit, zahllosen Waisenkindern auf den Strassen Londons. Dickens, der womoglich grosste Schriftsteller der viktorianischen Ara, litt in seinen jungen Jahren selbst unter Armut.;;;;;;;;;;;x;
EVTDESC36901_NEWS_MEDIUM;Роман Чарльза Диккенса «Оливер Твист» был опубликован в Лондоне. Рассказывая историю мальчика-сироты, который проходит через детскую ферму и работный дом, пока не присоединяется к банде уличных карманников в Лондоне, роман привлекает внимание к большому количеству обедневших сирот.;;Charles Dickens Roman 'Oliver Twist' wurde in London veroffentlicht. Er erzahlt die Geschichte eines Waisenjungen auf einer Babyfarm, in einem Armenhaus und schliesslich als Mitglied einer Taschendiebbande in London und wirft so Licht auf die zahllosen, armen Waisen.;;;;;;;;;;;x;
EVTDESC36901_NEWS_SHORT;В 1838 году в Лондоне был опубликован роман Чарльза Диккенса «Оливер Твист». В нем он обращал внимание читателей на бедность и бесправие рабочих своего времени.;;1838 wurde Charles Dickens Roman “Oliver Twist' in London veroffentlicht. Darin machte er die Leser auf die Armut und fehlenden Rechte der Arbeiter in dieser Zeit aufmerksam.;;;;;;;;;;;x;
EVTDESC36903_NEWS_LONG;$COUNTRY$: Королева Виктория вышла замуж за своего кузена, принца Альберта Саксен-Кобург-Готского. В отличие от многих других браков того времени, этот был основан в первую очередь на взаимной привязанности, а не на династических расчетах. Альберт стал ведущей влиятельной фигурой двора и важным компаньоном и советником по государственным вопросам своей жены-королевы. Свадьба означала, что юная Виктория больше не была связана общественными условностями, чтобы жить с матерью, и последовало изгнание ее матери из Букингемского дворца.;;$COUNTRY$: Konigin Victoria heiratete ihren Vetter Prinz Albert von Sachsen-Coburg-Gotha. Anders als andere Hochzeiten jener Zeit, basierte sie auf gegenseitiger Zuneigung, nicht auf dynastischen Berechnungen. Albert wurde ein einflussreicher Mann am Hofe und war seiner Frau, der Konigin, wichtiger Partner und Berater in Staatsaffaren zugleich. Die Hochzeit entband die junge Victoria von der Anstandsregel, mit ihrer Mutter zu leben, und die Vertreibung der Mutter aus dem Buckingham Palace folgte.;;;;;;;;;;;x;
EVTDESC36903_NEWS_MEDIUM;$COUNTRY$: Королева Виктория вышла замуж за своего кузена, принца Альберта Саксен-Кобург-Готского. В отличие от многих других браков того времени, этот был основан в первую очередь на взаимной привязанности, а не на династических расчетах.;;$COUNTRY$: Konigin Victoria heiratete ihren Vetter Prinz Albert von Sachsen-Coburg-Gotha. Anders als andere Hochzeiten jener Zeit basierte sie auf gegenseitiger Zuneigung, nicht auf dynastischen Berechnungen.;;;;;;;;;;;x;
EVTDESC36903_NEWS_SHORT;$COUNTRY$: Королева Виктория вышла замуж за своего кузена, принца Альберта Саксен-Кобург-Готского. После свадьбы Альберт стал важным советником своей жены королевы.;;$COUNTRY$: Konigin Victoria heiratete ihren Vetter Prinz Albert von Sachsen-Coburg-Gotha. Albert wurde fur seine Frau, die Konigin, ein wichtiger Berater.;;;;;;;;;;;x;
EVTDESC36911_NEWS_LONG;Второй том поэзии Уильяма Батлера Йейтса «Роза» был опубликован в 1893 году. К этому времени его голос стал более чем просто отличительным, а его контроль над размером и рифмой был гениальным. Йейтс теперь разрабатывал специфически ирландские темы и начал свою длительную связь с ирландским республиканизмом, смешанным с эстетическим мистицизмом. Будучи ирландским националистом в ранние годы своей жизни, Йейтс скрывал свои убеждения в более поздние годы и держался вдали от радикальных националистических движений и бурной политической сцены второй половины девятнадцатого века.;;1893 wurde der zweite Poesie-Band 'Die Rose' von William Butler Yeats veroffentlicht. Seine Stimme war unverwechselbar markant und seine Kontrolle uber Takt und Rythmus von grosser Genialitat. Yeats entwickelte nun spezifische, irische Themen und begann seine Vereinigung von irischem Republikanismus mit asthetischem Mystizismus. Als junger Mann war er irischer Nationalist, in spateren Jahren jedoch verbarg er seinen Glauben und hielt zu den radikalen Nationalismus-Bewegungen und den Turbulenzen in der Politik in der zweiten Halfte des 19. Jh.  Abstand.;;;;;;;;;;;x;
EVTDESC36911_NEWS_MEDIUM;Второй сборник стихов Уильяма Батлера Йейтса «Роза» был опубликован в 1893 году. Йейтс разрабатывал сугубо ирландские темы и положил начало своей долгой связи с ирландским республиканством, смешанным с эстетическим мистицизмом.;;1893 wurde der zweite Poesie-Band 'Die Rose' von William Butler Yeats veroffentlicht. Yeats entwickelte spezifische, irische Themen und begann seine Vereinigung von irischem Republikanismus mit asthetischem Mystizismus.;;;;;;;;;;;x;
EVTDESC36911_NEWS_SHORT;Второй сборник стихов Уильяма Батлера Йейтса «Роза» был опубликован в 1893 году. Йейтс разрабатывал исключительно ирландские темы и положил начало своей многолетней связи с ирландским республиканизмом.;;1893 wurde der zweite Poesie-Band 'Die Rose' von William Butler Yeats veroffentlicht. Yeats entwickelte spezifische, irische Themen und begann seine Vereinigung mit irischem Republikanismus.;;;;;;;;;;;x;
EVTDESC36912_NEWS_LONG;В 1918 году сборник стихов Джерарда Мэнли Хопкинса был опубликован посмертно, хотя сам Хопкинс испытывал дискомфорт от его публикации при жизни. Поэзия представила миру новый метр, известный как «пружинящий ритм», и дала новый импульс растущему модернистскому движению. Поэзия Хопкинса была модернистской, но в то же время он считался религиозным поэтом. Он обратился в католицизм в раннем возрасте и был студентом и профессором средневековой христианской философии.;;1918 wurden die gesammelten Gedichte von Gerard Manley Hopkins nach seinem Tode veroffentlicht, obwohl er selbst zu Lebzeiten eine Veroffentlichung ablehnte. Die Gedichte lehrten die Welt den Sprungrythmus und belebten die Modernisten-Bewegung neu. Hopkins Dichtkunst war modernistisch, er galt aber als religioser Poet. Er war schon in jungen Jahren zum Katholizismus ubergetreten und Student und Professor fur mittelalterliche, christliche Philosophie.;;;;;;;;;;;x;
EVTDESC36912_NEWS_MEDIUM;В 1918 году сборник стихов Джерарда Мэнли Хопкинса был опубликован посмертно, хотя сам Хопкинс при жизни испытывал дискомфорт от его публикации. Поэзия представила миру новый метр, известный как «пружинящий ритм», и дала толчок модернизму.;;1918 wurden die gesammelten Gedichte von Gerard Manley Hopkins nach seinem Tode veroffentlicht, obwohl er selbst zu Lebzeiten eine Veroffentlichung ablehnte. Die Gedichte lehrten die Welt den Sprungrythmus und belebten die Modernisten-Bewegung neu.;;;;;;;;;;;x;
EVTDESC36912_NEWS_SHORT;В 1918 году сборник стихов Джерарда Мэнли Хопкинса был опубликован посмертно, хотя сам Хопкинс при жизни испытывал дискомфорт от его публикации.;;1918 wurden die gesammelten Gedichte von Gerard Manley Hopkins nach seinem Tode veroffentlicht, obwohl er selbst zu Lebzeiten eine Veroffentlichung ablehnte.;;;;;;;;;;;x;
EVTDESC36919_NEWS_LONG;Флоренс Найтингейл признана во всем мире как основательница современного сестринского дела. Во время недавней войны военный министр Великобритании назначил ее «главной леди» для 38 медсестер в армейских полевых госпиталях. Успех этой миссии положил начало первой школе медсестер в Англии и привел к созданию программы по изучению и реорганизации медицинских служб британской армии. Найтингейл также работает в сфере общественного здравоохранения, управления больницами и санитарной реформы. Пусть долго сияет слава над этим ангелом, широко известным как «дама с лампой».;;Florence Nightingale gilt weltweit als Begrunderin der modernen Krankenpflege. Wahrend einem der letzten Kriege ubertrug  ihr der britische Kriegsminister die Leitung uber 38 Pflegerinnen in Feldlazaretten. Der Erfolg dieser Mission fuhrte zur Grundung der ersten Schwesternschule in England und etablierte ein Programm zur Analyse und Neuorganisation der brit., milit. Krankenpflege. Sie arbeitet auch im Gesundheitswesen, der Krankenhausverwaltung und fur Gesundheitsreformen.  Moge das Licht lange auf diesen, auch als 'Dame mit der Lampe' bekannten, Engel fallen.;;;;;;;;;;;x;
EVTDESC36919_NEWS_MEDIUM;Флоренс Найтингейл признана во всем мире как основательница современного сестринского дела. Во время недавней войны военный министр Великобритании назначил ее «главной леди» медсестер в армейских полевых госпиталях. Пусть долго сияет слава над этим ангелом, известным как «леди с лампой».;;Florence Nightingale gilt weltweit als Begrunderin der modernen Krankenpflege. In einem der letzten Kriege ubertrug ihr der brit. Kriegsminister die Leitung uber Pflegerinnen in Feldlazaretten. Moge das Licht lange auf diesen, auch als 'Dame mit der Lampe' bekannten, Engel fallen.;;;;;;;;;;;x;
EVTDESC36919_NEWS_SHORT;Флоренс Найтингейл признана во всем мире как уважаемая основательница современного сестринского дела. Пусть слава долго сияет над этим ангелом, которого в народе называют «дамой с лампой».;;Florence Nightingale gilt weltweit als die Begrunderin der modernen Krankenpflege.  Moge das Licht lange auf diesen, auch als 'Dame mit der Lampe' bekannten, Engel fallen.;;;;;;;;;;;x;
EVTDESC36922_NEWS_LONG;На стадионе «Овал» в Лондоне Англия и Австралия сыграли самый памятный международный матч в истории. В трехдневном матче, который шел с переменным успехом, английской команде не хватило всего семи очков, чтобы победить Австралию в последних иннингах. Это был настолько захватывающий матч, что один зритель умер от сердечного приступа. Sporting Times опубликовала этот некролог: «в память об английском крикете, который умер вчера на стадионе «Овал», оплакиваемом большим кругом скорбящих фанатов и знакомых. Покойся с миром. Тело будет кремировано, а прах доставлен в Австралию».;;England und Australien spielten im Oval in London das eindrucksvollste, internationale Match der Geschichte. Drei Tage lang ging das Spiel hin und her und die englische Seite lag lediglich sieben Laufe im letzten Inning hinter Australien. Das Match war so spannend, dass ein Zuschauer einem Herzinfarkt erlag. Die Sporting Times veroffentlichte diesen Nachruf: 'In Erinnerung an das englische Kricket, das gestern im Oval starb, tief betrauert von Fans und Freunden. R.I.P. Der Korper wird eingeaschert und nach Australien geschickt'.;;;;;;;;;;;x;
EVTDESC36922_NEWS_MEDIUM;На крикетных площадках Oval в Лондоне Англия и Австралия сыграли самый памятный международный матч в истории. Качаясь туда-сюда в течение трех дней, это было так захватывающе, что один зритель умер от сердечного приступа. Австралия выиграла с разницей в семь очков и в восторге.;;England und Australien spielten im ovalen Kricketfeld in London das eindrucksvollste, internationale Match der Geschichte. Drei Tage lang ging das spannungsgeladene Spiel hin und her, ein Zuschauer erlag einem Herzinfarkt. Australien gewann mit sieben Laufen Vorsprung und jubelt.;;;;;;;;;;;x;
EVTDESC36922_NEWS_SHORT;Англия и Австралия сыграли самый памятный матч по крикету в истории. Австралия выиграла с разницей в семь очков и в восторге. Один зритель умер от сердечного приступа.;;England und Australien spielten das eindrucksvollste Kricket-Match der Geschichte. Australien gewann mit sieben Laufen Vorsprung und jubelt. Ein Zuschauer erlag einem Herzinfarkt.;;;;;;;;;;;x;
EVTDESC36923_NEWS_LONG;Уважаемый натурфилософ Чарльз Дарвин, опираясь на наблюдения, сделанные во время его путешествия к далеким берегам на борту HMS Beagle, и синтезируя наблюдения многих своих современников, опубликовал работу «О происхождении видов», в которой он утверждает, что все формы жизни на Земле медленно эволюционировали с течением времени посредством научного процесса, известного как естественный отбор, а не посредством акта божественного творения. Его взгляды горячо оспариваются и, несомненно, останутся спорными даже через сотни лет в будущем. Книга написана для читателей-неспециалистов.;;Der geschatzte Naturphilosoph Charles Darwin veroffentlichte unter Verwendung seiner Beobachtungen von Reisen zu zahlreichen Kusten auf der HMS Beagle, sowie Beobachtungen seiner Zeitgenossen, 'Uber die Entstehung der Arten' und behauptet, dass sich alle Lebensformen auf der Erde langsam uber einen langen Zeitraum durch eine naturliche Selektion entwickelt haben und nicht durch gottliche Erschaffung. Seine Ansichten werden hitzig angefochten und werden noch viele hundert Jahre Kontroversen auslosen. Das Buch wurde fur Laien verstandlich geschrieben.;;;;;;;;;;;x;
EVTDESC36923_NEWS_MEDIUM;Натурфилософ Чарльз Дарвин опубликовал работу о происхождении видов, в которой он утверждает, что вся жизнь развилась посредством научного процесса, известного как естественный отбор, а не посредством божественного акта. Его взгляды горячо оспариваются и, несомненно, останутся спорными.;;Der Naturphilosoph Charles Darwin veroffentlichte 'Uber die Entstehung der Arten' und behauptet, dass sich alles Leben auf der Erde durch naturliche Selektion entwickelt hat, nicht durch Gottes Hand. Seine Ansichten werden hitzig angefochten und noch lange Kontroversen auslosen.;;;;;;;;;;;x;
EVTDESC36923_NEWS_SHORT;Ученый Чарльз Дарвин опубликовал труд о происхождении видов, в котором он утверждает, что жизнь возникла в результате научного процесса, известного как естественный отбор, а не в результате божественного промысла.;;Forscher Charles Darwin veroffentlichte 'Uber die Entstehung der Arten' und behauptet, dass sich alles Leben auf der Erde durch naturliche Selektion entwickelt hat, nicht durch Gottes Hand.;;;;;;;;;;;x;
EVTDESC36925_NEWS_LONG;Убийство по меньшей мере шести проституток Джеком Потрошителем, печально известным серийным убийцей, ужаснуло и потрясло викторианское общество. Однако смятение, вызванное этими убийствами, косвенно пробудило британскую общественность к крайней нищете и разврату, царящим на улицах восточной части Лондона, особенно в Уайтчепеле, где были совершены убийства. Слухи приписывают продолжающуюся способность убийцы избегать ареста связям с людьми высокого положения. Подробности этих злодеяний слишком жуткие, чтобы публиковать их в этой газете.;;Der Mord an mindestens sechs Prostituierten durch den notorischen Serienmorder Jack the Ripper erschuttert das viktorianische Establishment. Die schrecklichen Morde haben indirekt das Bewusstsein der Offentlichkeit fur die extreme Armut und den Sittenverfall in den Strassen des East Ends von London gescharft, insbesondere in Whitechapel, wo die Morde geschahen. Geruchte kursieren, dass der Morder aufgrund seiner Beziehungen zu wichtigen Personlichkeiten nicht geschnappt wird. Die Details dieser Freveltaten sind zu grausam, um geschildert werden zu konnen.;;;;;;;;;;;x;
EVTDESC36925_NEWS_MEDIUM;Убийство по меньшей мере шести проституток Джеком Потрошителем ужаснуло викторианское общество. Однако ужас, вызванный этими убийствами, пробудил общественность к крайней нищете, царящей в Ист-Энде. Подробности этих злодеяний слишком ужасны, чтобы публиковать их сейчас.;;Der Mord an mind. sechs Prostituierten durch Jack the Ripper erschuttert das viktorianische Establishment. Die Morde haben indirekt das Bewusstsein fur die extreme Armut im East End von London gescharft. Die Details der Freveltaten sind zu grausam, um geschildert werden zu konnen.;;;;;;;;;;;x;
EVTDESC36925_NEWS_SHORT;Ужасное убийство по меньшей мере шести проституток Джеком Потрошителем ужаснуло викторианское общество. Подробности этих злодеяний слишком ужасны, чтобы публиковать их в этом журнале в это время.;;Der brutale Mord an mind. sechs Prostituierten durch Jack the Ripper erschuttert das viktorianische Establishment. Die Details der Freveltaten sind zu grausam zur Schilderung.;;;;;;;;;;;x;
EVTDESC36929_NEWS_LONG;$COUNTRY$: Через девятнадцать месяцев после завершения строительства мост через залив Ферт-оф-Тэй около Данди рухнул под воздействием сильного ветра. Также был потерян поезд из шести вагонов, что привело к гибели всех находившихся на борту. Проектировщик моста сэр Томас Боуч был признан ответственным за многочисленные недостатки в проектировании и контроле качества и отстранен от должности проектировщика моста Ферт-оф-Форт. С разрушенной репутацией инженера и многочисленными другими проектами, которые он отменил или заказал новый проект у другого архитектора, Боуч умер в возрасте года.;;$COUNTRY$: Neunzehn Monate nach Fertigstellung der Brucke uber die Tay-Forde nahe Dundee ist sie bei starken Winden eingesturzt. Ein Zug mit sechs Waggons sturzte in die Tiefe und zahlreiche Opfer werden beklagt. Der Bruckendesigner Sir Thomas Bouch wird aufgrund etlicher Mangel und fehlender Qualitatskontrollen fur die Katastrophe verantwortlich gemacht und wurde vom Bruckenprojekt uber den Firth of Forth entfernt. Bouchs Karriere war ruiniert und er verlor mehrere weitere Projekte an andere Architekten. Er starb nur ein Jahr spater.;;;;;;;;;;;x;
EVTDESC36929_NEWS_MEDIUM;$COUNTRY$: Через девятнадцать месяцев после завершения строительства мост через залив Ферт-оф-Тэй около Данди рухнул под воздействием сильного ветра. Шестивагонный поезд также погиб вместе со всеми пассажирами. Проектировщик моста, сэр Томас Буш, был привлечен к ответственности.;;$COUNTRY$: Neunzehn Monate nach Fertigstellung der Brucke uber die Tay-Forde nahe Dundee ist sie bei starken Winden eingesturzt. Ein Zug mit sechs Waggons sturzte in die Tiefe und es gab zahlreiche Opfer. Bruckendesigner Sir Thomas Bouch wurde dafur verantwortlich gemacht.;;;;;;;;;;;x;
EVTDESC36929_NEWS_SHORT;$COUNTRY$: Через девятнадцать месяцев после завершения строительства мост через залив Ферт-оф-Тэй около Данди рухнул под нагрузкой. Шестивагонный поезд также был потерян, что привело к гибели всех находившихся на борту.;;$COUNTRY$: Neunzehn Monate nach Fertigstellung der Brucke uber die Tay-Forde nahe Dundee ist sie bei Sturm eingesturzt. Ein Zug mit sechs Waggons fiel in die Tiefe, alle Passagiere starben.;;;;;;;;;;;x;
EVTDESC36939_NEWS_LONG;$COUNTRY$: Лорд Дальхаузи, генерал-губернатор Индии, провел ряд реформ. Хотя они непопулярны в некоторых кругах, они чрезвычайно эффективны. Благодаря развитию инфраструктуры, расширению железных дорог, металлических мостов и дорог, телеграфных линий, военным и медицинским реформам, а также набору специальных правовых средств, называемых «доктриной упущения», ведущих к присоединению новых земель, Дальхаузи расширил британский контроль над субконтинентом, но также ускорил рост антибританских настроений среди местного населения.;;$COUNTRY$: Lord Dalhousie, Generalgouverneur von Indien, fuhrte eine Zahl neuer Reformen ein. Die extrem effizienten Reformen werden von einigen abgelehnt. Durch Entwicklung der Infrastruktur, Ausdehnung der Eisenbahnstrecken, Bau von Metallbrucken und Strassen, Telegrafenverbindungen, militarische und medizinische Reformen und als 'Doctrine of Lapse' bezeichnete legale Richtlinien zur Annektion neuer Gebiete, weitete Dalhousie die britische Kontrolle auf dem Sub-Kontinent aus, was zeitgleich zu einem Erstarken anti-britischer Bewegungen unter den Einwohnern fuhrte.;;;;;;;;;;;x ;
EVTDESC36939_NEWS_MEDIUM;$COUNTRY$: Лорд Далхаузи, генерал-губернатор Индии, ввел ряд реформ в Индии. Хотя они непопулярны в некоторых кругах, что приводит к антибританским настроениям, они чрезвычайно эффективны в расширении британского контроля над субконтинентом.;;$COUNTRY$: Lord Dalhousie, Generalgouverneur von Indien, fuhrte eine Zahl neuer Reformen ein. Sie werden von einigen abgelehnt und fuhrten zum Erstarken anti-britischer Bewegungen, doch ihre Effizienz dehnte die britische Kontrolle auf dem Sub-Kontinent aus.;;;;;;;;;;;x;
EVTDESC36939_NEWS_SHORT;$COUNTRY$: Лорд Далхаузи, генерал-губернатор Индии, ввел ряд реформ в Индии. Хотя они непопулярны в некоторых кругах, они чрезвычайно эффективны.;;$COUNTRY$: Lord Dalhousie, Generalgouverneur von Indien, fuhrte eine Zahl neuer Reformen ein. Die extrem effizienten Reformen werden von einigen abgelehnt.;;;;;;;;;;;x;
EVTDESC36940_NEWS_LONG;$COUNTRY$: Был подписан договор, формализующий нацию Новая Зеландия, в котором вожди маори признали суверенитет Ее Величества королевы Виктории, а она в свою очередь гарантировала вождям их земли, поместья, леса и рыбные промыслы. Версии подписанного документа на маори и английском языках различаются, оставляя сомнения относительно того, что на самом деле было согласовано. В то время как британцы заявляют, что маори согласились на правление губернатора над ними, в версии договора на маори говорится, что они должны сохранить большую степень автономии и самоуправления, что позволит им управлять своими собственными делами.;;$COUNTRY$: Ein Abkommen mit Neuseeland wurde unterzeichnet, in dem die Maori-Hauptlinge die Souveranitat Ihrer Hoheit, Konigin Victoria, anerkennen und diese im Gegenzug den Hauptlingen ihr Land, ihr Vermogen, ihre Walder und Fischgrunde garantierte. Die Maori und engl. Version der Dokumente unterscheiden sich und es bleiben Zweifel, worauf man sich geeinigt hat. Wahrend die Briten darauf bestehen, dass die Maori die Herrschaft des Gouverneurs anerkannt haben, gewahrt ihnen die Maori-Version des Dokuments eine hohere Autonomie in ihren eigenen Angelegenheiten.;;;;;;;;;;;x;
EVTDESC36940_NEWS_MEDIUM;$COUNTRY$: Был подписан договор, официально учреждающий государство Новая Зеландия, в котором вожди маори признали суверенитет Ее Величества королевы Виктории, а она, в свою очередь, гарантировала вождям их земли, поместья, леса и рыбные промыслы.;;$COUNTRY$: Ein Abkommen mit Neuseeland wurde unterzeichnet, in dem die Maori-Hauptlinge die Souveranitat Ihrer Hoheit, Konigin Victoria, anerkennen und diese im Gegenzug den Hauptlingen ihr Land, ihr Vermogen, ihre Walder und Fischgrunde garantierte.;;;;;;;;;;;x;
EVTDESC36940_NEWS_SHORT;$COUNTRY$: Был подписан договор, официально учреждающий государство Новая Зеландия, в котором вожди маори признали суверенитет Ее Величества королевы Виктории.;;$COUNTRY$: Ein Abkommen mit Neuseeland wurde unterzeichnet, in dem die Maori-Hauptlinge die Souveranitat Ihrer Hoheit, Konigin Victoria, anerkennen.;;;;;;;;;;;x;
EVTDESC36941_NEWS_LONG;$COUNTRY$: Разочарованный британским отношением, вождь маори Хоне Хеке неоднократно срубал флагшток в Корорареке в знак протеста, что привело к тому, что известно как Первая война маори. Стойкие и воодушевленные ранними успехами, но экономически напряженные, с истощением запасов продовольствия и жертвами множества эпидемий, вожди маори в конечном итоге попросили о прекращении огня. Британцы сохранили свой суверенитет над Новой Зеландией, но мятежные вожди маори подняли свое положение выше, чем когда-либо, завоевав значительное уважение среди всех племен.;;$COUNTRY$: Enttauscht von der britischen Haltung hat Maori Chief Hone Heke den Fahnenmast in Kororareka wiederholt aus Protest abhacken lassen, was schliesslich zum ersten Maori Krieg fuhrte. Unverwustlich und von fruheren Erfolgen ermutigt, jedoch wirtschaftlich ausgelaugt mit schwindenden Nahrungsvorraten und zahlreichen Epidemie-Opfern, baten die Maori Chiefs am Ende um Waffenstillstand. Die Briten behielten ihre Souveranitat uber Neuseeland, doch rebellische Maori Chiefs erlangten hohere Positionen als jemals zuvor und gewannen immensen Respekt bei den Stammen.;;;;;;;;;;;x;
EVTDESC36941_NEWS_MEDIUM;$COUNTRY$: Разочарованный британским отношением, вождь маори Хоне Хеке неоднократно срубал флагшток в Корорареке в знак протеста, что привело к тому, что известно как Первая война маори. Мятежные вожди заслужили уважение, но не смогли свергнуть британцев.;;$COUNTRY$: Enttauscht von der britischen Haltung hat Maori Chief Hone Heke den Fahnenmast in Kororareka wiederholt aus Protest abhacken lassen, was zum ersten Maori Krieg fuhrte. Rebellische Maori Chiefs gewannen den Respekt der Stamme, konnten die Briten allerdings nicht besiegen.;;;;;;;;;;;x;
EVTDESC36941_NEWS_SHORT;$COUNTRY$: Разочарованный британским отношением, вождь маори Хоне Хеке неоднократно срубал флагшток в Корорареке в знак протеста, что привело к Первой войне маори.;;$COUNTRY$: Enttauscht von der britischen Haltung hat Maori Chief Hone Heke den Fahnenmast in Kororareka wiederholt aus Protest abhacken lassen, was zum ersten Maori Krieg fuhrte.;;;;;;;;;;;x;
EVTDESC1004_NEWS_LONG;$COUNTRY$: синдикалистские союзы требуют передать заводы и землю рабочим коллективам.;;$COUNTRY$: Wir wollen, nein, wir BRAUCHEN eine freie Gesellschaft, in der niemand den Vorrang hat oder das Nachsehen und in der keine Unterdruckung oder Knappheit herrscht. Wir brauchen eine Gesellschaft ohne Regierung oder Klassentrennung, in der die Arbeiter die Produktion kontrollieren. Wir streben nach einer Gesellschaft ohne Verfremdung, Geld oder Privateigentum mit einem Uberschuss an Ressourcen in der Welt gemass unserer Ideologie. Guterverteilung sollte auf Bedarf basieren, der Mensch komplett frei sein.;;;;;;;;;;;x;
EVTDESC1004_NEWS_MEDIUM;$COUNTRY$: синдикалисты требуют власти профсоюзов.;;$COUNTRY$: Wir wollen, nein, wir BRAUCHEN eine freie Gesellschaft, in der niemand den Vorrang hat oder das Nachsehen und in der keine Knappheit herrscht. Wir brauchen eine Gesellschaft ohne Regierung oder Klassentrennung, in der die Arbeiter die Produktion kontrollieren.;;;;;;;;;;;x;
EVTDESC1004_NEWS_SHORT;$COUNTRY$: синдикализм набирает силу.;;$COUNTRY$: Wir wollen, nein, wir BRAUCHEN eine freie Gesellschaft, in der niemand den Vorrang hat oder das Nachsehen und in der die Menschheit frei von Unterdruckung und Knappheit ist.;;;;;;;;;;;x;
EVTDESC1005_NEWS_LONG;$COUNTRY$: инженеры и ученые требуют правления экспертов ради прогресса.;;$COUNTRY$: Wir wollen, nein, wir BRAUCHEN eine freie Gesellschaft, in der niemand den Vorrang hat oder das Nachsehen und in der keine Unterdruckung oder Knappheit herrscht. Wir brauchen eine Gesellschaft ohne Regierung oder Klassentrennung, in der die Arbeiter die Produktion kontrollieren. Wir streben nach einer Gesellschaft ohne Verfremdung, Geld oder Privateigentum mit einem Uberschuss an Ressourcen in der Welt gemass unserer Ideologie. Guterverteilung sollte auf Bedarf basieren, der Mensch komplett frei sein.;;;;;;;;;;;x;
EVTDESC1005_NEWS_MEDIUM;$COUNTRY$: технократы требуют власти экспертов.;;$COUNTRY$: Wir wollen, nein, wir BRAUCHEN eine freie Gesellschaft, in der niemand den Vorrang hat oder das Nachsehen und in der keine Knappheit herrscht. Wir brauchen eine Gesellschaft ohne Regierung oder Klassentrennung, in der die Arbeiter die Produktion kontrollieren.;;;;;;;;;;;x;
EVTDESC1005_NEWS_SHORT;$COUNTRY$: технократизм набирает силу.;;$COUNTRY$: Wir wollen, nein, wir BRAUCHEN eine freie Gesellschaft, in der niemand den Vorrang hat oder das Nachsehen und in der die Menschheit frei von Unterdruckung und Knappheit ist.;;;;;;;;;;;x;
EVTDESC1006_NEWS_LONG;$COUNTRY$: националистические движения требуют сильной державы.;;$COUNTRY$: Wir wollen, nein, wir BRAUCHEN eine freie Gesellschaft, in der niemand den Vorrang hat oder das Nachsehen und in der keine Unterdruckung oder Knappheit herrscht. Wir brauchen eine Gesellschaft ohne Regierung oder Klassentrennung, in der die Arbeiter die Produktion kontrollieren. Wir streben nach einer Gesellschaft ohne Verfremdung, Geld oder Privateigentum mit einem Uberschuss an Ressourcen in der Welt gemass unserer Ideologie. Guterverteilung sollte auf Bedarf basieren, der Mensch komplett frei sein.;;;;;;;;;;;x;
EVTDESC1006_NEWS_MEDIUM;$COUNTRY$: националисты требуют сильной державы.;;$COUNTRY$: Wir wollen, nein, wir BRAUCHEN eine freie Gesellschaft, in der niemand den Vorrang hat oder das Nachsehen und in der keine Knappheit herrscht. Wir brauchen eine Gesellschaft ohne Regierung oder Klassentrennung, in der die Arbeiter die Produktion kontrollieren.;;;;;;;;;;;x;
EVTDESC1006_NEWS_SHORT;$COUNTRY$: национализм набирает силу.;;$COUNTRY$: Wir wollen, nein, wir BRAUCHEN eine freie Gesellschaft, in der niemand den Vorrang hat oder das Nachsehen und in der die Menschheit frei von Unterdruckung und Knappheit ist.;;;;;;;;;;;x;
EVTDESC1007_NEWS_LONG;$COUNTRY$: крестьянские союзы требуют земельной реформы и защиты села.;;$COUNTRY$: Wir wollen, nein, wir BRAUCHEN eine freie Gesellschaft, in der niemand den Vorrang hat oder das Nachsehen und in der keine Unterdruckung oder Knappheit herrscht. Wir brauchen eine Gesellschaft ohne Regierung oder Klassentrennung, in der die Arbeiter die Produktion kontrollieren. Wir streben nach einer Gesellschaft ohne Verfremdung, Geld oder Privateigentum mit einem Uberschuss an Ressourcen in der Welt gemass unserer Ideologie. Guterverteilung sollte auf Bedarf basieren, der Mensch komplett frei sein.;;;;;;;;;;;x;
EVTDESC1007_NEWS_MEDIUM;$COUNTRY$: аграрии требуют земельной реформы.;;$COUNTRY$: Wir wollen, nein, wir BRAUCHEN eine freie Gesellschaft, in der niemand den Vorrang hat oder das Nachsehen und in der keine Knappheit herrscht. Wir brauchen eine Gesellschaft ohne Regierung oder Klassentrennung, in der die Arbeiter die Produktion kontrollieren.;;;;;;;;;;;x;
EVTDESC1007_NEWS_SHORT;$COUNTRY$: аграризм набирает силу.;;$COUNTRY$: Wir wollen, nein, wir BRAUCHEN eine freie Gesellschaft, in der niemand den Vorrang hat oder das Nachsehen und in der die Menschheit frei von Unterdruckung und Knappheit ist.;;;;;;;;;;;x;
