#regions##;;;;;;;;;;;;;x;
ABU_1162;Абу-Даби;Abu Dhabi;Abu Dhabi;;Abu Dhabi;;;;;;;;;x
AFG_1214;Западный Афганистан;Western Afghanistan;West-Afghanistan;;Western Afghanistan;;;;;;;;;x
AFG_1217;Восточный Афганистан;Eastern Afghanistan;Ost-Afghanistan;;Eastern Afghanistan;;;;;;;;;x
ALD_1704;Тлемсен;Tlemcen;Tlemcen;;Tlemcen;;;;;;;;;x
ALD_1708;Константин;Constantine;Constantine;;Constantine;;;;;;;;;x
ALD_1714;Западная Сахара;Sahara central Ouest;Westlich-zentrale Sahara;;Oeste del Sahara central;;;;;;;;;x
ALD_1718;Сахара;Sahara central Est;Ostlich-zentrale Sahara;;Este del Sahara central;;;;;;;;;x
ANN_1371;Тонкин;Tonkin;Tonkin;;Tonkin;;;;;;;;;x
ANN_1374;Аннам;Annam;Annam;;Annam;;;;;;;;;x
ANN_1383;Кочин, Китай;Cochin China;Cochinchina;;Cochin China;;;;;;;;;x
ARG_2355;Буэнос-Айрес;Buenos Aires;Buenos Aires;;Buenos Aires;;;;;;;;;x
ARG_2357;Корриентес;Corrientes;Corrientes;;Corrientes;;;;;;;;;x
ARG_2363;Санта-Фе;Santa Fe;Santa Fe;;Santa Fe;;;;;;;;;x
ARG_2368;Жужуй;Jujuy;Jujuy;;Jujuy;;;;;;;;;x
ARG_2377;Чако;Chaco;Chaco;;Chaco;;;;;;;;;x
ARG_2384;Ла Пампа;Pampa;La Pampa;;La Pampa;;;;;;;;;x
ARG_2387;Тукумбан;Tucuman;Tucuman;;Tucuman;;;;;;;;;x
ARG_2391;Патагония Септентрионал;Patagonie septentrionale;Patagonia Septentrional;;Patagonia Septentrional;;;;;;;;;x
ARG_2393;Рио-Негро;Rio Negro;Rio Negro;;Rio Negro;;;;;;;;;x
ARG_2398;Патагония Меридиональная;Patagonie meridionale;Patagonia Meridional;;Patagonia Meridional;;;;;;;;;x
AST_801;Полинезия;Polynesie;Polynesien;;La Polinesia;;;;;;;;;x
AST_2244;Рождество и Кокосовые острова;Iles Christmas et Cocos;Weihnachts- & Kokosinseln;;Islas Navidad y Cocos;;;;;;;;;x
AST_2454;Фиджи;Fidji;Fidschi;;Islas Fiji;;;;;;;;;x
AST_2527;Кирибати;Kiribati;Kiribati;;Kiribati;;;;;;;;;x
AST_2528;Южная Новая Гвинея;Nouvelle guinee du sud;Sudliches Neuguinea;;Nueva Guinea Meridional;;;;;;;;;x
AST_2535;Вануату;Vanuatu;Vanuatu;;Vanuatu;;;;;;;;;x
ATJ_1405;Ачех;Aceh;Aceh;;Aceh;;;;;;;;;x
AUS_612;Тироль;Tyrol;Tirol;;Tirol;;;;;;;;;x
AUS_613;Каринтия-Штайермарк;Karnten-Steiermark;Karnten-Steiermark;;Karnten-Steiermark;;;;;;;;;x
AUS_619;Цsterreich;Autriche;Osterreich;;Austria;;;;;;;;;x
AUS_623;Трансданубия;Transdanubie;Transdanubien;;Transdanubia;;;;;;;;;x
AUS_625;Богемия;Boheme;Bohmen;;Bohemia;;;;;;;;;x
AUS_626;Моравия;Moravie;Mahren;;Moravia;;;;;;;;;x
AUS_633;Словакия;Slovaquie;Slowakei;;Eslovaquia;;;;;;;;;x
AUS_641;Центральная Венгрия;Hongrie centrale;Zentralungarn;;Hungria Central;;;;;;;;;x
AUS_647;Альфельд;Alfold;Alfold;;Alfold;;;;;;;;;x
AUS_654;Западный Зибенбюрген;Transylvanie occidentale;Westsiebenburgen;;Siebenburgen Occidental;;;;;;;;;x
AUS_657;Восточный Зибенбюрген;Transylvanie orientale;Ostsiebenburgen;;Siebenburgen Oriental;;;;;;;;;x
AUS_662;Восточная Галисия;Galice orientale;Ostgalizien;;Galitzia Oriental;;;;;;;;;x
AUS_702;Западная Галисия;Galice occidentale;Westgalizien;;Galitzia Occidental;;;;;;;;;x
AUS_726;Ломбардия;Lombardie;Lombardei;;Lombardia;;;;;;;;;x
AUS_729;Венеция;Venetie;Venedig;;Venecia;;;;;;;;;x
AUS_734;Южный Тироль;Tyrol du Sud;Sudtirol;;Tirol Meridional;;;;;;;;;x;
AUS_736;Истрия;Istrie;Istrien;;Istria;;;;;;;;;x
AUS_768;Словения;Slovenie;Slowenien;;Eslovenia;;;;;;;;;x
AUS_771;Хорватия;Croatie;Kroatien;;Croacia;;;;;;;;;x
AUS_777;Славония;Slavonie;Slawonien;;Eslavonia;;;;;;;;;x
AUS_780;Далмация;Dalmatie;Dalmatien;;Dalmacia;;;;;;;;;x
BAD_586;Баден;Baden;Baden;;Baden;;;;;;;;;x
BAL_1438;Зондские острова;Sunda Islands;Sundainseln;;Sunda Islands;;;;;;;;;x
BAV_595;Франкен;Niederbayern;Niederbayern;;Niederbayern;;;;;;;;;x
BAV_599;Бавария;Oberbayern;Oberbayern;;Oberbayern;;;;;;;;;x
BEL_387;Вландерен;Vlaanderen;Flandern;;Vlaanderen;;;;;;;;;x
BEL_394;Валлония;Wallonie;Wallonien;;Valonia;;;;;;;;;x
BEL_1977;Нижнее Конго;Bas-Congo;Bas-Congo;;Bas-Congo;;;;;;;;;x
BEL_1984;Касаи;Kasai;Kasai;;Kasai;;;;;;;;;x
BEL_1987;Катанга;Katanga;Katanga;;Katanga;;;;;;;;;x
BEL_1990;Восточный Конго;Congo Oriental;Congo Orientale;;Congo Orientale;;;;;;;;;x
BEL_1992;Экватор;Equateur;Equateur;;Equateur;;;;;;;;;x
BOL_2305;Атакама;Atacama;Atacama;;;;;;;;;;;x
BOL_2314;Потоси;Potosi;Potosi;;;;;;;;;;;x
BOL_2317;Санта-Крус;Santa Cruz;Santa Cruz;;Santa Cruz;;;;;;;;;x
BOL_2321;Ла-Пас;La Paz;La Paz;;La Paz;;;;;;;;;x
BRU_1394;Северный Борнео;North Borneo;Nord-Borneo;;North Borneo;;;;;;;;;x
BRZ_2246;Минас-Жерайс;Minas Gerais;Minas Gerais;;Minas Gerais;;;;;;;;;x
BRZ_2306;Сан-Паулу;Sao Paulo;Sao Paulo;;Sao Paulo;;;;;;;;;x
BRZ_2401;Амазонас;Amazone;Amazonas;;Amazonas;;;;;;;;;x
BRZ_2408;Парб;Para;Para;;Para;;;;;;;;;x
BRZ_2410;Мараньюо;Maranhao;Maranhao;;Maranhao;;;;;;;;;x
BRZ_2416;Мату-Гросу;Mato Grosso;Mato Grosso;;Mato Grosso;;;;;;;;;x
BRZ_2427;Риу-Гранди-ду-Норти;Rio Grande do Norte;Rio Grande do Norte;;Rio Grande do Norte;;;;;;;;;x
BRZ_2428;Пернамбуку;Pernambouc;Pernambuco;;Pernambuco;;;;;;;;;x
BRZ_2439;Баия;Bahia;Bahia;;Bahia;;;;;;;;;x
BRZ_2446;Минас-Жерайс;Minas Gerais;Minas Gerais;;Minas Gerais;;;;;;;;;x
BRZ_2447;Рио-де-Жанейро;Rio de Janeiro;Rio de Janeiro;;Rio de Janeiro;;;;;;;;;x
BRZ_2462;Паранб;Parana;Parana;;Parana;;;;;;;;;x
BRZ_2467;Риу-Гранди-ду-Сул;Rio Grande do Sul;Rio Grande do Sul;;Rio Grande do Sul;;;;;;;;;x
BUK_1207;Таджикистан;Tajikistan;Tadschikistan;;Tajikistan;;;;;;;;;x
BUR_1330;Пегу;Pegu;Pegu;;Pegu;;;;;;;;;x
BUR_1334;Шанские государства;Shan States;Shan-Staaten;;Shan States;;;;;;;;;x
BUR_1339;Качин;Kachin;Kachin;;Kachin;;;;;;;;;x
CAN_58;Нижняя Канада;;;;;;;;;;;;;x;
CAN_60;Северный Квебек;;;;;;;;;;;;;x;
CHI_1082;Внешняя Маньчжурия;Outer Manchuria;Aussere Mandschurei;;Outer Manchuria;;;;;;;;;x
CHI_1086;Сахалин;Sakhalin;Sachalin;;Sakhalin;;;;;;;;;x
CHI_1472;Северный Аньхой;Northern Anhui;Nord-Anhui;;Northern Anhui;;;;;;;;;x
CHI_1473;Южный Аньхой;Southern Anhui;Sud-Anhui;;Southern Anhui;;;;;;;;;x
CHI_1476;Цзянсу;Jiangsu;Jiangsu;;Jiangsu;;;;;;;;;x
CHI_1487;Фуцзянь;Fujian;Fujian;;Fujian;;;;;;;;;x
CHI_1490;Ганьсу;Kansuh;Gansu;;Gansu;;;;;;;;;x
CHI_1494;Шаочжоу;Shaozhou;Shaozhou;;Shaozhou;;;;;;;;;x
CHI_1496;Гонконг и Макао;Hong Kong & Macao;Hong Kong & Macao;;Hong Kong y Macao;;;;;;;;;x
CHI_1499;Гуандун;Kwangtung;Guangdong;;Guangdong;;;;;;;;;x
CHI_1504;Гуанси;Kwangsi;Guangxi;;Guangxi;;;;;;;;;x
CHI_1513;Хэнань;Henan;Henan;;Henan;;;;;;;;;x
CHI_1516;Восточный Хубэй;Eastern Hubei;Ost-Hubei;;Eastern Hubei;;;;;;;;;x
CHI_1523;Западный Хубэй;Western Hubei;West-Hubei;;Western Hubei;;;;;;;;;x
CHI_1529;Хунань;Hunan;Hunan;;Hunan;;;;;;;;;x
CHI_1532;Внутренняя Монголия;Inner Mongolia;Innere Mongolei;;Inner Mongolia;;;;;;;;;x
CHI_1539;Сучжоу;Suzhou;Suzhou;;Suzhou;;;;;;;;;x
CHI_1550;Цзянси;Jiangxi;Jiangxi;;Jiangxi;;;;;;;;;x
CHI_1553;Маньчжурия;Manchuria;Mandschurei;;Manchuria;;;;;;;;;x
CHI_1563;Западный Шаньдун;;;;;;;;;;;;;x;
CHI_1565;Восточный Шаньдун;;;;;;;;;;;;;x;
CHI_1576;Шаньси;Shanxi;Shanxi;;Shanxi;;;;;;;;;x
CHI_1557;Цинхай;Tsinghai;Qinghai;;Qinghai;;;;;;;;;x
CHI_1578;Сычуань;Sichuan;Sichuan;;Sichuan;;;;;;;;;x
CHI_1581;Чунцин;Chongqing;Chongqing;;Chongqing;;;;;;;;;x
CHI_1600;Синьцзян;Xinjiang;Xinjiang;;Xinjiang;;;;;;;;;x
CHI_1601;Юньнань;Yunnan;Yunnan;;Yunnan;;;;;;;;;x
CHI_1611;Чжэцзян;Zhejiang;Zhejiang;;Zhejiang;;;;;;;;;x
CHI_1612;Хэбэй;;;;;;;;;;;;;x;
CHI_1614;Южная Чжили;Southern Zhili;Sud-Zhili;;Southern Zhili;;;;;;;;;x
CHI_1616;Шунтиан;;;;;;;;;;;;;x;
CHI_1618;Северная Чжили;Northern Zhili;Nord-Zhili;;Northern Zhili;;;;;;;;;x
CHI_2062;Нинся;Ningxia;Ningxia;;Ningxia;;;;;;;;;x
CHI_2562;Формоза;Formose;Formosa;;Formosa;;;;;;;;;x
CHI_2608;Монголия;Tibet;Mongolei;;Mongolia;;;;;;;;;x
CHL_2322;Сантьяго;Santiago;Santiago;;Santiago;;;;;;;;;x
CHL_2327;Лос-Риос;Los Rios;Los Rios;;Los Rios;;;;;;;;;x
CHL_2332;Араукания;Araucania;Araucania;;Araucania;;;;;;;;;x
CLM_1723;Панама;Panama;Panama;;Panama;;;;;;;;;x
CLM_2247;Кундинамарка;Cundinamarca;Cundinamarca;;Cundinamarca;;;;;;;;;x
CLM_2251;Антиокия;Antioquia;Antioquia;;Antioquia;;;;;;;;;x
CLM_2256;Валье-дель-Каука;Valle del Cauca;Valle del Cauca;;Valle del Cauca;;;;;;;;;x
CLM_2259;Каука;Cauca;Cauca;;Cauca;;;;;;;;;x
CLM_2262;Гуавьяре;Guaviare;Guaviare;;Guaviare;;;;;;;;;x
DEN_251;Исландия и Гренландия;Islande et Groenland;Island & Gronland;;Islandia y Groenlandia;;;;;;;;;x
DEN_367;Юлланд;Jutland;Jylland;;Jutlandia;;;;;;;;;x
DEN_372;Зеландия;Sjaelland;Sjaelland;;Seelandia;;;;;;;;;x
ECU_2279;Эквадор;Equateur;Ecuador;;Ecuador;;;;;;;;;x
EGY_843;Эгейские острова;Iles de la mer Egee;Agaische Inseln;;Islas del Egeo;;;;;;;;;x
EGY_897;Алеппо;Aleppo;Aleppo;;Aleppo;;;;;;;;;x
EGY_903;Сирия;Syria;Syrien;;Syria;;;;;;;;;x
EGY_910;Трансиордания;Transjordan;Transjordanien;;Transjordan;;;;;;;;;x
EGY_915;Ливан;Liban;Libanon;;Libano;;;;;;;;;x
EGY_921;Палестина;Palestine;Palastina;;Palestina;;;;;;;;;x
EGY_1746;Синай;Sinai;Sinai;;Sinai;;;;;;;;;x
EGY_1750;Нижний Египет;Basse Egypte;Unter-Agypten;;Lower Egypt;;;;;;;;;x
EGY_1753;Матрух;Matruh;Matruh;;Matruh;;;;;;;;;x
EGY_1754;Ливия;Cote lybienne;Lybische Kuste;;Costa de Libia;;;;;;;;;x
EGY_1758;Египетская пустыня;Egyptian Desert;Agyptische Wuste;;Egyptian Desert;;;;;;;;;x
EGY_1762;Средний Египет;Egypte Moyenne;Mittel-Agypten;;Middle Egypt;;;;;;;;;x
EGY_1771;Верхний Египет;Basse Egypte;Unter-Agypten;;Upper Egypt;;;;;;;;;x
EGY_1827;Судан;Soudan;Sudan;;Sudan;;;;;;;;;x
EGY_1834;Донгола;Dongolah;Dunqula;;Dongola;;;;;;;;;x
EGY_1838;Кордофан;Kordofan;Kordofan;;Kordofan;;;;;;;;;x
EGY_1842;Дарфур;Darfour;Darfur;;Darfur;;;;;;;;;x
ENG_6;Территория Юкон;Territoire du Yukon;Yukon Territory;;Territorio del Yukon;;;;;;;;;x
ENG_9;Северо-Западные Территории;Territoires du N-O;Northwest Territories;;Territorios noroccidentales;;;;;;;;;x
ENG_13;Британская Колумбия;Colombie britannique;British Columbia;;Columbia Britanica;;;;;;;;;x
ENG_22;Альберта;Alberta;Alberta;;Alberta;;;;;;;;;x
ENG_30;Саскачеван;Saskatchewan;Saskatchewan;;Saskatchewan;;;;;;;;;x
ENG_36;Манитоба;Manitoba;Manitoba;;Manitoba;;;;;;;;;x
ENG_44;Территория Нунавут;Nunavut;Nunavut Territory;;Territorio de Nunavut;;;;;;;;;x
ENG_46;Онтарио;Ontario;Ontario;;Ontario;;;;;;;;;x
ENG_68;Нью-Брансуик;Nouveau-Brunswick;New Brunswick;;New Brunswick;;;;;;;;;x
ENG_74;Ньюфаундленд;Terre-Neuve;Neufundland;;Terra Nova;;;;;;;;;x
ENG_203;Карибские острова;Iles caraibes;Karibische Inseln;;Islas del Caribe;;;;;;;;;x
ENG_254;Ольстер;Ulster;Ulster;;Ulster;;;;;;;;;x
ENG_260;Мюнстер;Munster;Munster;;Munster;;;;;;;;;x
ENG_263;Ленстер-Коннахт;Leinster-Connacht;Leinster-Connacht;;Leinster-Connacht;;;;;;;;;x
ENG_266;Высокогорье;Highlands;Highlands;;Highlands;;;;;;;;;x
ENG_271;Низменности;Lowlands;Lowlands;;Lowlands;;;;;;;;;x
ENG_273;Уэльс;Pays de Galles;Wales;;Gales;;;;;;;;;x
ENG_277;Северо-Западная Англия;Angleterre du nord-ouest;Nordwestengland;;Inglaterra Noroccidental;;;;;;;;;x
ENG_280;Северо-Восточная Англия;Angleterre du nord-est;Nordostengland;;Inglaterra Nororiental;;;;;;;;;x
ENG_284;Мидлендс;Midlands;Midlands;;Midlands;;;;;;;;;x
ENG_291;Восточные графства;Angleterre de l'est;Eastern Counties;;Condados Orientales;;;;;;;;;x
ENG_296;Юго-Западная Англия;Angleterre du sud-ouest;Sudwestengland;;Inglaterra suroccidental;;;;;;;;;x
ENG_300;Юго-Восточная Англия;Angleterre du sud-est;Sudostengland;;Inglaterra suroriental;;;;;;;;;x
ENG_1236;Соединенные провинции;United Provinces;Vereinte Provinzen;;United Provinces;;;;;;;;;x
ENG_1247;Бихар;Bihar;Bihar;;Bihar;;;;;;;;;x
ENG_1251;Южная Бенгалия;Bengal du sud;Sudbengalen;;Bengala del Sur;;;;;;;;;x
ENG_1252;Северная Бенгалия;Bengal du nord;Nordbengalen;;Bengala del Norte;;;;;;;;;x
ENG_1258;Ассам;Assam;Assam;;Assam;;;;;;;;;x
ENG_1261;Орисса;Orissa;Orissa;;Orissa;;;;;;;;;x
ENG_1264;Раджпутана;Rajputana;Rajputana;;Rajputana;;;;;;;;;x
ENG_1275;Центральная Индия;Central India;Zentral-Indien;;Central India;;;;;;;;;x
ENG_1291;Гуджарат;Gujarat;Gujarat;;Gujarat;;;;;;;;;x
ENG_1297;Бомбей;Bombay;Bombay;;Bombay;;;;;;;;;x
ENG_1304;Мадрас;Madras;Madras;;Madras;;;;;;;;;x
ENG_1305;Циркарс;Circars;Circars;;Circars;;;;;;;;;x
ENG_1317;Траванкор;Travancore;Travancore;;Travancore;;;;;;;;;x
ENG_1321;Цейлон;Ceylan;Ceylon;;Ceilan;;;;;;;;;x
ENG_1343;Тенассерим;Tenasserim;Tenasserim;;Tenasserim;;;;;;;;;x
ENG_1384;Малайя;Malaya;Malaya;;Malaya;;;;;;;;;x
ENG_1818;Ваддай;Ouaddai;Waddai;;Waddai;;;;;;;;;x
ENG_1825;Чад;Tchad;Tschad;;Chad;;;;;;;;;x
ENG_1843;Экватория; Region Equateur;Aquatoria;;Equatoria;;;;;;;;;x
ENG_1848;Эритрея;L'Erythree;Eritrea;;Eritrea;;;;;;;;;x
ENG_1868;Сомалиленд;Somalie;Somaliland;;Somalilandia;;;;;;;;;x
ENG_1887;Либерия;Liberia;Liberia;;Liberia;;;;;;;;;x
ENG_1956;Южный Камерун;Sud du Cameroun;Sud-Kamerun;;Camerun meridional;;;;;;;;;x
ENG_1960;Северный Камерун;Nord du Cameroun;Nord-Kamerun;;Camerun septentrional;;;;;;;;;x
ENG_1979;Гвайана;Guayana;Guayana;;Guayana;;;;;;;;;x
ENG_2014;Замбия;Zambie;Zambia;;Zambia;;;;;;;;;x
ENG_2016;Казембе;Kazembe;Kazembe;;Kazembe;;;;;;;;;x
ENG_2019;Уганда;Ouganda;Uganda;;Uganda;;;;;;;;;x
ENG_2024;Кения;Kenya;Kenia;;Kenia;;;;;;;;;x
ENG_2026;Рифтовая долина;Vallee du Rift;Grosser Afrikanischer Grabenbruch;;Rift Valley;;;;;;;;;x
ENG_2029;Занзибар;Zanzibar;Sansibar;;Zanzibar;;;;;;;;;x
ENG_2034;Танганьика;Tanzanie;Tanganjika;;Tanganyika;;;;;;;;;x
ENG_2039;Линди;Lindi;Lindi;;Lindi;;;;;;;;;x
ENG_2068;Замбези;Zambeze;Sambesi;;Zambezi;;;;;;;;;x
ENG_2074;Ботсвана;Botswana;Botswana;;Botswana;;;;;;;;;x
ENG_2078;Герероленд;Hereroland;Hereroland;;Hereroland;;;;;;;;;x
ENG_2083;Намакваленд;Namaqualand;Namaqualand;;Namaqualandia;;;;;;;;;x
ENG_2087;Капская колония;Colonie du Cap;Cape Colony;;Colonia del Cabo;;;;;;;;;x
ENG_2092;Северный Кейп;Cap nord;Northern Cape;;Cabo del norte;;;;;;;;;x
ENG_2096;Восточный Кейп;Cap oriental;Eastern Cape;;Cabo oriental;;;;;;;;;x
ENG_2125;Территория Индийского океана;Territoire de l'ocean Indien;Territorium im Indischen Ozean;;Indian Ocean Territory;;;;;;;;;x
ENG_2132;Острова Южной Атлантики;South Atlantic Islands;Sudatlantische Inseln;;South Atlantic Islands;;;;;;;;;x
ENG_2224;Вест-Индия;Antilles;Westindien;;Indias Occidentales;;;;;;;;;x
ENG_2228;Малые Антильские острова;Petites Antilles;Kleine Antillen;;Antillas Menores;;;;;;;;;x
ENG_2468;Новый Южный Уэльс;Nouvelles-Galles du sud;New South Wales;;Nueva Gales del Sur;;;;;;;;;x
ENG_2476;Виктория;Victoria;Victoria;;Victoria;;;;;;;;;x
ENG_2483;Квинсленд;Queensland;Queensland;;Queensland;;;;;;;;;x
ENG_2491;Южная Австралия;Australie du sud;South Australia;;Australia meridional;;;;;;;;;x
ENG_2497;Западная Австралия;Australie occidentale;Western Australia;;Australia occidental;;;;;;;;;x
ENG_2505;Северная Территория;Territoires du Nord;Northern Territory;;Territorio Septentrional;;;;;;;;;x
ENG_2509;Северный остров;Ile du Nord;North Island;;Isla del Norte;;;;;;;;;x
ENG_2513;Южный остров;Ile du Sud;South Island;;Isla del Sur ;;;;;;;;;x
ETH_1854;Гондэр-Тиграй;Gonder-Tigray;Gonder-Tigray;;Gonder-Tigray;;;;;;;;;x
ETH_1864;Амхара;Amhara;Amhara;;Amhara;;;;;;;;;x
ETH_1867;Оромия;Oromia;Oromia;;Oromia;;;;;;;;;x
FRA_77;Сен-Пьер и Микелон;Saint-Pierre-et-Miquelon ;Saint Pierre und Miquelon;;San Pedro y Miguelon;;;;;;;;;x
FRA_399;Пикардия;Picardie;Picardie;;Picardia;;;;;;;;;x
FRA_404;шампанское;Champagne;Champagne;;Champana;;;;;;;;;x
FRA_411;Франш-Конте;Franche-Comte;Franche-Comte;;Franco Condado;;;;;;;;;x
FRA_412;Эльзас-Лотарингия;Alsace-Lorraine;Alsace-Lorraine;;Alsacia-Lorena;;;;;;;;;x
FRA_418;Нормандия;Normandie;Normandie;;Normandia;;;;;;;;;x
FRA_420;Бретань;Bretagne;Bretagne;;Bretana;;;;;;;;;x
FRA_425;Иль де Франс;Ile-de-France;Ile de France;;Ile-de-France;;;;;;;;;x
FRA_428;Бургундия;Bourgogne;Bourgogne;;Borgona;;;;;;;;;x
FRA_435;Луара;Loire;Loire;;Loira;;;;;;;;;x
FRA_438;Региональный центр;Region Centre;Region Centre;;Region Central;;;;;;;;;x
FRA_442;Пуату;Poitou;Poitou;;Poitou;;;;;;;;;x
FRA_445;Лимузен;Limousin;Limousin;;Lemosin;;;;;;;;;x
FRA_448;Овернь;Auvergne;Auvergne;;Auvernia;;;;;;;;;x
FRA_451;Рона;Rhone;Rhone;;Rhone;;;;;;;;;x
FRA_455;Ле Миди;Midi;Le Midi;;Le Midi;;;;;;;;;x
FRA_458;Аквитания;Aquitaine;Aquitaine;;Aquitania;;;;;;;;;x
FRA_461;Лангедок;Languedoc;Languedoc;;Languedoc;;;;;;;;;x
FRA_467;Прованс;Provence;Provence;;Provenza;;;;;;;;;x
FRA_1700;Алжир;Alger;Algier;;Algiers;;;;;;;;;x
FRA_1775;Мавритания;Cote de la Mauritanie;Mauretanische Kuste;;Costa de Mauritania;;;;;;;;;x
FRA_1780;Внутренняя Мавритания;Mauritanie interieure;Inneres Mauritanien;;Mauritania interior;;;;;;;;;x
FRA_1783;Сенегал;Senegal;Senegal;;Senegal;;;;;;;;;x
FRA_1788;Гамбия;Gambie;Gambia;;Gambia;;;;;;;;;x
FRA_1798;Восточный Мали;Mali orientale;Ost-Mali;;Eastern Mali;;;;;;;;;x
FRA_1801;Западный Мали;Mali ouest;West-Mali;;Western Mali;;;;;;;;;x
FRA_1803;Тимбукту;Timbuktu;Timbuktu;;Timbuktu;;;;;;;;;x
FRA_1808;Внешний Хаусаланд;Outer Hausaland;Ausseres Hausaland;;Outer Hausaland;;;;;;;;;x
FRA_1813;Нигер;Niger;Niger;;Niger;;;;;;;;;x
FRA_1816;Борну;Bornou;Bornu;;Bornu;;;;;;;;;x
FRA_1879;Гвинея;Guinee;Guinea;;Guinea;;;;;;;;;x
FRA_1884;Сьерра-Леоне;Sierra Leone;Sierra Leone;;Sierra Leona;;;;;;;;;x
FRA_1892;Берег Слоновой Кости;Est de la Cote d’Ivoire;Ostliche Elfenbeinkuste;;Costa de Marfil oriental;;;;;;;;;x
FRA_1893;Наветренное побережье;Ouest de la Cote d’Ivoire;Westliche Elfenbeinkuste;;Costa de Marfil occidental;;;;;;;;;x
FRA_1901;Вольта;Volta;Volta;;Volta;;;;;;;;;x
FRA_1907;Гана;Ghana;Ghana;;Ghana;;;;;;;;;x
FRA_1914;Того;Togo;Togo;;Togo;;;;;;;;;x
FRA_1919;Дагомея;Dahomey;Dahomey;;Dahomey;;;;;;;;;x
FRA_1923;Штаты йоруба;Yoruba States;Yoruba-Staaten;;Yoruba States;;;;;;;;;x
FRA_1927;Хаусаланд;Hausaland;Hausaland;;Hausaland;;;;;;;;;x
FRA_1930;Бенин;Benin;Benin;;Benin;;;;;;;;;x
FRA_1931;Дельта Нигера;Niger Delta;Niger-Delta;;Niger Delta;;;;;;;;;x
FRA_1937;Нигерия;Nigeria;Nigeria;;Nigeria;;;;;;;;;x
FRA_1939;Восточный Хаусаланд;East Hausaland;Ost-Hausaland;;East Hausaland;;;;;;;;;x
FRA_1965;Убанги-Шари;Oubangi-Chari;Ubangi-Schari;;Ubangi-Shari;;;;;;;;;x
FRA_1972;Габон;Gabon;Gabun;;Gabon;;;;;;;;;x
FRA_1978;Конго;Congo;Kongo;;El Congo;;;;;;;;;x
GER_2530;Северная Новая Гвинея;Nouvelle Guinee du nord;Nordliches Neuguinea;;Nueva Guinea Septentrional;;;;;;;;;x
GRE_826;Пелопоннес;Peloponnese;Peloponnes;;Peloponeso;;;;;;;;;x
GRE_837;Аттика;Attica;Attica;;Atica;;;;;;;;;x
HAI_2213;Эспаньола;Hispaniola;Hispaniola;;Espanola;;;;;;;;;x
HAM_528;Остханновер;Osthannover;Osthannover;;Osthannover;;;;;;;;;x
HAN_534;Ганновер;Hanovre;Hannover;;Hannover;;;;;;;;;x
HAW_658;Гавайские острова;Iles d'Hawai;Hawaii-Inseln;;Islas Hawai;;;;;;;;;x
HDJ_1151;Хеджаз;Hedjaz;Hedjaz;;Hedjaz;;;;;;;;;x
HEK_568;Гессен;Hesse;Hessen;;Hesse;;;;;;;;;x
HES_2560;Гессен-Нассау;Hesse-Nassau;Hessen-Nassau;;Hesse-Nassau;;;;;;;;;x
HYD_1283;Хайдарабад;Hyderabad;Hyderabad;;Hyderabad;;;;;;;;;x
JAP_1088;Хоккайдо;Hokkaido;Hokkaido;;Hokkaido;;;;;;;;;x
JAP_1640;Тюгоку;Chugoku;Chugoku;;Chugoku;;;;;;;;;x
JAP_1649;Канто;Kanto;Kanto;;Kanto;;;;;;;;;x
JAP_1654;Острова Бонин;Bonin Islands;Bonininseln;;Bonin Islands;;;;;;;;;x
JAP_1655;Кансай;Kansai;Kansai;;Kansai;;;;;;;;;x
JAP_1660;Кюсю;Kyushu;Kyushu;;Kyushu;;;;;;;;;x
JAP_1672;Тохоку;Tohoku;Tohoku;;Tohoku;;;;;;;;;x
JAP_1675;Чубу;Chubu;Chubu;;Chubu;;;;;;;;;x
KAL_1221;Белуджистан;Baluchistan;Belutschistan;;Baluchistan;;;;;;;;;x
KHI_1191;Узбекистан;Uzbekia;Uzbekia;;Uzbekia;;;;;;;;;x
KOK_1190;Киргизия;Kirghizia;Kirghizia;;Kirghizia;;;;;;;;;x
KOR_1619;Пхеньян;Pyongyang;Pjongjang;;Pyongyang;;;;;;;;;x
KOR_1624;Сеул;Seoul;Seoul;;Seoul;;;;;;;;;x
KOR_1627;Саривон;Sariwon;Sariwon;;Sariwon;;;;;;;;;x
KOR_1635;Пусан;Busan;Busan;;Busan;;;;;;;;;x
LUA_1356;Лаос;Laos;Laos;;Laos;;;;;;;;;x
MAD_2117;Южный Мадагаскар;Sud de Madagascar;Sud-Madagaskar;;South Madagascar;;;;;;;;;x
MAD_2121;Северный Мадагаскар;Du Nord de Madagascar;Nord-Madagaskar;;North Madagascar;;;;;;;;;x
MEC_544;Шлезвиг-Гольштейн;Slesvig-Holstein;Schleswig-Holstein;;Schleswig-Holstein;;;;;;;;;x
MEX_85;Калифорния;Californie;Kalifornien;;California;;;;;;;;;x
MEX_94;Невада-Юта;Nevada-Utah;Nevada-Utah;;Nevada-Utah;;;;;;;;;x
MEX_100;Аризона;Arizona;Arizona;;Arizona;;;;;;;;;x
MEX_103;Нью-Мексико;Nouveau-Mexique;New Mexico;;Nuevo Mexico;;;;;;;;;x
MEX_2137;Сонора;Sonora;Sonora;;Sonora;;;;;;;;;x
MEX_2139;Нижняя Калифорния;Baja California;Baja California;;Baja California;;;;;;;;;x
MEX_2142;Чихуахуа;Chihuahua;Chihuahua;;Chihuahua;;;;;;;;;x
MEX_2149;Кохауила;;;;;;;;;;;;;x;
MEX_2151;Дуранго;Durango;Durango;;Durango;;;;;;;;;x
MEX_2157;Синалоа;Sinaloa;Sinaloa;;Sinaloa;;;;;;;;;x
MEX_2161;Халиско;Jalisco;Jalisco;;Jalisco;;;;;;;;;x
MEX_2162;Веракрус;Veracruz;Veracruz;;Veracruz;;;;;;;;;x
MEX_2165;Табаско;Tabasco;Tabasco;;Tabasco;;;;;;;;;x
MEX_2170;Морелия;Morelia;Morelia;;Morelia;;;;;;;;;x
MEX_2172;Mеxico;Mexico;Mexiko;;Mexico;;;;;;;;;x
MEX_2173;Сакатекас;Zacatecas;Zacatecas;;Zacatecas;;;;;;;;;x
MEX_2181;Чьяпас;Chiapas;Chiapas;;Chiapas;;;;;;;;;x
MEX_2183;Юкатан;Yucatan;Yucatan;;Yucatan;;;;;;;;;x
MOD_739;Эмилия;Emilie;Emilia;;Emilia;;;;;;;;;x
MOL_673;Молдавия;Moldavie;Moldau;;Moldavia;;;;;;;;;x
MON_2582;Черногория;Montenegro;Montenegro;;Montenegro;;;;;;;;;x
MOR_1683;Таза;Taza;Taza;;Taza;;;;;;;;;x;
MOR_1686;Фес;Fez;Fes;;Fez;;;;;;;;;x
MOR_1688;аль-Риф;al Rif;Al Rif;;al Rif;;;;;;;;;x
MOR_1693;Марокко;Maroc;Marokko;;Morocco;;;;;;;;;x
MOR_1696;Западное Марокко;Maroc Occidental;West-Marokko;;Marruecos occidental;;;;;;;;;x
MYS_1314;Майсур;Mysore;Mysore;;Mysore;;;;;;;;;x
NAG_1277;Нагпур;Nagpur;Nagpur;;Nagpur;;;;;;;;;x
NEJ_1156;Град;Hail;Ha'il;;Hail;;;;;;;;;x
NEJ_1157;Неджд;Nejd;Nadschd;;Nejd;;;;;;;;;x
NEP_1327;Гималаи;Himalayas;Himalaya;;Himalayas;;;;;;;;;x
NET_375;Голландия;Hollande;Holland;;Holanda;;;;;;;;;x
NET_381;Гелдерланд;Gelderland;Gelderland;;Gelderland;;;;;;;;;x
NET_385;Фрисландия;Frise;Friesland;;Friedland;;;;;;;;;x
NET_1398;Суматра;Sumatra;Sumatra;;Sumatra;;;;;;;;;x
NET_1413;Ява;Java;Java;;Java;;;;;;;;;x
NET_1423;Борнео;Borneo;Borneo;;Borneo;;;;;;;;;x
NET_1449;Молуккские острова;Moluccas;Molukken;;Moluccas;;;;;;;;;x
NET_1451;Западная Новая Гвинея;Western New Guinea;West-Neuguinea;;Western New Guinea;;;;;;;;;x
OMA_1166;Оман;Oman;Oman;;Oman;;;;;;;;;x
ORA_2103;Вристаат;Vrystaat;Vrystaat;;Vrystaat;;;;;;;;;x
PAN_1224;Кашмир;Kashmir;Kaschmir;;Kashmir;;;;;;;;;x
PAN_1227;Пенджаб;Punjab;Punjab;;Punjab;;;;;;;;;x
PAP_741;Романья;Romagne;Romagna;;Romana;;;;;;;;;x
PAP_752;Лацио;Lazio;Lazio;;Lazio;;;;;;;;;x
PER_1112;Тебриз;Tabriz;Tabris;;Tabriz;;;;;;;;;x
PER_1116;Гилан-Мазандаран;Gilan-Mazandaran;Gilan-Mazandaran;;Gilan-Mazandaran;;;;;;;;;x
PER_1121;Иракаджеми;Irakajemi;Irakajemi;;Irakajemi;;;;;;;;;x
PER_1122;Луристан;Luristan;Luristan;;Luristan;;;;;;;;;x
PER_1127;Исфахан;Isfahan;Isfahan;;Isfahan;;;;;;;;;x
PER_1135;Фарс-Керман;Fars-Kerman;Fars-Kerman;;Fars-Kerman;;;;;;;;;x
PER_1138;Хузестан;Khuzestan;Chuzestan;;Khuzestan;;;;;;;;;x
PER_1141;Ларистан-Систан;Laristan-Sistan;Laristan-Sistan;;Laristan-Sistan;;;;;;;;;x
PER_1148;Хорасан;Khorasan;Khorasan;;Khorasan;;;;;;;;;x
PEU_2289;Пастаза;Pastaza;Pastaza;;Pastaza;;;;;;;;;x
PEU_2291;Кахамарка;Cajamarca;Cajamarca;;Cajamarca;;;;;;;;;x
PEU_2297;Ика;Ica;Ica;;Ica;;;;;;;;;x
PEU_2300;Лима;Lima;Lima;;Lima;;;;;;;;;x
PEU_2303;Арекипа;Arequipa;Arequipa;;Arequipa;;;;;;;;;x
POR_518;Дору;Douro;Douro;;Douro;;;;;;;;;x
POR_521;Эстремадура;Estremadure;Estremadura;;Estremadura;;;;;;;;;x
POR_525;Алентежу;Alentejo;Alentejo;;Alentejo;;;;;;;;;x
POR_1999;Северная Ангола;Nord de l’Angola;Nord-Angola;;Angola del norte;;;;;;;;;x
POR_2003;Южная Ангола;Sud de l’Angola;Sud-Angola;;Angola meridional;;;;;;;;;x
POR_2006;Восточная Ангола;Est de l’Angola;Ost-Angola;;Angola oriental;;;;;;;;;x
POR_2049;Лоренсу Маркес;Lourenco Marques;Lourenco Marques;;Lourenco Marques;;;;;;;;;x
POR_2053;Замбезия;Zambezia;Zambezia;;Zambezia;;;;;;;;;x
POR_2060;Мокамбик;Mozambique;Mosambik;;Mozambique;;;;;;;;;x
POR_2134;Макаронезия;Macaronesie;Macaronesien;;Macaronesia;;;;;;;;;x
PRG_2338;Альто-Парагвай;Alto Paraguay;Alto Paraguay;;Alto Paraguay;;;;;;;;;x
PRG_2343;Бахо Парагвай;Bajo Paraguay;Bajo Paraguay;;Bajo Paraguay;;;;;;;;;x
PRU_546;Померания;Pomeranie;Pommern;;Pomerania;;;;;;;;;x
PRU_549;Бранденбург;Brandenbourg;Brandenburg;;Brandenburgo;;;;;;;;;x
PRU_553;Магдебург;Magdeburg;Magdeburg;;Magdeburgo;;;;;;;;;x
PRU_572;Рейнланд;Rheinland;Rheinland;;Renania;;;;;;;;;x
PRU_575;Северный Рейн;Nordrhein;Niederrhein;;Nordrhein;;;;;;;;;x
PRU_581;Вестфалия;Westphalie;Westfalen;;Westfalia;;;;;;;;;x
PRU_682;Шлезиен;Silesie;Schlesien;;Silesia;;;;;;;;;x
PRU_690;WestpreuЯen;Westpreussen;Westpreussen;;Westpreussen;;;;;;;;;x
PRU_693;Sьud-OstpreuЯen;;;;;;;;;;;;;x
PRU_695;OstpreuЯen;Ostpreussen;Ostpreussen;;Ostpreussen;;;;;;;;;x
PRU_701;Позен;Posnanie;Posen;;Poznan;;;;;;;;;x
RUS_336;Северная Финляндия;Finlande du Nord;Nordfinnland;;Finlandia Septentrional;;;;;;;;;x
RUS_339;Карелия;Karelia;Karelien;;Carelia;;;;;;;;;x
RUS_340;Южная Финляндия;Finlande du Sud;Sudfinnland;;Finlandia Meridional;;;;;;;;;x
RUS_349;Эстония;Estonie;Estland;;Estonia;;;;;;;;;x
RUS_354;Латвия;Lettonie;Lettland;;Letonia;;;;;;;;;x
RUS_360;Литва;Lietuva;Lietuva;;Lituania;;;;;;;;;x
RUS_366;Лаппи;Lappi;Lappi;;Lappi;;;;;;;;;x
RUS_676;Буджак;Budjak;Budjak;;Budjak;;;;;;;;;x
RUS_706;Мазовецкое;Mazowieckie;Mazowieckie;;Mazowieckie;;;;;;;;;x
RUS_707;Брест;Brest;Brest;;Brest;;;;;;;;;x
RUS_710;Великопольское;Wielkopolskie;Wielkopolskie;;Wielkopolskie;;;;;;;;;x
RUS_715;Малопольское воеводство;;;;;;;;;;;;;x
RUS_718;Минск;Minsk;Minsk;;Minsk;;;;;;;;;x
RUS_943;Смоленск;Smolensk;Smolensk;;Smolensk;;;;;;;;;x
RUS_947;Орша;Orsha;Orsha;;Orsha;;;;;;;;;x
RUS_955;Ровно;Rovne;Rovne;;Rovne;;;;;;;;;x
RUS_958;Киев;Kiev;Kiew;;Kiev;;;;;;;;;x
RUS_964;Крым;Crimee;Krim;;Crimea;;;;;;;;;x
RUS_965;Херсон;Cherson;Cherson;;Cherson;;;;;;;;;x
RUS_977;Курск;Koursk;Kursk;;Kursk;;;;;;;;;x
RUS_978;Харьков;;;;;;;;;;;;;x;
RUS_979;Ростов;Rostov;Rostow;;Rostov;;;;;;;;;x
RUS_980;Луганск;Luhansk;Luhansk;;Luhansk;;;;;;;;;x
RUS_981;Архангельск;Arkhangelsk;Archangelsk;;Arkhangelsk;;;;;;;;;x
RUS_990;Галич;Galich;Galich;;Galich;;;;;;;;;x
RUS_994;Ингрия;Ingrie;Ingria;;Ingria;;;;;;;;;x
RUS_998;Тверь;Tver;Twer;;Tver;;;;;;;;;x
RUS_1003;Новгород;Novgorod;Nowgorod;;Novgorod;;;;;;;;;x
RUS_1008;Москва;Moscou;Moskau;;Moscu;;;;;;;;;x
RUS_1009;Брянск;Bryansk;Bryansk;;Briansk;;;;;;;;;x
RUS_1020;Казань;Kazan;Kasan;;Kazan;;;;;;;;;x
RUS_1026;Пермь;Perm;Perm;;Perm;;;;;;;;;x
RUS_1037;Тартария;Tartarie;Tartaria;;Tartaria;;;;;;;;;x
RUS_1041;Астрахань;Astrakan;Astrachan;;Astracan;;;;;;;;;x
RUS_1048;Екатеринодар;Ekaterinodar;Jekaterinodar;;Ekaterinodar;;;;;;;;;x
RUS_1052;Северный Кавказ;Caucase du Nord;Nordkaukasus;;Caucasia del Norte;;;;;;;;;x
RUS_1060;Самара;Samara;Samara;;Samara;;;;;;;;;x
RUS_1064;Тобольск;Tobolsk;Tobolsk;;Tobolsk;;;;;;;;;x
RUS_1065;Обь;Ob;Ob;;Ob;;;;;;;;;x
RUS_1069;Западный Якутск;West Yakutsk;West Yakutsk;;West Yakutsk;;;;;;;;;x
RUS_1070;Верхний Енисейск;Upper Yeniseysk;Ober-Jenisseisk;;Upper Yeniseysk;;;;;;;;;x
RUS_1071;Якутск;Yakutsk;Yakutsk;;Yakutsk;;;;;;;;;x
RUS_1072;Охотск;Okhotsk;Okhotsk;;Okhotsk;;;;;;;;;x
RUS_1074;Камчатка;Kamchatka;Kamtschatka;;Kamchatka;;;;;;;;;x
RUS_1075;Иркутск;Irkutsk;Irkutsk;;Irkutsk;;;;;;;;;x
RUS_1079;Забайкальский;Trans-Baikal;Transbaikal;;Trans-Baikal;;;;;;;;;x
RUS_1090;Грузия;Georgie;Georgien;;Georgia;;;;;;;;;x
RUS_1098;Армения;Armenie;Armenien;;Armenia;;;;;;;;;x
RUS_1102;Азербайджан;Azerbaidjan;Aserbaidschan;;Azerbaiyan;;;;;;;;;x
RUS_1104;Баку;Baku;Baku;;Baku;;;;;;;;;x
RUS_1182;Уральск;Uralsk;Oral;;Uralsk;;;;;;;;;x
RUS_1184;Акмолинск;Akmolinsk;Akmolinsk;;Akmolinsk;;;;;;;;;x
RUS_1185;Семиречье;Semireche;Siebenstromland;;Semireche;;;;;;;;;x
RUS_1196;Туркмения;Turkmenia;Turkmenistan;;Turkmenia;;;;;;;;;x
RUS_1469;Томск;Tomsk;Tomsk;;Tomsk;;;;;;;;;x
RUS_2589;Ненецкий АО;Nenetsie;Nenetsia;;Nenetsia;;;;;;;;;x
RUS_2590;Прибрежная Чукотка;Coastal Chukotka;Kuste von Tschuktschen;;Coastal Chukotka;;;;;;;;;x
RUS_2615;Нижний Енисейск;Lower Yeniseysk;Unter-Jenisseisk;;Lower Yeniseysk;;;;;;;;;x
RUS_2618;Верхний Охотск;Upper Okhotsk;Ober-Okhotsk;;Upper Okhotsk;;;;;;;;;x
RUS_2621;Внутренняя Чукотка;Yakutsk;Yakutsk;;Yakutsk;;;;;;;;;x
RUS_2653;Северная Сибирь;North Siberia;Nord-Sibirien;;North Siberia;;;;;;;;;x
RUS_2668;Северный Якутск;North Yakutsk;Nord-Yakutsk;;North Yakutsk;;;;;;;;;x
RUS_2685;Урал;Ural;Ural;;Ural;;;;;;;;;x
RUS_2694;Средняя Сибирь;Middle Siberia;Mittel-Sibirien;;Middle Siberia;;;;;;;;;x
SAR_466;Савойя;Savoie;Savoie;;Saboya;;;;;;;;;x
SAR_720;Пьемонт;Piemont;Piemont;;Piamonte;;;;;;;;;x
SAR_765;Сардиния;Sardaigne;Sardegna;;Cerdena;;;;;;;;;x
SAX_558;Саксония;Saxe;Sachsen;;Sajonia;;;;;;;;;x
SER_794;Северная Сербия;Serbie du nord;Nordserbien;;Serbia Septentrional;;;;;;;;;x
SIA_1355;Чиангмай;Chiang Mai;Chiang Mai;;Chiang Mai;;;;;;;;;x
SIA_1358;Накхонратчасима;Nakhon Ratchasima;Nakhon Ratchasima;;Nakhon Ratchasima;;;;;;;;;x
SIA_1366;Камбоджа;Cambodge;Kambodscha;;Camboya;;;;;;;;;x
SIA_1392;Бангкок;Bangkok;Bangkok;;Bangkok;;;;;;;;;x
SIC_753;Апулия;Pouilles;Puglia;;Puglia;;;;;;;;;x
SIC_754;Кампания;Campanie;Campania;;Campania;;;;;;;;;x
SIC_763;Сицилия;Sicile;Sizilien;;Sicilia;;;;;;;;;x
SIN_1288;Синд;Sind;Sind;;Sind;;;;;;;;;x
SPA_474;Галисия;Galice;Galizien;;Galicia;;;;;;;;;x
SPA_477;Лейн-Кастилья;Leon-Castilla;Leon-Castilla;;Castilla-Leon;;;;;;;;;x
SPA_484;Эстремадура;Estremadure;Extremadura;;Extremadura;;;;;;;;;x
SPA_487;Кастилия-ла-Нуэва;Nouvelle-Castille;Castilla la Nueva;;Castilla La Nueva;;;;;;;;;x
SPA_492;Васкония-Арагон;Vasconia-Aragon;Vasconia-Aragon;;Vasconia-Aragon;;;;;;;;;x
SPA_498;Каталония;Catalogne;Katalonien;;Cataluna;;;;;;;;;x
SPA_503;Валенсия;Valence;Valencia;;Valencia;;;;;;;;;x
SPA_512;Андалусия;Andalousie;Andalusien;;Andalucia;;;;;;;;;x
SPA_513;Гранада;Grenade;Granada;;Granada;;;;;;;;;x
SPA_517;Гибралтар;;;;;;;;;;;;;x
SPA_1455;Лузин;Luzon;Luzon;;Luzon;;;;;;;;;x
SPA_1459;Висайские острова;Visayas;Visayas;;Visayas;;;;;;;;;x
SPA_1463;Минданао;Mindanao;Mindanao;;Mindanao;;;;;;;;;x
SPA_2209;Куба;Cuba;Kuba;;Cuba;;;;;;;;;x
SPA_2517;Микронезия;Micronesie;Mikronesien;;Micronesia;;;;;;;;;x
SWE_308;Норднорге;Nordnorge;Nordnorge;;Nordnorge;;;;;;;;;x
SWE_309;Вестландет;Vestlandet;Vestlandet;;Vestlandet;;;;;;;;;x
SWE_313;Остландет;Ostlandet;Ostlandet;;Ostlandet;;;;;;;;;x
SWE_318;Норрланд;Norrland;Norrland;;Norrland;;;;;;;;;x
SWE_322;Свеаланд;Svealand;Svealand;;Suecia;;;;;;;;;x
SWE_329;Гёталанд;Gotaland;Gotaland;;Gotland;;;;;;;;;x
SWI_603;Восточная Швейцария;Suisses de l'est;Ostschweiz;;Suiza Oriental;;;;;;;;;x
SWI_605;Западная Швейцария;Suisse de l'ouest;Westschweiz;;Suiza Occidental;;;;;;;;;x
TEX_132;Техас;Texas;Texas;;Texas;;;;;;;;;x
TIB_1591;Тибет;Tibet;Tibet;;Tibet;;;;;;;;;x
TRI_1739;Ливийская пустыня;Desert de Lybie;Lybische Wuste;;Desierto libio;;;;;;;;;x
TRI_1743;Триполи;Tripoli;Tripoli;;Tripoli;;;;;;;;;x
TRN_2108;Трансвааль;Transvaal;Transvaal;;Transvaal;;;;;;;;;x
TUN_1726;Тунис;Tunisie;Tunesien;;Tunez;;;;;;;;;x
TUR_674;Добруджа;Dobrudja;Dobrudja;;Dobrudja;;;;;;;;;x
TUR_788;Босния;Bosnie;Bosnien;;Bosnia;;;;;;;;;x
TUR_803;Южная Сербия;Serbie du sud;Sudserbien;;Serbia Meridional;;;;;;;;;x
TUR_805;Восточная Македония;Macedoine de l'est;Ostmazedonien;;Macedonia Oriental;;;;;;;;;x
TUR_806;Северная Македония;Macedoine du Nord;Nordmazedonien;;Macedonia Septentrional;;;;;;;;;x
TUR_809;Румелия;Roumelie;Rumelien;;Rumelia;;;;;;;;;x
TUR_810;Болгария;Bulgarie;Bulgarien;;Bulgaria;;;;;;;;;x
TUR_819;Западная Македония;Macedoine de l'Ouest;Westmazedonien;;Macedonia Occidental;;;;;;;;;x
TUR_832;Фессалия;Thessalia;Thessalia;;Tesalia;;;;;;;;;x
TUR_853;Албания;Albanie;Albanien;;Albania;;;;;;;;;x
TUR_855;Кипр;Chypre;Zypern;;Chipre;;;;;;;;;x
TUR_860;Фракия;Thrace;Thrakien;;Tracia;;;;;;;;;x
TUR_863;Худавендигар;Hudavendigar;Hudavendigar;;Hudavendigar;;;;;;;;;x
TUR_869;Айдын;Aydin;Aydin;;Aydin;;;;;;;;;x
TUR_873;Конья;Konya;Konya;;Konya;;;;;;;;;x
TUR_876;Анкара;Ankara;Ankara;;Ankara;;;;;;;;;x
TUR_881;Кастамону;Kastamonu;Kastamonu;;Kastamonu;;;;;;;;;x
TUR_884;Трабзон;Trabzon;Trabzon;;Trabzon;;;;;;;;;x
TUR_885;Карс;Kars;Kars;;Kars;;;;;;;;;x
TUR_889;Диярбакыр-Ван;Diyarbakir-Van;Diyarbakir-Van;;Diyarbakir-Van;;;;;;;;;x
TUR_894;Адана;;;;;;;;;;;;;x;
TUR_923;Мосул;Mosul;Mosul;;Mosul;;;;;;;;;x
TUR_931;Багдад;Baghdad;Baghdad;;Baghdad;;;;;;;;;x
TUR_935;Басра;Basra;Basra;;Basra;;;;;;;;;x
TUS_744;Тоскана;Toscane;Toskana;;Toscana;;;;;;;;;x
UCA_2186;Гватемала;Guatemala;Guatemala;;Guatemala;;;;;;;;;x
UCA_2191;Гондурас;Honduras;Honduras;;Honduras;;;;;;;;;x
UCA_2197;Никарагуа;Nicaragua;Nicaragua;;Nicaragua;;;;;;;;;x
UCA_2201;Коста-Рика;Costa Rica;Costa Rica;;Costa Rica;;;;;;;;;x
URU_2344;Уругвай;Uruguay;Uruguay;;Uruguay;;;;;;;;;x
USA_1;Аляска;Alaska;Alaska;;Alaska;;;;;;;;;x
USA_78;Вашингтон;Washington;Washington;;Washington;;;;;;;;;x
USA_81;Орегон;Oregon;Oregon;;Oregon;;;;;;;;;x
USA_91;Айдахо;Idaho;Idaho;;Idaho;;;;;;;;;x
USA_106;Колорадо;Colorado;Colorado;;Colorado;;;;;;;;;x
USA_111;Вайоминг;Wyoming;Wyoming;;Wyoming;;;;;;;;;x
USA_116;Монтана;Montana;Montana;;Montana;;;;;;;;;x
USA_118;Северная Дакота;Dakota du nord;North Dakota;;Dakota del Norte;;;;;;;;;x
USA_121;Южная Дакота;Dakota du sud;South Dakota;;Dakota del Sur;;;;;;;;;x
USA_124;Небраска;Nebraska;Nebraska;;Nebraska;;;;;;;;;x
USA_126;Канзас;Kansas;Kansas;;Kansas;;;;;;;;;x
USA_129;Оклахома;Oklahoma;Oklahoma;;Oklahoma;;;;;;;;;x
USA_139;Луизиана;Louisiane;Louisiana;;Louisiana;;;;;;;;;x
USA_144;Арканзас;Arkansas;Arkansas;;Arkansas;;;;;;;;;x
USA_148;Миссури;Missouri;Missouri;;Missouri;;;;;;;;;x
USA_151;Айова;Iowa;Iowa;;Iowa;;;;;;;;;x
USA_158;Миннесота;Minnesota;Minnesota;;Minnesota;;;;;;;;;x
USA_162;Висконсин;Wisconsin;Wisconsin;;Wisconsin;;;;;;;;;x
USA_168;Иллинойс;Illinois;Illinois;;Illinois;;;;;;;;;x
USA_170;Индиана;Indiana;Indiana;;Indiana;;;;;;;;;x
USA_176;Мичиган;Michigan;Michigan;;Michigan;;;;;;;;;x
USA_178;Огайо;Ohio;Ohio;;Ohio;;;;;;;;;x
USA_185;Кентукки;Kentucky;Kentucky;;Kentucky;;;;;;;;;x
USA_188;Теннесси;Tennessee;Tennessee;;Tennessee;;;;;;;;;x
USA_194;Миссисипи;Mississippi;Mississippi;;Mississippi;;;;;;;;;x
USA_196;Алабама;Alabama;Alabama;;Alabama;;;;;;;;;x
USA_200;Флорида;Floride;Florida;;Florida;;;;;;;;;x
USA_201;Грузия;Georgie;Georgia;;Georgia;;;;;;;;;x
USA_211;Вирджиния;Virginie;Virginia;;Virginia;;;;;;;;;x
USA_218;Западная Вирджиния;Virginie occidentale;West Virginia;;Virginia Occidental;;;;;;;;;x
USA_219;Мэриленд;Maryland;Maryland;;Maryland;;;;;;;;;x
USA_220;Округ Колумбия;District de Columbia;District of Columbia;;Distrito de Columbia;;;;;;;;;x
USA_223;Пенсильвания;Pennsylvanie;Pennsylvania;;Pennsylvania;;;;;;;;;x
USA_231;Нью-Джерси;New Jersey;New Jersey;;Nueva Jersey;;;;;;;;;x
USA_232;Нью-Йорк;New York;New York;;Nueva York;;;;;;;;;x
USA_243;Массачусетс;Massachusetts;Massachusetts;;Massachusets;;;;;;;;;x
USA_247;Новая Англия;Nelle-Angleterre;New England;;Nueva Inglaterra;;;;;;;;;x
USA_2556;Северная Каролина;Caroline du Nord;North Carolina;;Carolina del Norte;;;;;;;;;x
VNZ_2234;Зулия;Zulia;Zulia;;Zulia;;;;;;;;;x
VNZ_2265;Миранда;Miranda;Miranda;;Miranda;;;;;;;;;x
VNZ_2278;Болнвар;Bolivar;Bolivar;;Bolivar;;;;;;;;;x
WAL_665;Валахия;Valachie;Walachei;;Valaquia;;;;;;;;;x
WUR_589;Вюртемберг;Wurtemberg;Wurttemberg;;Wurttemberg;;;;;;;;;x
YEM_1173;Йемен;Yemen;Yemen;;Yemen;;;;;;;;;x
ZUL_2113;Натал-Зулуленд;Natal-Zululand;Natal-Zululand;;Natal-Zululand;;;;;;;;;x
### provinces##;;;;;;;;;;;;;x;
PROV1;Ситка;Sitka;Sitka;Oceania;Sitka;oceania;уceбnia;Oceбnie;;;;;;x
PROV2;Якутат;Yakutat;Yakutat;;Yakutat;;;;;;;;;x
PROV3;Кенай;Kenai;Kenai;;Kenai;;;;;;;;;x
PROV4;Датч-Харбор;Dutch Harbor;Dutch Harbor;;Dutch Harbor;;;;;;;;;x
PROV5;Вефиль;Bethel;Bethel;;Bethel;;;;;;;;;x
PROV6;Уайтхорс;Whitehorse;Whitehorse;;Whitehorse;;;;;;;;;x
PROV7;Доусон;Dawson;Dawson;;Dawson;;;;;;;;;x
PROV8;Река Росс;Ross River;Ross River;;Rio Ross;;;;;;;;;x
PROV9;Форт Симпсон;Fort Simpson;Fort Simpson;;Fuerte Simpson;;;;;;;;;x
PROV10;Инувик;Inuvik;Inuvik;;Inuvik;;;;;;;;;x
PROV11;Эхо-Бей;Echo Bay;Echo Bay;;Echo Bay;;;;;;;;;x
PROV12;Зависимость;Reliance;Reliance;;Reliance;;;;;;;;;x
PROV13;Ванкувер;Vancouver;Vancouver;;Vancouver;;;;;;;;;x
PROV14;Остров Ванкувер;Ile de Vancouvert;Vancouver Island;;Isla de Vancouver;;;;;;;;;x
PROV15;Принц Руперт;Prince Rupert;Prince Rupert;;Prince Rupert;;;;;;;;;x
PROV16;Гленора;Glenora;Glenora;;Glenora;;;;;;;;;x
PROV17;Атлин;Atlin;Atlin;;Atlin;;;;;;;;;x
PROV18;Форт Сент-Джон;Fort Saint John;Fort Saint John;;Fuerte Saint John;;;;;;;;;x
PROV19;Принц Джордж;Prince George;Prince George;;Prince George;;;;;;;;;x
PROV20;Келоуна;Kelowna;Kelowna;;Kelowna;;;;;;;;;x
PROV21;Вернон;Vernon;Vernon;;Vernon;;;;;;;;;x
PROV22;Эдмонтон;Edmonton;Edmonton;;Edmonton;;;;;;;;;x
PROV23;Атабаска Лендинг;Athabaska Landing;Athabaska Landing;;Athabaska Landing;;;;;;;;;x
PROV24;Джаспер;Jasper;Jasper;;Jasper;;;;;;;;;x
PROV25;Банф;Banff;Banff;;Banff;;;;;;;;;x
PROV26;Калгари;Calgary;Calgary;;Calgary;;;;;;;;;x
PROV27;Денвуд;Denwood;Denwood;;Denwood;;;;;;;;;x
PROV28;Форт Маклеод;Fort MacLeod;Fort MacLeod;;Fuerte MacLeod;;;;;;;;;x
PROV29;Медицинская шляпа;Medicine Hat;Medicine Hat;;Medicine Hat;;;;;;;;;x
PROV30;Регина;Regina;Regina;;Regina;;;;;;;;;x
PROV31;Стэнли;Stanley;Stanley;;Stanley;;;;;;;;;x
PROV32;Принц Альберт;Prince Albert;Prince Albert;;Prince Albert;;;;;;;;;x
PROV33;Асквит;Asquith;Asquith;;Asquith;;;;;;;;;x
PROV34;Саскатун;Saskatoon;Saskatoon;;Saskatoon;;;;;;;;;x
PROV35;Мейпл-Крик;Maple Creek;Maple Creek;;Maple Creek;;;;;;;;;x
PROV36;Виннипег;Winnipeg;Winnipeg;;Winnipeg;;;;;;;;;x
PROV37;Черчилль;Churchill;Churchill;;Churchill;;;;;;;;;x
PROV38;Индийские озера;Indian Lakes;Indian Lakes;;Indian Lakes;;;;;;;;;x
PROV39;Норвежский Дом;Norway House;Norway House;;Norway House;;;;;;;;;x
PROV40;Дофин;Dauphin;Dauphin;;Dauphin;;;;;;;;;x
PROV41;Брэндон;Brandon;Brandon;;Brandon;;;;;;;;;x
PROV42;Пембина;Pembina;Pembina;;Pembina;;;;;;;;;x
PROV43;Арвиат;Arviat;Arviat;;Arviat;;;;;;;;;x
PROV44;Коралловая Гавань;Coral Harbour;Coral Harbour;;Coral Harbour;;;;;;;;;x
PROV45;Баффинова Земля;Baffin Island;Baffin Island;;Tierra de Baffin;;;;;;;;;x
PROV46;Торонто;Toronto;Toronto;;Toronto;;;;;;;;;x
PROV47;Форт Северн;Fort Severn;Fort Severn;;Fuerte Severn;;;;;;;;;x
PROV48;Форт Олбани;Fort Albany;Fort Albany;;Fuerte Albany;;;;;;;;;x
PROV49;Драйден;Dryden;Dryden;;Dryden;;;;;;;;;x
PROV50;Тандер-Бей;Thunder Bay;Thunder Bay;;Bahia de Thunder;;;;;;;;;x
PROV51;Су-Сент-Мари;Sault Ste Marie;Sault Ste Marie;;Sault Ste Marie;;;;;;;;;x
PROV52;Садбери;Sudbury;Sudbury;;Sudbury;;;;;;;;;x
PROV53;Барри;Barrie;Barrie;;Barrie;;;;;;;;;x
PROV54;Виндзор;Windsor;Windsor;;Windsor;;;;;;;;;x
PROV55;Гамильтон;Hamilton;Hamilton;;Hamilton;;;;;;;;;x
PROV56;Кингстон;Kingston;Kingston;;Kingston;;;;;;;;;x
PROV57;Оттава;Ottawa;Ottawa;;Ottawa;;;;;;;;;x
PROV58;Монреаль;Montreal;Montreal;;Montreal;;;;;;;;;x
PROV59;Ничеквон;Nitchequon;Nitchequon;;Nitchequon;;;;;;;;;x
PROV60;Форт Руперт;Fort Rupert;Fort Rupert;;Fuerte Rupert;;;;;;;;;x
PROV61;Кикутими;Chicoutimi;Chicoutimi;;Chicoutimi;;;;;;;;;x
PROV62;Септ-Олес;Sept-Iles;Sept-Iles;;Sept-Iles;;;;;;;;;x
PROV63;Темискаминг;Temiscaming;Temiscaming;;Temiscaming;;;;;;;;;x
PROV64;Труа-Ривьер;Trois-Rivieres;Trois-Rivieres;;Trois-Rivieres;;;;;;;;;x
PROV65;Квебек-Сити;Quebec;Quebec City;;Ciudad de Quebec;;;;;;;;;x
PROV66;Шербрук;Sherbrooke;Sherbrooke;;Sherbrooke;;;;;;;;;x
PROV67;Римуски;Rimouski;Rimouski;;Rimouski;;;;;;;;;x
PROV68;Фредериктон;Fredericton;Fredericton;;Fredericton;;;;;;;;;x
PROV69;Батерст;Bathurst;Bathurst;;Bathurst;;;;;;;;;x
PROV70;Остров Принца Эдуарда;Prince Edward Island;Prince Edward Island;;Isla del Principe Eduardo;;;;;;;;;x
PROV71;Галифакс;Halifax;Halifax;;Halifax;;;;;;;;;x
PROV72;Труро;Truro;Truro;;Truro;;;;;;;;;x
PROV73;Остров Кейп-Бретон;Cape Breton Island;Cape Breton Island;;Isla del Cabo Breton;;;;;;;;;x
PROV74;Сент-Джонс;Saint-John's;Saint Johns;;Saint Johns;;;;;;;;;x
PROV75;Миллертаун;Millertown;Millertown;;Millertown;;;;;;;;;x
PROV76;Хоупдейл;Hopedale;Hopedale;;Hopedale;;;;;;;;;x
PROV77;Сен-Пьер и Микелон;Saint-Pierre et Miquelon;St Pierre & Miquelon;;San Pedro y Miguelon;;;;;;;;;x
PROV78;Сиэтл;Seattle;Seattle;;Seattle;;;;;;;;;x
PROV79;Спокан;Spokane;Spokane;;Spokane;;;;;;;;;x
PROV80;Валла Валла;Walla Walla;Walla Walla;;Walla Walla;;;;;;;;;x
PROV81;Портленд;Portland;Portland;;Portland;;;;;;;;;x
PROV82;Бейкер Сити;Baker City;Baker City;;Baker City;;;;;;;;;x
PROV83;Водопады Кламат;Klamath Falls;Klamath Falls;;Cataratas de Klamath;;;;;;;;;x
PROV84;Сан-Франциско;San Francisco;San Francisco;;San Francisco Javier;;;;;;;;;x
PROV85;Эврика;Eureka;Eureka;;Eureka;;;;;;;;;x
PROV86;Сакраменто;Sacramento;Sacramento;;Sacramento;;;;;;;;;x
PROV87;Монтерей;Monterey;Monterey;;Monterrey;;;;;;;;;x
PROV88;Марипоса;Mariposa;Mariposa;;Mariposa;;;;;;;;;x
PROV89;Лос-Анджелес;Los Angeles;Los Angeles;;Los Angeles;;;;;;;;;x
PROV90;Сан-Диего;San Diego;San Diego;;San Diego;;;;;;;;;x
PROV91;Бойсе;Boise;Boise;;Boise;;;;;;;;;x
PROV92;Кер-д'Ален;Cњur D'Alene;Coeur D'Alene;;Coeur D'Alene;;;;;;;;;x
PROV93;Покателло;Pocatello;Pocatello;;Pocatello;;;;;;;;;x
PROV94;Карсон-Сити;Carson City;Carson City;;Carson City;;;;;;;;;x
PROV95;Элко;Elko;Elko;;Elko;;;;;;;;;x
PROV96;Лас-Вегас;Las Vegas;Las Vegas;;Las Vegas;;;;;;;;;x
PROV97;Солт-Лейк-Сити;Salt Lake City;Salt Lake City;;Salt Lake City;;;;;;;;;x
PROV98;Лоа;Loa;Loa;;Loa;;;;;;;;;x
PROV99;Моав;Moab;Moab;;Moab;;;;;;;;;x
PROV100;Феникс;Phoenix;Phoenix;;Phoenix;;;;;;;;;x
PROV101;Флагшток;Flagstaff;Flagstaff;;Flagstaff;;;;;;;;;x
PROV102;Тусон;Tucson;Tucson;;Tucson;;;;;;;;;x
PROV103;Санта-Фе;Santa Fe;Santa Fe;;Santa Fe;;;;;;;;;x
PROV104;Альбукерке;Albuquerque;Albuquerque;;Albuquerque;;;;;;;;;x
PROV105;Лас-Крусес;Las Cruces;Las Cruces;;Las Cruces;;;;;;;;;x
PROV106;Денвер;Denver;Denver;;Denver;;;;;;;;;x
PROV107;Гранд-Джанкшен;Grand Junction;Grand Junction;;Grand Junction;;;;;;;;;x
PROV108;Аламоса;Alamosa;Alamosa;;Alamosa;;;;;;;;;x
PROV109;Пуэбло;Pueblo;Pueblo;;Pueblo;;;;;;;;;x
PROV110;Шайенн;Cheyenne;Cheyenne;;Cheyenne;;;;;;;;;x
PROV111;Коди;Cody;Cody;;Cody;;;;;;;;;x
PROV112;Каспер;Casper;Casper;;Casper;;;;;;;;;x
PROV113;Бозман;Bozeman;Bozeman;;Bozeman;;;;;;;;;x
PROV114;Миссула;Missoula;Missoula;;Missoula;;;;;;;;;x
PROV115;Грейт-Фолс;Great Falls;Great Falls;;Great Falls;;;;;;;;;x
PROV116;Биллингс;Billings;Billings;;Billings;;;;;;;;;x
PROV117;Бисмарк;Bismarck;Bismarck;;Bismarck;;;;;;;;;x
PROV118;Майнот;Minot;Minot;;Minot;;;;;;;;;x
PROV119;Дикинсон;Dickinson;Dickinson;;Dickinson;;;;;;;;;x
PROV120;Су-Фолс;Sioux Falls;Sioux Falls;;Sioux Falls;;;;;;;;;x
PROV121;Дюпри;Dupree;Dupree;;Dupree;;;;;;;;;x
PROV122;Рапид-Сити;Rapid City;Rapid City;;Rapid City;;;;;;;;;x
PROV123;Омаха;Omaha;Omaha;;Omaha;;;;;;;;;x
PROV124;Альянс;Alliance;Alliance;;Alianza;;;;;;;;;x
PROV125;Норт-Платт;North Platte;North Platte;;Platte Norte;;;;;;;;;x
PROV126;Топика;Topeka;Topeka;;Topeka;;;;;;;;;x
PROV127;Гудленд;Goodland;Goodland;;Goodland;;;;;;;;;x
PROV128;Уичито;Wichita;Wichita;;Wichita;;;;;;;;;x
PROV129;Оклахома-Сити;Oklahoma City;Oklahoma City;;Oklahoma City;;;;;;;;;x
PROV130;Талекуа;Tahlequah;Tahlequah;;Tahlequah;;;;;;;;;x
PROV131;Окмулги;Okmulgee;Okmulgee;;Okmulgee;;;;;;;;;x
PROV132;Хьюстон;Houston;Houston;;Houston;;;;;;;;;x
PROV133;Остин;Austin;Austin;;Austin;;;;;;;;;x
PROV134;Даллас;Dallas;Dallas;;Dallas;;;;;;;;;x
PROV135;Лаббок;Lubbock;Lubbock;;Lubbock;;;;;;;;;x
PROV136;Эль-Пасо;El Paso;El Paso;;El Paso;;;;;;;;;x
PROV137;Сан-Антонио;San Antonio;San Antonio;;San Antonio;;;;;;;;;x
PROV138;Ларедо;Laredo;Laredo;;Laredo;;;;;;;;;x
PROV139;Новый Орлеан;Nouvelle-Orleans;New Orleans;;Nueva Orleans;;;;;;;;;x
PROV140;Батон-Руж;Baton Rouge;Baton Rouge;;Baton Rouge;;;;;;;;;x
PROV141;Лейк-Чарльз;Lake Charles;Lake Charles;;Lago Charles;;;;;;;;;x
PROV142;Шривпорт;Shreveport;Shreveport;;Shreveport;;;;;;;;;x
PROV143;Литл-Рок;Little Rock;Little Rock;;Little Rock;;;;;;;;;x
PROV144;Горячие источники;Hot Springs;Hot Springs;;Hot Springs;;;;;;;;;x
PROV145;Фейетвилл;Fayetteville;Fayetteville;;Fayetteville;;;;;;;;;x
PROV146;Сент-Луис;St Louis;St Louis;;St. Louis;;;;;;;;;x
PROV147;Джоплин;Joplin;Joplin;;Joplin;;;;;;;;;x
PROV148;Молден;Malden;Malden;;Malden;;;;;;;;;x
PROV149;Джефферсон-Сити;Jefferson City;Jefferson City;;Jefferson City;;;;;;;;;x
PROV150;Канзас-Сити;Kansas City;Kansas City;;Kansas City;;;;;;;;;x
PROV151;Де-Мойн;Des Moines;Des Moines;;Des Moines;;;;;;;;;x
PROV152;Оскалуса;Oskaloosa;Oskaloosa;;Oskaloosa;;;;;;;;;x
PROV153;Сидар-Рапидс;Cedar Rapids;Cedar Rapids;;Rapidos de Cedar;;;;;;;;;x
PROV154;Су-Сити;Sioux City;Sioux City;;Sioux City;;;;;;;;;x
PROV155;Миннеаполис;Minneapolis;Minneapolis;;Minneapolis;;;;;;;;;x
PROV156;Гранит Фоллс;Granite Falls;Granite Falls;;Cataratas Granite;;;;;;;;;x
PROV157;Мурхед;Moorhead;Moorhead;;Moorhead;;;;;;;;;x
PROV158;Дулут;Duluth;Duluth;;Duluth;;;;;;;;;x
PROV159;Милуоки;Milwaukee;Milwaukee;;Milwaukee;;;;;;;;;x
PROV160;О Клэр;Eau Claire;Eau Claire;;Eau Claire;;;;;;;;;x
PROV161;Грин-Бей;Green Bay;Green Bay;;Green Bay;;;;;;;;;x
PROV162;Мэдисон;Madison;Madison;;Madison;;;;;;;;;x
PROV163;Чикаго;Chicago;Chicago;;Chicago;;;;;;;;;x
PROV164;Рокфорд;Rockford;Rockford;;Rockford;;;;;;;;;x
PROV165;Шампейн;Champaign;Champaign;;Champaign;;;;;;;;;x
PROV166;Пеория;Peoria;Peoria;;Peoria;;;;;;;;;x
PROV167;Спрингфилд;Springfield;Springfield;;Springfield;;;;;;;;;x
PROV168;Карбондейл;Carbondale;Carbondale;;Carbondale;;;;;;;;;x
PROV169;Индианаполис;Indianapolis;Indianapolis;;Indianapolis;;;;;;;;;x
PROV170;Эвансвилл;Evansville;Evansville;;Evansville;;;;;;;;;x
PROV171;Саут-Бенд;South Bend;South Bend;;South Bend;;;;;;;;;x
PROV172;Форт-Уэйн;Fort Wayne;Fort Wayne;;Fuerte Wayne;;;;;;;;;x
PROV173;Детройт;Detroit;Detroit;;Detroit;;;;;;;;;x
PROV174;Гранд-Рапидс;Grand Rapids;Grand Rapids;;Grand Rapids;;;;;;;;;x
PROV175;Сагино;Saginaw;Saginaw;;Saginaw;;;;;;;;;x
PROV176;Траверс-Сити;Traverse City;Traverse City;;Traverse City;;;;;;;;;x
PROV177;Маркетт;Marquette;Marquette;;Marquette;;;;;;;;;x
PROV178;Кливленд;Cleveland;Cleveland;;Cleveland;;;;;;;;;x
PROV179;Колумбус;Columbus;Columbus;;Columbus;;;;;;;;;x
PROV180;Сандаски;Sandusky;Sandusky;;Sandusky;;;;;;;;;x
PROV181;Дейтон;Dayton;Dayton;;Dayton;;;;;;;;;x
PROV182;Цинциннати;Cincinnati;Cincinnati;;Cincinnati;;;;;;;;;x
PROV183;Мариетта;Marietta;Marietta;;Marietta;;;;;;;;;x
PROV184;Луисвилл;Louisville;Louisville;;Louisville;;;;;;;;;x
PROV185;Лексингтон;Lexington;Lexington;;Lexington;;;;;;;;;x
PROV186;Боулинг-Грин;Bowling Green;Bowling Green;;Bowling Green;;;;;;;;;x
PROV187;Падука;Paducah;Paducah;;Paducah;;;;;;;;;x
PROV188;Нэшвилл;Nashville;Nashville;;Nashville;;;;;;;;;x
PROV189;Мемфис;Memphis;Memphis;;Memphis;;;;;;;;;x
PROV190;Ноксвилл;Knoxville;Knoxville;;Knoxville;;;;;;;;;x
PROV191;Чаттануга;Chattanooga;Chattanooga;;Chattanooga;;;;;;;;;x
PROV192;Джексон;Jackson;Jackson;;Jackson;;;;;;;;;x
PROV193;Виксбург;Vicksburg;Vicksburg;;Vicksburg;;;;;;;;;x
PROV194;Билокси;Biloxi;Biloxi;;Biloxi;;;;;;;;;x
PROV195;Монтгомери;Montgomery;Montgomery;;Montgomery;;;;;;;;;x
PROV196;Таскалуса;Tuscaloosa;Tuscaloosa;;Tuscaloosa;;;;;;;;;x
PROV197;Мобильный;Mobile;Mobile;;Mobile;;;;;;;;;x
PROV198;Таллахасси;Tallahassee;Tallahassee;;Tallahassee;;;;;;;;;x
PROV199;Святой Августин;St Augustine;St Augustine;;St Augustine;;;;;;;;;x
PROV200;Тампа;Tampa;Tampa;;Tampa;;;;;;;;;x
PROV201;Атланта;Atlanta;Atlanta;;Atlanta;;;;;;;;;x
PROV202;Валдоста;Valdosta;Valdosta;;Valdosta;;;;;;;;;x
PROV203;Бермудские острова;Bermuda;Bermuda;;Bermudas;;;;;;;;;x
PROV204;Саванна;Savannah;Savannah;;Savannah;;;;;;;;;x
PROV205;Чарльстон;Charleston;Charleston;;Charleston;;;;;;;;;x
PROV206;Колумбия;Colombie;Columbia;;Columbia;;;;;;;;;x
PROV207;Гринвилл;Greenville;Greenville;;Greenville;;;;;;;;;x
PROV208;Роли;Raleigh;Raleigh;;Raleigh;;;;;;;;;x
PROV209;Шарлотта;Charlotte;Charlotte;;Charlotte;;;;;;;;;x
PROV210;Уилмингтон;Wilmington;Wilmington;;Wilmington;;;;;;;;;x
PROV211;Ричмонд;Richmond;Richmond;;Richmond;;;;;;;;;x
PROV212;Манассас;Manassas;Manassas;;Manassas;;;;;;;;;x
PROV213;Фредериксбург;Fredericksburg;Fredericksburg;;Fredericksburg;;;;;;;;;x
PROV214;Норфолк;Norfolk;Norfolk;;Norfolk;;;;;;;;;x
PROV215;Стонтон;Staunton;Staunton;;Staunton;;;;;;;;;x
PROV216;Роанок;Roanoke;Roanoke;;Roanoke;;;;;;;;;x
PROV217;Уилинг;Wheeling;Wheeling;;Wheeling;;;;;;;;;x
PROV218;Хантингтон;Huntington;Huntington;;Huntington;;;;;;;;;x
PROV219;Балтимор;Baltimore;Baltimore;;Baltimore;;;;;;;;;x
PROV220;Вашингтон;Washington;Washington;;Washington;;;;;;;;;x
PROV221;Хейгерстаун;Hagerstown;Hagerstown;;Hagerstown;;;;;;;;;x
PROV222;Дувр;Dover;Dover;;Dover;;;;;;;;;x
PROV223;Филадельфия;Philadelphia;Philadelphia;;Filadelfia;;;;;;;;;x
PROV224;Скрантон;Scranton;Scranton;;Scranton;;;;;;;;;x
PROV225;Уильямспорт;Williamsport;Williamsport;;Williamsport;;;;;;;;;x
PROV226;Харрисберг;Harrisburg;Harrisburg;;Harrisburg;;;;;;;;;x
PROV227;Питтсбург;Pittsburgh;Pittsburgh;;Pittsburgh;;;;;;;;;x
PROV228;Эри;Erie;Erie;;Erie;;;;;;;;;x
PROV229;Ньюарк;Newark;Newark;;Newark;;;;;;;;;x
PROV230;Трентон;Trenton;Trenton;;Trenton;;;;;;;;;x
PROV231;Атлантик-Сити;Atlantic City;Atlantic City;;Atlantic City;;;;;;;;;x
PROV232;Нью-Йорк;New York;New York;;Nueva York;;;;;;;;;x
PROV233;Лонг-Айленд;Long Island;Long Island;;Long Island;;;;;;;;;x
PROV234;Олбани;Albany;Albany;;Albany;;;;;;;;;x
PROV235;Бингемтон;Binghamton;Binghamton;;Binghamton;;;;;;;;;x
PROV236;Буффало;Buffalo;Buffalo;;Buffalo;;;;;;;;;x
PROV237;Рочестер;Rochester;Rochester;;Rochester;;;;;;;;;x
PROV238;Сиракузы;Syracuse;Syracuse;;Syracuse;;;;;;;;;x
PROV239;Уотертаун;Watertown;Watertown;;Watertown;;;;;;;;;x
PROV240;Платтсбург;Plattsburgh;Plattsburgh;;Plattsburgh;;;;;;;;;x
PROV241;Хартфорд;Hartford;Hartford;;Hartford;;;;;;;;;x
PROV242;Провиденс;Providence;Providence;;Providence;;;;;;;;;x
PROV243;Бостон;Boston;Boston;;Boston;;;;;;;;;x
PROV244;Нью-Бедфорд;New Bedford;New Bedford;;New Bedford;;;;;;;;;x
PROV245;Питтсфилд;Pittsfield;Pittsfield;;Pittsfield;;;;;;;;;x
PROV246;Берлингтон;Burlington;Burlington;;Burlington;;;;;;;;;x
PROV247;Конкорд;Concord;Concord;;Concord;;;;;;;;;x
PROV248;Льюистон;Lewiston;Lewiston;;Lewiston;;;;;;;;;x
PROV249;Бангор;Bangor;Bangor;;Bangor;;;;;;;;;x
PROV250;Карибу;Caribou;Caribou;;Caribou;;;;;;;;;x
PROV251;Готхаб;Nuuk;Nuuk;;Godthab;;;;;;;;;x
PROV252;Исландия;Islande;Island;;Islandia;;;;;;;;;x
PROV253;Фарерские острова;Iles Feroe;Faroerinseln;;Islas Faroe;;;;;;;;;x
PROV254;Белфаст;Belfast;Belfast;;Belfast;;;;;;;;;x
PROV255;Лондондерри;Londonderry;Londonderry;;Londonderry;;;;;;;;;x
PROV256;Арма;Armagh;Armagh;;Armagh;;;;;;;;;x
PROV257;Донегол;Donegal;Donegal;;Donegal;;;;;;;;;x
PROV258;Голуэй;Galway;Galway;;Galway;;;;;;;;;x
PROV259;Слайго;Sligo;Sligo;;Sligo;;;;;;;;;x
PROV260;Пробка;Cork;Cork;;Cork;;;;;;;;;x
PROV261;Лимерик;Limerick;Limerick;;Limerick;;;;;;;;;x
PROV262;Уотерфорд;Waterford;Waterford;;Waterford;;;;;;;;;x
PROV263;Дублин;Dublin;Dublin;;Dublin;;;;;;;;;x
PROV264;Килдэр;Kildare;Kildare;;Kildare;;;;;;;;;x
PROV265;Вексфорд;Wexford;Wexford;;Wexford;;;;;;;;;x
PROV266;Абердин;Aberdeen;Aberdeen;;Aberdeen;;;;;;;;;x
PROV267;Инвернесс;Inverness;Inverness;;Inverness;;;;;;;;;x
PROV268;Данди;Dundee;Dundee;;Dundee;;;;;;;;;x
PROV269;Эдинбург;Edinburgh;Edinburgh;;Edimburgo;;;;;;;;;x
PROV270;Стерлинг;Stirling;Stirling;;Stirling;;;;;;;;;x
PROV271;Глазго;Glasgow;Glasgow;;Glasgow;;;;;;;;;x
PROV272;Дамфрис;Dumfries;Dumfries;;Dumfries;;;;;;;;;x
PROV273;Кардифф;Cardiff;Cardiff;;Cardiff;;;;;;;;;x
PROV274;Кардиган;Cardigan;Cardigan;;Cardigan;;;;;;;;;x
PROV275;Лландриндод;Llandrindod;Llandrindod;;Llandrindod;;;;;;;;;x
PROV276;Холихед;Holyhead;Holyhead;;Holyhead;;;;;;;;;x
PROV277;Ливерпуль;Liverpool;Liverpool;;Liverpool;;;;;;;;;x
PROV278;Манчестер;Manchester;Manchester;;Manchester;;;;;;;;;x
PROV279;Карлайл;Carlisle;Carlisle;;Carlisle;;;;;;;;;x
PROV280;Ньюкасл-апон-Тайн;Newcastle-upon-Tyne;Newcastle-upon-Tyne;;Newcastle-upon-Tyne;;;;;;;;;x
PROV281;Халл;Coque;Hull;;Hull;;;;;;;;;x
PROV282;Лидс;Leeds;Leeds;;Leeds;;;;;;;;;x
PROV283;Шеффилд;Sheffield;Sheffield;;Sheffield;;;;;;;;;x
PROV284;Бирмингем;Birmingham;Birmingham;;Birmingham;;;;;;;;;x
PROV285;Честер;Chester;Chester;;Chester;;;;;;;;;x
PROV286;Шрусбери;Shrewsbury;Shrewsbury;;Shrewsbury;;;;;;;;;x
PROV287;Ковентри;Coventry;Coventry;;Coventry;;;;;;;;;x
PROV288;Ноттингем;Nottingham;Nottingham;;Nottingham;;;;;;;;;x
PROV289;Лестер;Leicester;Leicester;;Leicester;;;;;;;;;x
PROV290;Линкольн;Lincoln;Lincoln;;Lincoln;;;;;;;;;x
PROV291;Кембридж;Cambridge;Cambridge;;Cambridge;;;;;;;;;x
PROV292;Ипсвич;Ipswich;Ipswich;;Ipswich;;;;;;;;;x
PROV293;Челмсфорд;Chelmsford;Chelmsford;;Chelmsford;;;;;;;;;x
PROV294;Оксфорд;Oxford;Oxford;;Oxford;;;;;;;;;x
PROV295;Сент-Олбанс;St Albans;St Albans;;St Albans;;;;;;;;;x
PROV296;Бристоль;Bristol;Bristol;;Bristol;;;;;;;;;x
PROV297;Солсбери;Salisbury;Salisbury;;Salisbury;;;;;;;;;x
PROV298;Ванна;Bath;Bath;;Bath;;;;;;;;;x
PROV299;Плимут;Plymouth;Plymouth;;Plymouth;;;;;;;;;x
PROV300;Лондон;London;London;;Londres;;;;;;;;;x
PROV301;Кентербери;Canterbury;Canterbury;;Canterbury;;;;;;;;;x
PROV302;Брайтон;Brighton;Brighton;;Brighton;;;;;;;;;x
PROV303;Саутгемптон;Southampton;Southampton;;Southampton;;;;;;;;;x
PROV304;Остров Мэн;Ile de Man;Isle of Man;;Isla de Man;;;;;;;;;x
PROV305;Тронхейм;Trondheim;Trondheim;;Trondheim;;;;;;;;;x
PROV306;Бодо;Bodo;Bodo;;Bodo;;;;;;;;;x
PROV307;Хаммерфест;Hammerfest;Hammerfest;;Hammerfest;;;;;;;;;x
PROV308;Олесунн;Alesund;Alesund;;Alesund;;;;;;;;;x
PROV309;Берген;Bergen;Bergen;;Bergen;;;;;;;;;x
PROV310;Христиансанд;Christianssand;Christianssand;;Christianssand;;;;;;;;;x
PROV311;Шиен;Skien;Skien;;Skien;;;;;;;;;x
PROV312;Драммен;Drammen;Drammen;;Drammen;;;;;;;;;x
PROV313;Христиания;Christiania;Christiania;;Christiania;;;;;;;;;x
PROV314;Хамар;Hamar;Hamar;;Hamar;;;;;;;;;x
PROV315;Лиллехаммер;Lillehammer;Lillehammer;;Lillehammer;;;;;;;;;x
PROV316;Фредериксстад;Frederiksstad;Frederiksstad;;Frederiksstad;;;;;;;;;x
PROV317;Евле;Gavle;Gavle;;Gavle;;;;;;;;;x
PROV318;Сундсвалль;Sundsvall;Sundsvall;;Sundsvall;;;;;;;;;x
PROV319;Остерсунд;Ostersund;Ostersund;;Ostersund;;;;;;;;;x
PROV320;Уме;Umea;Umea;;Umea;;;;;;;;;x
PROV321;Луле;Lulea;Lulea;;Lulea;;;;;;;;;x
PROV322;Стокгольм;Stockholm;Stockholm;;Estocolmo;;;;;;;;;x
PROV323;Фалун;Falun;Falun;;Falun;;;;;;;;;x
PROV324;Уппсала;Uppsala;Uppsala;;Uppsala;;;;;;;;;x
PROV325;Норрчёпинг;Norrkoping;Norrkoping;;Norrkoping;;;;;;;;;x
PROV326;Вестерос;Vasteras;Vasteras;;Vasteras;;;;;;;;;x
PROV327;Цrebro;Orebro;Orebro;;Orebro;;;;;;;;;x
PROV328;Карлстад;Karlstad;Karlstad;;Karlstad;;;;;;;;;x
PROV329;Гётеборг;Gothenburg;Goteburg;;Gotemburgo;;;;;;;;;x
PROV330;Буры;Boras;Boras;;Boras;;;;;;;;;x
PROV331;Готланд;Gotland;Gotland;;Gotland;;;;;;;;;x
PROV332;Кальмар;Kalmar;Kalmar;;Kalmar;;;;;;;;;x
PROV333;Vдxjц;Vaxjo;Vaxjo;;Vaxjo;;;;;;;;;x
PROV334;Мальмё;Malmo;Malmo;;Malmo;;;;;;;;;x
PROV335;Карлскруна;Karlskrona;Karlskrona;;Karlskrona;;;;;;;;;x
PROV336;Оулу;Oulu;Oulu;;Oulu;;;;;;;;;x
PROV337;Каяни;Kajaani;Kajaani;;Kajaani;;;;;;;;;x
PROV338;Торнио;Tornio;Tornio;;Tornio;;;;;;;;;x
PROV339;Виипури;Viipuri;Viipuri;;Viipuri;;;;;;;;;x
PROV340;Котка;Kotka;Kotka;;Kotka;;;;;;;;;x
PROV341;Миккели;Mikkeli;Mikkeli;;Mikkeli;;;;;;;;;x
PROV342;Куопио;Kuopio;Kuopio;;Kuopio;;;;;;;;;x
PROV343;Хельсинки;Helsinki;Helsinki;;Helsinki;;;;;;;;;x
PROV344;Хямеенлинна;Hameenlinna;Hameenlinna;;Hameenlinna;;;;;;;;;x
PROV345;Турку;Turku;Turku;;Turku;;;;;;;;;x
PROV346;Вааса;Vaasa;Vaasa;;Vaasa;;;;;;;;;x
PROV347;Тампере;Tampere;Tampere;;Tampere;;;;;;;;;x
PROV348;Эландские острова;Iles Aland;Aland-Inseln;;Islas Aland;;;;;;;;;x
PROV349;Ревель;Reval;Reval;;Reval;;;;;;;;;x
PROV350;Нарва;Narva;Narva;;Narva;;;;;;;;;x
PROV351;Пярну;Parnu;Parnu;;Parnu;;;;;;;;;x
PROV352;Дерпт;Dorpat;Dorpat;;Dorpat;;;;;;;;;x
PROV353;Цсел;Osel;Osel;;Osel;;;;;;;;;x
PROV354;Рига;Riga;Riga;;Riga;;;;;;;;;x
PROV355;Валмиера;Valmiera;Valmiera;;Valmiera;;;;;;;;;x
PROV356;Даугавпилс;Daugavpils;Daugavpils;;Daugavpils;;;;;;;;;x
PROV357;Елгава;Jelgava;Jelgava;;Jelgava;;;;;;;;;x
PROV358;Вентспилс;Ventspils;Ventspils;;Ventspils;;;;;;;;;x
PROV359;Лиепая;Liepaja;Liepaja;;Liepaja;;;;;;;;;x
PROV360;Вильнюс;Vilnius;Vilnius;;Vilnius;;;;;;;;;x
PROV361;Каунас;Kaunas;Kaunas;;Kaunas;;;;;;;;;x
PROV362;Мариямполе;Marijampole;Marijampole;;Marijampole;;;;;;;;;x
PROV363;Паневежис;Panevezys;Panevezys;;Panevezys;;;;;;;;;x
PROV364;Шяуляй;Siauliai;Siauliai;;Siauliai;;;;;;;;;x
PROV365;Паланга;Palanga;Palanga;;Palanga;;;;;;;;;x
PROV366;Орхус;Aarhus;Aarhus;;Aarhus;;;;;;;;;x
PROV367;Ольборг;Aalborg;Aalborg;;Alborg;;;;;;;;;x
PROV368;Рибе;Ribe;Ribe;;Ribe;;;;;;;;;x
PROV369;Киль;Kiel;Kiel;;Kiel;;;;;;;;;x
PROV370;Фленсбург;Flensburg;Flensburg;;Flensburg;;;;;;;;;x
PROV371;Аабенраа;Aabenraa;Aabenraa;;Aabenraa;;;;;;;;;x
PROV372;Копенгаген;Copenhague;Kopenhagen;;Copenhage;;;;;;;;;x
PROV373;Оденсе;Odense;Odense;;Odense;;;;;;;;;x
PROV374;Борнхольм;Bornholm;Bornholm;;Bornholm;;;;;;;;;x
PROV375;Амстердам;Amsterdam;Amsterdam;;Amsterdam;;;;;;;;;x
PROV376;Роттердам;Rotterdam;Rotterdam;;Rotterdam;;;;;;;;;x
PROV377;Утрехт;Utrecht;Utrecht;;Utrecht;;;;;;;;;x
PROV378;Мидделбург;Middelburg;Middelburg;;Middelburg;;;;;;;;;x
PROV379;Эйндховен;Eindhoven;Eindhoven;;Eindhoven;;;;;;;;;x
PROV380;Бреда;Breda;Breda;;Breda;;;;;;;;;x
PROV381;Маастрихт;Maastricht;Maastricht;;Maastricht;;;;;;;;;x
PROV382;Арнем;Arnhem;Arnheim;;Arnhem;;;;;;;;;x
PROV383;Гронинген;Groningen;Groningen;;Groninga;;;;;;;;;x
PROV384;Зволле;Zwolle;Zwolle;;Zwolle;;;;;;;;;x
PROV385;Леуварден;Leeuwarden;Leeuwarden;;Leeuwarden;;;;;;;;;x
PROV386;Ассен;Assen;Assen;;Assen;;;;;;;;;x
PROV387;Брюссель;Bruxelles;Brussel;;Bruselas;;;;;;;;;x
PROV388;Брюгге;Bruges;Bruges;;Brujas;;;;;;;;;x
PROV389;Гент;Gand;Ghent;;Gante;;;;;;;;;x
PROV390;Антверпен;Anvers;Antwerpen;;Amberes;;;;;;;;;x
PROV391;Хасселт;Hasselt;Hasselt;;Hasselt;;;;;;;;;x
PROV392;Намюр;Namur;Namur;;Namur;;;;;;;;;x
PROV393;Турне;Tournai;Tournai;;Tournai;;;;;;;;;x
PROV394;Шарлеруа;Charleroi;Charleroi;;Charleroi;;;;;;;;;x
PROV395;Льеж;Liege;Liege;;Lieja;;;;;;;;;x
PROV396;Спа;Spa;Spa;;Spa;;;;;;;;;x
PROV397;Люксембург;Luxembourg;Luxemburg;;Luxemburgo;;;;;;;;;x
PROV398;Арлон;Arlon;Arlon;;Arlon;;;;;;;;;x
PROV399;Лилль;Lille;Lille;;Lille;;;;;;;;;x
PROV400;Дюнкерк;Dunkerque;Dunkirchen;;Dunkerque;;;;;;;;;x
PROV401;Аррас;Arras;Arras;;Arras;;;;;;;;;x
PROV402;Амьен;Amiens;Amiens;;Amiens;;;;;;;;;x
PROV403;Лаон;Laon;Laon;;Laon;;;;;;;;;x
PROV404;Камбре;Cambrai;Cambrai;;Cambrai;;;;;;;;;x
PROV405;Шарлевиль;Charleville;Charleville;;Charleville;;;;;;;;;x
PROV406;Труа;Troyes;Troyes;;Troyes;;;;;;;;;x
PROV407;Шомон;Chaumont;Chaumont;;Chaumont;;;;;;;;;x
PROV408;Шалонс;Chalons;Chalons;;Chalons;;;;;;;;;x
PROV409;Страсбург;Strasbourg;Strasbourg;;Estrasburgo;;;;;;;;;x
PROV410;Кольмар;Colmar;Colmar;;Colmar;;;;;;;;;x
PROV411;Нэнси;Nancy;Nancy;;Nancy;;;;;;;;;x
PROV412;Мец;Metz;Metz;;Metz;;;;;;;;;x
PROV413;Верден;Verdun;Verdun;;Verdun;;;;;;;;;x
PROV414;Йпинальный;Epinal;Epinal;;Epinal;;;;;;;;;x
PROV415;Руан;Rouen;Rouen;;Ruan;;;;;;;;;x
PROV416;Йврё;Evreux;Evreux;;Evreux;;;;;;;;;x
PROV417;Алансон;Alencon;Alencon;;Alencon;;;;;;;;;x
PROV418;Кан;Caen;Caen;;Caen;;;;;;;;;x
PROV419;Нормандские острова;Iles Anglo-Normandes;Kanalinseln;;Islas del Canal;;;;;;;;;x
PROV420;Брест;Brest;Brest;;Brest;;;;;;;;;x
PROV421;Сен-Бриё;Saint-Brieuc;St Brieuc;;Saint-Brieuc;;;;;;;;;x
PROV422;Ванн;Vannes;Vannes;;Vannes;;;;;;;;;x
PROV423;Нант;Nantes;Nantes;;Nantes;;;;;;;;;x
PROV424;Ренн;Rennes;Rennes;;Rennes;;;;;;;;;x
PROV425;Париж;Paris;Paris;;Paris;;;;;;;;;x
PROV426;Шартр;Chartres;Chartres;;Chartres;;;;;;;;;x
PROV427;Мелен;Melun;Melun;;Melun;;;;;;;;;x
PROV428;Дижон;Dijon;Dijon;;Dijon;;;;;;;;;x
PROV429;Осер;Auxerre;Auxerre;;Auxerre;;;;;;;;;x
PROV430;Мулен;Moulins;Moulins;;Moulins;;;;;;;;;x
PROV431;Мейкон;Macon;Macon;;Macon;;;;;;;;;x
PROV432;Безансон;Besancon;Besancon;;Besancon;;;;;;;;;x
PROV433;Лонс;Lons;Lons;;Lons;;;;;;;;;x
PROV434;Анжер;Angers;Angers;;Angers;;;;;;;;;x
PROV435;Лаваль;Laval;Laval;;Laval;;;;;;;;;x
PROV436;Ле-Ман;Le Mans;Le Mans;;Le Mans;;;;;;;;;x
PROV437;Ля Рош;La Roche;La Roche;;La Roche;;;;;;;;;x
PROV438;Орлеан;Orleans;Orleans;;Orleans;;;;;;;;;x
PROV439;Бурж;Bourges;Bourges;;Bourges;;;;;;;;;x
PROV440;Блуа;Blois;Blois;;Blois;;;;;;;;;x
PROV441;Туры;Tours;Tours;;Tours;;;;;;;;;x
PROV442;Ла-Рошель;La Rochelle;La Rochelle;;La Rochela;;;;;;;;;x
PROV443;Пуатье;Poitiers;Poitiers;;Poitiers;;;;;;;;;x
PROV444;Ангулем;Angouleme;Angouleme;;Angouleme;;;;;;;;;x
PROV445;Лимож;Limoges;Limoges;;Limoges;;;;;;;;;x
PROV446;Шатору;Chateauroux;Chateauroux;;Chateauroux;;;;;;;;;x
PROV447;Тюль;Tulle;Tulle;;Tulle;;;;;;;;;x
PROV448;Клермон-Ферран;Clermont-Ferrand;Clermont-Ferrand;;Clermont-Ferrand;;;;;;;;;x
PROV449;Орийак;Aurillac;Aurillac;;Aurillac;;;;;;;;;x
PROV450;Кагор;Cahors;Cahors;;Cahors;;;;;;;;;x
PROV451;Лион;Lyon;Lyon;;Lyon;;;;;;;;;x
PROV452;Сент-Йтьен;Saint-Etienne;St Etienne;;St. Etienne;;;;;;;;;x
PROV453;Валентность;Valence;Valence;;Valence;;;;;;;;;x
PROV454;Гренобль;Grenoble;Grenoble;;Grenoble;;;;;;;;;x
PROV455;Тулуза;Toulouse;Toulouse;;Toulouse;;;;;;;;;x
PROV456;Монтобан;Montauban;Montauban;;Montauban;;;;;;;;;x
PROV457;Фуа;Foix;Foix;;Foix;;;;;;;;;x
PROV458;Бордо;Bordeaux;Bordeaux;;Burdeos;;;;;;;;;x
PROV459;Мон де Марсан;Mont-de-Marsan;Mont de Marsan;;Mont-de-Marsan;;;;;;;;;x
PROV460;Пау;Pau;Pau;;Pau;;;;;;;;;x
PROV461;Монпелье;Montpellier;Montpellier;;Montpellier;;;;;;;;;x
PROV462;Родез;Rodez;Rodez;;Rodez;;;;;;;;;x
PROV463;Каркассон;Carcassonne;Carcassonne;;Carcassonne;;;;;;;;;x
PROV464;Перпиньян;Perpignan;Perpignan;;Perpinan;;;;;;;;;x
PROV465;Анси;Annecy;Annecy;;Annecy;;;;;;;;;x
PROV466;Шамбери;Chambery;Chambery;;Chambery;;;;;;;;;x
PROV467;Марсель;Marseille;Marseilles;;Marsella;;;;;;;;;x
PROV468;Авиньон;Avignon;Avignon;;Avinon;;;;;;;;;x
PROV469;Динь;Digne;Digne;;Digne;;;;;;;;;x
PROV470;Тулон;Toulon;Toulon;;Tolon;;;;;;;;;x
PROV471;Фрежюс;Frejus;Frejus;;Frejus;;;;;;;;;x
PROV472;Хороший;Nice;Nice;;Niza;;;;;;;;;x
PROV473;Корсика;Corse;Corsica;;Corcega;;;;;;;;;x
PROV474;Ла Корука;La Corogne;La Coruna;;La Coruna;;;;;;;;;x
PROV475;Овьедо;Oviedo;Oviedo;;Oviedo;;;;;;;;;x
PROV476;Виго;Vigo;Vigo;;Vigo;;;;;;;;;x
PROV477;Лейн;Leon;Leon;;Leon;;;;;;;;;x
PROV478;Сантандер;Santander;Santander;;Santander;;;;;;;;;x
PROV479;Бургос;Burgos;Burgos;;Burgos;;;;;;;;;x
PROV480;Вальядолид;Valladolid;Valladolid;;Valladolid;;;;;;;;;x
PROV481;Сория;Soria;Soria;;Soria;;;;;;;;;x
PROV482;Саламанка;Salamanque;Salamanca;;Salamanca;;;;;;;;;x
PROV483;Вила;Avila;Avila;;Avila;;;;;;;;;x
PROV484;Бадахос;Badajoz;Badajoz;;Badajoz;;;;;;;;;x
PROV485;Альмендралехо;Almendralejo;Almendralejo;;Almendralejo;;;;;;;;;x
PROV486;Касерес;Caceres;Caceres;;Caceres;;;;;;;;;x
PROV487;Мадрид;Madrid;Madrid;;Madrid;;;;;;;;;x
PROV488;Сигуэнса;Siguenza;Siguenza;;Siguenza;;;;;;;;;x
PROV489;Толедо;Tolede;Toledo;;Toledo;;;;;;;;;x
PROV490;Куэнка;Cuenca;Cuenca;;Cuenca;;;;;;;;;x
PROV491;Сьюдад-Реаль;Ciudad Real;Ciudad Real;;Ciudad Real;;;;;;;;;x
PROV492;Бильбао;Bilbao;Bilbao;;Bilbao;;;;;;;;;x
PROV493;Памплона;Pampelune;Pamplona;;Pamplona;;;;;;;;;x
PROV494;Логросо;Logrono;Logrono;;Logrono;;;;;;;;;x
PROV495;Сарагоса;Saragosse;Saragosa;;Zaragoza;;;;;;;;;x
PROV496;Уэска;Huesca;Huesca;;Huesca;;;;;;;;;x
PROV497;Теруэль;Teruel;Teruel;;Teruel;;;;;;;;;x
PROV498;Барселона;Barcelone;Barcelona;;Barcelona;;;;;;;;;x
PROV499;Жерона;Gerone;Gerona;;Gerona;;;;;;;;;x
PROV500;Lйrida;Lerida;Lerida;;Lerida;;;;;;;;;x
PROV501;Таррагона;Tarragone;Tarragona;;Tarragona;;;;;;;;;x
PROV502;Балеарские острова;Iles Baleares;Balearen;;Islas Baleares;;;;;;;;;x
PROV503;Валенсия;Valence;Valencia;;Valencia;;;;;;;;;x
PROV504;Кастельон;Castellon;Castellon;;Castellon;;;;;;;;;x
PROV505;Аликанте;Alicante;Alicante;;Alicante;;;;;;;;;x
PROV506;Картахена;Carthagene;Cartagena;;Cartagena;;;;;;;;;x
PROV507;Мурсия;Murcie;Murcia;;Murcia;;;;;;;;;x
PROV508;Альбасете;Albacete;Albacete;;Albacete;;;;;;;;;x
PROV509;Севилья;Seville;Seville;;Sevilla;;;;;;;;;x
PROV510;Кордова;Cordoue;Cordoba;;Cordoba;;;;;;;;;x
PROV511;Уэльва;Huelva;Huelva;;Huelva;;;;;;;;;x
PROV512;Кадис;Cadiz;Cadiz;;Cadiz;;;;;;;;;x
PROV513;Гранада;Grenade;Granada;;Granada;;;;;;;;;x
PROV514;Малага;Malaga;Malaga;;Malaga;;;;;;;;;x
PROV515;Альмерния;Almeria;Almeria;;Almeria;;;;;;;;;x
PROV516;Jaйen;Jaen;Jaen;;Jaen;;;;;;;;;x
PROV517;Гибралтар;Gibraltar;Gibraltar;;Gibraltar;;;;;;;;;x
PROV518;Порту;Porto;Porto;;Oporto;;;;;;;;;x
PROV519;Вила Реал;Vila Real;Vila Real;;Villarreal;;;;;;;;;x
PROV520;Ковилхг;Covilha;Covilha;;Covilha;;;;;;;;;x
PROV521;Лиссабон;Lisbonne;Lissabon;;Lisboa;;;;;;;;;x
PROV522;Коимбра;Coimbre;Coimbra;;Coimbra;;;;;;;;;x
PROV523;Абрантес;Abrantes;Abrantes;;Abrantes;;;;;;;;;x
PROV524;Сетубал;Setubal;Setubal;;Setubal;;;;;;;;;x
PROV525;Йвора;Evora;Evora;;Evora;;;;;;;;;x
PROV526;Бежа;Beja;Beja;;Beja;;;;;;;;;x
PROV527;Фаро;Faro;Faro;;Faro;;;;;;;;;x
PROV528;Гамбург;Hambourg;Hamburg;;Hamburgo;;;;;;;;;x
PROV529;Лауэнбург;Lauenburg;Lauenburg;;Lauenburg;;;;;;;;;x
PROV530;Любек;Lubeck;Lubeck;;Lubeck;;;;;;;;;x
PROV531;Штаде;Stade;Stade;;Stade;;;;;;;;;x
PROV532;Люнебург;Lunebourg;Luneburg;;Luneburg;;;;;;;;;x
PROV533;Гельголанд;Heligoland;Helgoland;;Heligoland;;;;;;;;;x
PROV534;Ганновер;Hanovre;Hannover;;Hanover;;;;;;;;;x
PROV535;Нинбург;Nienburg;Nienburg;;Nienburg;;;;;;;;;x
PROV536;Брансуик;Brunswick;Braunschweig;;Brunswick;;;;;;;;;x
PROV537;Гёттинген;Gottingen;Gottingen;;Gottingen;;;;;;;;;x
PROV538;Оснабрюк;Osnabruck;Osnabruck;;Osnabruck;;;;;;;;;x
PROV539;Бремен;Breme;Bremen;;Bremen;;;;;;;;;x
PROV540;Ольденбург;Oldenbourg;Oldenburg;;Oldenburgo;;;;;;;;;x
PROV541;Клоппенбург;Cloppenburg;Cloppenburg;;Cloppenburg;;;;;;;;;x
PROV542;Линген;Lingen;Lingen;;Lingen;;;;;;;;;x
PROV543;Эмден;Emden;Emden;;Emden;;;;;;;;;x
PROV544;Шверин;Schwerin;Schwerin;;Schwerin;;;;;;;;;x
PROV545;Нойштрелиц;Neustrelitz;Neustrelitz;;Neustrelitz;;;;;;;;;x
PROV546;Штеттин;Stettin;Stettin;;Stettin;;;;;;;;;x
PROV547;Грайфсвальд;;;;;;;;;;;;;x;
PROV548;Штральзунд;Stralsund;Stralsund;;Stralsund;;;;;;;;;x
PROV549;Берлин;Berlin;Berlin;;Berlin;;;;;;;;;x
PROV550;Пренцлау;Prenzlau;Prenzlau;;Prenzlau;;;;;;;;;x
PROV551;Прицвальк;Pritzwalk;Pritzwalk;;Pritzwalk;;;;;;;;;x
PROV552;Котбус;Cottbus;Cottbus;;Cottbus;;;;;;;;;x
PROV553;Магдебург;Magdebourg;Magdeburg;;Magdeburgo;;;;;;;;;x
PROV554;Эрфурт;Erfurt;Erfurt;;Erfurt;;;;;;;;;x
PROV555;Дессау;Dessau;Dessau;;Dessau;;;;;;;;;x
PROV556;Галле;Halle;Halle;;Halle;;;;;;;;;x
PROV557;Стендаль;Stendal;Stendal;;Stendal;;;;;;;;;x
PROV558;Дрезден;Dresde;Dresden;;Dresde;;;;;;;;;x
PROV559;Лейпциг;Leipzig;Leipzig;;Leipzig;;;;;;;;;x
PROV560;Хемниц;Chemnitz;Chemnitz;;Chemnitz;;;;;;;;;x
PROV561;Веймар;Weimar;Weimar;;Weimar;;;;;;;;;x
PROV562;Гота;Gotha;Gotha;;Gotha;;;;;;;;;x
PROV563;Майнинген;Meiningen;Meiningen;;Meiningen;;;;;;;;;x
PROV564;Франкфурт;Francfort;Frankfurt;;Frankfurt;;;;;;;;;x
PROV565;Висбаден;Wiesbaden;Wiesbaden;;Wiesbaden;;;;;;;;;x
PROV566;Кассель;Kassel;Kassel;;Kassel;;;;;;;;;x
PROV567;Гиссен;Giessen;Giessen;;Giessen;;;;;;;;;x
PROV568;Фульда;Fulda;Fulda;;Fulda;;;;;;;;;x
PROV569;Мангейм;Mannheim;Mannheim;;Mannheim;;;;;;;;;x
PROV570;Майнц;Mainz;Mainz;;Mainz;;;;;;;;;x
PROV571;Кайзерслаутерн;Kaiserslautern;Kaiserslautern;;Kaiserslautern;;;;;;;;;x
PROV572;Трир;Treves;Trier;;Treveris;;;;;;;;;x
PROV573;Саарбрюккен;Sarrebruck;Saarbrucken;;Saarbrucken;;;;;;;;;x
PROV574;Кройцнах;Kreuznach;Kreuznach;;Kreuznach;;;;;;;;;x
PROV575;Кельн;Cologne;Koln;;Colonia;;;;;;;;;x
PROV576;Аахен;Aix-la-Chapelle;Aachen;;Aquisgran;;;;;;;;;x
PROV577;Клев;Cleves;Cleves;;Cleves;;;;;;;;;x
PROV578;Дюссельдорф;Dusseldorf;Dusseldorf;;Dusseldorf;;;;;;;;;x
PROV579;Кобленц;Coblence;Koblenz;;Coblenza;;;;;;;;;x
PROV580;Дортмунд;Dortmund;Dortmund;;Dortmund;;;;;;;;;x
PROV581;Мюнстер;Munster;Munster;;Munster;;;;;;;;;x
PROV582;Минден;Minden;Minden;;Minden;;;;;;;;;x
PROV583;Зиген;Siegen;Siegen;;Siegen;;;;;;;;;x
PROV584;Корбах;Korbach;Korbach;;Korbach;;;;;;;;;x
PROV585;Детмольд;Detmold;Detmold;;Detmold;;;;;;;;;x
PROV586;Карлсруэ;Karlsruhe;Karlsruhe;;Karlsruhe;;;;;;;;;x
PROV587;Фрайбург;Fribourg;Freiburg;;Friburgo;;;;;;;;;x
PROV588;Констанц;Constance;Konstanz;;Constanza;;;;;;;;;x
PROV589;Штутгарт;Stuttgart;Stuttgart;;Stuttgart;;;;;;;;;x
PROV590;Хайльбронн;Heilbronn;Heilbronn;;Heilbronn;;;;;;;;;x
PROV591;Тюбинген;Tubingue;Tubingen;;Tubingen;;;;;;;;;x
PROV592;Аугсбург;Augsbourg;Augsburg;;Augsburgo;;;;;;;;;x
PROV593;Ульм;Ulm;Ulm;;Ulm;;;;;;;;;x
PROV594;Зигмаринген;Sigmaringen;Sigmaringen;;Sigmaringen;;;;;;;;;x
PROV595;Нюрнберг;Nuremberg;Nurnberg;;Nuremburg;;;;;;;;;x
PROV596;Ашаффенбург;Aschaffenbourg;Aschaffenburg;;Aschaffenburg;;;;;;;;;x
PROV597;Вюрцбург;Wurtzbourg;Wurzburg;;Wurzburg;;;;;;;;;x
PROV598;Байройт;Bayreuth;Bayreuth;;Bayreuth;;;;;;;;;x
PROV599;Мюнхен;Munich;Munchen;;Munich;;;;;;;;;x
PROV600;Ландсхут;Landshut;Landshut;;Landshut;;;;;;;;;x
PROV601;Ингольштадт;Ingolstadt;Ingolstadt;;Ingolstadt;;;;;;;;;x
PROV602;Регенсбург;Ratisbonne;Regensburg;;Ratisbona;;;;;;;;;x
PROV603;Цюрих;Zurich;Zurich;;Zurich;;;;;;;;;x
PROV604;Базель;Bale;Basel;;Basilea;;;;;;;;;x
PROV605;Берн;Berne;Bern;;Berna;;;;;;;;;x
PROV606;Люцерн;Lucerne;Luzern;;Lucerna;;;;;;;;;x
PROV607;Женева;Geneve;Genf;;Ginebra;;;;;;;;;x
PROV608;Невшатель;Neuchatel;Neuchatel;;Neuchatel;;;;;;;;;x
PROV609;Ситтен;Sion;Sitten;;Sitten;;;;;;;;;x
PROV610;Понапе;Ponape;Ponape;;Ponape;;;;;;;;;x
PROV611;Чур;Coire;Chur;;Chur;;;;;;;;;x
PROV612;Инсбрук;Innsbruck;Innsbruck;;Innsbruck;;;;;;;;;x
PROV613;Зальцбург;Salzbourg;Salzburg;;Salzburgo;;;;;;;;;x
PROV614;Брегенц;Bregenz;Bregenz;;Bregenz;;;;;;;;;x
PROV615;Лиенц;Lienz;Lienz;;Lienz;;;;;;;;;x
PROV616;Грац;Graz;Graz;;Graz;;;;;;;;;x
PROV617;Юденбург;Judenburg;Judenburg;;Judenburg;;;;;;;;;x
PROV618;Клагенфурт;Klagenfurt;Klagenfurt;;Klagenfurt;;;;;;;;;x
PROV619;Вена;Vienne;Wien;;Viena;;;;;;;;;x
PROV620;Санкт-Пёльтен;Sankt Polten;Sankt Polten;;Sankt Polten;;;;;;;;;x
PROV621;Кремс;Krems;Krems;;Krems;;;;;;;;;x
PROV622;Линц;Linz;Linz;;Linz;;;;;;;;;x
PROV623;Шопрон;Sopron;Sopron;;Sopron;;;;;;;;;x
PROV624;Айзенштадт;Eisenstadt;Eisenstadt;;Eisenstadt;;;;;;;;;x
PROV625;Прага;Prague;Prag;;Praga;;;;;;;;;x
PROV626;Градец Крблов?Градец Крблов?Градец Кралове;Hradec Kralove;Hradec Kralove;;Hradec Kralove;;;;;;;;;x
PROV627;Карлсбад;Karlsbad;Karlsbad;;Karlsbad;;;;;;;;;x
PROV628;Ауссиг;Aussig;Aussig;;Aussig;;;;;;;;;x
PROV629;Пльзень;Plzen;Pilsen;;Pilsen;;;;;;;;;x
PROV630;Будеёвице;Budejovice;Budejovice;;Budejovice;;;;;;;;;x
PROV631;Брно;Brno;Brno;;Brno;;;;;;;;;x
PROV632;Оломоуц;Olomouc;Olomouc;;Olomouc;;;;;;;;;x
PROV633;Братислава;Bratislava;Bratislava;;Bratislava;;;;;;;;;x
PROV634;Тренчин;Trencin;Trencin;;Trencin;;;;;;;;;x
PROV635;Нитра;Nitra;Nitra;;Nitra;;;;;;;;;x
PROV636;Банскб Быстрица;Banska Bystrica;Banska Bystrica;;Banska Bystrica;;;;;;;;;x
PROV637;Кошице;Koљice;Kosice;;Kosice;;;;;;;;;x
PROV638;Роћнава;Roћnava;Roznava;;Roznava;;;;;;;;;x
PROV639;Залаэгерсег;Zalaegerszeg;Zalaegerszeg;;Zalaegerszeg;;;;;;;;;x
PROV640;Печ;Pecs;Pecs;;Pecs;;;;;;;;;x
PROV641;Будапешт;Budapest;Budapest;;Budapest;;;;;;;;;x
PROV642;Дьёр;Gyor;Gyor;;Gyor;;;;;;;;;x
PROV643;Секешфехервар;Szekesfehervar;Szekesfehevar;;Szekesfehevar;;;;;;;;;x
PROV644;Капошвар;Kaposvar;Kaposvar;;Kaposvar;;;;;;;;;x
PROV645;Кечкемет;Kecskemet;Kecskemet;;Kecskemet;;;;;;;;;x
PROV646;Мишкольц;Miskolc;Miskolc;;Miskolc;;;;;;;;;x
PROV647;Орадя;Oradea;Oradea;;Oradea;;;;;;;;;x
PROV648;Дебрецен;Debrecen;Debrecen;;Debrecen;;;;;;;;;x
PROV649;Сегед;Szeged;Szeged;;Szeged;;;;;;;;;x
PROV650;Бекешчаба;Bekescsaba;Bekescsaba;;Bekescsaba;;;;;;;;;x
PROV651;Сатмар;Szatmar;Szatmar;;Szatmar;;;;;;;;;x
PROV652;Темешвар;Timisoara;Temesvar;;Temesvar;;;;;;;;;x
PROV653;Resicabбnya;Resicabanya;Resicabanya;;Resicabanya;;;;;;;;;x
PROV654;Клуж;Cluj;Cluj;;Cluj;;;;;;;;;x
PROV655;Дьюлафехервар;Gyulafehervar;Gyulafehervar;;Gyulafehervar;;;;;;;;;x
PROV656;Дэва;Deva;Deva;;Deva;;;;;;;;;x
PROV657;Надьсебен;Sibiu;Nagyszeben;;Nagyszeben;;;;;;;;;x
PROV658;Гавайи;Hawaii;Hawaii;;Hawai;;;;;;;;;x
PROV659;Брассо;Brassov;Brasso;;Brasso;;;;;;;;;x
PROV660;Удвархей;Udvarhely;Udvarhely;;Udvarhely;;;;;;;;;x
PROV661;Бестерце;Bistrica;Beszterce;;Beszterce;;;;;;;;;x
PROV662;Черновцы;Cernauti;Cernauti;;Cernauti;;;;;;;;;x
PROV663;Сучава;Suceava;Suceava;;Suceava;;;;;;;;;x
PROV664;Бухарест;Bucarest ;Bukarest;;Bucarest;;;;;;;;;x
PROV665;Тыргу-Жиу;Targu Jiu;Tirgu Jiu;;Tirgu Jiu;;;;;;;;;x
PROV666;Крайова;Craiova;Craiova;;Craiova;;;;;;;;;x
PROV667;Тырговиште;Targoviste;Tirgoviste;;Tirgoviste;;;;;;;;;x
PROV668;Брэила;Braila;Braila;;Braila;;;;;;;;;x
PROV669;Кэлэраши;Calarasi;Calarasi;;Calarasi;;;;;;;;;x
PROV670;Яссы;Iasi;Iasi;;Iasi;;;;;;;;;x
PROV671;Ботошани;Botosani;Botosani;;Botosani;;;;;;;;;x
PROV672;Бакэу;Bacau;Bacau;;Bacau;;;;;;;;;x
PROV673;Галац;Galati;Galati;;Galati;;;;;;;;;x
PROV674;Констанца;Constanta;Constanta;;Constantsa;;;;;;;;;x
PROV675;Тулча;Tulcea;Tulcea;;Tulcea;;;;;;;;;x
PROV676;Кишинёв;Chisinau;Chisinau;;Chisinau;;;;;;;;;x
PROV677;Бэлць;Balti;Balti;;Balti;;;;;;;;;x
PROV678;Измаил;Izmail;Izmail;;Izmail;;;;;;;;;x
PROV679;Кольберг;Kolberg;Kolberg;;Kolberg;;;;;;;;;x
PROV680;Кёслин;Koszalin;Koslin;;Koslin;;;;;;;;;x
PROV681;Кюстрин;Kustrin;Kustrin;;Kustrin;;;;;;;;;x
PROV682;Бреслау;Breslau;Breslau;;Wroclaw;;;;;;;;;x
PROV683;Лигниц;Legnica;Liegnitz;;Liegnitz;;;;;;;;;x
PROV684;Оппельн;Oppeln;Oppeln;;Oppeln;;;;;;;;;x
PROV685;Каттовиц;Katowice;Kattowitz;;Katowice;;;;;;;;;x
PROV686;Острова Лайн;Iles de la Ligne;Line-Inseln;;Islas Line;;;;;;;;;x
PROV687;Гёрлиц;Gorlitz;Gorlitz;;Gorlitz;;;;;;;;;x
PROV688;Троппау;Troppau;Troppau;;Truppach;;;;;;;;;x
PROV689;Тесин;Tesin;Tesin;;Tesin;;;;;;;;;x
PROV690;Данциг;Dantzig;Danzig;;Danzig;;;;;;;;;x
PROV691;Тухель;Tuchel;Tuchel;;Tuchel;;;;;;;;;x
PROV692;немецкая крона;Deutsch Krone;Deutsch Krone;;Deutsch-Krone;;;;;;;;;x
PROV693;Эльбинг;Elbing;Elbing;;Elblag;;;;;;;;;x
PROV694;Торунь;Torun;Torun;;Torun;;;;;;;;;x
PROV695;Кёнигсберг;Konigsberg;Konigsberg;;Konigsberg;;;;;;;;;x
PROV696;Алленштейн;Allenstein;Allenstein;;Allenstein;;;;;;;;;x
PROV697;Гумбиннен;Gumbinnen;Gumbinnen;;Gumbinnen;;;;;;;;;x
PROV698;Мемель;Memel;Memel;;Memel;;;;;;;;;x
PROV699;Позен;Posnanie;Posen;;Poznan;;;;;;;;;x
PROV700;Бромберг;Bromberg;Bromberg;;Bromberg;;;;;;;;;x
PROV701;Гнезно;Gniezno;Gniezno;;Gniezno;;;;;;;;;x
PROV702;Львов;Lvov;Lvov;;Lvov;;;;;;;;;x
PROV703;Краков;Cracovie;Krakau;;Cracovia;;;;;;;;;x
PROV704;Новый Сонч;Novy Sacz;Novy Sacz;;Novy Sacz;;;;;;;;;x
PROV705;Перемышль;Przemysl;Przemysl;;Przemysl;;;;;;;;;x
PROV706;Варшава;Varsovie;Warschau;;Varsovia;;;;;;;;;x
PROV707;Сувалки;Suwalki;Suwalki;;Suwalki;;;;;;;;;x
PROV708;Плоцк;Plock;Plock;;Plock;;;;;;;;;x
PROV709;Ломжа;Lomza;Lomza;;Lomza;;;;;;;;;x
PROV710;Скерневице;Skierniewice;Skierniewice;;Skierniewice;;;;;;;;;x
PROV711;Седлице;Siedlice;Siedlice;;Siedlice;;;;;;;;;x
PROV712;Лодзь;Lodz;Lodz;;Lodz;;;;;;;;;x
PROV713;Радом;Radom;Radom;;Radom;;;;;;;;;x
PROV714;Тарнов;Tarnow;Tarnow;;Tarnow;;;;;;;;;x
PROV715;Люблин;Lublin;Lublin;;Lublin;;;;;;;;;x
PROV716;Кельце;Kielce;Kielce;;Kielce;;;;;;;;;x
PROV717;Калиш;Kalisz;Kalisz;;Kalisz;;;;;;;;;x
PROV718;Минск;Minsk;Minsk;;Minsk;;;;;;;;;x
PROV719;Белосток;Bialystock;Bialystock;;Bialystock;;;;;;;;;x
PROV720;Турин;Turin;Turin;;Turin;;;;;;;;;x
PROV721;Аоста;Aoste;Aosta;;Aosta;;;;;;;;;x
PROV722;Новара;Novare;Novara;;Novara;;;;;;;;;x
PROV723;Алессандрия;Alexandrie;Alessandria;;Alessandria;;;;;;;;;x
PROV724;Генуя;Genes;Genua;;Genova;;;;;;;;;x
PROV725;Савона;Savone;Savona;;Savona;;;;;;;;;x
PROV726;Милан;Milan;Mailand;;Milan;;;;;;;;;x
PROV727;Бергамо;Bergame;Bergamo;;Bergamo;;;;;;;;;x
PROV728;Брешиа;Brescia;Brescia;;Brescia;;;;;;;;;x
PROV729;Венеция;Venise;Venedig;;Venecia;;;;;;;;;x
PROV730;Верона;Verone;Verona;;Verona;;;;;;;;;x
PROV731;Падуя;Padoue;Padua;;Padua;;;;;;;;;x
PROV732;Тревизо;Trevise;Treviso;;Treviso;;;;;;;;;x
PROV733;Удине;Udine;Udine;;Udine;;;;;;;;;x
PROV734;Трент;Trente;Trent;;Trento;;;;;;;;;x
PROV735;Больцано;Bolzano;Bozen;;Bozen;;;;;;;;;x
PROV736;Триест;Trieste;Triest;;Trieste;;;;;;;;;x
PROV737;Гориция;Gorizia;Gorizia;;Gorizia;;;;;;;;;x
PROV738;Парма;Parme;Parma;;Parma;;;;;;;;;x
PROV739;Модена;Modene;Modena;;Modena;;;;;;;;;x
PROV740;Масса;Massa;Massa;;Massa;;;;;;;;;x
PROV741;Болонья;Bologne;Bologna;;Bolonia;;;;;;;;;x
PROV742;Феррара;Ferrare;Ferrara;;Ferrara;;;;;;;;;x
PROV743;Равенна;Ravenne;Ravenna;;Ravenna;;;;;;;;;x
PROV744;Флоренция;Florence;Florenz;;Florencia;;;;;;;;;x
PROV745;Леггорн;Livourne;Leghorn;;Leghorn;;;;;;;;;x
PROV746;Лукка;Lucques;Lucca;;Lucca;;;;;;;;;x
PROV747;Сиена;Sienne;Siena;;Siena;;;;;;;;;x
PROV748;Гросетто;Grosseto;Grosetto;;Grosetto;;;;;;;;;x
PROV749;Рим;Rome;Rom;;Roma;;;;;;;;;x
PROV750;Витербо;Viterbe;Viterbo;;Viterbo;;;;;;;;;x
PROV751;Перуджа;Perouse;Perugia;;Perugia;;;;;;;;;x
PROV752;Анкона;Ancone;Ancona;;Ancona;;;;;;;;;x
PROV753;Акила;Aquila;Aquila;;Aquila;;;;;;;;;x
PROV754;Неаполь;Naples;Neapel;;Napoles;;;;;;;;;x
PROV755;Салерно;Salerne;Salerno;;Salerno;;;;;;;;;x
PROV756;Бари;Bari;Bari;;Bari;;;;;;;;;x
PROV757;Фоджа;Foggia;Foggia;;Foggia;;;;;;;;;x
PROV758;Бриндизи;Brindisi;Brindisi;;Brindisi;;;;;;;;;x
PROV759;Реджо-ди-Калабрия;Reggio di Calabria;Reggio di Calabria;;Reggio di Calabria;;;;;;;;;x
PROV760;Катандзаро;Catanzaro;Catanzaro;;Catanzaro;;;;;;;;;x
PROV761;Потенца;Potenza;Potenza;;Potenza;;;;;;;;;x
PROV762;Палермо;Palerme;Palermo;;Palermo;;;;;;;;;x
PROV763;Мессина;Messine;Messina;;Messina;;;;;;;;;x
PROV764;Катания;Catane;Catania;;Catania;;;;;;;;;x
PROV765;Кальяри;Cagliari;Cagliari;;Cagliari;;;;;;;;;x
PROV766;Сассари;Sassari;Sassari;;Sassari;;;;;;;;;x
PROV767;Марибор;Maribor;Maribor;;Maribor;;;;;;;;;x
PROV768;Любляна;Ljubljana;Ljubljana;;Liubliana;;;;;;;;;x
PROV769;Постойна;Postojna;Postojna;;Postojna;;;;;;;;;x
PROV770;Пола;Pula;Pola;;Pola;;;;;;;;;x
PROV771;Загреб;Zagreb;Zagreb;;Zagreb;;;;;;;;;x
PROV772;Сисак;Sisak;Sisak;;Sisak;;;;;;;;;x
PROV773;Карловац;Karlovac;Karlovac;;Karlovac;;;;;;;;;x
PROV774;Сень;Senj;Senj;;Senj;;;;;;;;;x
PROV775;Вараћдин;Varaћdin;Varazdin;;Varazdin;;;;;;;;;x
PROV776;Беловар;Bjelovar;Bjelovar;;Bjelovar;;;;;;;;;x
PROV777;Поћега;Poћega;Pozega;;Pozega;;;;;;;;;x
PROV778;Фиуме;Rijeka;Fiume;;Fiume;;;;;;;;;x
PROV779;Осиек;Osijek;Osijek;;Osijek;;;;;;;;;x
PROV780;Расколоть;Split;Split;;Split;;;;;;;;;x
PROV781;Задар;Zadar;Zadar;;Zadar;;;;;;;;;x
PROV782;Дубровник;Dubrovnik;Dubrovnik;;Dubrovnik;;;;;;;;;x
PROV783;Сараево;Sarajevo;Sarajevo;;Sarajevo;;;;;;;;;x
PROV784;Бихач;Bihac;Bihac;;Bihac;;;;;;;;;x
PROV785;Баня-Лука;Banja Luka;Banja Luka;;Banja Luka;;;;;;;;;x
PROV786;Тузла;Tuzla;Tuzla;;Tuzla;;;;;;;;;x
PROV787;Фока;Foca;Foca;;Foca;;;;;;;;;x
PROV788;Мостар;Mostar;Mostar;;Mostar;;;;;;;;;x
PROV789;Ливно;Livno;Livno;;Livno;;;;;;;;;x
PROV790;Китве;Kitwe;Kitwe;;Kitwe;;;;;;;;;x
PROV791;Митровица;Mitrovica;Mitrovica;;Mitrovica;;;;;;;;;x
PROV792;Панчево;Pancevo;Pancevo;;Pancevo;;;;;;;;;x
PROV793;Вуковар;Vukovar;Vukovar;;Vukovar;;;;;;;;;x
PROV794;Белград;Belgrade;Belgrad;;Belgrado;;;;;;;;;x
PROV795;Бор;Bor;Bor;;Bor;;;;;;;;;x
PROV796;Крагуевац;Kragujevac;Kragujevac;;Kragujevac;;;;;;;;;x
PROV797;Ужице;Uћice;Uzice;;Uzice;;;;;;;;;x
PROV798;Ниљ;Niљ;Nis;;Nis;;;;;;;;;x
PROV799;Лесковац;Leskovac;Leskovac;;Leskovac;;;;;;;;;x
PROV800;Ульцинь;Ulcinj;Ulcinj;;Ulcinj;;;;;;;;;x
PROV801;Таити;Tahiti;Tahiti;;Tahiti;;;;;;;;;x
PROV802;Приштина;Pristina;Pristina;;Pristina;;;;;;;;;x
PROV803;Призрен;Prizren;Prizren;;Prizren;;;;;;;;;x
PROV804;Нови Пазар;Novi Pazar;Novi Pazar;;Novi Pazar;;;;;;;;;x
PROV805;Салоники;Thessalonique;Salonika;;Salonica;;;;;;;;;x
PROV806;Скопье;Skopje;Skopje;;Skopje;;;;;;;;;x
PROV807;Битола;Bitola;Bitola;;Bitola;;;;;;;;;x
PROV808;Петрич;Petrich;Petrich;;Petrich;;;;;;;;;x
PROV809;София;Sofia;Sofia;;Sofia;;;;;;;;;x
PROV810;Видин;Vidin;Vidin;;Vidin;;;;;;;;;x
PROV811;Русе;Ruse;Ruse;;Ruse;;;;;;;;;x
PROV812;Плевен;Pleven;Pleven;;Pleven;;;;;;;;;x
PROV813;Шумен;Shumen;Shumen;;Shumen;;;;;;;;;x
PROV814;Варна;Varna;Varna;;Varna;;;;;;;;;x
PROV815;Пловдив;Plovdiv;Plovdiv;;Plovdiv;;;;;;;;;x
PROV816;Стара Загора;Stara Zagora;Stara Zagora;;Stara Zagora;;;;;;;;;x
PROV817;Бургас;Bourgas;Burgas;;Burgas;;;;;;;;;x
PROV818;Силистр;Silistre;Silistre;;Silistre;;;;;;;;;x
PROV819;Флорина;Florina;Florina;;Florina;;;;;;;;;x
PROV820;Гревена;Grevena;Grevena;;Grevena;;;;;;;;;x
PROV821;Эдесса;Edessa;Edessa;;Edessa;;;;;;;;;x
PROV822;Полигирос;Poligiros;Polygyros;;Polygyros;;;;;;;;;x
PROV823;Кавала;Kavala;Kavala;;Kavala;;;;;;;;;x
PROV824;Янина;Ioannina;Janina;;Janina;;;;;;;;;x
PROV825;Арта;Arta;Arta;;Arta;;;;;;;;;x
PROV826;Корфу;Corfou;Korfu;;Corfu;;;;;;;;;x
PROV827;Занте;Zante;Zante;;Zante;;;;;;;;;x
PROV828;Эдирне;Edirne;Edirne;;Edirne;;;;;;;;;x
PROV829;Ксанте;Xanthe;Xanthe;;Xanthe;;;;;;;;;x
PROV830;Дедеагач;Dedeagatch;Dedeagatch;;Dedeagatch;;;;;;;;;x
PROV831;Лариса;Larisa;Larisa;;Larisa;;;;;;;;;x
PROV832;Волос;Volos;Volos;;Volos;;;;;;;;;x
PROV833;Триккала;Trikala;Trikkala;;Trikkala;;;;;;;;;x
PROV834;Афины;Athenes;Athen;;Atenas;;;;;;;;;x
PROV835;Амфисса;Amfissa;Amfissa;;Amfissa;;;;;;;;;x
PROV836;Ламия;Lamia;Lamia;;Lamia;;;;;;;;;x
PROV837;Миссолонги;Missolonghi;Missolonghi;;Missolonghi;;;;;;;;;x
PROV838;Халкис;Khalkis;Khalkis;;Khalkis;;;;;;;;;x
PROV839;Нафплион;Nafplio;Nafplio;;Nafplio;;;;;;;;;x
PROV840;Коринф;Corinthe;Korinth;;Corinto;;;;;;;;;x
PROV841;Каламата;Kalamata;Kalamata;;Kalamata;;;;;;;;;x
PROV842;Патры;Patras;Patras;;Patras;;;;;;;;;x
PROV843;Хиос;Chios;Chios;;Chios;;;;;;;;;x
PROV844;Мителин;Mytilene;Myteline;;Mitilene;;;;;;;;;x
PROV845;Киклады;Cyclades;Cyclades;;Las Cicladas;;;;;;;;;x
PROV846;Додеканес;Dodecanese;Dodecanese;;Dodecaneso;;;;;;;;;x
PROV847;Ханья;La Canee;Chania;;Chania;;;;;;;;;x
PROV848;Ираклион;Heraklion;Iraklion;;Heraklion;;;;;;;;;x
PROV849;Тирана;Tirana;Tirana;;Tirana;;;;;;;;;x
PROV850;Шкодер;Shkoder;Shkoder;;Shkoder;;;;;;;;;x
PROV851;Дуррес;Durres;Durres;;Durres;;;;;;;;;x
PROV852;Влёра;Vlora;Vlore;;Vlore;;;;;;;;;x
PROV853;Гирокастра;Gjirokaster;Gjirokaster;;Gjirokaster;;;;;;;;;x
PROV854;Мальта;Malte;Malta;;Malta;;;;;;;;;x
PROV855;Никосия;Nicosie;Nikosia;;Nicosia;;;;;;;;;x
PROV856;Лимассол;Limassol;Limassol;;Limassol;;;;;;;;;x
PROV857;Фамагуста;Famagusta;Famagusta;;Famagusta;;;;;;;;;x
PROV858;Кыркларели;Kirklareli;Kirklareli;;Kirklareli;;;;;;;;;x
PROV859;Галлиполи;Gallipoli;Gallipoli;;Gallipoli;;;;;;;;;x
PROV860;Стамбул;Istanbul;Istanbul;;Estambul;;;;;;;;;x
PROV861;Ьskьdar;Uskudar;Uskudar;;Uskudar;;;;;;;;;x
PROV862;Измит;Izmit;Izmit;;Yzmit;;;;;;;;;x
PROV863;Бурса;Bursa;Bursa;;Bursa;;;;;;;;;x
PROV864;Балыкесир;Balikesir;Balikesir;;Balikesir;;;;;;;;;x
PROV865;Чанаккале;Canakkale;Canakkale;;Canakkale;;;;;;;;;x
PROV866;Афьон;Afyon;Afyon;;Afyon;;;;;;;;;x
PROV867;Кютахья;Kutahya;Kutahya;;Kutahya;;;;;;;;;x
PROV868;Эскишехир;Eskishehir;Eskishehir;;Eskishehir;;;;;;;;;x
PROV869;Измир;Izmir;Izmir;;Izmir;;;;;;;;;x
PROV870;Маниса;Manisa;Manisa;;Manisa;;;;;;;;;x
PROV871;Денизли;Denizli;Denizli;;Denizli;;;;;;;;;x
PROV872;Мугла;Mugla;Mugla;;Mugla;;;;;;;;;x
PROV873;Конья;Konya;Konya;;Konya;;;;;;;;;x
PROV874;Бурдур;Burdur;Burdur;;Burdur;;;;;;;;;x
PROV875;Анталия;Antalya;Antalya;;Antalya;;;;;;;;;x
PROV876;Анкара;Ankara;Ankara;;Ankara;;;;;;;;;x
PROV877;Амасья;Amasya;Amasya;;Amasya;;;;;;;;;x
PROV878;Кайсери;Kayseri;Kayseri;;Kayseri;;;;;;;;;x
PROV879;Сивас;Sivas;Sivas;;Sivas;;;;;;;;;x
PROV880;Кастамону;Kastamonu;Kastamonu;;Kastamonu;;;;;;;;;x
PROV881;Болу;Bolu;Bolu;;Bolu;;;;;;;;;x
PROV882;Трабзон;Trabzon;Trabzon;;Trabzon;;;;;;;;;x
PROV883;Синоп;Sinop;Sinop;;Sinop;;;;;;;;;x
PROV884;Гиресун;Giresun;Giresun;;Giresun;;;;;;;;;x
PROV885;Карс;Kars;Kars;;Kars;;;;;;;;;x
PROV886;Ардахан;Ardahan;Ardahan;;Ardahan;;;;;;;;;x
PROV887;Эрзурум;Erzurum;Erzurum;;Erzurum;;;;;;;;;x
PROV888;Эрзинджан;Erzincan;Erzincan;;Erzincan;;;;;;;;;x
PROV889;Малатья;Malatya;Malatya;;Malatya;;;;;;;;;x
PROV890;Ван;Van;Van;;Van;;;;;;;;;x
PROV891;Битлис;Bitlis;Bitlis;;Bitlis;;;;;;;;;x
PROV892;Хаккари;Hakkari;Hakkari;;Hakkari;;;;;;;;;x
PROV893;Диярбакыр;Diyarbakir;Diyarbakir;;Diyarbakir;;;;;;;;;x
PROV894;Адана;Adana;Adana;;Adana;;;;;;;;;x
PROV895;Мерсин;Mersin;Mersin;;Mersin;;;;;;;;;x
PROV896;Мараш;Marash;Marash;;Marash;;;;;;;;;x
PROV897;Алеппо;Alep;Aleppo;;Aleppo;;;;;;;;;x
PROV898;Антеп;Gaziantep;Antep;;Antep;;;;;;;;;x
PROV899;Урфа;Urfa;Urfa;;Urfa;;;;;;;;;x
PROV900;Антиохия;Antioche;Antioch;;Antioquia;;;;;;;;;x
PROV901;Дейр аль-Зор;Dayr al-Zour;Dayr al-Zour;;Dayr al-Zour;;;;;;;;;x
PROV902;Дамаск;Damas;Damaskus;;Damasco;;;;;;;;;x
PROV903;Хомс;Homs;Homs;;Homs;;;;;;;;;x
PROV904;Хама;Hama;Hama;;Hama;;;;;;;;;x
PROV905;Латакия;Latakia;Latakia;;Latakia;;;;;;;;;x
PROV906;Сувайда;Suwayda;Suwayda;;Suwayda;;;;;;;;;x
PROV907;Пальмира;Palmyre;Palmyra;;Palmira;;;;;;;;;x
PROV908;Амман;Amman;Amman;;Amman;;;;;;;;;x
PROV909;Джераш;Jerash;Jerash;;Jerash;;;;;;;;;x
PROV910;Рувайшид;Ruwayshid;Ruwayshid;;Ruwayshid;;;;;;;;;x
PROV911;Маан;Maan;Maan;;Maan;;;;;;;;;x
PROV912;Баальбек;Baalbeck;Baalbek;;Baalbeck;;;;;;;;;x
PROV913;Бейрут;Beyrouth;Beirut;;Beirut;;;;;;;;;x
PROV914;Аскалех;Askaleh;Askaleh;;Askaleh;;;;;;;;;x
PROV915;Сидон;Sidon;Sidon;;Sidon;;;;;;;;;x
PROV916;Акр;Acre;Acre;;Acre;;;;;;;;;x
PROV917;Иерусалим;Jerusalem;Jerusalem;;Jerusalen;;;;;;;;;x
PROV918;Наблус;Naplouse;Nablus;;Nablus;;;;;;;;;x
PROV919;Яффо;Jaffa;Jaffa;;Yafo;;;;;;;;;x
PROV920;Газа;Gaza;Gaza;;Gaza;;;;;;;;;x
PROV921;Беэр-Шева;Beersheba;Beersheba;;Beersheba;;;;;;;;;x
PROV922;Акаба;Aqaba;Aqaba;;Aqaba;;;;;;;;;x
PROV923;Мосул;Mossoul;Mosul;;Mosul;;;;;;;;;x
PROV924;Эрбиль;Arbil;Arbil;;Arbil;;;;;;;;;x
PROV925;Киркук;Kirkuk;Kirkuk;;Kirkuk;;;;;;;;;x
PROV926;Багдад;Bagdad;Baghdad;;Bagdad;;;;;;;;;x
PROV927;Самарра;Samarra;Samarra;;Samarra;;;;;;;;;x
PROV928;Мендели;Mendeli;Mendeli;;Mendeli;;;;;;;;;x
PROV929;Кербела;Karbala;Karbala;;Karbala;;;;;;;;;x
PROV930;Кут;Kut;Kut;;Kut;;;;;;;;;x
PROV931;Рутба;Rutbah;Rutbah;;Rutbah;;;;;;;;;x
PROV932;Басра;Bassora;Basra;;Basora;;;;;;;;;x
PROV933;Насирия;Nasiriya;Nasiriyya;;Nasiriyya;;;;;;;;;x
PROV934;Наджаф;Nadjaf;Najaf;;Najaf;;;;;;;;;x
PROV935;Кувейт;Koweit;Kuwait;;Kuwait;;;;;;;;;x
PROV936;Гродно;Grodno;Grodno;;Grodno;;;;;;;;;x
PROV937;Брест-Литовск;Brest-Litovsk;Brest-Litovsk;;Brest-Litovsk;;;;;;;;;x
PROV938;Лида;Lida;Lida;;Lida;;;;;;;;;x
PROV939;Барановичи;Baranovichi;Baranovichi;;Baranovichi;;;;;;;;;x
PROV940;Пинск;Pinsk;Pinsk;;Pinsk;;;;;;;;;x
PROV941;Слуцк;Slutsk;Slutsk;;Slutsk;;;;;;;;;x
PROV942;Мозырь;Mozyr;Mozyr;;Mozir;;;;;;;;;x
PROV943;Смоленск;Smolensk;Smolensk;;Smolensk;;;;;;;;;x
PROV944;Орша;Orsha;Orsha;;Orsha;;;;;;;;;x
PROV945;Витебск;Vitebsk;Witebsk;;Vitebsk;;;;;;;;;x
PROV946;Полоцк;Polotsk;Polotsk;;Polotsk;;;;;;;;;x
PROV947;Поставы;Pastavy;Pastavy;;Pastavy;;;;;;;;;x
PROV948;Могилев;Mogilev;Mogilev;;Mogilev;;;;;;;;;x
PROV949;Гомель;Gomel;Gomel;;Gomel;;;;;;;;;x
PROV950;Узгород;Uzgorod;Uzgorord;;Uzgorord;;;;;;;;;x
PROV951;Стрый;Stryi;Stryi;;Stryi;;;;;;;;;x
PROV952;Тернополь;Ternopil;Ternopil;;Ternopil;;;;;;;;;x
PROV953;Станиславов;Stanislavov;Stanislavov;;Stanislawow;;;;;;;;;x
PROV954;Винница;Vinnitsa;Vinnitsa;;Vinnitsa;;;;;;;;;x
PROV955;Проскоров;Proskorov;Proskorov;;Proskorov;;;;;;;;;x
PROV956;Ровно;Rovne;Rovne;;Rovne;;;;;;;;;x
PROV957;Ковель;Kovel;Kovel;;Kovel;;;;;;;;;x
PROV958;Киев;Kiev;Kiev;;Kiev;;;;;;;;;x
PROV959;Коростень;Korosten;Korosten;;Korosten;;;;;;;;;x
PROV960;Житомир;Zhitomir;Zhitomir;;Zhitomir;;;;;;;;;x
PROV961;Черкассы;Cherkassy;Cherkassy;;Cherkassy;;;;;;;;;x
PROV962;Чернигов;Chernigov;Chernigov;;Chernihiv;;;;;;;;;x
PROV963;Полтава;Poltava;Poltava;;Poltava;;;;;;;;;x
PROV964;Симферополь;Simferopol;Simferopol;;Simferopol;;;;;;;;;x
PROV965;Херсон;Cherson;Cherson;;Cherson;;;;;;;;;x
PROV966;Керчь;Kertch;Kerch;;Kerch;;;;;;;;;x
PROV967;Севастополь;Sebastopol;Sevastopol;;Sebastopol;;;;;;;;;x
PROV968;Одесса;Odessa;Odessa;;Odesa;;;;;;;;;x
PROV969;Первомайск;Pervomaisk;Pervomaisk;;Pervomaisk;;;;;;;;;x
PROV970;Николаев;Nikolaev;Nikolaev;;Nikolaev;;;;;;;;;x
PROV971;Кривой Рог;Krivoy Rog;Krivoy Rog;;Krivoy Rog;;;;;;;;;x
PROV972;Екатеринослав;Ekaterinoslav;Jekaterinoslav;;Ekaterinoslav;;;;;;;;;x
PROV973;Мелитополь;Melitopol;Melitopol;;Melitopol;;;;;;;;;x
PROV974;Краматорск;Kramatorsk;Kramatorsk;;Kramatorsk;;;;;;;;;x
PROV975;Юзовка;Yuzovka;Yuzovka;;Yuzovka;;;;;;;;;x
PROV976;Мариуполь;Mariupol;Mariupol;;Mariupol;;;;;;;;;x
PROV977;Курск;Koursk;Kursk;;Kursk;;;;;;;;;x
PROV978;Харьков;Kharkov;Charkov;;Jarkov;;;;;;;;;x
PROV979;Ростов;Rostov;Rostov;;Rostov;;;;;;;;;x
PROV980;Луганск;Luhansk;Luhansk;;Luhansk;;;;;;;;;x
PROV981;Архангел;Archangel;Archangelsk;;Archangel;;;;;;;;;x
PROV982;Петсамо;Petsamo;Petsamo;;Petsamo;;;;;;;;;x
PROV983;Кандалакша;Kandalaksha;Kandalaksha;;Kandalaksha;;;;;;;;;x
PROV984;Костомушка;Kostomushka;Kostomushka;;Kostomushka;;;;;;;;;x
PROV985;Мезень;Mezen;Mezen;;Mezen;;;;;;;;;x
PROV986;Нарын Мар;Naryan Mar;Naryn Mar;;Naryn Mar;;;;;;;;;x
PROV987;Усть-Сысольск;Ust Sysolsk;Ust Sysolsk;;Ust Sysolsk;;;;;;;;;x
PROV988;Повенц;Povyents;Povyents;;Povyents;;;;;;;;;x
PROV989;Вологда;Vologda;Vologda;;Vologda;;;;;;;;;x
PROV990;Котлас;Kotlas;Kotlas;;Kotlas;;;;;;;;;x
PROV991;Углич;Ouglitch;Uglich;;Uglich;;;;;;;;;x
PROV992;Белозерск;Belozersk;Belozersk;;Belozersk;;;;;;;;;x
PROV993;Вытерга;Vytegra;Vyterga;;Vyterga;;;;;;;;;x
PROV994;Санкт-Петербург;Saint-Petersbourg;St Petersburg;;San Petersburgo;;;;;;;;;x
PROV995;Петрозаворск;Petrozavodsk;Petrozavorsk;;Petrozavorsk;;;;;;;;;x
PROV996;Луга;Luga;Luga;;Luga;;;;;;;;;x
PROV997;Гдов;Gdov;Gdov;;Gdov;;;;;;;;;x
PROV998;Тверь;Tver;Tver;;Tver;;;;;;;;;x
PROV999;Ржев;Rzhev;Rzhev;;Rzhev;;;;;;;;;x
PROV1000;Старица;Staritsa;Staritsa;;Staritsa;;;;;;;;;x
PROV1001;Ярославль;Yaroslavl;Yaroslavl;;Yaroslavl;;;;;;;;;x
PROV1002;Маньчжурия;Manzhouli;Manzhouli;;Manzhouli;;;;;;;;;x
PROV1003;Новгород;Novgorod;Nowgorod;;Novgorod;;;;;;;;;x
PROV1004;Тихвин;Tikhvine;Tikhvin;;Tikhvin;;;;;;;;;x
PROV1005;Боровичи;Borovitchi;Borovichi;;Borovichi;;;;;;;;;x
PROV1006;Псков;Pskov;Pskov;;Pskov;;;;;;;;;x
PROV1007;Великие Луки;Velikie Louki;Velikiye Luki;;Velikiie Luki;;;;;;;;;x
PROV1008;Москва;Moscou;Moskau;;Moscu;;;;;;;;;x
PROV1009;Бородино;Borodino;Borodino;;Borodino;;;;;;;;;x
PROV1010;Калуга;Kalouga;Kaluga;;Kaluga;;;;;;;;;x
PROV1011;Тула;Toula;Tula;;Tula;;;;;;;;;x
PROV1012;Рязань;Riazan;Ryazan;;Riazan;;;;;;;;;x
PROV1013;Владимир;Vladimir;Vladimir;;Vladimir;;;;;;;;;x
PROV1014;Вязьма;Viazma;Vyazma;;Vyaz’ma;;;;;;;;;x
PROV1015;Перемышль;Peremyshl;Peremyshl;;Peremyshl;;;;;;;;;x
PROV1016;Брянск;Briansk;Bryansk;;Briansk;;;;;;;;;x
PROV1017;Орел;Orel;Orel;;Orel;;;;;;;;;x
PROV1018;Белгород;Belgorod;Belgorod;;Belgorod;;;;;;;;;x
PROV1019;Воронец;Voronets;Voronets;;Voronets;;;;;;;;;x
PROV1020;Нижний Новгород;Nijni Novgorod;Nischni Nowgorod;;Nizhni Novgorod;;;;;;;;;x
PROV1021;Пенза;Penza;Penza;;Penza;;;;;;;;;x
PROV1022;Иваново;Ivanovo;Ivanovo;;Ivanovo;;;;;;;;;x
PROV1023;Косторма;Kostroma;Kostorma;;Kostorma;;;;;;;;;x
PROV1024;Галич;Galich;Galich;;Galich;;;;;;;;;x
PROV1025;Тамбов;Tambov;Tambov;;Tambov;;;;;;;;;x
PROV1026;Пермь;Perm;Perm;;Perm;;;;;;;;;x
PROV1027;Ветлуга;Vetlouga;Vetluga;;Vetluga;;;;;;;;;x
PROV1028;Вятха;Viatka;Vyatkha;;Vyatkha;;;;;;;;;x
PROV1029;Глазов;Glasov;Glasov;;Glazov;;;;;;;;;x
PROV1030;Казань;Kazan;Kazan;;Kazan;;;;;;;;;x
PROV1031;Сарапул;Sarapoul;Sarapul;;Sarapul;;;;;;;;;x
PROV1032;Чистополь;Tchistopol;Chistopol;;Chistopol;;;;;;;;;x
PROV1033;Симбирск;Simbirsk;Simbirsk;;Simbirsk;;;;;;;;;x
PROV1034;Самара;Samara;Samara;;Samara;;;;;;;;;x
PROV1035;Сызрань;Syzran;Syzran;;Sizran;;;;;;;;;x
PROV1036;Астрахань;Astrakan;Astrakhan;;Astracan;;;;;;;;;x
PROV1037;Саратов;Saratov;Saratov;;Saratov;;;;;;;;;x
PROV1038;Ново-Узенск;Novo Uzensk;Novo Uzensk;;Novo Uzensk;;;;;;;;;x
PROV1039;Царицын;Tsaritsyn;Tsaritsyn;;Tsaritsyn;;;;;;;;;x
PROV1040;Заревка;Zarevka;Zarevka;;Zarevka;;;;;;;;;x
PROV1041;Элица;Elista;Elitsa;;Elitsa;;;;;;;;;x
PROV1042;Уфа;Oufa;Ufa;;Ufa;;;;;;;;;x
PROV1043;Бузулук;Bouzoulouk;Busuluk;;Buzuluk;;;;;;;;;x
PROV1044;Оренбург;Orenbourg;Orenburg;;Oremburgo;;;;;;;;;x
PROV1045;Миголинская;Migolinskaya;Migolinskaya;;Migolinskaya;;;;;;;;;x
PROV1046;Чирская;Chirskaya;Chirskaya;;Chirskaya;;;;;;;;;x
PROV1047;Азов;Azov;Asow;;Azov;;;;;;;;;x
PROV1048;Екатеринодар;Ekaterinodar;Jekaterinodar;;Ekaterinodar;;;;;;;;;x
PROV1049;Новороссийск;Novorossiisk;Novorossiysk;;Novorossiysk;;;;;;;;;x
PROV1050;Ставрополь;Stavropol;Stavropol;;Stavropol;;;;;;;;;x
PROV1051;Адыгейский;Adygei;Adygei;;Adygei;;;;;;;;;x
PROV1052;Дербент;Derbent;Derbent;;Derbent;;;;;;;;;x
PROV1053;Гуниб;Gunib;Gunib;;Gunib;;;;;;;;;x
PROV1054;Владикавказ;Vladikavkaz;Vladikavkaz;;Vladikavkaz;;;;;;;;;x
PROV1055;Грозный;Grozny;Grozny;;Grozni;;;;;;;;;x
PROV1056;Пятигорск;Pyatigorsk;Pyatigorsk;;Piatigorsk;;;;;;;;;x
PROV1057;Кизыляр;Kizylyar;Kizylyar;;Kizylyar;;;;;;;;;x
PROV1058;Екатеринбург;Ekaterinbourg;Jekaterinburg;;Ekaterimburgo;;;;;;;;;x
PROV1059;Челябинск;Tcheliabinsk;Chelyabinsk;;Cheliabinsk;;;;;;;;;x
PROV1060;Орск;Orsk;Orsk;;Orsk;;;;;;;;;x
PROV1061;Тюмень;Tioumen;Tyumen;;Tyumen;;;;;;;;;x
PROV1062;Березов;Berezov;Berezov;;Berezov;;;;;;;;;x
PROV1063;Томск;Tomsk;Tomsk;;Tomsk;;;;;;;;;x
PROV1064;Омск;Omsk;Omsk;;Omsk;;;;;;;;;x
PROV1065;Нижневартовск;Nizhnevartovsk;Nizhnevartovsk;;Nizhnevartovsk;;;;;;;;;x
PROV1066;Тобольск;Tobolsk;Tobolsk;;Tobolsk;;;;;;;;;x
PROV1067;Барнаул;Barnaul;Barnaul;;Barnaul;;;;;;;;;x
PROV1068;Улала;Ulala;Ulala;;Ulala;;;;;;;;;x
PROV1069;Вилюйск;Vilyuysk;Vilyuysk;;Vilyuysk;;;;;;;;;x
PROV1070;Брянка;Bryanka;Bryanka;;Bryanka;;;;;;;;;x
PROV1071;Бытантайск;Bytantaysk;Bytantaysk;;Bytantaysk;;;;;;;;;x
PROV1072;Охотск;Okhotsk;Okhotsk;;Ojotsk;;;;;;;;;x
PROV1073;Евенск;Yevensk;Yevensk;;Yevensk;;;;;;;;;x
PROV1074;Петропавловск;Petropavlovsk;Petropawlowsk;;Petropavlovsk;;;;;;;;;x
PROV1075;Иркутск;Irkoutsk;Irkutsk;;Irkutsk;;;;;;;;;x
PROV1076;Братск;Bratsk;Bratsk;;Bratsk;;;;;;;;;x
PROV1077;Красноярск;Krasnoiarsk;Krasnoyarsk;;Krasnoyarsk;;;;;;;;;x
PROV1078;Чита;Chita;Chita;;Chita;;;;;;;;;x
PROV1079;Нерчинск;Nerchinsk;Nerchinsk;;Nerchinsk;;;;;;;;;x
PROV1080;Черномин;Chernomin;Chernomin;;Chernomin;;;;;;;;;x
PROV1081;Якса;Yaksa;Yaksa;;Yaksa;;;;;;;;;x
PROV1082;Хайшенвай;Haishenwai;Haishenwai;;Haishenwai;;;;;;;;;x
PROV1083;Боли;Boli;Boli;;Boli;;;;;;;;;x
PROV1084;Утчан;Utchan;Utchan;;Utchan;;;;;;;;;x
PROV1085;Улусамудан;Ulusamudan;Ulusamudan;;Ulusamudan;;;;;;;;;x
PROV1086;Погоби;Pogobi;Pogobi;;Pogobi;;;;;;;;;x
PROV1087;Оотомари;Ootomari;Otomari;;Ootomari;;;;;;;;;x
PROV1088;Шумшу;Shumshu;Shumshu;;Shumshu;;;;;;;;;x
PROV1089;Эторофу;Etorofu;Etorofu;;Etorofu;;;;;;;;;x
PROV1090;Тбилиси;Tbillisi;Tiflis;;Tbilisi;;;;;;;;;x
PROV1091;Пасанаури;Pasanauri;Pasanauri;;Pasanauri;;;;;;;;;x
PROV1092;Кутаиси;Kutaisi;Kutaisi;;Kutaisi;;;;;;;;;x
PROV1093;Ахалцихе;Akhaltsikhe;Akhaltsikhe;;Akhaltsikhe;;;;;;;;;x
PROV1094;Поти;Poti;Poti;;Poti;;;;;;;;;x
PROV1095;Сухуми;Sukhumi;Sukhumi;;Sukhumi;;;;;;;;;x
PROV1096;Батум;Batum;Batum;;Batum;;;;;;;;;x
PROV1097;Новая Каледония;Nouvelle-Caledonie;Neukaledonien;;Nueva Caledonia;;;;;;;;;x
PROV1098;Эривань;Erevan;Eriwan;;Erivan;;;;;;;;;x
PROV1099;Гюмри;Gyumri;Gyumri;;Gyumri;;;;;;;;;x
PROV1100;Капан;Kapan;Kapan;;Kapan;;;;;;;;;x
PROV1101;Нахичевань;Nakhitchevan;Nakhichevan;;Nakhichevan;;;;;;;;;x
PROV1102;Баку;Baku;Baku;;Baku;;;;;;;;;x
PROV1103;Сиязен;Siyazen;Siyazen;;Siyazen;;;;;;;;;x
PROV1104;Шеки;Sheki;Sheki;;Sheki;;;;;;;;;x
PROV1105;Гянджа;Ganja;Ganja;;Ganja;;;;;;;;;x
PROV1106;Агдам;Agdam;Agdam;;Agdam;;;;;;;;;x
PROV1107;Ленкорань;Lankaran;Lankaran;;Lankaran;;;;;;;;;x
PROV1108;Тебриз;Tabriz;Tabriz;;Tabriz;;;;;;;;;x
PROV1109;Хвой;Khvoy;Khvoy;;Jvoy;;;;;;;;;x
PROV1110;Урумия;Urumia;Urumia;;Urumia;;;;;;;;;x
PROV1111;Махабад;Mahabad;Mahabad;;Mahabad;;;;;;;;;x
PROV1112;Ардебиль;Ardabil;Ardabil;;Ardebil;;;;;;;;;x
PROV1113;Рашт;Rasht;Rasht;;Rasht;;;;;;;;;x
PROV1114;Ношехр;Noshehr;Noshehr;;Noshehr;;;;;;;;;x
PROV1115;Сари;Sari;Sari;;Sari;;;;;;;;;x
PROV1116;Горган;Gorgan;Gorgan;;Gorgan;;;;;;;;;x
PROV1117;Керманшах;Kermanshah;Kermanshah;;Kermanshah;;;;;;;;;x
PROV1118;Санандадж;Sanandaj;Sanandaj;;Sanandaj;;;;;;;;;x
PROV1119;Илам;Ilam;Ilam;;Ilam;;;;;;;;;x
PROV1120;Хорамабад;Khoramabad;Khoramabad;;Khoramabad;;;;;;;;;x
PROV1121;Тегеран;Teheran;Teheran;;Tehran;;;;;;;;;x
PROV1122;Хамадан;Hamadan;Hamadan;;Hamadan;;;;;;;;;x
PROV1123;Зенджан;Zanjan;Zanjan;;Zanjan;;;;;;;;;x
PROV1124;Казвин;Qazvin;Qazvin;;Qazvin;;;;;;;;;x
PROV1125;Кум;Qom;Qom;;Qom;;;;;;;;;x
PROV1126;Семнан;Semnan;Semnan;;Semnan;;;;;;;;;x
PROV1127;Исфахан;Ispahan;Isfahan;;Isfahan;;;;;;;;;x
PROV1128;Арак;Arak;Arak;;Arak;;;;;;;;;x
PROV1129;Кашан;Kashan;Kashan;;Kashan;;;;;;;;;x
PROV1130;Йезд;Yazd;Yazd;;Yazd;;;;;;;;;x
PROV1131;Ахваз;Ahvaz;Ahvaz;;Ahvaz;;;;;;;;;x
PROV1132;Абадан;Abadan;Abadan;;Abadan;;;;;;;;;x
PROV1133;Дезфул;Dezful;Dezful;;Dezful;;;;;;;;;x
PROV1134;Дехкорд;Dehkord;Dehkord;;Dehkord;;;;;;;;;x
PROV1135;Шираз;Shiraz;Shiraz;;Shiraz;;;;;;;;;x
PROV1136;Бушир;Bushire;Bushire;;Bushire;;;;;;;;;x
PROV1137;Ясудж;Yasuj;Yasuj;;Yasuj;;;;;;;;;x
PROV1138;Канган;Kangan;Kangan;;Kangan;;;;;;;;;x
PROV1139;Сирджан;Sirjan;Sirjan;;Sirjan;;;;;;;;;x
PROV1140;Керман;Kerman;Kerman;;Kerman;;;;;;;;;x
PROV1141;Ленгех;Lengeh;Lengeh;;Lengeh;;;;;;;;;x
PROV1142;Бандар-Аббас;Bandar Abbas;Bandar Abbas;;Bandar-e 'Abbas;;;;;;;;;x
PROV1143;Бам;Bam;Bam;;Bam;;;;;;;;;x
PROV1144;Захедан;Zahedan;Zahedan;;Zahedan;;;;;;;;;x
PROV1145;Джаск;Jask;Jask;;Jask;;;;;;;;;x
PROV1146;Чабахар;Chabahar;Chabahar;;Chabahar;;;;;;;;;x
PROV1147;Мешхед;Mashhad;Mashhad;;Mashhad;;;;;;;;;x
PROV1148;Бирджанд;Birjand;Birjand;;Birjand;;;;;;;;;x
PROV1149;Сабзевар;Sabzevar;Sabzevar;;Sabzevar;;;;;;;;;x
PROV1150;Боджнурд;Bojnurd;Bojnurd;;Bojnurd;;;;;;;;;x
PROV1151;Мекка;La Mecque;Mecca;;La Meca;;;;;;;;;x
PROV1152;Джидда;Jidda;Jidda;;Jidda;;;;;;;;;x
PROV1153;Медина;Medina;Medina;;Medina;;;;;;;;;x
PROV1154;Табук;Tabuk;Tabuk;;Tabuk;;;;;;;;;x
PROV1155;Абха;Abha;Abha;;Abha;;;;;;;;;x
PROV1156;Каф;Kaf;Kaf;;Kaf;;;;;;;;;x
PROV1157;Эр-Рияд;Riyadh;Riyadh;;Riad;;;;;;;;;x
PROV1158;Рафха;Rafha;Rafha;;Rafha;;;;;;;;;x
PROV1159;Халабан;Halaban;Halaban;;Halaban;;;;;;;;;x
PROV1160;Град;Hail;Hail;;Hail;;;;;;;;;x
PROV1161;Шарура;Sharurah;Sharurah;;Sharurah;;;;;;;;;x
PROV1162;Бахрейн;Bahrein;Bahrain;;Bahrain;;;;;;;;;x
PROV1163;Катиф;Qatif;Qatif;;Qatif;;;;;;;;;x
PROV1164;Хуфуф;Hufuf;Hufuf;;Hufuf;;;;;;;;;x
PROV1165;Доха;Doha;Doha;;Doha;;;;;;;;;x
PROV1166;Маскат;Mascate;Muscat;;Muscat;;;;;;;;;x
PROV1167;Абу-Даби;Abu Dhabi;Abu Dhabi;;Abu Dhabi;;;;;;;;;x
PROV1168;Дубай;Dubai;Dubai;;Dubai;;;;;;;;;x
PROV1169;Сохар;Sohar;Sohar;;Sohar;;;;;;;;;x
PROV1170;Низва;Nizwa;Nizwa;;Nizwa;;;;;;;;;x
PROV1171;Сур;Sur;Sur;;Sur;;;;;;;;;x
PROV1172;Дукм;Duqm;Duqm;;Duqm;;;;;;;;;x
PROV1173;Мукалла;Mukalla;Mukalla;;Mukalla;;;;;;;;;x
PROV1174;Салала;Salalah;Salalah;;Salalah;;;;;;;;;x
PROV1175;Гайда;Ghayda;Ghayda;;Ghayda;;;;;;;;;x
PROV1176;Байда;Bayda;Bayda;;Bayda;;;;;;;;;x
PROV1177;Сокотра;Socotra;Socotra;;Socotra;;;;;;;;;x
PROV1178;Сана;Sanaa;Sana;;Sana;;;;;;;;;x
PROV1179;Ходейда;Hodeida;Hodeida;;Hodeida;;;;;;;;;x
PROV1180;Таизз;Taizz;Taizz;;Taizz;;;;;;;;;x
PROV1181;Караганда;Qaraganda;Qaraganda;;Qaraganda;;;;;;;;;x
PROV1182;Гурьев;Guryev;Guryev;;Gureiev;;;;;;;;;x
PROV1183;Актобе;Aqtobe;Aqtobe;;Aqtobe;;;;;;;;;x
PROV1184;Кокшетау;Kokshetau;Kokshetau;;Kokshetau;;;;;;;;;x
PROV1185;Яси;Yasi;Yasi;;Yasi;;;;;;;;;x
PROV1186;Алма-Ата;Alma Ata;Alma Ata;;Alma Ata;;;;;;;;;x
PROV1187;Семипалатинск;Semipalatinsk;Semipalatinsk;;Semipalatinsk;;;;;;;;;x
PROV1188;Каратал;Qaratal;Qaratal;;Qaratal;;;;;;;;;x
PROV1189;Бишкек;Bishkek;Bishkek;;Bishkek;;;;;;;;;x
PROV1190;Нарын;Naryn;Naryn;;Naryn;;;;;;;;;x
PROV1191;Хива;Khiva;Khiva;;Khiva;;;;;;;;;x
PROV1192;Нукус;Nukus;Nukus;;Nukus;;;;;;;;;x
PROV1193;Кызылорда;Kyzylorda;Kyzylorda;;Kyzylorda;;;;;;;;;x
PROV1194;Актау;Aktau;Aqtau;;Aqtau;;;;;;;;;x
PROV1195;Ташкент;Tashkent;Tashkent;;Tashkent;;;;;;;;;x
PROV1196;Дашховуз;Dashhowuz;Dashhowuz;;Dashhowuz;;;;;;;;;x
PROV1197;Шымкент;Shymkent;Shymkent;;Shymkent;;;;;;;;;x
PROV1198;Бухара;Boukhara;Buchara;;Bukhara;;;;;;;;;x
PROV1199;Самарканд;Samarkand;Samarkand;;Samarcanda;;;;;;;;;x
PROV1200;Карши;Qarshi;Qarshi;;Qarshi;;;;;;;;;x
PROV1201;Худжанд;Khojand;Khojand;;Khojand;;;;;;;;;x
PROV1202;Коканд;Kokand;Kokand;;Kokand;;;;;;;;;x
PROV1203;Ош;Osh;Osh;;Osh;;;;;;;;;x
PROV1204;Ашхабад;Ashgabat;Ashkhabad;;Ashkhabad;;;;;;;;;x
PROV1205;Кызыл Арват;Kyzyl Arvat;Kyzyl Arvat;;Kyzyl Arvat;;;;;;;;;x
PROV1206;Мерв;Merv;Merv;;Merv;;;;;;;;;x
PROV1207;Куляб;Kulob;Kulob;;Kulob;;;;;;;;;x
PROV1208;Хорог;Khorog;Khorug;;Khorug;;;;;;;;;x
PROV1209;Кабул;Kabul;Kabul;;Kabul;;;;;;;;;x
PROV1210;Файзабад;Faizabad;Faizabad;;Faizabad;;;;;;;;;x
PROV1211;Балх;Balkh;Balkh;;Balkh;;;;;;;;;x
PROV1212;Герат;Herat;Herat;;Herat;;;;;;;;;x
PROV1213;Бамиан;Bamyan;Bamyan;;Bamyan;;;;;;;;;x
PROV1214;Фарра;Farrah;Farrah;;Farrah;;;;;;;;;x
PROV1215;Кандагар;Kandahar;Kandahar;;Kandahar;;;;;;;;;x
PROV1216;Джелалабад;Jalalabad;Jalalabad;;Jalalabad;;;;;;;;;x
PROV1217;Газни;Ghazni;Ghazni;;Ghazni;;;;;;;;;x
PROV1218;Пешавар;Peshawar;Peshawar;;Peshawar;;;;;;;;;x
PROV1219;Кветта;Quetta;Quetta;;Quetta;;;;;;;;;x
PROV1220;Далбандин;Dalbandin;Dalbandin;;Dalbandin;;;;;;;;;x
PROV1221;Калат;Kalat;Kalat;;Kalat;;;;;;;;;x
PROV1222;Бела;Bela;Bela;;Bela;;;;;;;;;x
PROV1223;Читрал;Chitral;Chitral;;Chitral;;;;;;;;;x
PROV1224;Шринагар;Srinagar;Srinagar;;Srinagar;;;;;;;;;x
PROV1225;Гилгит;Gilgit;Gilgit;;Gilgit;;;;;;;;;x
PROV1226;Лех;Leh;Leh;;Leh;;;;;;;;;x
PROV1227;Лахор;Lahore;Lahore;;Lahore;;;;;;;;;x
PROV1228;Мултан;Multan;Multan;;Multan;;;;;;;;;x
PROV1229;Сиалкот;Sialkot;Sialkot;;Sialkot;;;;;;;;;x
PROV1230;Атток;Attock;Attock;;Attock;;;;;;;;;x
PROV1231;Бахавалпур;Bahawalpur;Bahawalpur;;Bahawalpur;;;;;;;;;x
PROV1232;Шахпур;Shahpur;Shahpur;;Shahpur;;;;;;;;;x
PROV1233;Амритсар;Amritsar;Amritsar;;Amritsar;;;;;;;;;x
PROV1234;Фирозпур;Firozpur;Firozpur;;Firozpur;;;;;;;;;x
PROV1235;Симла;Simla;Simla;;Simla;;;;;;;;;x
PROV1236;Дели;Delhi;Delhi;;Delhi;;;;;;;;;x
PROV1237;Панипат;Panipat;Panipat;;Panipat;;;;;;;;;x
PROV1238;Дехра Дун;Dehra Dun;Dehra Dun;;Dehra Dun;;;;;;;;;x
PROV1239;Мирут;Meerut;Meerut;;Meerut;;;;;;;;;x
PROV1240;Агра;Agra;Agra;;Agra;;;;;;;;;x
PROV1241;Канпур;Cawnpore;Cawnpore;;Kanpur;;;;;;;;;x
PROV1242;Лакхнау;Lucknow;Lucknow;;Lucknow;;;;;;;;;x
PROV1243;Аллахабад;Allahabad;Allahabad;;Allahabad;;;;;;;;;x
PROV1244;Файзабад;Fyzabad;Fyzabad;;Fyzabad;;;;;;;;;x
PROV1245;Бенарес;Benares;Benares;;Benares;;;;;;;;;x
PROV1246;Горакхпур;Gorakhpur;Gorakhpur;;Gorakhpur;;;;;;;;;x
PROV1247;Патна;Patna;Patna;;Patna;;;;;;;;;x
PROV1248;Гая;Gaya;Gaya;;Gaya;;;;;;;;;x
PROV1249;Харсвари;Kharswari;Kharswari;;Kharswari;;;;;;;;;x
PROV1250;Бхагалпур;Bhagalpur;Bhagalpur;;Bhagalpur;;;;;;;;;x
PROV1251;Калькутта;Calcutta;Calcutta;;Calcuta;;;;;;;;;x
PROV1252;Дарджилинг;Darjeeling;Darjeeling;;Darjiling;;;;;;;;;x
PROV1253;Бардван;Bardwan;Bardwan;;Bardwan;;;;;;;;;x
PROV1254;Дакка;Dacca;Dacca;;Dhaka;;;;;;;;;x
PROV1255;Раджшахи;Rajshahi;Rajshahi;;Rajshahi;;;;;;;;;x
PROV1256;Джессор;Jessore;Jessore;;Jessore;;;;;;;;;x
PROV1257;Читтагонг;Chittagong;Chittagong;;Chittagong;;;;;;;;;x
PROV1258;Гаухати;Gauhati;Gauhati;;Gauhati;;;;;;;;;x
PROV1259;Импхал;Imphal;Imphal;;Imphal;;;;;;;;;x
PROV1260;Дибругарх;Dibrugarh;Dibrugarh;;Dibrugarh;;;;;;;;;x
PROV1261;Каттак;Cuttack;Cuttack;;Cuttack;;;;;;;;;x
PROV1262;Кеунйахр;Keunjahr;Keunjahr;;Keunjahr;;;;;;;;;x
PROV1263;Самбалпур;Sambalpur;Sambalpur;;Sambalpur;;;;;;;;;x
PROV1264;Аджмер;Ajmer;Ajmer;;Ajmer;;;;;;;;;x
PROV1265;Джайсалмер;Jaisalmer;Jaisalmer;;Jaisalmer;;;;;;;;;x
PROV1266;Джодхпур;Jodhpur;Jodhpur;;Jodhpur;;;;;;;;;x
PROV1267;Биканер;Bikaner;Bikaner;;Bikaner;;;;;;;;;x
PROV1268;Джайпур;Jaipur;Jaipur;;Jaipur;;;;;;;;;x
PROV1269;Удайпур;Udaipur;Udaipur;;Udaipur;;;;;;;;;x
PROV1270;Гвалиор;Gwalior;Gwalior;;Gwalior;;;;;;;;;x
PROV1271;Индор;Indore;Indore;;Indore;;;;;;;;;x
PROV1272;Бхопал;Bhopal;Bhopal;;Bhopal;;;;;;;;;x
PROV1273;Чхатарпур;Chhatarpur;Chhatarpur;;Chhatarpur;;;;;;;;;x
PROV1274;Рева;Rewa;Rewa;;Rewa;;;;;;;;;x
PROV1275;Джуббулпур;Jubbulpore;Jubbulpore;;Jubbulpore;;;;;;;;;x
PROV1276;Хошангабад;Hoshangabad;Hoshangabad;;Hoshangabad;;;;;;;;;x
PROV1277;Нагпур;Nagpur;Nagpur;;Nagpur;;;;;;;;;x
PROV1278;Амарати;Amarati;Amarati;;Amarati;;;;;;;;;x
PROV1279;Джагдалпур;Jagdalpur;Jagdalpur;;Jagdalpur;;;;;;;;;x
PROV1280;Райпур;Raipur;Raipur;;Raipur;;;;;;;;;x
PROV1281;Биласпур;Bilaspur;Bilaspur;;Bilaspur;;;;;;;;;x
PROV1282;Райгарх;Raigarh;Raigarh;;Raigarh;;;;;;;;;x
PROV1283;Хайдарабад;Hyderabad;Hyderabad;;Hyderabad;;;;;;;;;x
PROV1284;Аурангабад;Aurangabad;Aurangabad;;Aurangabad;;;;;;;;;x
PROV1285;Низамабад;Nizamabad;Nizamabad;;Nizamabad;;;;;;;;;x
PROV1286;Гулбарга;Gulbarga;Gulbarga;;Gulbarga;;;;;;;;;x
PROV1287;Варангал;Warangal;Warangal;;Warangal;;;;;;;;;x
PROV1288;Карачи;Karachi;Karachi;;Karachi;;;;;;;;;x
PROV1289;Суккур;Sukkur;Sukkur;;Sukkur;;;;;;;;;x
PROV1290;Умаркот;Umarkot;Umarkot;;Umarkot;;;;;;;;;x
PROV1291;Ахмадабад;Ahmedabad;Ahmedabad;;Ahmedabad;;;;;;;;;x
PROV1292;Раджкот;Rajkot;Rajkot;;Rajkot;;;;;;;;;x
PROV1293;Мандви;Mandvi;Mandvi;;Mandvi;;;;;;;;;x
PROV1294;Патан;Patan;Patan;;Patan;;;;;;;;;x
PROV1295;Барода;Baroda;Baroda;;Baroda;;;;;;;;;x
PROV1296;Сурат;Surat;Surat;;Surat;;;;;;;;;x
PROV1297;Бомбей;Bombay;Bombay;;Bombay;;;;;;;;;x
PROV1298;Насик;Nasik;Nasik;;Nasik;;;;;;;;;x
PROV1299;Пуна;Poona;Poona;;Poona;;;;;;;;;x
PROV1300;Биджапур;Bijapur;Bijapur;;Bijapur;;;;;;;;;x
PROV1301;Колхапур;Kolhapur;Kolhapur;;Kolhapur;;;;;;;;;x
PROV1302;Белгаум;Belgaum;Belgaum;;Belgaum;;;;;;;;;x
PROV1303;Гоа;Goa;Goa;;Goa;;;;;;;;;x
PROV1304;Мадрас;Madras;Madras;;Madras;;;;;;;;;x
PROV1305;Визагапатнам;Vizagapatnam;Vizagapatnam;;Vizagapatnam;;;;;;;;;x
PROV1306;Масулипатнам;Masulipatnam;Masulipatnam;;Masulipatnam;;;;;;;;;x
PROV1307;Неллоре;Nellore;Nellore;;Nellore;;;;;;;;;x
PROV1308;Курнул;Kurnool;Kurnool;;Kurnool;;;;;;;;;x
PROV1309;Танджор;Tanjore;Tanjore;;Tanjore;;;;;;;;;x
PROV1310;Мадурай;Madurai;Madurai;;Madurai;;;;;;;;;x
PROV1311;Коимбатур;Coimbatore;Coimbatore;;Coimbatore;;;;;;;;;x
PROV1312;Пондичерри;Pondichery;Pondicherry;;Pondicherry;;;;;;;;;x
PROV1313;Бангалор;Bangalore;Bangalore;;Bangalore;;;;;;;;;x
PROV1314;Майсур;Mysore;Mysore;;Mysore;;;;;;;;;x
PROV1315;Читалдруг;Chitaldroog;Chitaldroog;;Chitaldroog;;;;;;;;;x
PROV1316;Мангалор;Mangalore;Mangalore;;Mangalore;;;;;;;;;x
PROV1317;Каликут;Calicut;Calicut;;Calicut;;;;;;;;;x
PROV1318;Кочин;Cochin;Cochin;;Cochin;;;;;;;;;x
PROV1319;Тривандрум;Trivandrum;Trivandrum;;Trivandrum;;;;;;;;;x
PROV1320;Андаманские острова;Iles Andaman;Andaman-Inseln;;Islas Andaman;;;;;;;;;x
PROV1321;Коломбо;Colombo;Colombo;;Colombo;;;;;;;;;x
PROV1322;Джафна;Jaffna;Jaffna;;Jaffna;;;;;;;;;x
PROV1323;Канди;Kandy;Kandy;;Kandy;;;;;;;;;x
PROV1324;Тринкомали;Trincomalee;Trincomalee;;Trincomalee;;;;;;;;;x
PROV1325;Мальдивы;Maldives;Maldives;;Maldives;;;;;;;;;x
PROV1326;Катманду;Katmandou;Katmandu;;Katmandu;;;;;;;;;x
PROV1327;Джумла;Jumla;Jumla;;Jumla;;;;;;;;;x
PROV1328;Тумлонг;Tumlong;Tumlong;;Tumlong;;;;;;;;;x
PROV1329;Тхимпху;Thimpu;Thimpu;;Thimpu;;;;;;;;;x
PROV1330;Рангун;Rangoon;Rangoon;;Rangun;;;;;;;;;x
PROV1331;Бассейн;Bassein;Bassein;;Bassein;;;;;;;;;x
PROV1332;Пегу;Pegu;Pegu;;Pegu;;;;;;;;;x
PROV1333;Таунгу;Toungoo;Toungoo;;Toungoo;;;;;;;;;x
PROV1334;Ава;Ava;Ava;;Ava;;;;;;;;;x
PROV1335;Кьяуксе;Kyaukse;Kyaukse;;Kyaukse;;;;;;;;;x
PROV1336;Магве;Magwe;Magwe;;Magwe;;;;;;;;;x
PROV1337;Проме;Prome;Prome;;Pye;;;;;;;;;x
PROV1338;Таунгджи;Taunggyi;Taunggyi;;Taunggyi;;;;;;;;;x
PROV1339;Хака;Haka;Haka;;Haka;;;;;;;;;x
PROV1340;Лашио;Lashio;Lashio;;Lashio;;;;;;;;;x
PROV1341;Путао;Putao;Putao;;Putao;;;;;;;;;x
PROV1342;Мьичина;Myitkyina;Myitkyina;;Myitkyina;;;;;;;;;x
PROV1343;Молмейн;Moulmein;Moulmein;;Moulmein;;;;;;;;;x
PROV1344;Мергуи;Mergui;Mergui;;Mergui;;;;;;;;;x
PROV1345;Ситтве;Sittwe;Sittwe;;Sittwe;;;;;;;;;x
PROV1346;Бангкок;Bangkok;Bangkok;;Bangkok;;;;;;;;;x
PROV1347;Лопбури;Lopburi;Lopburi;;Lopburi;;;;;;;;;x
PROV1348;Накхон Саван;Nakhon Sawan;Nakhon Sawan;;Najon Sawan;;;;;;;;;x
PROV1349;Сукхотай;Sukhothai;Sukhothai;;Sukhothai;;;;;;;;;x
PROV1350;Накхонратчасима;Nakhon Ratchasima;Nakhon Ratchasima;;Najon Ratchasima;;;;;;;;;x
PROV1351;Прачинбури;Prachinburi;Prachinburi;;Prachinburi;;;;;;;;;x
PROV1352;Пхукет;Phuket;Phuket;;Phuket;;;;;;;;;x
PROV1353;Ратчабури;Ratchaburi;Ratchaburi;;Ratchaburi;;;;;;;;;x
PROV1354;Накхонситхаммарат;Nakhon Si Thammarat;Nakhon Si Thammarat;;Nakhon Si Thammarat;;;;;;;;;x
PROV1355;Чиангмай;Chiang Mai;Chiang Mai;;Chiang Mai;;;;;;;;;x
PROV1356;Луангпрабанг;Luang Prabang;Luang Prabang;;Luang Prabang;;;;;;;;;x
PROV1357;Вьентьян;Vientiane;Vientiane;;Vientian;;;;;;;;;x
PROV1358;Удонтхани;Udon Thani;Udon Thani;;Udon Thani;;;;;;;;;x
PROV1359;Сисакет;Sisaket;Sisaket;;Sisaket;;;;;;;;;x
PROV1360;Сянгабули;Xiangabouli;Xiangabouli;;Xiangabouli;;;;;;;;;x
PROV1361;Саваннакхет;Savannakhet;Savannakhet;;Savannakhet;;;;;;;;;x
PROV1362;Салаван;Salavan;Salavan;;Salavan;;;;;;;;;x
PROV1363;Пакче;Pakche;Pakche;;Pakche;;;;;;;;;x
PROV1364;Удонг;Oudong;Oudong;;Oudong;;;;;;;;;x
PROV1365;Чантабури;Chanthaburi;Chanthaburi;;Chanthaburi;;;;;;;;;x
PROV1366;Баттамбанг;Battambang;Battambang;;Batdambang;;;;;;;;;x
PROV1367;Кампот;Kampot;Kampot;;Kampot;;;;;;;;;x
PROV1368;Стонтренг;Stongtreng;Stongtreng;;Stongtreng;;;;;;;;;x
PROV1369;Ханой;Hanoi;Hanoi;;Hanoi;;;;;;;;;x
PROV1370;Хайфон;Hai Phong;Hai Phong;;Hai Phong;;;;;;;;;x
PROV1371;Као Банг;Cao Bang;Cao Bang;;Cao Bang;;;;;;;;;x
PROV1372;Сон Ла;Son La;Son La;;Son La;;;;;;;;;x
PROV1373;Ланг Сон;Lang Son;Lang Son;;Lang Son;;;;;;;;;x
PROV1374;Тхань Хоа;Thanh Hoa;Thanh Hoa;;Thanh Hoa;;;;;;;;;x
PROV1375;Оттенок;Hue;Hue;;Hue;;;;;;;;;x
PROV1376;Винь;Vinh;Vinh;;Vinh;;;;;;;;;x
PROV1377;Туран;Tourane;Tourane;;Tourane;;;;;;;;;x
PROV1378;Плейку;Pleiku;Pleiku;;Pleiku;;;;;;;;;x
PROV1379;Куинхон;Qui Nhon;Qui Nhon;;Qui Nhon;;;;;;;;;x
PROV1380;Сайгон;Saigon;Saigon;;Saigon;;;;;;;;;x
PROV1381;Донг-Куай;Dong Quai;Dong Quai;;Dong Quai;;;;;;;;;x
PROV1382;Хатиен;Hatien;Hatien;;Haitien;;;;;;;;;x
PROV1383;Виньлонг;Vinh Long;Vinhlong;;Vinhlong;;;;;;;;;x
PROV1384;Сингапур;Singapour;Singapur;;Singapur;;;;;;;;;x
PROV1385;Джохор-Бару;Johor Bahru;Johor Bahru;;Johor Bahru;;;;;;;;;x
PROV1386;Малакка;Malacca;Malacca;;Melaka;;;;;;;;;x
PROV1387;Куала-Лумпур;Kuala Lumpur;Kuala Lumpur;;Kuala Lumpur;;;;;;;;;x
PROV1388;Пенанг;Penang;Penang;;Penang;;;;;;;;;x
PROV1389;Алор Сетар;Alor Setar;Alor Setar;;Alor Setar;;;;;;;;;x
PROV1390;Куантан;Kuantan;Kuantan;;Kuantan;;;;;;;;;x
PROV1391;Кота-Бару;Kota Bahru;Kota Bahru;;Kota Bahru;;;;;;;;;x
PROV1392;Паттани;Pattani;Pattani;;Pattani;;;;;;;;;x
PROV1393;Бруней;Bruneien;Brunei;;Brunei;;;;;;;;;x
PROV1394;Кучинг;Kuching;Kuching;;Kuching;;;;;;;;;x
PROV1395;Бинтулу;Bintulu;Bintulu;;Bintulu;;;;;;;;;x
PROV1396;Апи;Api;Api;;Api;;;;;;;;;x
PROV1397;Сандакан;Sandakan;Sandakan;;Sandakan;;;;;;;;;x
PROV1398;Джамби;Jambi;Jambi;;Jambi;;;;;;;;;x
PROV1399;Палембанг;Palembang;Palembang;;Palembang;;;;;;;;;x
PROV1400;Индерагири;Inderagiri;Inderagiri;;Inderagiri;;;;;;;;;x
PROV1401;Сиак;Siak;Siak;;Siak;;;;;;;;;x
PROV1402;Танджунгпинанг;Tanjungpinang;Tanjungpinang;;Tanjungpinang;;;;;;;;;x
PROV1403;Лампунг;Lampung;Lampung;;Lampung;;;;;;;;;x
PROV1404;Палак Пинанг;Palak Pinang;Palak Pinang;;Palak Pinang;;;;;;;;;x
PROV1405;Банда Ачех;Banda Aceh;Banda Aceh;;Banda Aceh;;;;;;;;;x
PROV1406;Медан;Medan;Medan;;Medan;;;;;;;;;x
PROV1407;Тапактуан;Tapaktuan;Tapaktuan;;Tapaktuan;;;;;;;;;x
PROV1408;Паданг;Padang;Padang;;Padang;;;;;;;;;x
PROV1409;Сиболга;Sibolga;Sibolga;;Sibolga;;;;;;;;;x
PROV1410;Бенкулен;Bencoolen;Bencoolen;;Bencoolen;;;;;;;;;x
PROV1411;Гунунгситоли;Gunungsitoli;Gunungsitoli;;Gunungsitoli;;;;;;;;;x
PROV1412;Аден;Aden;Aden;;Aden;;;;;;;;;x
PROV1413;Батавия;Batavia;Batavia;;Batavia;;;;;;;;;x
PROV1414;Богор;Bogor;Bogor;;Bogor;;;;;;;;;x
PROV1415;Чиребон;Cirebon;Cirebon;;Cirebon;;;;;;;;;x
PROV1416;Джокьякарта;Yogyakarta;Yogyakarta;;Yogyakarta;;;;;;;;;x
PROV1417;Семаранг;Semarang;Semarang;;Semarang;;;;;;;;;x
PROV1418;Сурабая;Surabaya;Surabaya;;Surabaya;;;;;;;;;x
PROV1419;Суракарта;Surakarta;Surakarta;;Surakarta;;;;;;;;;x
PROV1420;Проболинго;Probolinggo;Probolinggo;;Probolinggo;;;;;;;;;x
PROV1421;Мадура;Madura;Madura;;Madura;;;;;;;;;x
PROV1422;Муралеве;Muraleve;Muraleve;;Muraleve;;;;;;;;;x
PROV1423;Банджармасин;Banjarmasin;Banjarmasin;;Banjarmasin;;;;;;;;;x
PROV1424;Пасир;Pasir;Pasir;;Pasir;;;;;;;;;x
PROV1425;Таракан;Tarakan;Tarakan;;Tarakan;;;;;;;;;x
PROV1426;Понтианак;Pontianak;Pontianak;;Pontianak;;;;;;;;;x
PROV1427;Кота Варингин;Kota Waringin;Kota Waringin;;Kota Waringin;;;;;;;;;x
PROV1428;Синтанг;Sintang;Sintang;;Sintang;;;;;;;;;x
PROV1429;Самаринда;Samarinda;Samarinda;;Samarinda;;;;;;;;;x
PROV1430;Макассар;Makassar;Makassar;;Makassar;;;;;;;;;x
PROV1431;Кость;Bone;Bone;;Bone;;;;;;;;;x
PROV1432;Мамуджу;Mamuju;Mamuju;;Mamuju;;;;;;;;;x
PROV1433;Менадо;Menado;Menado;;Menado;;;;;;;;;x
PROV1434;Лювук;Luwuk;Luwuk;;Luwuk;;;;;;;;;x
PROV1435;Палу;Palu;Palu;;Palu;;;;;;;;;x
PROV1436;Кендари;Kendari;Kendari;;Kendari;;;;;;;;;x
PROV1437;Булон;Bulon;Bulon;;Bulon;;;;;;;;;x
PROV1438;Бали;Bali;Bali;;Bali;;;;;;;;;x
PROV1439;Флорес;Flores;Flores;;Flores;;;;;;;;;x
PROV1440;Сумбава;Sumbawa;Sumbawa;;Sumbawa;;;;;;;;;x
PROV1441;Сумба;Sumba;Sumba;;Sumba;;;;;;;;;x
PROV1442;Ломбок;Lombok;Lombok;;Lombok;;;;;;;;;x
PROV1443;Роти;Roti;Roti;;Roti;;;;;;;;;x
PROV1444;Алор;Alor;Alor;;Alor;;;;;;;;;x
PROV1445;Каупенг;Kaupeng;Kaupeng;;Kaupeng;;;;;;;;;x
PROV1446;Дили;Dili;Dili;;Dili;;;;;;;;;x
PROV1447;Тернате;Ternate;Ternate;;Ternate;;;;;;;;;x
PROV1448;Джилоло;Jilolo;Jilolo;;Jilolo;;;;;;;;;x
PROV1449;Амбон;Ambon;Ambon;;Ambon;;;;;;;;;x
PROV1450;Керам;Ceram;Ceram;;Ceram;;;;;;;;;x
PROV1451;Ару;Aru;Aru;;Aru;;;;;;;;;x
PROV1452;Биак;Biak;Biak;;Biak;;;;;;;;;x
PROV1453;Соронг;Sorong;Sorong;;Sorong;;;;;;;;;x
PROV1454;Мерах;Merah;Merah;;Merah;;;;;;;;;x
PROV1455;Манила;Manilles;Manila;;Manila;;;;;;;;;x
PROV1456;Виган;Vigan;Vigan;;Vigan;;;;;;;;;x
PROV1457;Легаспи;Legazpi;Legazpi;;Legazpi;;;;;;;;;x
PROV1458;Миндоро;Mindoro;Mindoro;;Mindoro;;;;;;;;;x
PROV1459;Палаван;Palawan;Palawan;;Palawan;;;;;;;;;x
PROV1460;Илоило;Iloilo;Iloilo;;Iloilo;;;;;;;;;x
PROV1461;Таклобан;Tacloban;Tacloban;;Tacloban;;;;;;;;;x
PROV1462;Замбоанга;Zamboanga;Zamboanga;;Zamboanga;;;;;;;;;x
PROV1463;Давао;Davao;Davao;;Davao;;;;;;;;;x
PROV1464;Сулу;Sulu;Sulu;;Sulu;;;;;;;;;x
PROV1465;Урга;Urga;Urga;;Urga;;;;;;;;;x
PROV1466;Даландзадгад;Dalandzadgad;Dalandzadgad;;Dalandzadgad;;;;;;;;;x
PROV1467;Баян Тумэн;Bayan Tumen;Bayan Tumen;;Bayan Tumen;;;;;;;;;x
PROV1468;Улястай;Uliastai;Uliastai;;Uliastai;;;;;;;;;x
PROV1469;Кызыл;Kyzyl;Kyzyl;;Kyzyl;;;;;;;;;x
PROV1470;Аньцин;Anqing;Anqing;;Anqing;;;;;;;;;x
PROV1471;Чичжоу;Chizhou;Chizhou;;Chizhou;;;;;;;;;x
PROV1472;Фэнъян;Fengyang;Fengyang;;Fengyang;;;;;;;;;x
PROV1473;Хуэйчжоу;Huizhou;Huizhou;;Huizhou;;;;;;;;;x
PROV1474;Лучжоу;Luzhou;Luzhou;;Luzhou;;;;;;;;;x
PROV1475;Нинго;Ningguo;Ningguo;;Ningguo;;;;;;;;;x
PROV1476;Сычжоу;Sizhou;Sizhou;;Sizhou;;;;;;;;;x
PROV1477;Тайпин;Taiping;Taiping;;Taiping;;;;;;;;;x
PROV1478;Инчжоу;Yingzhou;Yingzhou;;Yingzhou;;;;;;;;;x
PROV1479;Мукден;Mukden;Mukden;;Mukden;;;;;;;;;x
PROV1480;Цзиньчжоу;Jinzhou;Jinzhou;;Jinzhou;;;;;;;;;x
PROV1481;Порт-Артур;Port-Arthur;Port Arthur;;Port Arthur;;;;;;;;;x
PROV1482;Фучжоу;Fuzhou;Fuzhou;;Fuzhou;;;;;;;;;x
PROV1483;Цзяньнин;Jianning;Jianning;;Jianning;;;;;;;;;x
PROV1484;Цюаньчжоу;Quanzhou;Quanzhou;;Quanzhou;;;;;;;;;x
PROV1485;Тайбэй;Taipei;Taipei;;Taibei;;;;;;;;;x
PROV1486;Тинчжоу;Tingzhou;Tingzhou;;Tingzhou;;;;;;;;;x
PROV1487;Чжанчжоу;Zhangzhou;Zhangzhou;;Zhangzhou;;;;;;;;;x
PROV1488;Цзяюйгуань;Jiayuguan;Jiayuguan;;Jiayuguan;;;;;;;;;x
PROV1489;Гунчан;Gongchang;Gongchang;;Gongchang;;;;;;;;;x
PROV1490;Ланьчжоу;Lanzhou;Lanzhou;;Lanzhou;;;;;;;;;x
PROV1491;Нинся;Ningxia;Ningxia;;Ningxia;;;;;;;;;x
PROV1492;Пинлян;Pingliang;Pingliang;;Pingliang;;;;;;;;;x
PROV1493;Кантон;Canton;Kanton;;Canton;;;;;;;;;x
PROV1494;Чаочжоу;Chaozhou;Chaozhou;;Chaozhou;;;;;;;;;x
PROV1495;Чжаньцзян;Zhanjiang;Zhanjiang;;Zhanjiang;;;;;;;;;x
PROV1496;Гонконг;Hong Kong;Hongkong;;Hong Kong;;;;;;;;;x
PROV1497;Хуэйчжоу;Huizhou;Huizhou;;Huizhou;;;;;;;;;x
PROV1498;Макао;Macao;Macao;;Macao;;;;;;;;;x
PROV1499;Хайнань;Hainan;Hainan;;Hainan;;;;;;;;;x
PROV1500;Шаочжоу;Shaozhou;Shaozhou;;Chaozhou;;;;;;;;;x
PROV1501;Чжаоцин;Zhaoqing;Zhaoqing;;Zhaoqing;;;;;;;;;x
PROV1502;Наньнин;Nanning;Nanning;;Nanning;;;;;;;;;x
PROV1503;Гуйлинь;Guilin;Guilin;;Guilin;;;;;;;;;x
PROV1504;Пингл;Pingle;Pingle;;Pingle;;;;;;;;;x
PROV1505;Гуйян;Guiyang;Guiyang;;Guiyang;;;;;;;;;x
PROV1506;Аньшунь;Anshun;Anshun;;Anshun;;;;;;;;;x
PROV1507;Чжэньюань;Zhenyuan;Zhenyuan;;Zhenyuan;;;;;;;;;x
PROV1508;Кайфэн;Kaifeng;Kaifeng;;Kaifeng;;;;;;;;;x
PROV1509;Гид;Guide;Guide;;Guide;;;;;;;;;x
PROV1510;Лоян;Luoyang;Luoyang;;Luoyang;;;;;;;;;x
PROV1511;Чжэнчжоу;Zhengzhou;Zhengzhou;;Zhengzhou;;;;;;;;;x
PROV1512;Чэньчжоу;Chenzhou;Chenzhou;;Chenzhou;;;;;;;;;x
PROV1513;Наньян;Nanyang;Nanyang;;Nanyang;;;;;;;;;x
PROV1514;Бег;Runing;Runing;;Runing;;;;;;;;;x
PROV1515;Вэйхуэй;Weihui;Weihui;;Weihui;;;;;;;;;x
PROV1516;Ханьян;Hanyang;Hanyang;;Hanyang;;;;;;;;;x
PROV1517;Дин;Dean;Dean;;Dean;;;;;;;;;x
PROV1518;Хуанчжоу;Huangzhou;Huangzhou;;Huangzhou;;;;;;;;;x
PROV1519;Анлу;Anlu;Anlu;;Anlu;;;;;;;;;x
PROV1520;Цзинчжоу;Jingzhou;Jingzhou;;Jingzhou;;;;;;;;;x
PROV1521;Шинан;Shinan;Shinan;;Shinan;;;;;;;;;x
PROV1522;Учан;Wuchang;Wuchang;;Wuchang;;;;;;;;;x
PROV1523;Сянъян;Xiangyang;Xiangyang;;Xiangyang;;;;;;;;;x
PROV1524;Чанша;Changsha;Changsha;;Changsha;;;;;;;;;x
PROV1525;Чандэ;Changde;Changde;;Changde;;;;;;;;;x
PROV1526;Баоцин;Baoqing;Baoqing;;Baoqing;;;;;;;;;x
PROV1527;Хэнчжоу;Hengzhou;Hengzhou;;Hengzhou;;;;;;;;;x
PROV1528;Юэчжоу;Yuezhou;Yuezhou;;Yuezhou;;;;;;;;;x
PROV1529;Юншунь;Yongshun;Yongshun;;Yongshun;;;;;;;;;x
PROV1530;Юнчжоу;Yongzhou;Yongzhou;;Yongzhou;;;;;;;;;x
PROV1531;Новая Ирландия;Nouvelle-Irlande;New Ireland;;Nueva Irlanda;;;;;;;;;x
PROV1532;Гуйхуа Тумед;Guihua Tumed;Guihua Tumed;;Guihua Tumed;;;;;;;;;x
PROV1533;Джирим Чуулган;Jirim Chuulgan;Jirim Chuulgan;;Jirim Chuulgan;;;;;;;;;x
PROV1534;Улан Чаб Чуулган;Ulaan Chab Chuulghan;Ulaan Chab Chuulghan;;Ulaan Chab Chuulghan;;;;;;;;;x
PROV1535;Йеке Джуу Чуулган;Yeke Juu Chuulghan;Yeke Juu Chuulghan;;Yeke Juu Chuulghan;;;;;;;;;x
PROV1536;Хуайань;Huaian;Huaian;;Huaian;;;;;;;;;x
PROV1537;Чанчжоу;Changzhou;Changzhou;;Changzhou;;;;;;;;;x
PROV1538;Шанхай;Shanghai;Shanghai;;Shanghai;;;;;;;;;x
PROV1539;Сучжоу;Suzhou;Suzhou;;Suzhou;;;;;;;;;x
PROV1540;Тайцанчжоу;Taicangzhou;Taicangzhou;;Taicangzhou;;;;;;;;;x
PROV1541;Тунчжоу;Tongzhou;Tongzhou;;Tongzhou;;;;;;;;;x
PROV1542;Сюйчжоу;Xuzhou;Xuzhou;;Xuzhou;;;;;;;;;x
PROV1543;Янчжоу;Yangzhou;Yangzhou;;Yangzhou;;;;;;;;;x
PROV1544;Чжэньцзян;Zhenjiang;Zhenjiang;;Zhenjiang;;;;;;;;;x
PROV1545;Наньчан;Nanchang;Nanchang;;Nanchang;;;;;;;;;x
PROV1546;Гуансинь;Guangxin;Guangxin;;Guangxin;;;;;;;;;x
PROV1547;Цзянь;Jian;Jian;;Jian;;;;;;;;;x
PROV1548;Цзяньчан;Jianchang;Jianchang;;Jianchang;;;;;;;;;x
PROV1549;Цзюцзян;Jiujiang;Jiujiang;;Jiujiang;;;;;;;;;x
PROV1550;Ганьчжоу;Ganzhou;Ganzhou;;Ganzhou;;;;;;;;;x
PROV1551;Раочжоу;Raozhou;Raozhou;;Raozhou;;;;;;;;;x
PROV1552;Цицикар;Qiqihar;Qiqihar;;Qiqihar;;;;;;;;;x
PROV1553;Айгун;Aigun;Aigun;;Aigun;;;;;;;;;x
PROV1554;Нингута;Ninguta;Ninguta;;Ninguta;;;;;;;;;x
PROV1555;Цзилинь;Jilin;Jilin;;Jilin;;;;;;;;;x
PROV1556;Махай;Makhai;Makhai;;Makhai;;;;;;;;;x
PROV1557;Балекунгоми;Balekungomi;Balekungomi;;Balekungomi;;;;;;;;;x
PROV1558;Кегудо;Kegudo;Kegudo;;Kegudo;;;;;;;;;x
PROV1559;Сиань;Xian;Xian;;Xian;;;;;;;;;x
PROV1560;Мерауке;Merauke;Merauke;;Merauke;;;;;;;;;x
PROV1561;Яньань;Yenan;Yenan;;Yenan;;;;;;;;;x
PROV1562;Ханьчжун;Hanzhong;Hanzhong;;Hanzhong;;;;;;;;;x
PROV1563;Цзинань;Jinan;Jinan;;Jinan;;;;;;;;;x
PROV1564;Цаочжоу;Caozhou;Caozhou;;Caozhou;;;;;;;;;x
PROV1565;Лайчжоу;Laizhou;Laizhou;;Laizhou;;;;;;;;;x
PROV1566;Циндао;Qingdao;Qingdao;;Qingdao;;;;;;;;;x
PROV1567;Цинчжоу;Qingzhou;Qingzhou;;Qingzhou;;;;;;;;;x
PROV1568;Тайан;Taian;Taian;;Taian;;;;;;;;;x
PROV1569;Вэйхайвэй;Weihaiwei;Weihaiwei;;Weihaiwei;;;;;;;;;x
PROV1570;Вудинг;Wuding;Wuding;;Wuding;;;;;;;;;x
PROV1571;Ичжоу;Yizhou;Yizhou;;Yizhou;;;;;;;;;x
PROV1572;Тайюань;Taiyuan;Taiyuan;;Taiyuan;;;;;;;;;x
PROV1573;Фэнчжоу;Fenzhou;Fenzhou;;Fenzhou;;;;;;;;;x
PROV1574;Луан;Luan;Luan;;Luan;;;;;;;;;x
PROV1575;Пинъян;Pingyang;Pingyang;;Pingyang;;;;;;;;;x
PROV1576;Датун;Datong;Datong;;Datong;;;;;;;;;x
PROV1577;Чунцин;Chongqing;Chongqing;;Chongqing;;;;;;;;;x
PROV1578;Чэнду;Chengdu;Chengdu;;Chengdu;;;;;;;;;x
PROV1579;Баотунг;Baotung;Baotung;;Baotung;;;;;;;;;x
PROV1580;Цзядин;Jiading;Jiading;;Jiading;;;;;;;;;x
PROV1581;Куйчжоу;Kuizhou;Kuizhou;;Kuizhou;;;;;;;;;x
PROV1582;Лонган;Longan;Longan;;Longan;;;;;;;;;x
PROV1583;Шуньцин;Shunqing;Shunqing;;Shunqing;;;;;;;;;x
PROV1584;Тунчуань;Tongchuan;Tongchuan;;Tongchuan;;;;;;;;;x
PROV1585;Ибинь;Yibin;Yibin;;Yibin;;;;;;;;;x
PROV1586;Ячжоу;Yazhou;Yazhou;;Yazhou;;;;;;;;;x
PROV1587;Лхаса;Lhasa;Lhasa;;Lhasa;;;;;;;;;x
PROV1588;Чамдо;Chamdo;Chamdo;;Chamdo;;;;;;;;;x
PROV1589;Шигадзе;Shigatse;Shigatse;;Shigatse;;;;;;;;;x
PROV1590;Лходрак;Lhodrak;Lhodrak;;Lhodrak;;;;;;;;;x
PROV1591;Чангтан;Changtang;Changtang;;Changtang;;;;;;;;;x
PROV1592;Нгари;Ngari;Ngari;;Ngari;;;;;;;;;x
PROV1593;Таванг;Tawang;Tawang;;Tawang;;;;;;;;;x
PROV1594;Кашгар;Kashgar;Kashgar;;Kashgar;;;;;;;;;x
PROV1595;Или;Ili;Ili;;Ili;;;;;;;;;x
PROV1596;Тулта;Tulta;Tulta;;Tulta;;;;;;;;;x
PROV1597;Аксу;Aksu;Aksu;;Aksu;;;;;;;;;x
PROV1598;Хотан;Khotan;Khotan;;Khotan;;;;;;;;;x
PROV1599;Кумул;Kumul;Kumul;;Kumul;;;;;;;;;x
PROV1600;Духуа;Dihua;Dihua;;Dihua;;;;;;;;;x
PROV1601;Куньмин;Kunming;Kunming;;Kunming;;;;;;;;;x
PROV1602;Дали;Dali;Dali;;Dali;;;;;;;;;x
PROV1603;пуэр;Puer;Puer;;Puer;;;;;;;;;x
PROV1604;Ханчжоу;Hangzhou;Hangzhou;;Hangzhou;;;;;;;;;x
PROV1605;Хучжоу;Huzhou;Huzhou;;Huzhou;;;;;;;;;x
PROV1606;Цзясин;Jiaxing;Jiaxing;;Jiaxing;;;;;;;;;x
PROV1607;Цзиньхуа;Jinhua;Jinhua;;Jinhua;;;;;;;;;x
PROV1608;Нинбо;Ningbo;Ningbo;;Ningbo;;;;;;;;;x
PROV1609;Шаосин;Shaoxing;Shaoxing;;Shaoxing;;;;;;;;;x
PROV1610;Тайчжоу;Taizhou;Taizhou;;Taizhou;;;;;;;;;x
PROV1611;Вэньчжоу;Wenzhou;Wenzhou;;Wenzhou;;;;;;;;;x
PROV1612;Пекин;Beijing;Beijing;;Pekin;;;;;;;;;x
PROV1613;Чэндэ;Chengde;Chengde;;Chengde;;;;;;;;;x
PROV1614;Даминг;Daming;Daming;;Daming;;;;;;;;;x
PROV1615;Цзичжоу;Jizhou;Jizhou;;Jizhou;;;;;;;;;x
PROV1616;Таншань;Tangshan;Tangshan;;Tangshan;;;;;;;;;x
PROV1617;Тяньцзинь;Tianjin;Tianjin;;Tianjin;;;;;;;;;x
PROV1618;Чжундин;Zhongding;Zhongding;;Zhongding;;;;;;;;;x
PROV1619;Пхеньян;Pyongyang;Pyongyang;;Pyongyang;;;;;;;;;x
PROV1620;Чончон;Chonchon;Chonchon;;Chonchon;;;;;;;;;x
PROV1621;Хамхын;Hamhung;Hamhung;;Hamhung;;;;;;;;;x
PROV1622;Чхонджин;Chongjin;Chongjin;;Chongjin;;;;;;;;;x
PROV1623;Кимчаек;Kimchaek;Kimchaek;;Kimch’aek;;;;;;;;;x
PROV1624;Сеул;Seoul;Seoul;;Seul;;;;;;;;;x
PROV1625;Кэсон;Kaesong;Kaesong;;Kaesong;;;;;;;;;x
PROV1626;Хэджу;Haeju;Haeju;;Haeju;;;;;;;;;x
PROV1627;Саривон;Sariwon;Sariwon;;Sariwon;;;;;;;;;x
PROV1628;Инчхон;Inchon;Inchon;;Inchon;;;;;;;;;x
PROV1629;Вонсан;Wonsan;Wonsan;;Wonsan;;;;;;;;;x
PROV1630;Кангнунг;Kangnung;Kangnung;;Kangnung;;;;;;;;;x
PROV1631;Вонджу;Wonju;Wonju;;Wonju;;;;;;;;;x
PROV1632;Пусан;Pusan;Pusan;;Pusan;;;;;;;;;x
PROV1633;Тэгу;Taegu;Taegu;;Taegu;;;;;;;;;x
PROV1634;Пхохан;Pohang;Pohang;;P’ohang;;;;;;;;;x
PROV1635;Кванджу;Kwangju;Kwangju;;Kwangju;;;;;;;;;x
PROV1636;Тэджон;Taejon;Taejon;;Taejon;;;;;;;;;x
PROV1637;Чеджу;Cheju;Cheju;;Cheju;;;;;;;;;x
PROV1638;Хиросима;Hiroshima;Hiroshima;;Hiroshima;;;;;;;;;x
PROV1639;Окаяма;Okayama;Okayama;;Okayama;;;;;;;;;x
PROV1640;Ямагучи;Yamaguchi;Yamaguchi;;Yamaguchi;;;;;;;;;x
PROV1641;Мацуэ;Matsue;Matsue;;Matsue;;;;;;;;;x
PROV1642;Хакодате;Hakodate;Hakodate;;Hakodate;;;;;;;;;x
PROV1643;Ишикара;Ishikara;Ishikari;;Ishikara;;;;;;;;;x
PROV1644;Немуру;Nemuru;Nemuro;;Nemuru;;;;;;;;;x
PROV1645;Ниигата;Niigata;Niigata;;Niigata;;;;;;;;;x
PROV1646;Каназава;Kanazawa;Kanazawa;;Kanazawa;;;;;;;;;x
PROV1647;Фукуи;Fukui;Fukui;;Fukui;;;;;;;;;x
PROV1648;Тояма;Toyama;Toyama;;Toyama;;;;;;;;;x
PROV1649;Эдо;Edo;Edo;;Edo;;;;;;;;;x
PROV1650;Чиба;Chiba;Chiba;;Chiba;;;;;;;;;x
PROV1651;Иокогама;Yokohama;Yokohama;;Yokohama;;;;;;;;;x
PROV1652;Урава;Urawa;Urawa;;Urawa;;;;;;;;;x
PROV1653;Мито;Mito;Mito;;Mito;;;;;;;;;x
PROV1654;Бонин;Bonin;Bonin;;Bonin;;;;;;;;;x
PROV1655;Осака;Osaka;Osaka;;Osaka;;;;;;;;;x
PROV1656;Вакаяма;Wakayama;Wakayama;;Wakayama;;;;;;;;;x
PROV1657;Киото;Kyoto;Kyoto;;Kyoto;;;;;;;;;x
PROV1658;Нара;Nara;Nara;;Nara;;;;;;;;;x
PROV1659;Кобе;Kobe;Kobe;;Kobe;;;;;;;;;x
PROV1660;Фукуока;Fukuoka;Fukuoka;;Fukuoka;;;;;;;;;x
PROV1661;Нагасаки;Nagasaki;Nagasaki;;Nagasaki;;;;;;;;;x
PROV1662;Кагосима;Kagoshima;Kagoshima;;Kagoshima;;;;;;;;;x
PROV1663;Миядзаки;Miyazaki;Miyazaki;;Miyazaki;;;;;;;;;x
PROV1664;Кумамото;Kumamoto;Kumamoto;;Kumamoto;;;;;;;;;x
PROV1665;Кочи;Kochi;Kochi;;Kochi;;;;;;;;;x
PROV1666;Мацуяма;Matsuyama;Matsuyama;;Matsuyama;;;;;;;;;x
PROV1667;Токусима;Tokushima;Tokushima;;Tokushima;;;;;;;;;x
PROV1668;Сэндай;Sendai;Sendai;;Sendai;;;;;;;;;x
PROV1669;Фукусима;Fukushima;Fukushima;;Fukushima;;;;;;;;;x
PROV1670;Мориока;Morioka;Morioka;;Morioka;;;;;;;;;x
PROV1671;Акита;Akita;Akita;;Akita;;;;;;;;;x
PROV1672;Аомори;Aomori;Aomori;;Aomori;;;;;;;;;x
PROV1673;Ямагата;Yamagata;Yamagata;;Yamagata;;;;;;;;;x
PROV1674;Уцуномия;Utsunomiya;Utsunomiya;;Utsunomiya;;;;;;;;;x
PROV1675;Нагоя;Nagoya;Nagoya;;Nagoya;;;;;;;;;x
PROV1676;Сидзуока;Shizuoka;Shizuoka;;Shizuoka;;;;;;;;;x
PROV1677;Нагано;Nagano;Nagano;;Nagano;;;;;;;;;x
PROV1678;Окинава;Okinawa;Okinawa;;Okinawa;;;;;;;;;x
PROV1679;Амари;Amari;Amami;;Amari;;;;;;;;;x
PROV1680;Фес;Fez;Fez;;Fez;;;;;;;;;x
PROV1681;Ваззан;Ouazzane;Wazzan;;Wazzan;;;;;;;;;x
PROV1682;Мекнес;Meknes;Meknes;;Meknes;;;;;;;;;x
PROV1683;Таза;Taza;Taza;;Taza;;;;;;;;;x
PROV1684;Вуйда;Oujda;Wujda;;Wujda;;;;;;;;;x
PROV1685;Рабат;Rabat;Rabat;;Rabat;;;;;;;;;x
PROV1686;Танжер;Tanger;Tangier;;Tangier;;;;;;;;;x
PROV1687;Тетуан;Tetouan;Tetouan;;Tetouan;;;;;;;;;x
PROV1688;Аждир;Ajdir;Ajdir;;Ajdir;;;;;;;;;x
PROV1689;Мелилья;Melilla;Melilla;;Melilla;;;;;;;;;x
PROV1690;Марракеш;Marrakech;Marrakesch;;Marrakech;;;;;;;;;x
PROV1691;Касабланка;Casablanca;Casablanca;;Casablanca;;;;;;;;;x
PROV1692;Гурибка;Huribka;Huribka;;Huribka;;;;;;;;;x
PROV1693;Савира;Sawira;Sawira;;Sawira;;;;;;;;;x
PROV1694;Агадир;Agadir;Agadir;;Agadir;;;;;;;;;x
PROV1695;Ифни;Ifni;Ifni;;Ifni;;;;;;;;;x
PROV1696;Тарфая;Tarfaya;Tarfaya;;Tarfaya;;;;;;;;;x
PROV1697;Фигиг;Figuig;Figuig;;Figuig;;;;;;;;;x
PROV1698;Рашидия;Rashidia;Rashidia;;Rashidia;;;;;;;;;x
PROV1699;Варзазат;Ouarzazate;Warzazat;;Warzazat;;;;;;;;;x
PROV1700;Алжир;Alger;Algiers;;Argel;;;;;;;;;x
PROV1701;Бужи;Bougie;Bougie;;Bougie;;;;;;;;;x
PROV1702;Сетиф;Setif;Setif;;Setif;;;;;;;;;x
PROV1703;Медея;Medea;Medea;;Medea;;;;;;;;;x
PROV1704;Оран;Oran;Oran;;Oran;;;;;;;;;x
PROV1705;Тлемсен;Tlemcen;Tlemcen;;Tlemcen;;;;;;;;;x
PROV1706;Мустаганим;Mostaganem;Mustaghanim;;Mustaghanim;;;;;;;;;x
PROV1707;Тушь для ресниц;Mascara;Mascara;;Mascara;;;;;;;;;x
PROV1708;Константин;Constantine;Constantine;;Constantina;;;;;;;;;x
PROV1709;Кость;Bone;Bone;;Bone;;;;;;;;;x
PROV1710;Бискра;Biskra;Biskra;;Biskra;;;;;;;;;x
PROV1711;Уаргла;Ouargla;Ouargla;;Ouargla;;;;;;;;;x
PROV1712;Туггурт;Touggourt;Tuggurt;;Tuggurt;;;;;;;;;x
PROV1713;Лагхват;Laghwat;Laghwat;;Laghwat;;;;;;;;;x
PROV1714;Бечар;Bechar;Bechar;;Bechar;;;;;;;;;x
PROV1715;Наама;Naama;Naama;;Naama;;;;;;;;;x
PROV1716;Тиндуф;Tindouf;Tindouf;;Tindouf;;;;;;;;;x
PROV1717;Ченачене;Chenachane;Chenachene;;Chenachene;;;;;;;;;x
PROV1718;В Салахе;In Salah;In Salah;;In Salah;;;;;;;;;x
PROV1719;Илизи;Illizi;Ilizi;;Ilizi;;;;;;;;;x
PROV1720;Тимимун;Timimoun;Timimoun;;Timimoun;;;;;;;;;x
PROV1721;В Геззаме;In Guezzam;In Guezzam;;In Guezzam;;;;;;;;;x
PROV1722;Тин Заватене;Tin Zaouatene;Tin Zawatene;;Tin Zawatene;;;;;;;;;x
PROV1723;Бальбоа;Balboa;Balboa;;Balboa;;;;;;;;;x
PROV1724;Таманрассет;Tamanrasset;Tamanrasset;;Tamanrasset;;;;;;;;;x
PROV1725;Тунис;Tunis;Tunis;;Tunez;;;;;;;;;x
PROV1726;Бизерта;Bizerte;Bizerte;;Bizerte;;;;;;;;;x
PROV1727;Гафса;Gafsa;Gafsa;;Gafsa;;;;;;;;;x
PROV1728;Кайруан;Kairouan;Kairouan;;Kairouan;;;;;;;;;x
PROV1729;Тозер;Tozeur;Tozeur;;Tozeur;;;;;;;;;x
PROV1730;Гейбс;Gabes;Gabes;;Gabes;;;;;;;;;x
PROV1731;Триполи;Tripoli;Tripolis;;Tripoli;;;;;;;;;x
PROV1732;Гарьян;Gharyan;Gharyan;;Gharyan;;;;;;;;;x
PROV1733;Мисрата;Misratah;Misratah;;Misurata;;;;;;;;;x
PROV1734;Сирт;Sirt;Sirt;;Sirte;;;;;;;;;x
PROV1735;Бенгази;Benghazi;Benghazi;;Bengasi;;;;;;;;;x
PROV1736;Дарна;Darna;Darna;;Darna;;;;;;;;;x
PROV1737;Тобрук;Tobrouk;Tobruk;;Tobruk;;;;;;;;;x
PROV1738;Джагбуб;Jaghbub;Jaghbub;;Jaghbub;;;;;;;;;x
PROV1739;Куфра;Koufra;Kufra;;Kufra;;;;;;;;;x
PROV1740;Ваддан;Waddan;Waddan;;Waddan;;;;;;;;;x
PROV1741;Мурзук;Murzuk;Murzuk;;Murzuq;;;;;;;;;x
PROV1742;Сабха;Sabha;Sabha;;Sabha;;;;;;;;;x
PROV1743;Гхат;Ghat;Ghat;;Ghat;;;;;;;;;x
PROV1744;Гадамис;Ghadames;Ghadamis;;Ghadamis;;;;;;;;;x
PROV1745;Каир;Cairo;Kairo;;Cairo;;;;;;;;;x
PROV1746;Думьят;Dumyat;Dumyat;;Dumyat;;;;;;;;;x
PROV1747;Танта;Tanta;Tanta;;Tanta;;;;;;;;;x
PROV1748;Мансура;Mansura;Mansura;;Mansura;;;;;;;;;x
PROV1749;Зиказик;Ziqaziq;Ziqaziq;;Ziqaziq;;;;;;;;;x
PROV1750;Гиза;Gizeh;Giza;;Giza;;;;;;;;;x
PROV1751;Александрия;Alexandrie;Alexandria;;Alexandria;;;;;;;;;x
PROV1752;Матрух;Matruh;Matruh;;Matruh;;;;;;;;;x
PROV1753;Сиди Баррани;Sidi Barrani;Sidi Barrani;;Sidi Barrani;;;;;;;;;x
PROV1754;Сива;Siwa;Siwa;;Siwa;;;;;;;;;x
PROV1755;Суэц;Canal de Suez;Suez;;Suez;;;;;;;;;x
PROV1756;Аль-Ариш;Al Arish;Al Arish;;Al Arish;;;;;;;;;x
PROV1757;Шарм аль-Шейх;Sharm el Sheikh;Sharm al-Shaykh;;Sharm al-Shaykh;;;;;;;;;x
PROV1758;Фарафра;Farafra;Farafra;;Farafra;;;;;;;;;x
PROV1759;Бавити;Bawiti;Bawiti;;Bawiti;;;;;;;;;x
PROV1760;Мут;Mut;Mut;;Mut;;;;;;;;;x
PROV1761;Барис;Baris;Baris;;Baris;;;;;;;;;x
PROV1762;Асьют;Asyut;Asyut;;Asiut;;;;;;;;;x
PROV1763;Бани Сувайф;Bani Suwayf;Bani Suwayf;;Bani Suwayf;;;;;;;;;x
PROV1764;Минья;Minya;Minya;;Minya;;;;;;;;;x
PROV1765;Фаюм;Fayyum;Fayyum;;Fayyum;;;;;;;;;x
PROV1766;Асуан;Assouan;Aswan;;Asuan;;;;;;;;;x
PROV1767;Луксор;Louxor;Luxor;;Luxor;;;;;;;;;x
PROV1768;Идфу;Edfou;Idfu;;Idfu;;;;;;;;;x
PROV1769;Кина;Qina;Qina;;Qina;;;;;;;;;x
PROV1770;Кусейр;Qusayr;Qusayr;;Qusayr;;;;;;;;;x
PROV1771;Марса Алам;Marsa Alam;Marsa Alam;;Marsa Alam;;;;;;;;;x
PROV1772;Рас Гариб;Ras Gharib;Ras Gharib;;Ras Gharib;;;;;;;;;x
PROV1773;Аюн;Aaiun;Aaiun;;Aaiun;;;;;;;;;x
PROV1774;Дахла;Dakhla;Dakhla;;Dakhla;;;;;;;;;x
PROV1775;Нуакшот;Nouakchott;Nouakchott;;Nuakchot;;;;;;;;;x
PROV1776;Россо;Rosso;Rosso;;Rosso;;;;;;;;;x
PROV1777;Алег;Aleg;Aleg;;Aleg;;;;;;;;;x
PROV1778;Магхама;Maghama;Maghama;;Maghama;;;;;;;;;x
PROV1779;Шингит;Shingit;Shingit;;Shingit;;;;;;;;;x
PROV1780;Тишит;Tichit;Tichit;;Tichit;;;;;;;;;x
PROV1781;Валата;Walata;Walata;;Walata;;;;;;;;;x
PROV1782;Бир Мургайн;Bir Murghayn;Bir Murghayn;;Bir Murghayn;;;;;;;;;x
PROV1783;Дакар;Dakar;Dakar;;Dakar;;;;;;;;;x
PROV1784;Сен-Луи;Saint-Louis;Saint-Louis;;Saint-Louis;;;;;;;;;x
PROV1785;Банжул;Banjul;Banjul;;Banjul;;;;;;;;;x
PROV1786;Лингвер;Linguere;Linguere;;Linguere;;;;;;;;;x
PROV1787;Диурбель;Diourbel;Diourbel;;Diourbel;;;;;;;;;x
PROV1788;Каолак;Kaolack;Kaolack;;Kaolack;;;;;;;;;x
PROV1789;Подор;Podor;Podor;;Podor;;;;;;;;;x
PROV1790;Матам;Matam;Matam;;Matam;;;;;;;;;x
PROV1791;Бейкл;Bakel;Bakel;;Bakel;;;;;;;;;x
PROV1792;Зигиншор;Ziguinchor;Ziguinchor;;Ziguinchor;;;;;;;;;x
PROV1793;Велингара;Velingara;Velingara;;Velingara;;;;;;;;;x
PROV1794;Бамако;Bamako;Bamako;;Bamako;;;;;;;;;x
PROV1795;Кейес;Kayes;Kayes;;Kayes;;;;;;;;;x
PROV1796;Ниоро;Nioro;Nioro;;Nioro;;;;;;;;;x
PROV1797;Кита;Kita;Kita;;Kita;;;;;;;;;x
PROV1798;Бугуни;Bougouni;Bougouni;;Bougouni;;;;;;;;;x
PROV1799;Сикассо;Sikasso;Sikasso;;Sikasso;;;;;;;;;x
PROV1800;Сегу;Segu;Segu;;Segu;;;;;;;;;x
PROV1801;Мурдиа;Mourdiah;Mourdiah;;Mourdiah;;;;;;;;;x
PROV1802;Дженне;Jenne;Jenne;;Jenne;;;;;;;;;x
PROV1803;Тимбукту;Tombouctou;Timbuktu;;Tombuctu;;;;;;;;;x
PROV1804;Бандиагара;Bandiagara;Bandiagara;;Bandiagara;;;;;;;;;x
PROV1805;Гао;Gao;Gao;;Gao;;;;;;;;;x
PROV1806;Тауденни;Taoudenni;Taoudenni;;Taoudeni;;;;;;;;;x
PROV1807;Тессалит;Tessalit;Tessalit;;Tessalit;;;;;;;;;x
PROV1808;Ниамей;Niamey;Niamey;;Niamey;;;;;;;;;x
PROV1809;Сказать;Say;Say;;Say;;;;;;;;;x
PROV1810;Доссо;Dosso;Dosso;;Dosso;;;;;;;;;x
PROV1811;Маради;Maradi;Maradi;;Maradi;;;;;;;;;x
PROV1812;Агадес;Agadez;Agades;;Agades;;;;;;;;;x
PROV1813;Арлит;Arlit;Arlit;;Arlit;;;;;;;;;x
PROV1814;Мадама;Madama;Madama;;Madama;;;;;;;;;x
PROV1815;Зиндер;Zinder;Zinder;;Zinder;;;;;;;;;x
PROV1816;Куфе;Kufe;Kufe;;Kufe;;;;;;;;;x
PROV1817;Бильма;Bilma;Bilma;;Bilma;;;;;;;;;x
PROV1818;Массеня;Massenya;Massenya;;Massenya;;;;;;;;;x
PROV1819;Мунду;Moundou;Moundou;;Moundou;;;;;;;;;x
PROV1820;Бонгор;Bongor;Bongor;;Bongor;;;;;;;;;x
PROV1821;Абеше;Abeche;Abeche;;Abeche;;;;;;;;;x
PROV1822;Ам Тиман;Am Timan;Am Timan;;Am Timan;;;;;;;;;x
PROV1823;Монго;Mongo;Mongo;;Mongo;;;;;;;;;x
PROV1824;Мао;Mao;Mao;;Mao;;;;;;;;;x
PROV1825;Зуар;Zouar;Zouar;;Zouar;;;;;;;;;x
PROV1826;Фая;Faya;Faya;;Faya;;;;;;;;;x
PROV1827;Хартум;Khartoum;Khartoum;;Jartum;;;;;;;;;x
PROV1828;Вад Мадани;Wad Madani;Wad Madani;;Wad Madani;;;;;;;;;x
PROV1829;Кассала;Kassala;Kassala;;Kassala;;;;;;;;;x
PROV1830;Сеннар;Sennar;Sennar;;Sennar;;;;;;;;;x
PROV1831;Рабак;Rabak;Rabak;;Rabak;;;;;;;;;x
PROV1832;Фашода;Fashoda;Fashoda;;Fashoda;;;;;;;;;x
PROV1833;Суакин;Suakin;Suakin;;Suakin;;;;;;;;;x
PROV1834;Халаиб;Halaib;Halaib;;Halaib;;;;;;;;;x
PROV1835;Донгола;Dongola;Dongola;;Dongola;;;;;;;;;x
PROV1836;Хайя;Hayya;Hayya;;Hayya;;;;;;;;;x
PROV1837;Атбара;Atbara;Atbara;;Atbara;;;;;;;;;x
PROV1838;Обейд;Obeid;Obeid;;Obeid;;;;;;;;;x
PROV1839;Нухуд;Nuhud;Nuhud;;Nuhud;;;;;;;;;x
PROV1840;Кадугли;Kaduqli;Kaduqli;;Kaduqli;;;;;;;;;x
PROV1841;Фашер;Fasher;Fasher;;Fasher;;;;;;;;;x
PROV1842;Джунайна;Junaynah;Junaynah;;Junaynah;;;;;;;;;x
PROV1843;Вау;Waw;Waw;;Waw;;;;;;;;;x
PROV1844;Бор;Bor;Bor;;Bor;;;;;;;;;x
PROV1845;Ямбио;Yambio;Yambio;;Yambio;;;;;;;;;x
PROV1846;Ладо;Lado;Lado;;Lado;;;;;;;;;x
PROV1847;Капоэта;Kapoeta;Kapoeta;;Kapoeta;;;;;;;;;x
PROV1848;Асмара;Asmara;Asmara;;Asmara;;;;;;;;;x
PROV1849;Массауа;Massawa;Massawa;;Massawa;;;;;;;;;x
PROV1850;Акордат;Akordat;Akordat;;Akordat;;;;;;;;;x
PROV1851;Асэб;Assab;Assab;;Assab;;;;;;;;;x
PROV1852;Гондер;Gonder;Gonder;;Gonder;;;;;;;;;x
PROV1853;Дебре Табор;Debre Tabor;Debre Tabor;;Debre Tabor;;;;;;;;;x
PROV1854;Матамма;Matamma;Matamma;;Matamma;;;;;;;;;x
PROV1855;Дебре Маркос;Debre Markos;Debre Markos;;Debre Markos;;;;;;;;;x
PROV1856;Аксум;Aksum;Aksum;;Aksum;;;;;;;;;x
PROV1857;Антало;Antalo;Antalo;;Antalo;;;;;;;;;x
PROV1858;Авса;Awsa;Awsa;;Awsa;;;;;;;;;x
PROV1859;Анкобер;Ankober;Ankober;;Ankober;;;;;;;;;x
PROV1860;Аваса;Awasa;Awasa;;Awasa;;;;;;;;;x
PROV1861;Аселия;Aselia;Aselia;;Aselia;;;;;;;;;x
PROV1862;Бонга;Bonga;Bonga;;Bonga;;;;;;;;;x
PROV1863;Асоса;Asosa;Asosa;;Asosa;;;;;;;;;x
PROV1864;Негеле;Negele;Negele;;Negele;;;;;;;;;x
PROV1865;Харер;Harer;Harer;;Harer;;;;;;;;;x
PROV1866;Гоба;Goba;Goba;;Goba;;;;;;;;;x
PROV1867;Вердер;Werder;Werder;;Werder;;;;;;;;;x
PROV1868;Могадишо;Mogadiscio;Mogadishu;;Mogadiscio;;;;;;;;;x
PROV1869;Байдоа;Baidoa;Baidoa;;Baidoa;;;;;;;;;x
PROV1870;Кисмайо;Kismayo;Kismayo;;Kismaayo;;;;;;;;;x
PROV1871;Хобьо;Hobyo;Hobyo;;Hobyo;;;;;;;;;x
PROV1872;Босасо;Bosaso;Bosaso;;Bosaso;;;;;;;;;x
PROV1873;Бербера;Berbera;Berbera;;Berbera;;;;;;;;;x
PROV1874;Зейла;Zeyla;Zeyla;;Zeyla;;;;;;;;;x
PROV1875;Джибути;Djibouti;Dschibuti;;Djibuti;;;;;;;;;x
PROV1876;Кабо-Верде;Cap-Verde;Cape Verde;;Cabo Verde;;;;;;;;;x
PROV1877;Бисау;Bissau;Bissau;;Bissau;;;;;;;;;x
PROV1878;Габу;Gabu;Gabu;;Gabu;;;;;;;;;x
PROV1879;Боффа;Boffa;Boffa;;Boffa;;;;;;;;;x
PROV1880;Тимбо;Timbo;Timbo;;Timbo;;;;;;;;;x
PROV1881;Дингирайе;Dinguiraye;Dinguiraye;;Dinguiraye;;;;;;;;;x
PROV1882;Канкан;Kankan;Kankan;;Kankan;;;;;;;;;x
PROV1883;Бейла;Beyla;Beyla;;Beyla;;;;;;;;;x
PROV1884;Фритаун;Freetown;Freetown;;Freetown;;;;;;;;;x
PROV1885;Фалаба;Falaba;Falaba;;Falaba;;;;;;;;;x
PROV1886;Бо;Bo;Bo;;Bo;;;;;;;;;x
PROV1887;Монровия;Monrovia;Monrovia;;Monrovia;;;;;;;;;x
PROV1888;Харпер;Harper;Harper;;Harper;;;;;;;;;x
PROV1889;Бополу;Bopolu;Bopolu;;Bopolu;;;;;;;;;x
PROV1890;Гбарнга;Gbarnga;Gbarnga;;Gbarnga;;;;;;;;;x
PROV1891;Зведру;Zwedru;Zwedru;;Zwedru;;;;;;;;;x
PROV1892;Гранд Лаху;Grand-Lahou;Grand Lahou;;Grand Lahou;;;;;;;;;x
PROV1893;Сассандра;Sassandra;Sassandra;;Sassandra;;;;;;;;;x
PROV1894;Гранд-Басам;Grand-Bassam;Grand Bassam;;Grand Bassam;;;;;;;;;x
PROV1895;Буаке;Bouake;Bouake;;Bouake;;;;;;;;;x
PROV1896;Мужчина;Man;Man;;Man;;;;;;;;;x
PROV1897;Акупе;Akoupe;Akoupe;;Akoupe;;;;;;;;;x
PROV1898;Конг;Kong;Kong;;Kong;;;;;;;;;x
PROV1899;Бондуку;Bondoukou;Bondouku;;Bondouku;;;;;;;;;x
PROV1900;Одиенне;Odienne;Odienne;;Odienne;;;;;;;;;x
PROV1901;Вагадугу;Ouagadougou;Wagadugu;;Wagadugu;;;;;;;;;x
PROV1902;Вахигуя;Wahiguya;Wahiguya;;Wahiguya;;;;;;;;;x
PROV1903;Дори;Dori;Dori;;Dori;;;;;;;;;x
PROV1904;Фада Нгурма;Fada N'Gourma;Fada Ngourma;;Fada Ngourma;;;;;;;;;x
PROV1905;Бобо Диулассо;Bobo-Dioulasso;Bobo Dioulasso;;Bobo-Dioulasso;;;;;;;;;x
PROV1906;Ородаро;Orodaro;Orodaro;;Orodaro;;;;;;;;;x
PROV1907;Аккра;Accra;Accra;;Accra;;;;;;;;;x
PROV1908;Кейп-Кост;Cape Coast;Kapkuste;;Cape Coast;;;;;;;;;x
PROV1909;Секонди;Sekondi;Sekondi;;Sekondi;;;;;;;;;x
PROV1910;Кумаси;Kumasi;Kumasi;;Kumasi;;;;;;;;;x
PROV1911;Кинтампо;Kintampo;Kintampo;;Kintampo;;;;;;;;;x
PROV1912;Ва;Wa;Wa;;Wa;;;;;;;;;x
PROV1913;Тамале;Tamale;Tamale;;Tamale;;;;;;;;;x
PROV1914;Ломе;Lome;Lome;;Lome;;;;;;;;;x
PROV1915;Хо;Ho;Ho;;Ho;;;;;;;;;x
PROV1916;Йенди;Yendi;Yendi;;Yendi;;;;;;;;;x
PROV1917;Атакпаме;Atakpame;Atakpame;;Atakpame;;;;;;;;;x
PROV1918;Сокоде;Sokode;Sokode;;Sokode;;;;;;;;;x
PROV1919;Котону;Cotonou;Cotonou;;Cotonou;;;;;;;;;x
PROV1920;Абомей;Abomey;Abomey;;Abomey;;;;;;;;;x
PROV1921;Никки;Nikki;Nikki;;Nikki;;;;;;;;;x
PROV1922;Джугу;Jugu;Jugu;;Jugu;;;;;;;;;x
PROV1923;Лагос;Lagos;Lagos;;Lagos;;;;;;;;;x
PROV1924;Абеокута;Abeokuta;Abeokuta;;Abeokuta;;;;;;;;;x
PROV1925;Ибадан;Ibadan;Ibadan;;Ibadan;;;;;;;;;x
PROV1926;Ифе;Ife;Ife;;Ife;;;;;;;;;x
PROV1927;Илорин;Ilorin;Ilorin;;Ilorin;;;;;;;;;x
PROV1928;Бенин;Benin;Benin;;Benin;;;;;;;;;x
PROV1929;Акуре;Akure;Akure;;Akure;;;;;;;;;x
PROV1930;Локоджа;Lokoja;Lokoja;;Lokoja;;;;;;;;;x
PROV1931;Варри;Warri;Warri;;Warri;;;;;;;;;x
PROV1932;Бонни;Bonny;Bonny;;Bonny;;;;;;;;;x
PROV1933;Авка;Awka;Awka;;Awka;;;;;;;;;x
PROV1934;Калабар;Calabar;Calabar;;Calabar;;;;;;;;;x
PROV1935;Аручукву;Aruchukwu;Aruchukwu;;Aruchukwu;;;;;;;;;x
PROV1936;Макурди;Makurdi;Makurdi;;Makurdi;;;;;;;;;x
PROV1937;Тукари;Tukari;Tukari;;Tukari;;;;;;;;;x
PROV1938;Бусса;Bussa;Bussa;;Bussa;;;;;;;;;x
PROV1939;Зария;Zaria;Zaria;;Zaria;;;;;;;;;x
PROV1940;Бида;Bida;Bida;;Bida;;;;;;;;;x
PROV1941;Абуджа;Abuja;Abuja;;Abuja;;;;;;;;;x
PROV1942;Баучи;Bauchi;Bauchi;;Bauchi;;;;;;;;;x
PROV1943;Джос;Jos;Jos;;Jos;;;;;;;;;x
PROV1944;Гомбе;Gombe;Gombe;;Gombe;;;;;;;;;x
PROV1945;Кано;Kano;Kano;;Kano;;;;;;;;;x
PROV1946;Кебби;Kebbi;Kebbi;;Kebbi;;;;;;;;;x
PROV1947;Кацина;Katsina;Katsina;;Katsina;;;;;;;;;x
PROV1948;Сокото;Sokoto;Sokoto;;Sokoto;;;;;;;;;x
PROV1949;Хадеджия;Hadejia;Hadejia;;Hadejia;;;;;;;;;x
PROV1950;Йола;Yola;Yola;;Yola;;;;;;;;;x
PROV1951;Кука;Kuka;Kuka;;Kuka;;;;;;;;;x
PROV1952;Нгуру;Nguru;Nguru;;Nguru;;;;;;;;;x
PROV1953;Дикоа;Dikoa;Dikoa;;Dikoa;;;;;;;;;x
PROV1954;Sгo Tomй;Sao Tome;Sao Tome;;Sao Tome;;;;;;;;;x
PROV1955;Фернандо Пу;Fernando Po;Fernando Po;;Fernando Po;;;;;;;;;x
PROV1956;Дуала;Douala;Douala;;Douala;;;;;;;;;x
PROV1957;Буэа;Buea;Buea;;Buea;;;;;;;;;x
PROV1958;Криби;Kribi;Kribi;;Kribi;;;;;;;;;x
PROV1959;Яунде;Yaounde;Yaounde;;Yaounde;;;;;;;;;x
PROV1960;Бафусам;Bafoussam;Bafoussam;;Bafoussam;;;;;;;;;x
PROV1961;Баменда;Bamenda;Bamenda;;Bamenda;;;;;;;;;x
PROV1962;Бертуа;Bertoua;Bertoua;;Bertoua;;;;;;;;;x
PROV1963;Нгаундере;Ngaoundere;Ngaoundere;;Ngaoundere;;;;;;;;;x
PROV1964;Маруа;Maroua;Maroua;;Maroua;;;;;;;;;x
PROV1965;Банги;Bangui;Bangui;;Bangui;;;;;;;;;x
PROV1966;Нола;Nola;Nola;;Nola;;;;;;;;;x
PROV1967;Буар;Bouar;Bouar;;Bouar;;;;;;;;;x
PROV1968;Босангоа;Bossangoa;Bossangoa;;Bossangoa;;;;;;;;;x
PROV1969;Земио;Zemio;Zemio;;Zemio;;;;;;;;;x
PROV1970;Бангасу;Bangassou;Bangassou;;Bangassou;;;;;;;;;x
PROV1971;Нделе;Ndele;Ndele;;Ndele;;;;;;;;;x
PROV1972;Либревиль;Libreville;Libreville;;Libreville;;;;;;;;;x
PROV1973;Бата;Bata;Bata;;Bata;;;;;;;;;x
PROV1974;Маюмбе;Mayumbe;Mayumbe;;Mayumbe;;;;;;;;;x
PROV1975;Моанда;Moanda;Moanda;;Moanda;;;;;;;;;x
PROV1976;Макокоу;Makokou;Makokou;;Makokou;;;;;;;;;x
PROV1977;Нкуна;Nkuna;Nkuna;;Nkuna;;;;;;;;;x
PROV1978;Мадингу;Madingou;Madingou;;Madingou;;;;;;;;;x
PROV1979;Белока;Biloka;Biloka;;Biloka;;;;;;;;;x
PROV1980;Джамбала;Djambala;Djambala;;Djambala;;;;;;;;;x
PROV1981;Импфондо;Impfondo;Impfondo;;Impfondo;;;;;;;;;x
PROV1982;Киншаса;Kinshasa;Kinshasa;;Kinshasa;;;;;;;;;x
PROV1983;Бома;Boma;Boma;;Boma;;;;;;;;;x
PROV1984;Кананга;Kananga;Kananga;;Kananga;;;;;;;;;x
PROV1985;Кумбана;Kumbana;Kumbana;;Kumbana;;;;;;;;;x
PROV1986;Лусамбо;Lusambo;Lusambo;;Lusambo;;;;;;;;;x
PROV1987;Бункейя;Bunkeya;Bunkeya;;Bunkeya;;;;;;;;;x
PROV1988;Муссумба;Mussumba;Mussumba;;Mussumba;;;;;;;;;x
PROV1989;Мунза;Munza;Munza;;Munza;;;;;;;;;x
PROV1990;Ньянгве;Nyangwe;Nyangwe;;Nyangwe;;;;;;;;;x
PROV1991;Увира;Uvira;Uvira;;Uvira;;;;;;;;;x
PROV1992;Басоко;Basoko;Basoko;;Basoko;;;;;;;;;x
PROV1993;Иребу;Irebu;Irebu;;Irebu;;;;;;;;;x
PROV1994;Ншэн;Nsheng;Nsheng;;Nsheng;;;;;;;;;x
PROV1995;Гемена;Gemena;Gemena;;Gemena;;;;;;;;;x
PROV1996;Кисангани;Kisangani;Kisangani;;Kisangani;;;;;;;;;x
PROV1997;Мунгбане;Mungbane;Mungbane;;Mungbane;;;;;;;;;x
PROV1998;Барамо;Baramo;Baramo;;Baramo;;;;;;;;;x
PROV1999;Луанда;Luanda;Luanda;;Loanda;;;;;;;;;x
PROV2000;Кабинда;Cabinda;Cabinda;;Cabinda;;;;;;;;;x
PROV2001;Мбанза;Mbanza;Mbanza;;Mbanza;;;;;;;;;x
PROV2002;Кибала;Quibala;Quibala;;Quibala;;;;;;;;;x
PROV2003;Бенгела;Benguela;Benguela;;Benguela;;;;;;;;;x
PROV2004;Мозвмеды;Mocamedes;Mocamedes;;Mocamedes;;;;;;;;;x
PROV2005;Уамбо;Huambo;Huambo;;Huambo;;;;;;;;;x
PROV2006;Куито;Kuito;Kuito;;Kuito;;;;;;;;;x
PROV2007;Мавинга;Mavinga;Mavinga;;Mavinga;;;;;;;;;x
PROV2008;Онджива;Ondjiva;Ondjiva;;Ondjiva;;;;;;;;;x
PROV2009;Маланже;Malanje;Malanje;;Malanje;;;;;;;;;x
PROV2010;Сауримо;Saurimo;Saurimo;;Saurimo;;;;;;;;;x
PROV2011;Кубанда;Kubanda;Kubanda;;Kubanda;;;;;;;;;x
PROV2012;Лусака;Lusaka;Lusaka;;Lusaka;;;;;;;;;x
PROV2013;Монгу;Mongu;Mongu;;Mongu;;;;;;;;;x
PROV2014;Касемпа;Kasempa;Kasempa;;Kasempa;;;;;;;;;x
PROV2015;Монцо;Monzo;Monzo;;Monzo;;;;;;;;;x
PROV2016;Казембе;Kazembe;Kazembe;;Kazembe;;;;;;;;;x
PROV2017;Касема;Kasema;Kasema;;Kasema;;;;;;;;;x
PROV2018;Чипата;Chipata;Chipata;;Chipata;;;;;;;;;x
PROV2019;Энтеббе;Entebbe;Entebbe;;Entebbe;;;;;;;;;x
PROV2020;Мбарара;Mbarara;Mbarara;;Mbarara;;;;;;;;;x
PROV2021;Масинди;Masindi;Masindi;;Masindi;;;;;;;;;x
PROV2022;Китгум;Kitgum;Kitgum;;Kitgum;;;;;;;;;x
PROV2023;Джинджа;Jinja;Jinja;;Jinja;;;;;;;;;x
PROV2024;Найроби;Nairobi;Nairobi;;Nairobi;;;;;;;;;x
PROV2025;Марсабит;Marsabit;Marsabit;;Marsabit;;;;;;;;;x
PROV2026;Лодвар;Lodwar;Lodwar;;Lodwar;;;;;;;;;x
PROV2027;Накуру;Nakuru;Nakuru;;Nakuru;;;;;;;;;x
PROV2028;Кисуму;Kisumu;Kisumu;;Kisumu;;;;;;;;;x
PROV2029;Момбаса;Mombasa;Mombasa;;Mombasa;;;;;;;;;x
PROV2030;Ламу;Lamu;Lamu;;Lamu;;;;;;;;;x
PROV2031;Ваджир;Garbahaarey;Wajir;;Wajir;;;;;;;;;x
PROV2032;Гарисса;Garissa;Garissa;;Garissa;;;;;;;;;x
PROV2033;Вой;Voi;Voi;;Voi;;;;;;;;;x
PROV2034;Кигали;Kigali;Kigali;;Kigali;;;;;;;;;x
PROV2035;Усумбура;Usumbura;Usumbura;;Usumbura;;;;;;;;;x
PROV2036;Дар-эс-Салам;Dar es Salaam;Dar Es Salaam;;Dar Es Salaam;;;;;;;;;x
PROV2037;Танга;Tanga;Tanga;;Tanga;;;;;;;;;x
PROV2038;Килва;Kilwa;Kilwa;;Kilwa;;;;;;;;;x
PROV2039;Линди;Lindi;Lindi;;Lindi;;;;;;;;;x
PROV2040;Сонгеа;Songea;Songea;;Songea;;;;;;;;;x
PROV2041;Масаси;Masasi;Masasi;;Masasi;;;;;;;;;x
PROV2042;Иринга;Iringa;Iringa;;Iringa;;;;;;;;;x
PROV2043;Табора;Tabora;Tabora;;Tabora;;;;;;;;;x
PROV2044;Мванза;Mwanza;Mwanza;;Mwanza;;;;;;;;;x
PROV2045;Морогоро;Morogoro;Morogoro;;Morogoro;;;;;;;;;x
PROV2046;Уджиджи;Ujiji;Ujiji;;Ujiji;;;;;;;;;x
PROV2047;Аруша;Arusha;Arusha;;Arusha;;;;;;;;;x
PROV2048;Занзибар;Zanzibar;Zanzibar;;Zanzibar;;;;;;;;;x
PROV2049;Лоренсо Маркес;Lourenzo Marques;Lourenco Marques;;Lourenzo Marques;;;;;;;;;x
PROV2050;Хаимат;Chaimate;Chaimate;;Chaimate;;;;;;;;;x
PROV2051;Иньямбане;Inhambane;Inhambane;;Inhambane;;;;;;;;;x
PROV2052;Массекиссе;Massekisse;Massekisse;;Massekisse;;;;;;;;;x
PROV2053;Сена;Sena;Sena;;Sena;;;;;;;;;x
PROV2054;Тете;Tete;Tete;;Tete;;;;;;;;;x
PROV2055;Сонго;Songo;Songo;;Songo;;;;;;;;;x
PROV2056;Зумбо;Zumbo;Zumbo;;Zumbo;;;;;;;;;x
PROV2057;Софала;Sofala;Sofala;;Sofala;;;;;;;;;x
PROV2058;Моссировать;Mossurize;Mossurize;;Mossurize;;;;;;;;;x
PROV2059;Келимане;Quelimane;Quelimane;;Quelimane;;;;;;;;;x
PROV2060;Мозамбик;Mozambique;Mosambik;;Mozambique;;;;;;;;;x
PROV2061;Ангош;Angoche;Angoche;;Angoche;;;;;;;;;x
PROV2062;Шанчжоу;Shangzhou;Shangzhou;;Shangzhou;;;;;;;;;x
PROV2063;Ибо;Ibo;Ibo;;Ibo;;;;;;;;;x
PROV2064;Нампула;Nampula;Nampula;;Nampula;;;;;;;;;x
PROV2065;Миланж;Milange;Milange;;Milange;;;;;;;;;x
PROV2066;Зомба;Zomba;Zomba;;Zomba;;;;;;;;;x
PROV2067;Лилонгве;Lilongwe;Lilongwe;;Lilongwe;;;;;;;;;x
PROV2068;Хараре;Harare;Harare;;Harare;;;;;;;;;x
PROV2069;Гверу;Gweru;Gweru;;Gweru;;;;;;;;;x
PROV2070;Мутаре;Mutare;Mutare;;Mutare;;;;;;;;;x
PROV2071;Булавайо;Bulawayo;Bulawayo;;Bulawayo;;;;;;;;;x
PROV2072;Хванге;Hwange;Hwange;;Hwange;;;;;;;;;x
PROV2073;Масвинго;Masvingo;Masvingo;;Masvingo;;;;;;;;;x
PROV2074;Габороне;Gaborone;Gaborone;;Gaborone;;;;;;;;;x
PROV2075;Серове;Serowe;Serowe;;Serowe;;;;;;;;;x
PROV2076;Ноканенг;Nokaneng;Nokaneng;;Nokaneng;;;;;;;;;x
PROV2077;Цабонг;Tsabong;Tsabong;;Tsabong;;;;;;;;;x
PROV2078;Виндхук;Windhoek;Windhoek;;Windhoek;;;;;;;;;x
PROV2079;Свакопмунд;Swakopmund;Swakopmund;;Swakopmund;;;;;;;;;x
PROV2080;Цумеб;Tsumeb;Tsumeb;;Tsumeb;;;;;;;;;x
PROV2081;Линьяти;Linyati;Linyati;;Linyati;;;;;;;;;x
PROV2082;Отйинене;Otjinene;Otjinene;;Otjinene;;;;;;;;;x
PROV2083;Уолфиш-Бей;Walvis Bay;Walvis Bay;;Bahia de Walvis ;;;;;;;;;x
PROV2084;Ангра Пекена;Angra Pequena;Angra Pequena;;Angra Pequena;;;;;;;;;x
PROV2085;Ну-гоусы;Nu-gouses;Nu-gouses;;Nu-gouses;;;;;;;;;x
PROV2086;Карасбург;Karasburg;Karasburg;;Karasburg;;;;;;;;;x
PROV2087;Кейптаун;Le Cap;Kapstadt;;Ciudad de El Cabo;;;;;;;;;x
PROV2088;Газель;Springbok;Springbok;;Springbok;;;;;;;;;x
PROV2089;Вустер;Worcester;Worcester;;Worcester;;;;;;;;;x
PROV2090;Свиттенхэм;Swettenham;Swettenham;;Swettenham;;;;;;;;;x
PROV2091;Моссел-Бей;Mossel Bay;Mossel Bay;;Bahia de Mossel ;;;;;;;;;x
PROV2092;Бофорт;Beaufort;Beaufort;;Beaufort;;;;;;;;;x
PROV2093;Кальвиния;Calvinia;Calvinia;;Calvinia;;;;;;;;;x
PROV2094;Кимберли;Kimberley;Kimberley;;Kimberley;;;;;;;;;x
PROV2095;Дикатонг;Dikathong;Dikathong;;Dikathong;;;;;;;;;x
PROV2096;Порт-Элизабет;Port Elizabeth;Port Elizabeth;;Port Elizabeth;;;;;;;;;x
PROV2097;Граф Рейнет;Graaf-Reinet;Graaf Reinet;;Graaf Reinet;;;;;;;;;x
PROV2098;Бишо;Bisho;Bisho;;Bisho;;;;;;;;;x
PROV2099;Мателе;Mathele;Mathele;;Mathele;;;;;;;;;x
PROV2100;Умтата;Umtata;Umtata;;Umtata;;;;;;;;;x
PROV2101;Блумфонтейн;Bloemfontein;Bloemfontein;;Bloemfontein;;;;;;;;;x
PROV2102;Винбург;Winburg;Winburg;;Winburg;;;;;;;;;x
PROV2103;Филиппополис;Philippolis;Philippolis;;Philippolis;;;;;;;;;x
PROV2104;Таба Босиу;Thaba Bosiu;Thaba Bosiu;;Thaba Bosiu;;;;;;;;;x
PROV2105;Претория;Pretoria;Pretoria;;Pretoria;;;;;;;;;x
PROV2106;Витватерсранд;Witwatersrand;Witwatersrand;;Witwatersrand;;;;;;;;;x
PROV2107;Клерксдорп;Klerksdorp;Klerksdorp;;Klerksdorp;;;;;;;;;x
PROV2108;Мосега;Mosega;Mosega;;Mosega;;;;;;;;;x
PROV2109;Лиденбург;Lydenburg;Lydenburg;;Lydenburg;;;;;;;;;x
PROV2110;Тохоянду;Thohoyandu;Thohoyandu;;Thohoyandu;;;;;;;;;x
PROV2111;Дурбан;Durban;Durban;;Durban;;;;;;;;;x
PROV2112;Ледисмит;Ladysmith;Ladysmith;;Ladysmith;;;;;;;;;x
PROV2113;Улунди;Ulundi;Ulundi;;Ulundi;;;;;;;;;x
PROV2114;Мбабане;Mbabane;Mbabane;;Mbabane;;;;;;;;;x
PROV2115;Тананариве;Tananarive;Tananarive;;Tananarive;;;;;;;;;x
PROV2116;Фианаранцуа;Fianarantsoa;Fianarantsoa;;Fianarantsoa;;;;;;;;;x
PROV2117;Ампании;Ampanihy;Ampanihy;;Ampanihy;;;;;;;;;x
PROV2118;Толанаро;Tolanaro;Tolanaro;;Tolanaro;;;;;;;;;x
PROV2119;Туамасина;Toamasina;Toamasina;;Toamasina;;;;;;;;;x
PROV2120;Антсиранана;Antsiranana;Antsiranana;;Antsiranana;;;;;;;;;x
PROV2121;Махадзанга;Mahajanga;Mahajanga;;Mahajanga;;;;;;;;;x
PROV2122;Толиара;Toliara;Toliara;;Toliara;;;;;;;;;x
PROV2123;Коморские острова;Comores;Komoren;;Comoros;;;;;;;;;x
PROV2124;Майотта;Mayotte;Mayotte;;Mayotte;;;;;;;;;x
PROV2125;Маврикий;Ile Maurice;Mauritius;;Mauricio;;;;;;;;;x
PROV2126;Бурбон;Bourbon;Bourbon;;Bourbon;;;;;;;;;x
PROV2127;Сейшельские острова;Seychelles;Seychellen;;Seychelles;;;;;;;;;x
PROV2128;Диего Гарсия;Diego Garcia;Diego Garcia;;Diego Garcia;;;;;;;;;x
PROV2129;Святая Елена;Sainte-Helene;Saint Helena;;Santa Elena;;;;;;;;;x
PROV2130;Вознесение;Ascension;Ascension;;Ascension;;;;;;;;;x
PROV2131;Фолклендские острова;Malouines;Falklandinseln;;Islas Malvinas;;;;;;;;;x
PROV2132;Тристан-да-Кунья;Tristan da Cunha;Tristan da Cunha;;Tristan da Cunha;;;;;;;;;x
PROV2133;Южная Джорджия;Georgie du Sud;South Georgia;;Georgia del Sur;;;;;;;;;x
PROV2134;Азорские острова;Acores;Azoren;;Azores;;;;;;;;;x
PROV2135;Мадейра;Madere;Madeira;;Madeira;;;;;;;;;x
PROV2136;Канарские острова;Iles Canaries;Kanarische Inseln;;Islas Canarias;;;;;;;;;x
PROV2137;Эрмосильо;Hermosillo;Hermosillo;;Hermosillo;;;;;;;;;x
PROV2138;Лорето;Loreto;Loreto;;Loreto;;;;;;;;;x
PROV2139;Росарито;Rosarito;Rosarito;;Rosarito;;;;;;;;;x
PROV2140;Ногалес;Nogales;Nogales;;Nogales;;;;;;;;;x
PROV2141;Гуаймас;Guaymas;Guaymas;;Guaymas;;;;;;;;;x
PROV2142;Чихуахуа;Chihuahua;Chihuahua;;Chihuahua;;;;;;;;;x
PROV2143;Пасо-дель-Норте;Paso del Norte;Paso del Norte;;Paso del Norte;;;;;;;;;x
PROV2144;Деликатесы;Delicias;Delicias;;Delicias;;;;;;;;;x
PROV2145;Паррал;Parral;Parral;;Parral;;;;;;;;;x
PROV2146;Монтеррей;Monterrey;Monterrey;;Monterrey;;;;;;;;;x
PROV2147;Морелос;Morelos;Morelos;;Morelos;;;;;;;;;x
PROV2148;Рейноса;Reynosa;Reynosa;;Reinosa;;;;;;;;;x
PROV2149;Матаморос;Matamoros;Matamoros;;Matamoros;;;;;;;;;x
PROV2150;Сьюдад-Виктория;Ciudad Victoria;Ciudad Victoria;;Ciudad Victoria;;;;;;;;;x
PROV2151;Сальтильо;Saltillo;Saltillo;;Saltillo;;;;;;;;;x
PROV2152;Монклова;Monclova;Monclova;;Monclova;;;;;;;;;x
PROV2153;Дуранго;Durango;Durango;;Durango;;;;;;;;;x
PROV2154;Санта-Мария-дель-Оро;Santa Maria del Oro;Santa Maria del Oro;;Santa Maria del Oro;;;;;;;;;x
PROV2155;Торрейн;Torreon;Torreon;;Torreon;;;;;;;;;x
PROV2156;Масатлан;Mazatlan;Mazatlan;;Mazatlan;;;;;;;;;x
PROV2157;Кульякан;Culiacan;Culiacan;;Culiacan;;;;;;;;;x
PROV2158;Сакатекас;Zacatecas;Zacatecas;;Zacatecas;;;;;;;;;x
PROV2159;Сан-Луис-Потосн;San Luis Potosi;San Luis Potosi;;San Luis Potosi;;;;;;;;;x
PROV2160;Агуаскальентес;Aguascalientes;Aguascalientes;;Aguascalientes;;;;;;;;;x
PROV2161;Тепик;Tepic;Tepic;;Tepic;;;;;;;;;x
PROV2162;Веракрус;Veracruz;Veracruz;;Veracruz;;;;;;;;;x
PROV2163;Тампико;Tampico;Tampico;;Tampico;;;;;;;;;x
PROV2164;Минатитлан;Minatitlan;Minatitlan;;Minatitlan;;;;;;;;;x
PROV2165;Вильяэрмоса;Villahermosa;Villahermosa;;Villahermosa;;;;;;;;;x
PROV2166;Гвадалахара;Guadalajara;Guadalajara;;Guadalajara;;;;;;;;;x
PROV2167;Гуанахуато;Guanajuato;Guanajuato;;Guanajuato;;;;;;;;;x
PROV2168;Пуэрто-Вальярта;Puerto Vallarta;Puerto Vallarta;;Puerto Vallarta;;;;;;;;;x
PROV2169;Колима;Colima;Colima;;Colima;;;;;;;;;x
PROV2170;Морелия;Morelia;Morelia;;Morelia;;;;;;;;;x
PROV2171;Лос-Альбасилес;Los Albaniles;Los Albaniles;;Los Albaniles;;;;;;;;;x
PROV2172;Мехико-Сити;Mexico;Mexico City;;Ciudad de Mexico;;;;;;;;;x
PROV2173;Керетаро;Queretaro;Queretaro;;Queretaro;;;;;;;;;x
PROV2174;Толука;Toluca;Toluca;;Toluca;;;;;;;;;x
PROV2175;Тулансинго;Tulancingo;Tulancingo;;Tulancingo;;;;;;;;;x
PROV2176;Пуэбла;Puebla;Puebla;;Puebla;;;;;;;;;x
PROV2177;Оахака;Oaxaca;Oaxaca;;Oaxaca;;;;;;;;;x
PROV2178;Коллатаро;Collataro;Collataro;;Collataro;;;;;;;;;x
PROV2179;Акапулько;Acapulco;Acapulco;;Acapulco;;;;;;;;;x
PROV2180;Чильпансинго;Chilpancingo;Chilpancingo;;Chilpancingo;;;;;;;;;x
PROV2181;Тустла;Tuxtla;Tuxtla;;Tuxtla;;;;;;;;;x
PROV2182;Тапачула;Tapachula;Tapachula;;Tapachula;;;;;;;;;x
PROV2183;Мерида;Merida;Merida;;Merida;;;;;;;;;x
PROV2184;Кампече;Campeche;Campeche;;Campeche;;;;;;;;;x
PROV2185;Бакалар;Bacalar;Bacalar;;Bacalar;;;;;;;;;x
PROV2186;Гватемала;Guatemala;Guatemala;;Guatemala;;;;;;;;;x
PROV2187;Кесальтенанго;Quetzaltenango;Quetzaltenango;;Quetzaltenango;;;;;;;;;x
PROV2188;Пуэрто-Барриос;Puerto Barrios;Puerto Barrios;;Puerto Barrios;;;;;;;;;x
PROV2189;Сайяхче;Sayaxche;Sayaxche;;Sayaxche;;;;;;;;;x
PROV2190;Белиз;Belize;Belize;;Belice;;;;;;;;;x
PROV2191;Сан-Сальвадор;San Salvador;San Salvador;;San Salvador;;;;;;;;;x
PROV2192;Сан-Мигель;San Miguel;San Miguel;;San Miguel;;;;;;;;;x
PROV2193;Комаягуа;Comayagua;Comayagua;;Comayagua;;;;;;;;;x
PROV2194;Сан-Педро-Сула;San Pedro Sula;San Pedro Sula;;San Pedro Sula;;;;;;;;;x
PROV2195;Ла-Сейба;La Ceiba;La Ceiba;;La Ceiba;;;;;;;;;x
PROV2196;Пуэрто-Лемпира;Puerto Lempira;Puerto Lempira;;Puerto Lempira;;;;;;;;;x
PROV2197;Манагуа;Managua;Managua;;Managua;;;;;;;;;x
PROV2198;Ривас;Rivas;Rivas;;Rivas;;;;;;;;;x
PROV2199;Лейн;Leon;Leon;;Leon;;;;;;;;;x
PROV2200;Блуфилдс;Bluefields;Bluefields;;Bluefields;;;;;;;;;x
PROV2201;Сан-Хосе;San Jose;San Jose;;San Jose;;;;;;;;;x
PROV2202;Либерия;Liberia;Liberia;;Liberia;;;;;;;;;x
PROV2203;Лимон;Limon;Limon;;Limon;;;;;;;;;x
PROV2204;Панама-Сити;Panama;Panama City;;Ciudad de Panama;;;;;;;;;x
PROV2205;Дэйвид;David;David;;David;;;;;;;;;x
PROV2206;Пенономе;Penonome;Penonome;;Penonome;;;;;;;;;x
PROV2207;Сайншанд;Sainshand;Sainshand;;Sainshand;;;;;;;;;x
PROV2208;Явиза;Yaviza;Yaviza;;Yaviza;;;;;;;;;x
PROV2209;Гавана;La Havane;Havana;;La Habana;;;;;;;;;x
PROV2210;Хагуа;Jagua;Jagua;;Jagua;;;;;;;;;x
PROV2211;Камагьей;Camaguey;Camaguey;;Camaguey;;;;;;;;;x
PROV2212;Сантьяго де Куба;Santiago de Cuba;Santiago de Cuba;;Santiago de Cuba;;;;;;;;;x
PROV2213;Порт-о-Пренс;Port-au-Prince;Port Au Prince;;Puerto Principe;;;;;;;;;x
PROV2214;Санто-Доминго;Santo Domingo;Santo Domingo;;Santo Domingo;;;;;;;;;x
PROV2215;Кап-Аитьен;Cap-Haitien;Cap Haitien;;Cap Haitien;;;;;;;;;x
PROV2216;Ла Вега;La Vega;La Vega;;La Vega;;;;;;;;;x
PROV2217;Ямайка;Jamaique;Jamaica;;Jamaica;;;;;;;;;x
PROV2218;Каймановы острова;Iles Caiman;Cayman-Inseln;;Islas Caimanes;;;;;;;;;x
PROV2219;Багамы;Bahamas;Bahamas;;Bahamas;;;;;;;;;x
PROV2220;Теркс и Кайкос;Turks-et-Caicos;Turks und Caicos;;Turcos y Caicos;;;;;;;;;x
PROV2221;Нанкин;Nanjing;Nanjing;;Nanjing;;;;;;;;;x
PROV2222;Пуэрто-Рико;Puerto Rico;Puerto Rico;;Puerto Rico;;;;;;;;;x
PROV2223;Сент-Томас;Saint Thomas;Saint Thomas;;Santo Tomas;;;;;;;;;x
PROV2224;Антигуа;Antigua;Antigua;;Antigua;;;;;;;;;x
PROV2225;Монтсеррат;Montserrat;Montserrat;;Montserrat;;;;;;;;;x
PROV2226;Тортола;Tortola;Tortola;;Tortola;;;;;;;;;x
PROV2227;Сент-Китс;Saint-Kitts;Saint Kitts;;Saint Kitts;;;;;;;;;x
PROV2228;Мартиника;Martinique;Martinique;;Martinica;;;;;;;;;x
PROV2229;Барбадос;La Barbade;Barbados;;Barbados;;;;;;;;;x
PROV2230;Гваделупа;Guadeloupe;Guadeloupe;;Guadalupe;;;;;;;;;x
PROV2231;Сент-Люсия;Sainte-Lucie;Saint Lucia;;Santa Lucia;;;;;;;;;x
PROV2232;Доминика;Dominique;Dominica;;Dominica;;;;;;;;;x
PROV2233;Гренада;Grenadie;Grenada;;Granada;;;;;;;;;x
PROV2234;Кюрасао;Curacao;Curacao;;Curacao;;;;;;;;;x
PROV2235;Аруба;Aruba;Aruba;;Aruba;;;;;;;;;x
PROV2236;Сен-Мартен;Saint-Martin;Saint Martin;;San Martin;;;;;;;;;x
PROV2237;Тринидад;Trinidad;Trinidad;;Trinidad;;;;;;;;;x
PROV2238;Тобаго;Tobago;Tobago;;Tobago;;;;;;;;;x
PROV2239;Джорджтаун;Georgetown;Georgetown;;Georgetown;;;;;;;;;x
PROV2240;Парамарибо;Paramaribo;Paramaribo;;Paramaribo;;;;;;;;;x
PROV2241;Кайенский перец;Cayenne;Cayenne;;Cayena;;;;;;;;;x
PROV2242;Махдия;Mahdia;Mahdia;;Maihia;;;;;;;;;x
PROV2243;Эссекибо;Essequibo;Essequibo;;Essequibo;;;;;;;;;x
PROV2244;Остров Рождества;Ile Christmas ;Weihnachtsinsel;;Isla de Navidad;;;;;;;;;x
PROV2245;Апетина;Apetina;Apetina;;Apetina;;;;;;;;;x
PROV2246;Марипасула;Maripasoula;Maripasoula;;Maripasoula;;;;;;;;;x
PROV2247;Боготаб;Bogota;Bogota;;Bogota;;;;;;;;;x
PROV2248;Ibaguй;Ibague;Ibague;;Ibague;;;;;;;;;x
PROV2249;Тунха;Tunja;Tunja;;Tunja;;;;;;;;;x
PROV2250;Манисалес;Manizales;Manizales;;Manizales;;;;;;;;;x
PROV2251;Cъcuta;Cucuta;Cucuta;;Cucuta;;;;;;;;;x
PROV2252;Медельин;Medellin;Medellin;;Medellin;;;;;;;;;x
PROV2253;Quibdу;Quibdo;Quibdo;;Quibdo;;;;;;;;;x
PROV2254;Картахена де Индиас;Cartagena de Indias;Cartagena de Indias;;Cartagena de Indias;;;;;;;;;x
PROV2255;Барранкилья;Barranquilla;Barranquilla;;Barranquilla;;;;;;;;;x
PROV2256;Кали;Cali;Cali;;Cali;;;;;;;;;x
PROV2257;Попайан;Popayan;Popayan;;Popayan;;;;;;;;;x
PROV2258;Буэнавентура;Buenaventura;Buenaventura;;Buenaventura;;;;;;;;;x
PROV2259;Пасто;Pasto;Pasto;;Pasto;;;;;;;;;x
PROV2260;Сан-Хосе-дель-Гуавьяре;San Jose del Guaviare;San Jose del Guaviare;;San Jose del Guaviare;;;;;;;;;x
PROV2261;Обандо;Obando;Obando;;Obando;;;;;;;;;x
PROV2262;Касанаре;Casanare;Casanare;;Casanare;;;;;;;;;x
PROV2263;Эль Энканто;El Encanto;El Encanto;;El Encanto;;;;;;;;;x
PROV2264;Каракас;Caracas;Caracas;;Caracas;;;;;;;;;x
PROV2265;Гуанаре;Guanare;Guanare;;Guanare;;;;;;;;;x
PROV2266;Калабозо;Calabozo;Calabozo;;Calabozo;;;;;;;;;x
PROV2267;Куманб;Cumana;Cumana;;Cumana;;;;;;;;;x
PROV2268;Сан-Фелипе;San Felipe;San Felipe;;San Felipe;;;;;;;;;x
PROV2269;Гюирия;Guiria;Guiria;;Guiria;;;;;;;;;x
PROV2270;Маракайбо;Maracaibo;Maracaibo;;Maracaibo;;;;;;;;;x
PROV2271;Валера;Valera;Valera;;Valera;;;;;;;;;x
PROV2272;Коро;Coro;Coro;;Coro;;;;;;;;;x
PROV2273;Баркисимето;Barquisimeto;Barquisimeto;;Barquisimeto;;;;;;;;;x
PROV2274;Баринас;Barinas;Barinas;;Barinas;;;;;;;;;x
PROV2275;Ангостура;Angostura;Angostura;;Angostura;;;;;;;;;x
PROV2276;Куриапо;Curiapo;Curiapo;;Curiapo;;;;;;;;;x
PROV2277;Эль-Джобаль;El Jobal;El Jobal;;El Jobal;;;;;;;;;x
PROV2278;Сан-Фернандо-де-Атабапо;San Fernando de Atabapo;San Fernando de Atabapo;;San Fernando de Atabapo;;;;;;;;;x
PROV2279;Кито;Quito;Quito;;Quito;;;;;;;;;x
PROV2280;Гуаякиль;Guayaquil;Guayaquil;;Guayaquil;;;;;;;;;x
PROV2281;Эсмеральдас;Esmereldas;Esmeraldas;;Esmereldas;;;;;;;;;x
PROV2282;Лоха;Loja;Loja;;Loja;;;;;;;;;x
PROV2283;Самора;Zamora;Zamora;;Zamora;;;;;;;;;x
PROV2284;Тена;Tena;Tena;;Tena;;;;;;;;;x
PROV2285;Галапагосские острова;Galapagos;Galapagos;;Galapagos;;;;;;;;;x
PROV2286;Икитос;Iquitos;Iquitos;;Iquitos;;;;;;;;;x
PROV2287;Юримагуас;Yurimaguas;Yurimaguas;;Yurimaguas;;;;;;;;;x
PROV2288;Юнкос;Yuncos;Yuncos;;Yuncos;;;;;;;;;x
PROV2289;Пука Урко;Puca Urco;Puca Urco;;Puca Urco;;;;;;;;;x
PROV2290;Кахамарка;Cajamarca;Cajamarca;;Cajamarca;;;;;;;;;x
PROV2291;Пиура;Piura;Piura;;Piura;;;;;;;;;x
PROV2292;Трухильо;Trujillo;Trujillo;;Trujillo;;;;;;;;;x
PROV2293;Huбnuco;Huanuco;Huanuco;;Huanuco;;;;;;;;;x
PROV2294;Мойобамба;Moyobamba;Moyobamba;;Moyobamba;;;;;;;;;x
PROV2295;Лима;Lima;Lima;;Lima;;;;;;;;;x
PROV2296;Уанкавелика;Huancavelica;Huancavelica;;Huancavelica;;;;;;;;;x
PROV2297;Ика;Ica;Ica;;Ica;;;;;;;;;x
PROV2298;Уарас;Huaraz;Huaraz;;Huaraz;;;;;;;;;x
PROV2299;Аякучо;Ayacucho;Ayacucho;;Ayacucho (PER);;;;;;;;;x
PROV2300;Пукальпа;Pucallpa;Pucallpa;;Pucallpa;;;;;;;;;x
PROV2301;Пуэрто Мальдонадо;Puerto Maldonado;Puerto Maldonado;;Puerto Maldonado;;;;;;;;;x
PROV2302;Куско;Cusco;Cusco;;Cusco;;;;;;;;;x
PROV2303;Пуно;Puno;Puno;;Puno;;;;;;;;;x
PROV2304;Арекипа;Arequipa;Arequipa;;Arequipa;;;;;;;;;x
PROV2305;Антофагаста;Antofagasta;Antofagasta;;Antofagasta;;;;;;;;;x
PROV2306;Сорокаба;Sorocaba;Sorocaba;;Sorocaba;;;;;;;;;x
PROV2307;Икике;Iquique;Iquique;;Iquique;;;;;;;;;x
PROV2308;Арика;Arica;Arica;;Arica;;;;;;;;;x
PROV2309;Калама;Calama;Calama;;Calama;;;;;;;;;x
PROV2310;Ла-Пас;La Paz;La Paz;;La Paz;;;;;;;;;x
PROV2311;Кочабамба;Cochabamba;Cochabamba;;Cochabamba;;;;;;;;;x
PROV2312;Оруро;Oruro;Oruro;;Oruro;;;;;;;;;x
PROV2313;Чукисака;Chuquisaca;Chuquisaca;;Chuquisaca;;;;;;;;;x
PROV2314;Потосн;Potosi;Potosi;;Potosi;;;;;;;;;x
PROV2315;Тариха;Tarija;Tarija;;Tarija;;;;;;;;;x
PROV2316;Санта-Крус;Santa Cruz;Santa Cruz;;Santa Cruz;;;;;;;;;x
PROV2317;Сан-Игнасио;San Ignacio;San Ignacio;;San Ignacio;;;;;;;;;x
PROV2318;Роборе;Robore;Robore;;Robore;;;;;;;;;x
PROV2319;Санта-Ана;Santa Ana;Santa Ana;;Santa Ana;;;;;;;;;x
PROV2320;Риберальта;Riberalta;Riberalta;;Riberalta;;;;;;;;;x
PROV2321;Кобиха;Cobija;Cobija;;Cobija;;;;;;;;;x
PROV2322;Копировать;Copiapo;Copiapo;;Copiapo;;;;;;;;;x
PROV2323;Ла Серена;La Serena;La Serena;;La Serena;;;;;;;;;x
PROV2324;Сантьяго;Santiago;Santiago;;Santiago;;;;;;;;;x
PROV2325;Вальпараисо;Valparaiso;Valparaiso;;Valparaiso;;;;;;;;;x
PROV2326;Viсa del Mar;Vina del Mar;Vina del Mar;;Vina del Mar;;;;;;;;;x
PROV2327;Талька;Talca;Talca;;Talca;;;;;;;;;x
PROV2328;Вальдивия;Valdivia;Valdivia;;Valdivia;;;;;;;;;x
PROV2329;Темуко;Temuco;Temuco;;Temuco;;;;;;;;;x
PROV2330;Каукенес;Cauquenes;Cauquenes;;Cauquenes;;;;;;;;;x
PROV2331;Chillбan;Chillan;Chillan;;Chillan;;;;;;;;;x
PROV2332;Осорно;Osorno;Osorno;;Osorno;;;;;;;;;x
PROV2333;Пуэрто-Айсен;Puerto Aisen;Puerto Aisen;;Puerto Aisen;;;;;;;;;x
PROV2334;Пунта-Аренас;Punta Arenas;Punta Arenas;;Punta Arenas;;;;;;;;;x
PROV2335;Порвенир;Porvenir;Porvenir;;Porvenir;;;;;;;;;x
PROV2336;остров Пасхи;Ile de Paques;Osterinsel;;Isla de Pascua;;;;;;;;;x
PROV2337;Фортин Фалькон;Fortin Falcon;Fortin Falcon;;Fortin Falcon;;;;;;;;;x
PROV2338;Пуэрто-Гуарани;Puerto Guarani;Puerto Guarani;;Puerto Guarani;;;;;;;;;x
PROV2339;Асунсьон;Asuncion;Asuncion;;Asuncion;;;;;;;;;x
PROV2340;Пилар;Pilar;Pilar;;Pilar;;;;;;;;;x
PROV2341;Воплощение;Encarnacion;Encarnacion;;Encarnacion;;;;;;;;;x
PROV2342;Сан-Педро;San Pedro;San Pedro;;San Pedro;;;;;;;;;x
PROV2343;Консепсьон;Concepcion;Concepcion;;Concepcion;;;;;;;;;x
PROV2344;Монтевидео;Montevideo;Montevideo;;Montevideo;;;;;;;;;x
PROV2345;Пейсандъ;Paysandu;Paysandu;;Paysandu;;;;;;;;;x
PROV2346;Такуарембу;Tacuarembo;Tacuarembo;;Tacuarembo;;;;;;;;;x
PROV2347;Мело;Melo;Melo;;Melo;;;;;;;;;x
PROV2348;Буэнос-Айрес;Buenos Aires;Buenos Aires;;Buenos Aires;;;;;;;;;x
PROV2349;Junнн;Junin;Junin;;Junin;;;;;;;;;x
PROV2350;Азул;Azul;Azul;;Azul;;;;;;;;;x
PROV2351;Ла-Плата;La Plata;La Plata;;La Plata;;;;;;;;;x
PROV2352;Мар-дель-Плата;Mar del Plata;Mar del Plata;;Mar del Plata;;;;;;;;;x
PROV2353;Тренк Лаукен;Trenque Lauquen;Trenque Lauquen;;Trenque Lauquen;;;;;;;;;x
PROV2354;Bahнa Blanca;Bahia Blanca;Bahia Blanca;;Bahia Blanca;;;;;;;;;x
PROV2355;Кармен;Carmen;Carmen;;Carmen;;;;;;;;;x
PROV2356;Корриентес;Corrientes;Corrientes;;Corrientes;;;;;;;;;x
PROV2357;Curuzъ Cuatiб;Curuzu Cuatia;Curuzu Cuatia;;Curuzu Cuatia;;;;;;;;;x
PROV2358;Санто-Томас;Santo Tomas;Santo Tomas;;Santo Tomas;;;;;;;;;x
PROV2359;Колон;Colon;Colon;;Colon;;;;;;;;;x
PROV2360;Паранб;Parana;Parana;;Parana;;;;;;;;;x
PROV2361;Санкти Спириту;Santa Espiritu;Santa Espiritu;;Espiritu Santo;;;;;;;;;x
PROV2362;Реконкиста;Reconquista;Reconquista;;Reconquista;;;;;;;;;x
PROV2363;Росарио;Rosario;Rosario;;Rosario;;;;;;;;;x
PROV2364;Сопротивление;Resistencia;Resistencia;;Resistencia;;;;;;;;;x
PROV2365;Вилла Анжела;Villa Angela;Villa Angela;;Villa Angela;;;;;;;;;x
PROV2366;Формоза;Formosa;Formosa;;Formosa;;;;;;;;;x
PROV2367;Ксолотас;Xolotas;Xolotas;;Xolotas;;;;;;;;;x
PROV2368;Сальта;Salta;Salta;;Salta;;;;;;;;;x
PROV2369;Жужуй;Jujuy;Jujuy;;Jujuy;;;;;;;;;x
PROV2370;Кочинока;Cochinoca;Cochinoca;;Cochinoca;;;;;;;;;x
PROV2371;Эквиа;Equia;Equia;;Equia;;;;;;;;;x
PROV2372;Ривадавия;Rivadavia;Rivadavia;;Rivadavia;;;;;;;;;x
PROV2373;Тукумбан;Tucuman;Tucuman;;Tucuman;;;;;;;;;x
PROV2374;Катамарка;Catamarca;Catamarca;;Catamarca;;;;;;;;;x
PROV2375;Винчина;Vinchina;Vinchina;;Vinchina;;;;;;;;;x
PROV2376;Сантьяго дель Эстеро;Santiago del Estero;Santiago del Estero;;Santiago del Estero;;;;;;;;;x
PROV2377;Акатуя;Anatuya;Anatuya;;Anatuya;;;;;;;;;x
PROV2378;Mailнn;Mailin;Mailin;;Mailin;;;;;;;;;x
PROV2379;Кордова де Аргентина;Cordoba;Cordoba de Argentina;;Cordoba de Argentina;;;;;;;;;x
PROV2380;Вилла Нуэва;Villa Nueva;Villa Nueva;;Villa Nueva;;;;;;;;;x
PROV2381;Рио Куарто;Rio Cuarto;Rio Cuarto;;Rio Cuarto;;;;;;;;;x
PROV2382;Ренансу;Renanco;Renanco;;Renanco;;;;;;;;;x
PROV2383;Сан-Луис;San Luis;San Luis;;San Luis;;;;;;;;;x
PROV2384;Мерседес;Mercedes;Mercedes;;Mercedes;;;;;;;;;x
PROV2385;Ла-Риоха;Rioja;La Rioja;;La Rioja;;;;;;;;;x
PROV2386;Санта-Рита;Santa Rita;Santa Rita;;Santa Rita;;;;;;;;;x
PROV2387;Сан-Хуан;San Juan;San Juan;;San Juan;;;;;;;;;x
PROV2388;Калингаста;Calingasta;Calingasta;;Calingasta;;;;;;;;;x
PROV2389;Мендоса;Mendoza;Mendoza;;Mendoza;;;;;;;;;x
PROV2390;Сан-Рафаэль;San Rafael;San Rafael;;San Rafael;;;;;;;;;x
PROV2391;Неукен;Neuquen;Neuquen;;Neuquen;;;;;;;;;x
PROV2392;Вьедма;Viedma;Viedma;;Viedma;;;;;;;;;x
PROV2393;Телен;Telen;Telen;;Telen;;;;;;;;;x
PROV2394;Барилоче;Bariloche;Bariloche;;Bariloche;;;;;;;;;x
PROV2395;Кюре;Curaco;Curaco;;Curaco;;;;;;;;;x
PROV2396;Роусон;Rawson;Rawson;;Rawson;;;;;;;;;x
PROV2397;Эскуэль;Esquel;Esquel;;Esquel;;;;;;;;;x
PROV2398;Пуэрто Десеадо;Puerto Deseado;Puerto Deseado;;Puerto Deseado;;;;;;;;;x
PROV2399;Рио-Гальегос;Rio Gallegos;Rio Gallegos;;Rio Gallegos;;;;;;;;;x
PROV2400;Рио-Гранде;Rio Grande;Rio Grande;;Rio Grande;;;;;;;;;x
PROV2401;Марабитаны;Marabitanas;Marabitanas;;Marabitanas;;;;;;;;;x
PROV2402;Манаус;Manaus;Manaus;;Manaos;;;;;;;;;x
PROV2403;Кашуэйра;Cachoeira;Cachoeira;;Cachoeira;;;;;;;;;x
PROV2404;Тефе;Tefe;Tefe;;Tefe;;;;;;;;;x
PROV2405;Борьба;Borba;Borba;;Borba;;;;;;;;;x
PROV2406;Кокосовые острова;Iles Cocos ;Kokosinseln;;Isla de los Cocos;;;;;;;;;x
PROV2407;Табатинга;Tabatinga;Tabatinga;;Tabatinga;;;;;;;;;x
PROV2408;Ориксимина;Oriximina;Oriximina;;Oriximina;;;;;;;;;x
PROV2409;Сент-Винсент;Saint Vincent;Saint Vincent;;San Vincente;;;;;;;;;x
PROV2410;Белем;Belem;Belem;;Belem;;;;;;;;;x
PROV2411;Сантарен;Santarem;Santarem;;Santarem;;;;;;;;;x
PROV2412;Убидос;Obidos;Obidos;;Obidos;;;;;;;;;x
PROV2413;Марабб;Maraba;Maraba;;Maraba;;;;;;;;;x
PROV2414;Amapб;Amapa;Amapa;;Amapa;;;;;;;;;x
PROV2415;Macapб;Macapa;Macapa;;Macapa;;;;;;;;;x
PROV2416;Доурадос;Dourados;Dourados;;Dourados;;;;;;;;;x
PROV2417;Вила Бела;Vila Bela;Vila Bela;;Vila Bela;;;;;;;;;x
PROV2418;Куяба;Cuiaba;Cuiaba;;Cuiaba;;;;;;;;;x
PROV2419;Корумбб;Corumba;Corumba;;Corumba;;;;;;;;;x
PROV2420;Игуатеми;Iguatemi;Iguatemi;;Iguatemi;;;;;;;;;x
PROV2421;Вила Боа;Vila Boa;Vila Boa;;Vila Boa;;;;;;;;;x
PROV2422;Аганджа;Aganja;Aganja;;Aganja;;;;;;;;;x
PROV2423;Пальмас;Palmas;Palmas;;Palmas;;;;;;;;;x
PROV2424;Sгo Luнs;Sao Luis;Sao Luis;;Sao Luis;;;;;;;;;x
PROV2425;Шапада;Chapada;Chapada;;Chapada;;;;;;;;;x
PROV2426;Терезина;Teresina;Teresina;;Teresina;;;;;;;;;x
PROV2427;Оэйраш;Oeiras;Oeiras;;Oeiras;;;;;;;;;x
PROV2428;Паранба;Paraiba;Paraiba;;Paraiba;;;;;;;;;x
PROV2429;Форталеза;Fortaleza;Fortaleza;;Fortaleza;;;;;;;;;x
PROV2430;Крато;Crato;Crato;;Crato;;;;;;;;;x
PROV2431;Натал;Natal;Natal;;Natal;;;;;;;;;x
PROV2432;Ресифи;Recife;Recife;;Recife;;;;;;;;;x
PROV2433;Кабробо;Cabrobo;Cabrobo;;Cabrobo;;;;;;;;;x
PROV2434;Масейу;Maceio;Maceio;;Maceio;;;;;;;;;x
PROV2435;Аракажу;Aracaju;Aracaju;;Aracaju;;;;;;;;;x
PROV2436;Сальвадор де Баия;Salvador de Bahia;Salvador de Bahia;;Salvador de Bahia;;;;;;;;;x
PROV2437;Жуазейру;Juazeiro;Juazeiro;;Juazeiro;;;;;;;;;x
PROV2438;Вила-ду-Барра;Vila do Barra;Vila do Barra;;Vila do Barra;;;;;;;;;x
PROV2439;Порту-Сегуру;Porto Seguro;Porto Seguro;;Porto Seguro;;;;;;;;;x
PROV2440;Витория Конкисты;Vitoria da Conquista;Vitoria da Conquista;;Vitoria da Conquista;;;;;;;;;x
PROV2441;Ору-Прету;Ouro Preto;Ouro Preto;;Ouro Preto;;;;;;;;;x
PROV2442;Сабарб;Sabara;Sabara;;Sabara;;;;;;;;;x
PROV2443;Januбria;Januaria;Januaria;;Januaria;;;;;;;;;x
PROV2444;Паракату;Paracatu;Paracatu;;Paracatu;;;;;;;;;x
PROV2445;Убераба;Uberaba;Uberaba;;Uberaba;;;;;;;;;x
PROV2446;Сан-Хор-де-Рей;Sao Joao del-Rei;Sao Joao del Rey;;Sao Joao del Rey;;;;;;;;;x
PROV2447;Рио-де-Жанейро;Rio de Janeiro;Rio de Janeiro;;Rio de Janeiro;;;;;;;;;x
PROV2448;Кампос;Campos;Campos;;Campos;;;;;;;;;x
PROV2449;Витория;Vitoria;Vitoria;;Vitoria;;;;;;;;;x
PROV2450;Сан-Паулу;Sao Paulo;Sao Paulo;;Sao Paulo;;;;;;;;;x
PROV2451;Сантос;Santos;Santos;;Santos;;;;;;;;;x
PROV2452;Кампинас;Campinas;Campinas;;Campinas;;;;;;;;;x
PROV2453;Ассис;Assis;Assis;;Assis;;;;;;;;;x
PROV2454;Фиджи;Fidji;Fidschi;;Islas Fiji;;;;;;;;;x
PROV2455;Игуапе;Iguape;Iguape;;Iguape;;;;;;;;;x
PROV2456;Араракуара;Araraquara;Araraquara;;Araraquara;;;;;;;;;x
PROV2457;Куритиба;Curitiba;Curitiba;;Curitiba;;;;;;;;;x
PROV2458;Гуарапуава;Guarapuava;Guarapuava;;Guarapuava;;;;;;;;;x
PROV2459;Лажеш;Lajes;Lajes;;Lajes;;;;;;;;;x
PROV2460;Кастро;Castro;Castro;;Castro;;;;;;;;;x
PROV2461;Дестерро;Desterro;Desterro;;Desterro;;;;;;;;;x
PROV2462;Сан Мигель;Sao Miguel;Sao Miguel;;Sao Miguel;;;;;;;;;x
PROV2463;Порту-Алегри;Porto Alegre;Porto Alegre;;Porto Alegre;;;;;;;;;x
PROV2464;Пелотас;Pelotas;Pelotas;;Pelotas;;;;;;;;;x
PROV2465;Пассо Фундо;Passo Fundo;Passo Fundo;;Passo Fundo;;;;;;;;;x
PROV2466;Санта-Мария;Santa Maria;Santa Maria;;Santa Maria;;;;;;;;;x
PROV2467;Алегрети;Alegrete;Alegrete;;Alegrete;;;;;;;;;x
PROV2468;Сидней;Sydney;Sydney;;Sydney;;;;;;;;;x
PROV2469;Ньюкасл;Newcastle;Newcastle;;Newcastle;;;;;;;;;x
PROV2470;Порт-Маккуори;Port Macquarie;Port Macquarie;;Port Macquarie;;;;;;;;;x
PROV2471;Офир;Ophir;Ophir;;Ophir;;;;;;;;;x
PROV2472;Эдем;Eden;Eden;;Eden;;;;;;;;;x
PROV2473;Вагга Вагга;Wagga Wagga;Wagga Wagga;;Wagga Wagga;;;;;;;;;x
PROV2474;Мори;Moree;Moree;;Moree;;;;;;;;;x
PROV2475;Брокен-Хилл;Broken Hill;Broken Hill;;Broken Hill;;;;;;;;;x
PROV2476;Мельбурн;Melbourne;Melbourne;;Melbourne;;;;;;;;;x
PROV2477;Вармамбул;Warmambool;Warmambool;;Warmambool;;;;;;;;;x
PROV2478;Балларат;Ballarat;Ballarat;;Ballarat;;;;;;;;;x
PROV2479;Распродажа;Sale;Sale;;Sale;;;;;;;;;x
PROV2480;Бичворт;Beechworth;Beechworth;;Beechworth;;;;;;;;;x
PROV2481;Лебединый Холм;Swan Hill;Swan Hill;;Swan Hill;;;;;;;;;x
PROV2482;Тасмания;Tasmanie;Tasmanien;;Tasmania;;;;;;;;;x
PROV2483;Брисбен;Brisbane;Brisbane;;Brisbane;;;;;;;;;x
PROV2484;Гладстон;Gladstone;Gladstone;;Gladstone;;;;;;;;;x
PROV2485;Клермон;Clermont;Clermont;;Clermont;;;;;;;;;x
PROV2486;Тувумба;Toowoomba;Toowoomba;;Toowoomba;;;;;;;;;x
PROV2487;Таунсвилл;Townsville;Townsville;;Townsville;;;;;;;;;x
PROV2488;Куктаун;Cooktown;Cooktown;;Cooktown;;;;;;;;;x
PROV2489;Лонгрич;Longreach;Longreach;;Longreach;;;;;;;;;x
PROV2490;Шарлевиль;Charleville;Charleville;;Charleville;;;;;;;;;x
PROV2491;Аделаида;Adelaide;Adelaide;;Adelaida;;;;;;;;;x
PROV2492;Порт-Линкольн;Port Lincoln;Port Lincoln;;Port Lincoln;;;;;;;;;x
PROV2493;Халат;Robe;Robe;;Robe;;;;;;;;;x
PROV2494;Порт-Огаста;Port Augusta;Port Augusta;;Port Augusta;;;;;;;;;x
PROV2495;Уднадатта;Oodnadatta;Oodnadatta;;Oodnadatta;;;;;;;;;x
PROV2496;Таркула;Tarcoola;Tarcoola;;Tarcoola;;;;;;;;;x
PROV2497;Перт;Perth;Perth;;Perth;;;;;;;;;x
PROV2498;Коджонуп;Kojonup;Kojonup;;Kojonup;;;;;;;;;x
PROV2499;Джералдтон;Geraldton;Geraldton;;Geraldton;;;;;;;;;x
PROV2500;Калгурли;Kalgoorlie;Kalgoorlie;;Kalgoorlie;;;;;;;;;x
PROV2501;Брум;Broome;Broome;;Broome;;;;;;;;;x
PROV2502;Дампир;Dampier;Dampier;;Dampier;;;;;;;;;x
PROV2503;Вилуна;Wiluna;Wiluna;;Wiluna;;;;;;;;;x
PROV2504;Эсперанс;Esperance;Esperance;;Esperance;;;;;;;;;x
PROV2505;Палмерстон;Palmerston;Palmerston;;Palmerston;;;;;;;;;x
PROV2506;Теннант-Крик;Tennant Creek;Tennant Creek;;Tennant Creek;;;;;;;;;x
PROV2507;Алис-Спрингс;Alice Springs;Alice Springs;;Alice Springs;;;;;;;;;x
PROV2508;остров Норфолк;Ile Norfolk;Norfolk Island;;Isla de Norfolk ;;;;;;;;;x
PROV2509;Окленд;Auckland;Auckland;;Auckland;;;;;;;;;x
PROV2510;Нью-Плимут;New Plymouth;New Plymouth;;New Plymouth;;;;;;;;;x
PROV2511;Нейпир;Napier;Napier;;Napier;;;;;;;;;x
PROV2512;Веллингтон;Wellington;Wellington;;Wellington;;;;;;;;;x
PROV2513;Данидин;Dunedin;Dunedin;;Dunedin;;;;;;;;;x
PROV2514;Хокитика;Hokitika;Hokitika;;Hokitika;;;;;;;;;x
PROV2515;Крайстчерч;Christchurch;Christchurch;;Christchurch;;;;;;;;;x
PROV2516;Нельсон;Nelson;Nelson;;Nelson;;;;;;;;;x
PROV2517;Гуам;Guam;Guam;;Guam;;;;;;;;;x
PROV2518;Палау;Palau;Palau;;Palau;;;;;;;;;x
PROV2519;Яп;Yap;Yap;;Yap;;;;;;;;;x
PROV2520;Тавеуни;Taveuni;Taveuni;;Taveuni;;;;;;;;;x
PROV2521;Сайпан;Saipan;Saipan;;Saipan;;;;;;;;;x
PROV2522;Маршалловы острова;Iles Marshall;Marshallinseln;;Islas Marshall;;;;;;;;;x
PROV2523;Науру;Nauru;Nauru;;Nauru;;;;;;;;;x
PROV2524;Будить;Wake;Wake;;Atolon de Wake;;;;;;;;;x
PROV2525;Маркус;Marcus;Marcus;;Marcus;;;;;;;;;x
PROV2526;Пальмира;Palmyra;Palmyra;;Palmira;;;;;;;;;x
PROV2527;Острова Гилберта;Iles Gilbert;Gilbertinseln;;Islas Gilbert;;;;;;;;;x
PROV2528;Порт-Морсби;Port Moresby;Port Moresby;;Port Moresby;;;;;;;;;x
PROV2529;Керема;Kerema;Kerema;;Kerema;;;;;;;;;x
PROV2530;Лаэ;Lae;Lae;;Lae;;;;;;;;;x
PROV2531;Маданг;Madang;Madang;;Madang;;;;;;;;;x
PROV2532;Форте Сан-Жоаким;Forte de Sao Joaquim;Forte Sao Joaquim;;Forte Sao Joaquim;;;;;;;;;x
PROV2533;Тыргу-Муреш;Targu Mures;Targu Mures;;Targu Mures;;;;;;;;;x
PROV2534;Соломоновы острова;Iles Salomon;Solomonen;;Islas Solomon;;;;;;;;;x
PROV2535;Новые Гебриды;New Hebrides;Neue Hebriden;;Nuevas Hebridas;;;;;;;;;x
PROV2536;Острова Санта-Крус;Iles Santa Cruz ;Santa Cruz-Inseln;;Islas de Santa Cruz;;;;;;;;;x
PROV2537;Новая Британия;New Britain;New Britain;;Nueva Bretana;;;;;;;;;x
PROV2538;Нови-Сад;Novi Sad;Novi Sad;;Novi Sad;;;;;;;;;x
PROV2539;Бугенвиль;Bougainville;Bougainville;;Bougainville;;;;;;;;;x
PROV2540;Тонга;Tonga;Tonga;;Tonga;;;;;;;;;x
PROV2541;Острова Эллис;Iles Ellice;Ellice-Inseln;;Islas Ellice;;;;;;;;;x
PROV2542;Уоллис и Футуна;Wallis-et-Futuna;Wallis und Futuna;;Wallis y Futuna;;;;;;;;;x
PROV2543;Апиа;Apia;Apia;;Apia;;;;;;;;;x
PROV2544;Паго-Паго;Pago Pago;Pago Pago;;Pago Pago;;;;;;;;;x
PROV2545;Раротонга;Rarotonga;Rarotonga;;Rarotonga;;;;;;;;;x
PROV2546;Тонгарева;Tongareva;Tongareva;;Tongareva;;;;;;;;;x
PROV2547;Токелау;Tokelau;Tokelau;;Tokelau;;;;;;;;;x
PROV2548;Ниуэ;Niue;Niue;;Niue;;;;;;;;;x
PROV2549;Тарауакб;Tarauaca;Tarauaca;;Tarauaca;;;;;;;;;x
PROV2550;Forte do Prнncipe;Forte do Principe;Forte do Principe;;Forte do Principe;;;;;;;;;x
PROV2551;Маркизские острова;Marquises;Marquesas;;Marquesas;;;;;;;;;x
PROV2552;Питкэрн;Pitcairn;Pitcairn;;Pitcairn;;;;;;;;;x
PROV2553;Туамоту;Tuamotus;Tuamotus;;Tuamotus;;;;;;;;;x
PROV2554;Посадас;Posadas;Posadas;;Posadas;;;;;;;;;x
PROV2555;Августа;Augusta;Augusta;;Augusta;;;;;;;;;x
PROV2556;Эшвилл;Asheville;Asheville;;Asheville;;;;;;;;;x
PROV2557;Эсбьерг;Esbjerg;Esbjerg;;Esbjerg;;;;;;;;;x
PROV2558;Де Аар;De Aar;De Aar;;De Aar;;;;;;;;;x
PROV2559;Сухадж;Suhaj;Suhaj;;Suhaj;;;;;;;;;x
PROV2560;Дармштадт;Darmstadt;Darmstadt;;Darmstadt;;;;;;;;;x
PROV2561;Зигбург;Siegburg;Siegburg;;Siegburg;;;;;;;;;x
PROV2562;Тайнань;Tainan;Tainan;;Tainan;;;;;;;;;x
PROV2563;Сафи;Safi;Safi;;Safi;;;;;;;;;x
PROV2564;Салима;Salima;Salima;;Salima;;;;;;;;;x
PROV2565;Себу;Cebu;Cebu;;Cebu;;;;;;;;;x
PROV2566;Агартала;Agartala;Agartala;;Agartala;;;;;;;;;x
PROV2567;Гаэта;Gaeta;Gaeta;;Gaeta;;;;;;;;;x
PROV2568;Лугано;Lugano;Lugano;;Lugano;;;;;;;;;x
PROV2569;Никшич;Niksic;Niksic;;Niksic;;;;;;;;;x
PROV2570;Бове;Beauvais;Beauvais;;Beauvais;;;;;;;;;x
PROV2571;Тауранга;Tauranga;Tauranga;;Tauranga;;;;;;;;;x
PROV2572;Нэн;Nan;Nan;;Nan;;;;;;;;;x
PROV2573;Мбул;Mboul;Mboul;;Mboul;;;;;;;;;x
PROV2574;Мочуди;Mochudi;Mochudi;;Mochudi;;;;;;;;;x
PROV2575;Ипох;Ipoh;Ipoh;;Ipoh;;;;;;;;;x
PROV2576;Натуна;Natuna;Natuna;;Natuna;;;;;;;;;x
PROV2577;Плевля;Pljevlja;Pljevlja;;Pljevlja;;;;;;;;;x
PROV2578;Такна;Tacna;Tacna;;Tacna;;;;;;;;;x
PROV2579;Трук;Truk;Truk;;Truk;;;;;;;;;x
PROV2580;Старая Ладога;Stara Ladoga;Stara Ladoga;;Stara Ladoga;;;;;;;;;x
PROV2581;Матака;Mataka;Mataka;;Mataka;;;;;;;;;x
PROV2582;Котор;Kotor;Kotor;;Kotor;;;;;;;;;x
PROV2583;Цетинье;Cetinje;Cetinje;;Cetinje;;;;;;;;;x
PROV2584;Бельско;Bielsko;Bielsko;;Bielsko;;;;;;;;;x
PROV2585;Матан в роли Сары;Matan as Sarah;Matan as Sarah;;Matan as Sarah;;;;;;;;;x
PROV2586;Аль-Ахса;Al-Ahsa;Al-Ahsa;;Al-Ahsa;;;;;;;;;x;
PROV2587;Кола;Kola;Kola;;Kola;;;;;;;;;x;
PROV2588;Онега;Onega;Onega;;Onega;;;;;;;;;x;
PROV2589;Шойна;Shoyna;Shoyna;;Shoyna;;;;;;;;;x;
PROV2590;Угольное;Ugolnoye;Ugolnoye;;Ugolnoye;;;;;;;;;x;
PROV2591;Хольстейнсборг;Sisimiut;Sisimiut;;Holsteinsborg;;;;;;;;;x;
PROV2592;Унгава;Ungava;Ungava;;Ungava;;;;;;;;;x;
PROV2593;Форт-Джордж;Fort George;Fort George;;Fort George;;;;;;;;;x;
PROV2594;Рассол;Pickle;Pickle;;Pickle;;;;;;;;;x;
PROV2595;Нунавут;Nunavut;Nunavut;;Nunavut;;;;;;;;;x;
PROV2596;Форт Резолюшн;Fort Resolution;Fort Resolution;;Fort Resolution;;;;;;;;;x;
PROV2597;Форт Вермилион;Fort Vermilion;Fort Vermilion;;Fort Vermilion;;;;;;;;;x;
PROV2598;Форт Лиард;Fort Liard;Fort Liard;;Fort Liard;;;;;;;;;x;
PROV2599;Фэрбенкс;Fairbanks;Fairbanks;;Fairbanks;;;;;;;;;x;
PROV2600;Альтамира;Altamira;Altamira;;Altamira;;;;;;;;;x;
PROV2601;Песчаная пустыня;Desert de sable;Sandy Desert;;Desierto Arenoso;;;;;;;;;x;
PROV2602;Робурн;Roebourne;Roebourne;;Roebourne;;;;;;;;;x;
PROV2603;Танами;Tanami;Tanami;;Tanami;;;;;;;;;x;
PROV2604;Нормантон;Normanton;Normanton;;Normanton;;;;;;;;;x;
PROV2605;Пустыня Гибсона;Desert de Gilbert;Gibson's Desert;;Desierto de Gibson;;;;;;;;;x;
PROV2606;Жамбыл;Zhambyl;Zhambyl;;Zhambyl;;;;;;;;;x;
PROV2607;Лоп Нур;Lop Nur;Lop Nur;;Lop Nur;;;;;;;;;x;
PROV2608;Хатгал;Khatgal;Khatgal;;Khatgal;;;;;;;;;x;
PROV2609;Арауан;Araouane;Araouane;;Araouane;;;;;;;;;x;
PROV2610;Уральск;Uralsk;Uralsk;;Uralsk;;;;;;;;;x;
PROV2611;Тургай;Turgay;Turgay;;Turgay;;;;;;;;;x;
PROV2612;Акташ;Aktash;Aktash;;Aktash;;;;;;;;;x;
PROV2613;Нюда;Nyda;Nyda;;Nyda;;;;;;;;;x;
PROV2614;Мордияха;Mordiyakha;Mordiyakha;;Mordiyakha;;;;;;;;;x;
PROV2615;Красноселькуп;Krasnoselkup;Krasnoselkup;;Krasnoselkup;;;;;;;;;x;
PROV2616;Тиличики;Tilichiki;Tilichiki;;Tilichiki;;;;;;;;;x;
PROV2617;Сахалян Оула;Saghalian Oula;Saghalian Oula;;Saghalian Oula;;;;;;;;;x;
PROV2618;Талайя;Talaya;Talaya;;Talaya;;;;;;;;;x;
PROV2619;Абий;Abiy;Abiy;;Abiy;;;;;;;;;x;
PROV2620;Сясир;Syasir;Syasir;;Syasir;;;;;;;;;x;
PROV2621;Среднеколымск;Srednekolymsk;Srednekolymsk;;Srednekolymsk;;;;;;;;;x;
PROV2622;Марково;Markovo;Markovo;;Markovo;;;;;;;;;x;
PROV2623;Остров Мидуэй;Ile Midway;Midway;;Isla de Midway;;;;;;;;;x;
PROV2624;Лоанго;Loango;Loango;;Loango;;;;;;;;;x;
PROV2625;Порт-Хоуп Симпсон;Port Hope Simpson;Port Hope Simpson;;Puerto Hope Simpson;;;;;;;;;x;
PROV2626;Порт-Харрисон;Port Harrison;Port Harrison;;Puerto Harrison;;;;;;;;;x;
PROV2627;Форт Чимо;Fort Chimo;Fort Chimo;;Fort Chimo;;;;;;;;;x;
PROV2628;Аттавапискат;Attawapiskat;Attawapiskat;;Attawapiskat;;;;;;;;;x;
PROV2629;Река Биттон;Beatton River;Beatton River;;Rio Beatton;;;;;;;;;x;
PROV2630;Кордова;Cordova;Cordova;;Cordova;;;;;;;;;x;
PROV2631;Уналакит;Unalakeet;Unalakeet;;Unalakeet;;;;;;;;;x;
PROV2632;Аммассалик;Isortoq;Isortoq;;Ammassalik;;;;;;;;;x;
PROV2633;Оссора;Ossora;Ossora;;Ossora;;;;;;;;;x;
PROV2634;Рассвет;Rassvet;Rassvet;;Rassvet;;;;;;;;;x;
PROV2635;Кариба;Kariba;Kariba;;Kariba;;;;;;;;;x;
PROV2636;Эгедесминде;Aasiaat;Aasiaat;;Egedesminde;;;;;;;;;x;
PROV2637;Ново Мариинск;Novo Mariinsk;Novo Mariinsk;;Novo Mariinsk;;;;;;;;;x;
PROV2638;Омсукчан;Omsukchan;Omsukchan;;Omsukchan;;;;;;;;;x;
PROV2639;Сусуман;Susuman;Susuman;;Susuman;;;;;;;;;x;
PROV2640;Зырянка;Ziryanka;Ziryanka;;Ziryanka;;;;;;;;;x;
PROV2641;Аян;Ayan;Ayan;;Ayan;;;;;;;;;x;
PROV2642;Усть-Нера;Ust Nera;Ust Nera;;Ust Nera;;;;;;;;;x;
PROV2643;Хонуу;Honuu;Honuu;;Honuu;;;;;;;;;x;
PROV2644;Олекминск;Olyekminsk;Olyekminsk;;Olyekminsk;;;;;;;;;x;
PROV2645;Чильчи;Chilchi;Chilchi;;Chilchi;;;;;;;;;x;
PROV2646;Асес Иган;Ases Igan;Ases Igan;;Ases Igan;;;;;;;;;x;
PROV2647;Янск;Yansk;Yansk;;Yansk;;;;;;;;;x;
PROV2648;Якутск;Yakutsk;Yakutsk;;Yakutsk;;;;;;;;;x;
PROV2649;Жиганск;Zhigansk;Zhigansk;;Zhigansk;;;;;;;;;x;
PROV2650;Нюрба;Nyurba;Nyurba;;Nyurba;;;;;;;;;x;
PROV2651;Уданчный;Udanchniy;Udanchniy;;Udanchniy;;;;;;;;;x;
PROV2652;Кулар;Kular;Kular;;Kular;;;;;;;;;x;
PROV2653;Саскылах;Saskylah;Saskylah;;Saskylah;;;;;;;;;x;
PROV2654;Хатанга;Khatanga;Khatanga;;Khatanga;;;;;;;;;x;
PROV2655;Тура;Tura;Tura;;Tura;;;;;;;;;x;
PROV2656;Тайимба;Tayimba;Tayimba;;Tayimba;;;;;;;;;x;
PROV2657;Светлогорск;Svetlogorsk;Svetlogorsk;;Svetlogorsk;;;;;;;;;x;
PROV2658;Кета;Kheta;Kheta;;Kheta;;;;;;;;;x;
PROV2659;Напалково;Napalkovo;Napalkovo;;Napalkovo;;;;;;;;;x;
PROV2660;Березовка;Bereyezovka;Bereyezovka;;Bereyezovka;;;;;;;;;x;
PROV2661;Нижнеколымск;Nizhnekolymsk;Nizhnekolymsk;;Nizhnekolymsk;;;;;;;;;x;
PROV2662;Черский;Cherskiy;Cherskiy;;Cherskiy;;;;;;;;;x;
PROV2663;Каменское;Kamenskoye;Kamenskoye;;Kamenskoye;;;;;;;;;x;
PROV2664;Оётуни;Oyotuni;Oyotuni;;Oyotuni;;;;;;;;;x;
PROV2665;Чокурдах;Chokurdakh;Chokurdakh;;Chokurdakh;;;;;;;;;x;
PROV2666;Певек;Pevek;Pevek;;Pevek;;;;;;;;;x;
PROV2667;Булун;Bulun;Bulun;;Bulun;;;;;;;;;x;
PROV2668;Верхоянск;Verkhoyansk;Verkhoyansk;;Verkhoyansk;;;;;;;;;x;
PROV2669;Амга;Amga;Amga;;Amga;;;;;;;;;x;
PROV2670;Тикси;Tiksi;Tiksi;;Tiksi;;;;;;;;;x;
PROV2671;Жилинда;Zhilinda;Zhilinda;;Zhilinda;;;;;;;;;x;
PROV2672;Покровск;Pokrovsk;Pokrovsk;;Pokrovsk;;;;;;;;;x;
PROV2673;Оленёк;Olenyok;Olenyok;;Olenyok;;;;;;;;;x;
PROV2674;Эссей;Essey;Essey;;Essey;;;;;;;;;x;
PROV2675;Йеконда;Yekonda;Yekonda;;Yekonda;;;;;;;;;x;
PROV2676;Киренск;Kirensk;Kirensk;;Kirensk;;;;;;;;;x;
PROV2677;Доткон;Dotkon;Dotkon;;Dotkon;;;;;;;;;x;
PROV2678;Булган;Bulgan;Bulgan;;Bulgan;;;;;;;;;x;
PROV2679;Ховд;Khovd;Khovd;;Khovd;;;;;;;;;x;
PROV2680;Дудинка;Dudinka;Dudinka;;Dudinka;;;;;;;;;x;
PROV2681;Киккиакки;Kikkiakki;Kikkiakki;;Kikkiakki;;;;;;;;;x;
PROV2682;Аксарка;Aksarka;Aksarka;;Aksarka;;;;;;;;;x;
PROV2683;Бакчар;Bakchar;Bakchar;;Bakchar;;;;;;;;;x;
PROV2684;Яр Сейл;Yar Sale;Yar Sale;;Yar Sale;;;;;;;;;x;
PROV2685;Мужи;Muzhi;Muzhi;;Muzhi;;;;;;;;;x;
PROV2686;Ишим;Ishim;Ishim;;Ishim;;;;;;;;;x;
PROV2687;Амдерма;Amderma;Amderma;;Amderma;;;;;;;;;x;
PROV2688;Инта;Inta;Inta;;Inta;;;;;;;;;x;
PROV2689;Мулда;Mulda;Mulda;;Mulda;;;;;;;;;x;
PROV2690;Верхний Уфалей;Verkhniy Ufaley;Verkhniy Ufaley;;Verkhniy Ufaley;;;;;;;;;x;
PROV2691;Воргово;Vorgovo;Vorgovo;;Vorgovo;;;;;;;;;x;
PROV2692;Костино;Kostino;Kostino;;Kostino;;;;;;;;;x;
PROV2693;Учами;Uchami;Uchami;;Uchami;;;;;;;;;x;
PROV2694;Ванавара;Vanavara;Vanavara;;Vanavara;;;;;;;;;x;
PROV2695;Мухтуя;Mukhtuya;Mukhtuya;;Mukhtuya;;;;;;;;;x;
PROV2696;Алдан;Aldan;Aldan;;Aldan;;;;;;;;;x;
PROV2697;Магдагачи;Magdagachi;Magdagachi;;Magdagachi;;;;;;;;;x;
PROV2698;Славгород;Slavgorod;Slavgorod;;Slavgorod;;;;;;;;;x;
PROV2699;Ижма;Izhma;Izhma;;Izhma;;;;;;;;;x;
PROV2700;Усогорск;Usogorsk;Usogorsk;;Usogorsk;;;;;;;;;x;
PROV2701;Суринда;Surinda;Surinda;;Surinda;;;;;;;;;x;
PROV2702;Аральск;Aralsk;Aralsk;;Aralsk;;;;;;;;;x;
PROV2703;Венерн;Vanern;Vanern;;Vanern;;;;;;;;;x;
PROV2704;Vдttern;Vattern;Vattern;;Vattern;;;;;;;;;x;
PROV2705;Ботнический залив;Golfe de Bothnia;Bothnischer Meerbusen;;Golfo de Botnia;;;;;;;;;x;
PROV2706;Эландс Хав;Mer d'Aland;Alands Hav;;Mar de Aland;;;;;;;;;x;
PROV2707;Финский залив;Golfe de Finlande;Finnischer Meerbusen;;Golfo de Finlandia;;;;;;;;;x;
PROV2708;Западная часть Балтийского моря;Mer Baltique occidentale;Westliche Ostsee;;Mar Baltico Occidental;;;;;;;;;x;
PROV2709;Рижский залив;Golfe de Riga;Golf von Riga;;Golfo de Riga;;;;;;;;;x;
PROV2710;Южная часть Балтийского моря;Mer Baltique meridionale;Sudliche Ostsee;;Mar Baltico Meridional;;;;;;;;;x;
PROV2711;Цресунд;Oresund;Oresund;;Oresund;;;;;;;;;x;
PROV2712;Каттегат;Cattegat;Kattegat;;Kattegat;;;;;;;;;x;
PROV2713;Чудское озеро;Peipsi Jarv;Peipsi Jarv;;Peipsi Jarv;;;;;;;;;x;
PROV2714;Ладога;Ladoga;Ladoga;;Lago Ladoga;;;;;;;;;x;
PROV2715;Онега;Onega;Onega;;Onega;;;;;;;;;x;
PROV2716;Белое море;Mer Blanche;Weissmeer;;Mar Blanco;;;;;;;;;x;
PROV2717;Лофотенское море;Mer Lofoten;Lofotensee;;Mar de Lofoten;;;;;;;;;x;
PROV2718;Северная часть Норвежского моря;Mer de Norvege septentrionale;Nordliches Europaisches Nordmeer;;Mar de Noruega septentrional;;;;;;;;;x;
PROV2719;Юг Норвежского моря;Mer de Norvege meridionale;Sudliches Europaisches Nordmeer;;Mar de Noruega meridional;;;;;;;;;x;
PROV2720;Скагеррак;Skagerrack;Skagerrak;;Skagerrack;;;;;;;;;x;
PROV2721;Гельголандская бухта;Helgoland Bight;Bucht von Helgoland;;Bahia de Helgoland;;;;;;;;;x;
PROV2722;Побережье Голландии;Cote hollandaise;Kuste von Holland;;Costa de Holland;;;;;;;;;x;
PROV2723;Доггер-банк;Banc de Dogger;Doggerbank;;Dogger Bank;;;;;;;;;x;
PROV2724;Дуврский пролив;Detroit de Douvres;Strasse von Dover;;Estrecho de Dover;;;;;;;;;x;
PROV2725;Канал;La Manche;Der Kanal;;El Canal;;;;;;;;;x;
PROV2726;Конец Земли;Lands End;Lands End;;Lands End;;;;;;;;;x;
PROV2727;Побережье Бретани;Cote bretonne;Bretonische Kuste;;Costa de Bretana;;;;;;;;;x;
PROV2728;Бухта Киберон;Baie de Quiberon;Bucht von Quiberon;;Bahia de Quiberon;;;;;;;;;x;
PROV2729;Кот д'Аржан;Cote d'Argent;Cote D'Argent;;Cote D'Argent;;;;;;;;;x;
PROV2730;Бискайский залив;Baie de Gascogne;Bucht von Biskaya;;Golfo de Vizcaya;;;;;;;;;x;
PROV2731;Кантабрийское море;Mer Cantabrique;Kantabrische See;;Mar Cantabrico;;;;;;;;;x;
PROV2732;Тайн;Tyne;Tyne;;Tyne;;;;;;;;;x;
PROV2733;Ферт-оф-Форт;Firth of Forth;Firth of Forth;;Estuario de Forth;;;;;;;;;x;
PROV2734;Северное море;Mer du Nord;Nordsee;;Mar del Norte;;;;;;;;;x;
PROV2735;Морей-Ферт;Moray Firth;Moray Firth;;Moray Firth;;;;;;;;;x;
PROV2736;Северный пролив;Canal du nord;North Channel;;Canal del Norte;;;;;;;;;x;
PROV2737;Ирландское море;Mer d'Irlande;Irische See;;Mar de Irlanda;;;;;;;;;x;
PROV2738;Канал Святого Георгия;Canal Saint-Georges;St. George's Channel;;Canal de St. George;;;;;;;;;x;
PROV2739;Залив Донегол;Baie de Donegal;Donegal Bay;;Bahia de Donegal;;;;;;;;;x;
PROV2740;Залив Дингл;Baie de Dingle;Dingle Bay;;Bahia de Dingle;;;;;;;;;x;
PROV2741;Кельтское море;Mer Celtique;Keltische See;;Mar Celtico;;;;;;;;;x;
PROV2742;Западные подходы;Abords occidentaux;Western Approaches;;Atlantico Occidental;;;;;;;;;x;
PROV2743;Залив Финистерре;Baie de Finisterre;Bucht von Finisterre;;Bahia de Finisterre;;;;;;;;;x;
PROV2744;Лузитанское море;Mer Lusitanienne;Lusitanische See;;Mar de Lusitania;;;;;;;;;x;
PROV2745;Кадисский залив;Golfe de Cadix;Golf von Cadiz;;Golfo de Cadiz;;;;;;;;;x;
PROV2746;Гибралтарский пролив;Detroit de Gibraltar;Strasse von Gibraltar;;Estrecho de Gibraltar;;;;;;;;;x;
PROV2747;Залив Альмерия;Golfe d'Almeira;Golf von Almeira;;Golfo de Almeria;;;;;;;;;x;
PROV2748;Валенсийский залив;Golfe de Valence;Golf von Valencia;;Golfo de Valencia;;;;;;;;;x;
PROV2749;Лионский залив;Golfe du Lion;Golf von Lion;;Golfo de Leon;;;;;;;;;x;
PROV2750;Лазурный берег;Cote d'Azur;Cote D'Azur;;Costa Azul;;;;;;;;;x;
PROV2751;Лигурийское море;Mer Ligure;Ligurische See;;Mar de Liguria;;;;;;;;;x;
PROV2752;Залив Майорка;Golfe de Majorque;Golf von Mallorca;;Golfo de Mallorca;;;;;;;;;x;
PROV2753;Западное Средиземноморье;Mediterranee occidentale;Westliches Mittelmeer;;Mediterraneo Occidental;;;;;;;;;x;
PROV2754;Берберийский берег;Cote barbare;Barbary-Kuste;;Costa de Berberia;;;;;;;;;x;
PROV2755;Мыс Бон;Cap Bon;Cape Bon;;Cape Bon;;;;;;;;;x;
PROV2756;Тирренское море;Mer Tyrrhenienne;Tyrrhenische See;;Mar Tirreno;;;;;;;;;x;
PROV2757;Неаполитанский залив;Baie de Naples;Bucht von Neapel;;Bahia de Napoles;;;;;;;;;x;
PROV2758;залив Габес;Golfe de Gabes;Golf von Gabes;;Golfo de Gabes;;;;;;;;;x;
PROV2759;Мальтийский пролив;Canal de Malte;Maltakanal;;Canal de Malta;;;;;;;;;x;
PROV2760;Мессинский пролив;Detroit de Messine;Strasse von Messina;;Estrecho de Messina;;;;;;;;;x;
PROV2761;Венецианский залив;Golfe de Venise;Golf von Venedig;;Golfo de Venecia;;;;;;;;;x;
PROV2762;Адриатическое море;Mer Adriatiaque;Adria;;Mar Adriatico;;;;;;;;;x;
PROV2763;Пролив Отранто;Detroit d'Otrante ;Strasse von Otranto;;Estrecho de Otranto;;;;;;;;;x;
PROV2764;залив Тарентский;Golfe de Tarente;Golf von Taranto;;Golfo de Tarento;;;;;;;;;x;
PROV2765;Ионическое море;Mer Ionienne;Ionisches Meer;;Mar Jonico;;;;;;;;;x;
PROV2766;Сиртский залив;Golfe de Syrte;Golf von Sirte;;Golfo de Sirte;;;;;;;;;x;
PROV2767;залив Тобрук;Golfe de Tobrouk;Golf von Tobruk;;Golfo de Tobruk;;;;;;;;;x;
PROV2768;Александрийский залив;Baie d'Alexandrie;Bucht von Alexandria;;Bahia de Alejandria;;;;;;;;;x;
PROV2769;Палестинское побережье;Cote palestinienne;Kuste von Palastina;;Costa de Palestina;;;;;;;;;x;
PROV2770;Кипрский залив;Golfe de Chypre;Golf von Cyprus;;Golfo de Chipre;;;;;;;;;x;
PROV2771;Критское море;Mer de Crete;Kretisches Meer;;Mar de Creta;;;;;;;;;x;
PROV2772;Эгейское море;Mer Egee;Agais;;Mar Egeo;;;;;;;;;x;
PROV2773;Мраморное море;Mer de Marmara;See von Marmara;;Mar de Marmara;;;;;;;;;x;
PROV2774;Варненский залив;Golfe de Varna;Golf von Varna;;Golfo de Varna;;;;;;;;;x;
PROV2775;Одесский залив;Golfe d'Odessa;Golf von Odessa;;Golfo de Odessa;;;;;;;;;x;
PROV2776;Азовское море;Mer d'Azov;Asowsches Meer;;Mar de Azov;;;;;;;;;x;
PROV2777;Восточное Черное море;Mer Noire orientale;Ostliches Schwarzmeer;;Mar Negro oriental;;;;;;;;;x;
PROV2778;озеро Балатон;Lac Balaton;Balaton-See;;Lago Balaton;;;;;;;;;x;
PROV2779;Каспийское море;Mer Caspienne;Kaspisches Meer;;Mar Caspio;;;;;;;;;x;
PROV2780;Аральское море;Mer d'Aral;Aralsee;;Mar de Aral;;;;;;;;;x;
PROV2781;Суэцкий залив;Golfe de Suez;Golf von Suez;;Golfo de Suez;;;;;;;;;x;
PROV2782;Красное море;Mer Rouge;Rotes Meer;;Mar Rojo;;;;;;;;;x;
PROV2783;Пролив Обокк;Detroit d'Obock;Strasse von Obokk;;Estrecho de Obokk;;;;;;;;;x;
PROV2784;Бал-эль-Мандеб;Bab-el-Mandeb;Bal el Mandeb;;Bal el Mandeb;;;;;;;;;x;
PROV2785;Побережье Маскате;Cote de Mascate ;Kuste von Mascate;;Costa de Mascate;;;;;;;;;x;
PROV2786;Побережье Маскате;Cote mascataise;Mascate-Kuste;;Costa de Mascate;;;;;;;;;x;
PROV2787;Ормузский пролив;Detroit d'Ormuz;Strasse von Hormus;;Estrecho de Ormuz;;;;;;;;;x;
PROV2788;Персидский залив;Golfe Persique;Persischer Golf;;Golfo Persico;;;;;;;;;x;
PROV2789;залив Инда;Golfe de l'Indus;Golf von Indus;;Golfo del Indo;;;;;;;;;x;
PROV2790;залив Гуджарат;Golfe du Gujarat;Golf von Gujarat;;Golfo de Gujarat;;;;;;;;;x;
PROV2791;Острова Лакедив;Iles Laquedives;Laquedive-Inseln;;Islas Laquedivas;;;;;;;;;x;
PROV2792;Побережье Малабара;Cote de Malabar;Kuste von Malabar;;Costa de Malabar;;;;;;;;;x;
PROV2793;Мыс Коморин;Cap Comorin;Kap Comorin;;Cabo Comorin;;;;;;;;;x;
PROV2794;Побережье Караманделя;Cote de Caramandel;Kuste von Caramandel;;Costa de Caramandel;;;;;;;;;x;
PROV2795;Побережье Ориссы;Cote d'Orissa;Kuste von Orissa;;Costa de Orissa;;;;;;;;;x;
PROV2796;Дельта Ганга;Delta du Gange;Gangesdelta;;Delta del Ganges;;;;;;;;;x;
PROV2797;Бухта Акьяб;Baie d'Akyab;Akyab-Bucht;;Bahia de Akyab;;;;;;;;;x;
PROV2798;Дельта Иравади;Delta d'Irrawaddy;Irrawadydelta;;Delta de Irrawady;;;;;;;;;x;
PROV2799;Андаманское море;Mer d'Andaman;Andaman-See;;Mar de Andaman;;;;;;;;;x;
PROV2800;Архипелаг Мьей;Archipel de Mergui ;Mergui-Archipel;;Archipielago de Mergui;;;;;;;;;x;
PROV2801;Малаккский пролив;Detroit de Malacca;Strasse von Malacca;;Estrecho de Malacca;;;;;;;;;x;
PROV2802;Никобарские острова;Iles Nicobar;Nikobaren;;Islas Nicobar;;;;;;;;;x;
PROV2803;Побережье Аджеха;Cote d'Atjeh;Kuste von Atjeh;;Costa de Atjeh;;;;;;;;;x;
PROV2804;Побережье Суматры;Cote de Sumatra;Kuste von Sumatra;;Costa de Sumatra;;;;;;;;;x;
PROV2805;Зондский пролив;Detroit de Sunda ;Sundastrasse;;Estrecho de Sunda;;;;;;;;;x;
PROV2806;Побережье Явы;Cote de Java;Kuste von Java;;Costa de Java;;;;;;;;;x;
PROV2807;Побережье Сурабаи;Cote de Surabaya;Kuste von Surabaya;;Costa de Surabaya;;;;;;;;;x;
PROV2808;Пролив Ломбок;Detroit de Lombok;Strasse von Lombok;;Estrecho de Lombok;;;;;;;;;x;
PROV2809;Тиморское море;Mer de Timor;Timorsee;;Mar de Timor;;;;;;;;;x;
PROV2810;Молуккские острова;Moluccas;Molukken;;Las Moluccas;;;;;;;;;x;
PROV2811;Яванское море;Mer de Java;Javasee;;Mar de Java;;;;;;;;;x;
PROV2812;Макассарский пролив;Detroit de Makassar;Strasse von Makassar;;Estrecho de Makassar;;;;;;;;;x;
PROV2813;Пролив Каримата;Detroit de Karimata;Karimatastrasse;;Estrecho de Karimata;;;;;;;;;x;
PROV2814;Джохорский пролив;Detroit de Johore;Strasse von Johore;;Estrecho de Johore;;;;;;;;;x;
PROV2815;Малайское море;Mer de Malaisie;Malayasee;;Mar de Malasia;;;;;;;;;x;
PROV2816;Побережье Саравака;Cote de Sarawak;Kuste von Sarawak;;Costa de Sarawak;;;;;;;;;x;
PROV2817;Дельта Меконга;Delta du Mekong;Mekongdelta;;Delta del Mekong;;;;;;;;;x;
PROV2818;Сиамский залив;Golfe du Siam;Golf von Siam;;Golfo de Siam;;;;;;;;;x;
PROV2819;Залив Камрань;Baie de Cam Ranh;Cam Ranh Bay;;Bahia de Cam Ranh;;;;;;;;;x;
PROV2820;Южно-Китайское море;Mer de Chine meridionale;Sudchinesisches Meer;;Mar de la China meridional;;;;;;;;;x;
PROV2821;Побережье Брунея;Cote du Brunei;Kuste von Brunei;;Costa de Brunei;;;;;;;;;x;
PROV2822;Побережье Аннама;Cote d'Annam;Kuste von Annam;;Costa de Annam;;;;;;;;;x;
PROV2823;Тонкинский залив;Golfe du Tonkin;Golf von Tonkin;;Golfo de Tonkin;;;;;;;;;x;
PROV2824;залив Гуанчжоу;Baie de Canton;Guangzhou Bay;;Bahia de Guangzhou;;;;;;;;;x;
PROV2825;Тайваньский пролив;Detroit de Taiwan;Taiwanstrasse;;Estrecho de Taiwan;;;;;;;;;x;
PROV2826;Дельта Янцзы;Delta du Yangtse;Yangtsedelta;;Delta del Yang Tse;;;;;;;;;x;
PROV2827;Желтое море;Mer Jaune;gelbes Meer;;Mar Amarillo;;;;;;;;;x;
PROV2828;Корейский залив;Baie de Coree;Koreanische Bucht;;Bahia de Corea;;;;;;;;;x;
PROV2829;Южно-Корейское море;Mer de Coree meridionale;Sudkoreanisches Meer;;Mar de Corea del Sur;;;;;;;;;x;
PROV2830;Северокорейское море;Mer de Coree septentrionale;Nordkoreanisches Meer;;Mar de Corea del Norte;;;;;;;;;x;
PROV2831;Берег Ольги;Cote d'Olga;Kuste von Olga;;Costa de Olga;;;;;;;;;x;
PROV2832;Татарский пролив;Detroit des Tatars;Tatarstrasse;;Estrecho de Tatar;;;;;;;;;x;
PROV2833;Дельта Амура;Delta d'Amur;Amurdelta;;Delta del Amur;;;;;;;;;x;
PROV2834;залив Аян;Baie de Ayan;Bucht von Ayan;;Bahia de Ayan;;;;;;;;;x;
PROV2835;Бухта Коменская;Baie de Komenskoie;Bucht von Komenskoie;;Bahia de Komenskoie;;;;;;;;;x;
PROV2836;Побережье Камчатки;Cote de Kamchatska;Kuste von Kamtschatka;;Costa de Kamchatska;;;;;;;;;x;
PROV2837;Охотское море;Mer d'Okhotsk;Okhotsk-See;;Mar de Okhotsk;;;;;;;;;x;
PROV2838;Побережье Сахалина;Cote de Sakhalin;Kuste von Sachalin;;Costa de Sajalin;;;;;;;;;x;
PROV2839;Соевый пролив;Detroit du Soya;Soyastrasse;;Estrecho de Soya;;;;;;;;;x;
PROV2840;Цугаруский пролив;Detroit de Tsugaru ;Tsugarustrasse;;Estrecho de Tsugaru ;;;;;;;;;x;
PROV2841;Японское море;Mer du Japon;Japanisches Meer;;Mar del Japon;;;;;;;;;x;
PROV2842;Амакуса-море;Mer d'Amakusa ;Amakusa-See;;Mar de Amakusa;;;;;;;;;x;
PROV2843;Внутреннее море Сетто;Mer interieure de Seto;Setto-Binnenmeer;;Mar de la Isla de Setto;;;;;;;;;x;
PROV2844;Токайское море;Mer du Tokai;Tokaisee;;Mar de Tokai;;;;;;;;;x;
PROV2845;Острова Рюкю;Iles Ryukyu;Ryukyu-Inseln;;Islas Ryukyu;;;;;;;;;x;
PROV2846;Лусонский пролив;Detroit de Lucon;Luzonstrasse;;Estrecho de Luzon;;;;;;;;;x;
PROV2847;Парасельские острова;Iles Paracel;Paracelinseln;;Islas Paracel;;;;;;;;;x;
PROV2848;Манильский залив;Baie de Manille;Bucht von Manila;;Bahia de Manila;;;;;;;;;x;
PROV2849;Побережье Лусона;Cote de Lucon;Kuste von Luzon;;Costa de Luzon;;;;;;;;;x;
PROV2850;залив Лейте;Golfe de Leyte;Golf von Leyte;;Golfo de Leyte;;;;;;;;;x;
PROV2851;Море Сулу;Mer de Sulu;Sulusee;;Mar de Sulu;;;;;;;;;x;
PROV2852;Море Целебес;Mer de Celebes;See von Celebes;;Mar de Celebes;;;;;;;;;x;
PROV2853;Море Тернате;Mer de Ternate;See von Ternate;;Mar de Ternate;;;;;;;;;x;
PROV2854;Море Банда;Mer de Banda;See von Banda;;Mar de Banda;;;;;;;;;x;
PROV2855;Филиппинское море;Mer des Philippines;Philippinische See;;Mar de Filipinas;;;;;;;;;x;
PROV2856;Острова Палау;Iles Palau;Palau;;Islas Palau;;;;;;;;;x;
PROV2857;залив Биак;Baie de Biak;Bucht von Biak;;Bahia de Biak;;;;;;;;;x;
PROV2858;Вилианский пролив;Detroit de Vilian;Vilianstrasse;;Estrecho de Vilian ;;;;;;;;;x;
PROV2859;Острова Тробриан;Iles Trobriand;Trobrian-Inseln;;Islas Trobrian;;;;;;;;;x;
PROV2860;Торресов пролив;Detroit de Torres;Torresstrasse;;Estrecho de Torres;;;;;;;;;x;
PROV2861;Арафуамское море;Mer d'Arafuam;Arafuam-See;;Mar de Arafuam ;;;;;;;;;x;
PROV2862;залив Колепом;Baie de Kolepom;Bucht von Kolepom;;Bahia de Kolepom ;;;;;;;;;x;
PROV2863;залив Карпентария;Golfe de Carpentarie ;Gof von Carpentaria;;Golfo de Carpentaria;;;;;;;;;x;
PROV2864;Большой Барьерный Риф;Grande barriere de corail;Grosses Barrier-Riff;;Gran Barrera de Arrecifes;;;;;;;;;x;
PROV2865;Залив Козерог;Baie du Capricorne;Capricorn-Bucht;;Bahia de Capricorn ;;;;;;;;;x;
PROV2866;Мыс Хау;Cap Howe;Cape Howe;;Cabo Howe;;;;;;;;;x;
PROV2867;Бассов пролив;Detroit de Bass;Bass-Strasse;;Estrecho de Bass;;;;;;;;;x;
PROV2868;Остров Кенгуру;Ile Kangourou;Kangaroo Island;;Isla de los Canguros;;;;;;;;;x;
PROV2869;Большой Австралийский залив;Grande baie australienne;Grosse Australische Bucht;;Gran Bahia Australiana;;;;;;;;;x;
PROV2870;Мыс Лювин;Cap Leeuwin;Cape Leeuwin;;Cabo Leeuwin;;;;;;;;;x;
PROV2871;Залив Шарк;Baie Shark;Shark Bay;;Bahia del Tiburon;;;;;;;;;x;
PROV2872;Северо-Западный Кейп;Cap Nord-Ouest;Northwest Cape;;Cabo Noroeste;;;;;;;;;x;
PROV2873;Кинг-Саунд;King Sound;King Sound;;King Sound;;;;;;;;;x;
PROV2874;Тасманово плато;Plateau de Tasmanie;Tasmanische Plateau;;Plataforma de Tasman;;;;;;;;;x;
PROV2875;хребет Туги;La crete de Toogee;Toogee Grat;;Cresta de Toogee;;;;;;;;;x;
PROV2876;пролив Кука;Detroit de Cook;Cookstrasse;;Estrecho de Cook;;;;;;;;;x;
PROV2877;Северное Тасманово море;Mer de Tasmanie septentrionale;Nordliche Tasmanische See;;Mar de Tasmania Septentrional;;;;;;;;;x;
PROV2878;Мыс Прощания;Cap Farvel;Cape Farewell;;Cabo Farewell;;;;;;;;;x;
PROV2879;Побережье Новой Зеландии;Cote de la Nouvelle-Zelande;Kuste von Neuseeland;;Costa de Nueva Zelanda;;;;;;;;;x;
PROV2880;Южное Тасманово море;Sud de la mer Tasman;Sudliche Tasmanische See;;Sur del mar de Tasmania;;;;;;;;;x;
PROV2881;Кентерберийский залив;Canterbury Bight;Canterbury-Bucht;;Canterbury Bight;;;;;;;;;x;
PROV2882;Новокаледонское море;Mer de Nouvelle-Caledonie;Neukaledonische See;;Mar de Nueva Caledonia;;;;;;;;;x;
PROV2883;Коралловое море;Mer de Corail;Korallensee;;Mar del Coral;;;;;;;;;x;
PROV2884;Море Гилберта;Mer de Gilbert;Gilbertsee;;Mar de Gilbert;;;;;;;;;x;
PROV2885;Соломоново море;Mer des Salomon;Solomon-See;;Mar de las Salomon;;;;;;;;;x;
PROV2886;Остров Науру;Ile de Nauru;Nauru;;Isla de Nauru ;;;;;;;;;x;
PROV2887;Меланезия Море;Mer de Melanesie;Melanesische See;;Mar de Melanesia ;;;;;;;;;x;
PROV2888;Микронезийское море;Mer de Micronesie;Mikronesische See;;Mar de Micronesia ;;;;;;;;;x;
PROV2889;Филиппинская впадина;Faille Philippine;Philippinengraben;;Fosa de las Filipinas;;;;;;;;;x;
PROV2890;Филиппинский бассейн;Bassin Philipin;Philippinenbecken;;Cuenca de las Filipinas;;;;;;;;;x;
PROV2891;Тинианское море;Mer de Tinian;Tinian-See;;Mar de Tinian;;;;;;;;;x;
PROV2892;Море Иводзима;Mer d'Iwo Jima;Iwo Jima-See;;Mar de Iwo Jima ;;;;;;;;;x;
PROV2893;Океан Тайхэй;Ocean de Taihei;Taihei-Ozean;;Oceano de Taihei;;;;;;;;;x;
PROV2894;Курилы;Iles Kouriles;Kurilen;;Las Kuriles;;;;;;;;;x;
PROV2895;залив Ука;Baie d'Uka;Bucht von Uka;;Bahia de Uka;;;;;;;;;x;
PROV2896;Бухта Олджут;Baie d'Oljut;Bucht von Oljut;;Bahia de Oljut;;;;;;;;;x;
PROV2897;Анадырский залив;Baie d'Anadyr;Bucht von Anadyr;;Bahia de Anadyr;;;;;;;;;x;
PROV2898;Екатерина Плейнс;Plaines d'Ekaterina;Jekaterina-Ebene;;Litoral de Yekaterina;;;;;;;;;x;
PROV2899;Африканский Рог;Corne de l'Afrique;Horn von Afrika;;Cuerno de Africa;;;;;;;;;x;
PROV2900;Берег Перца;Cote de Pepper;Pfefferkuste;;Costa de la Pimienta;;;;;;;;;x;
PROV2901;Занзибарский пролив;Canal de Zanzibar;Sansibarstrasse;;Estrecho de Zanzibar;;;;;;;;;x;
PROV2902;Мозамбикский пролив;Canal du Mozambique;Mosambik-Kanal;;Canal de Mozambique;;;;;;;;;x;
PROV2903;Бухта Диего Суарес;Baie de Diego-Suarez;Diego Suarez-Bucht;;Bahia de Diego Suarez ;;;;;;;;;x;
PROV2904;Западная часть Аравийского моря;Mer d'Arabie occidentale;Westarabische See;;Mar Arabigo occidental;;;;;;;;;x;
PROV2905;Восточная часть Аравийского моря;Mer d'Arabie orientale;Ostarabische See;;Mar Arabigo oriental;;;;;;;;;x;
PROV2906;Сейшельские острова;Seychelles;Seychellen;;Las Seychelles;;;;;;;;;x;
PROV2907;Побережье Таматаве;Cote de Tamatave;Kuste von Tamatave;;Costa de Tamatave;;;;;;;;;x;
PROV2908;Маскаренские острова;Mascareignes;Mascareignen;;Las Mascareignes;;;;;;;;;x;
PROV2909;залив Замбези;Golfe du Zambeze;Golf von Zambeze;;Golfo de Zambeze;;;;;;;;;x;
PROV2910;Побережье Натала;Cote de Natal;Kuste von Natal;;Costa de Natal;;;;;;;;;x;
PROV2911;Побережье Транскея;Cote de Transkei;Kuste von Transkei;;Costa de Transkei;;;;;;;;;x;
PROV2912;Побережье Сискея;Cote de Ciskei;Kuste von Ciskei;;Costa de Ciskei;;;;;;;;;x;
PROV2913;Мыс Доброй Надежды;Cap de Bonne-Esperance;Kap der Guten Hoffnung;;Cabo de Buena Esperanza;;;;;;;;;x;
PROV2914;Побережье Намибии;Cote de Namibie;Kuste von Namibia;;Costa de Namibia;;;;;;;;;x;
PROV2915;Побережье Анголы;Cote d'Angola;Kuste von Angola;;Costa de Angola;;;;;;;;;x;
PROV2916;Конголезский залив;Golfe du Congo;Kongo-Golf;;Golfo del Congo;;;;;;;;;x;
PROV2917;Побережье Камеруна;Cote du Cameroun;Kuste von Kamerun;;Costa de Camerun;;;;;;;;;x;
PROV2918;залив Бенин;Golfe du Benin;Bucht von Benin;;Ensenada de Benin;;;;;;;;;x
PROV2919;Золотой Берег;Cote d'Or;Goldkuste;;Costa de Oro;;;;;;;;;x;
PROV2920;Берег Слоновой Кости;Cote-d'Ivoire;Elfenbeinkuste;;Costa de Marfil;;;;;;;;;x;
PROV2921;Побережье Гвинеи;Cote de Guinee;Kuste von Guinea;;Costa de Guinea;;;;;;;;;x
PROV2922;Побережье Сенегамбии;Cote de Senegambie;Kuste von Senegambia;;Costa de Senegambia;;;;;;;;;x
PROV2923;Побережье Мавритании;Cote mauritanienne;Kuste von Mauritanien;;Costa de Mauritania;;;;;;;;;x;
PROV2924;Канарское море;Cote canarienne;Kanarische See;;Mar de las Canarias;;;;;;;;;x;
PROV2925;Побережье Марокко;Cote du Maroc;Kuste von Marokko;;Costa de Marruecos;;;;;;;;;x;
PROV2926;Ян-Майенское море;Mer ce Jan Mayen;Jan-Mayen-See;;Mar de Jan Mayen ;;;;;;;;;x;
PROV2927;Шпицбергенское море;Mer de Spitzberg;See von Spitzbergen;;Mar de Spitzberg ;;;;;;;;;x;
PROV2928;Исландское море;Mer d'Islande;Islandmeer;;Mar de Islandia;;;;;;;;;x;
PROV2929;Шетландские проливы;Detroit des Shetland;Shetlandstrasse;;Estrecho de Shetland;;;;;;;;;x;
PROV2930;Побережье Исландии;Cote d'Islande;Kuste von Island;;Costa de Islandia;;;;;;;;;x;
PROV2931;Северо-восточная Атлантика;Altantique Nord-Est;Nrdostatlantik;;Atlantico Nororiental;;;;;;;;;x;
PROV2932;Роколл;Rockall;Rockall;;Rockall;;;;;;;;;x;
PROV2933;Датский пролив;Detroit du Danemark;Strasse von Danemark;;Estrecho de Dinamarca;;;;;;;;;x;
PROV2934;Восточное побережье Гренландии;Cote orientale du Grњnland;Ostkuste Gronlands;;Costa de Groenlandia Oriental;;;;;;;;;x;
PROV2935;Западное побережье Гренландии;Cote occidentale du Grњnland;Westkuste Gronlands;;Costa de Groenlandia Occidental;;;;;;;;;x;
PROV2936;Лабрадорский пролив;Detroit du Labrador;Labradorstrasse;;Estrecho de Labrador;;;;;;;;;x;
PROV2937;Баффинов залив;Baie de Baffin;Baffin Bay;;Bahia de Baffin;;;;;;;;;x;
PROV2938;Гудзонов пролив;Detroit d'Hudson;Hudsonstrasse;;Estrecho de Hudson;;;;;;;;;x;
PROV2939;Джеймс Бэй;Baie de James;James Bay;;Bahia de James ;;;;;;;;;x;
PROV2940;Западная часть Гудзонова залива;Baie d'Hudson occidentale;West-Hudson Bay;;Bahia de Hudson Occidental;;;;;;;;;x;
PROV2941;Восточная часть Гудзонова залива;Baie d'Hudson orientale;Ost-Hudson Bay;;Bahia de Hudson Oriental;;;;;;;;;x;
PROV2942;Фокс-Бейсин;Bassin de Foxe;Foxe Basin;;Foxe Basin;;;;;;;;;x;
PROV2943;Залив Святого Лаврентия;Golfe du Saint-Laurent;Golf von St. Lawrence;;Golfo de San Lawrence;;;;;;;;;x;
PROV2944;пролив Кабота;Detroit de Cabot;Cabot-Strasse;;Estrecho de Caboto;;;;;;;;;x;
PROV2945;залив Фанди;Baie de Fundy;Fundy-Bucht;;Bahia de Fundy;;;;;;;;;x;
PROV2946;Пролив Бель-Айл;Detroit de Belle Isle;Strasse von Belle Isle;;Estrecho de Belle Isle;;;;;;;;;x;
PROV2947;Фортуна-Бей;Baie de Fortune;Fortune Bay;;Bahia de Fortune;;;;;;;;;x;
PROV2948;Нотр-Дам-Бэй;Baie de Notre Dame;Notre Dame Bay;;Bahia de Notre Dame;;;;;;;;;x;
PROV2949;Лабрадорское море;Mer du Labrador;Labradorsee;;Mar del Labrador;;;;;;;;;x;
PROV2950;Гренландское море;Mer du Grњnland;Gronlandsee;;Mar de Groenlandia;;;;;;;;;x;
PROV2951;Подводная гора Хекала;Mont sous-marin de Hecala;Hecala Seamount;;Plataformas de Hecala;;;;;;;;;x;
PROV2952;Массачусетский залив;Baie du Massachusetts;Massachusetts Bay;;Bahia de Massachusetts ;;;;;;;;;x;
PROV2953;Чесапикский залив;Baie de Chesapeake;Chesapeake Bay;;Bahia de Chesapeake ;;;;;;;;;x;
PROV2954;Мыс Хаттерас;Cap Hatteras;Kap Hatteras;;Cabo Hatteras;;;;;;;;;x;
PROV2955;Побережье Каролины;Cote de Caroline;Kuste von Carolina;;Costa de Carolina;;;;;;;;;x;
PROV2956;Побережье Флориды;Cote de Floride;Kuste von Florida;;Costa de Florida;;;;;;;;;x;
PROV2957;Побережье Багамских островов;Cote des Bahamas;Kuste der Bahamas;;Costa de las Bahamas;;;;;;;;;x;
PROV2958;Флоридский пролив;Detroit de Floride;Floridastrasse;;Estrecho de Florida;;;;;;;;;x;
PROV2959;залив Апалачи;Baie d'Apalachee;Apalachee Bay;;Bahia de los Apalaches ;;;;;;;;;x;
PROV2960;Мобильный залив;Baie de Mobile;Mobile Bay;;Bahia de Mobile ;;;;;;;;;x;
PROV2961;Галвестон-Бей;Baie de Galveston ;Galveston Bay;;Bahia de Galveston ;;;;;;;;;x;
PROV2962;залив Тампико;Baie de Tampico;Tampico Bay;;Bahia de Tampico ;;;;;;;;;x;
PROV2963;Юкатанское море;Mer du Yucatan;Yucatansee;;Mar de Yucatan ;;;;;;;;;x;
PROV2964;Мексиканский залив;Golfe du Mexique;Golf von Mexico;;Golfo de Mexico;;;;;;;;;x;
PROV2965;Юкатанский пролив;Canal du Yucatan;Yucatankanal;;Canal de Yucatan;;;;;;;;;x;
PROV2966;Белизский залив;Baie de Belize;Belize Bay;;Bahia de Belice ;;;;;;;;;x;
PROV2967;Берег Москито;Cote des Mosquitos;Mosquito Coast;;Mosta de los Mosquitos;;;;;;;;;x;
PROV2968;Дарьенский залив;Golfe de Darien;Golf von Darien;;Golfo de Darien;;;;;;;;;x;
PROV2969;Ямайский пролив;Canal de Jamaique;Jamaikakanal;;Canal de Jamica;;;;;;;;;x;
PROV2970;Центральная часть Карибского бассейна;Caraibes centrales;Zentrale Karibik;;Caribe Central;;;;;;;;;x;
PROV2971;Северо-западные Карибы;Caraibes nord-ouest;Nordwest-Karibik;;Caribe Noroccidental;;;;;;;;;x;
PROV2972;Венесуэльский залив;Golfe du Venezuela;Golf von Venezuela;;Golfo de Venezuela;;;;;;;;;x;
PROV2973;Венесуэльское море;Mer du Venezuela;Venezuela-See;;Mar de Venezuela;;;;;;;;;x;
PROV2974;Восточные Карибы;Caraibes orientales;Ost-Karibik;;Caribe Oriental;;;;;;;;;x;
PROV2975;Наветренные острова;Iles Windward;Windward Islands;;Islas de Barlovento;;;;;;;;;x;
PROV2976;Малые Антильские острова;Petites Antilles;Kleine Antillen;;Antillas Menores;;;;;;;;;x;
PROV2977;Море Теркс и Кайкос;Mer Turks-et-Caicos;Turks & Caicos-See;;Mar de Turcos y Caicos ;;;;;;;;;x;
PROV2978;Побережье Кубы;Cote de Cuba;Kuste von Cuba;;Costa de Cuba;;;;;;;;;x;
PROV2979;Побережье Эспаньолы;Cote d'Hispaniola;Kuste von Hispaniola;;Costa de la Espanola;;;;;;;;;x;
PROV2980;Побережье Гайаны;Cote de Guyane;Kuste von Guyana;;Costa de Guyana;;;;;;;;;x;
PROV2981;Побережье Амапа;Cote d'Amapa;Kuste von Amapa;;Costa de Amapa;;;;;;;;;x;
PROV2982;Амазонский залив;Golfe d'Amazonas;Amazonas-Golf;;Golfo del Amazonas;;;;;;;;;x;
PROV2983;Побережье Бразилии;Cote du Bresil;Kuste von Brazil;;Costa de Brasil;;;;;;;;;x;
PROV2984;Побережье Ресифи;Cote de Recife;Kuste von Recife;;Costa de Recife;;;;;;;;;x;
PROV2985;Побережье Пернамбуку;Cote de Pernambuc;Kuste von Pernambuco;;Costa de Pernambuco;;;;;;;;;x;
PROV2986;Залив Todos os Santos;Baie de Todos Santos;Todos Santos-Bucht;;Bahia de Todos los Santos ;;;;;;;;;x;
PROV2987;Рио-де-Жанейро;Rio de Janeiro;Rio de Janeiro;;Rio de Janeiro;;;;;;;;;x;
PROV2988;Байя Паранагуб;Baia Parangua;Baia Parangua;;Baia Parangua;;;;;;;;;x;
PROV2989;Рио-де-ла-Плата;Rio de la Plata;Rio De La Plata;;Rio de la Plata;;;;;;;;;x;
PROV2990;Баия-Бланка;Bahia Blanca;Bahia Blanca;;Bahia Blanca;;;;;;;;;x;
PROV2991;Побережье Патагонии;Cote de Patagonie;Kuste von Patagonia;;Costa de la Patagonia;;;;;;;;;x;
PROV2992;Магелланов пролив;Detroit de Magellan;Magellanstrasse;;Estrecho de Magallanes;;;;;;;;;x;
PROV2993;Южное побережье Чили;Cote chilienne meridionale;Sudchilenische Kuste;;Costa meridional de Chile;;;;;;;;;x;
PROV2994;Побережье Чили;Cote du Chili;Kuste von Chile;;Costa de Chile;;;;;;;;;x;
PROV2995;Побережье Атакама;Cote d'Atacama;Atacama-Kuste;;Costa de Atacama;;;;;;;;;x;
PROV2996;Побережье Антофагаста;Cote d'Antofagasta ;Antofagasta-Kuste;;Costa de Antofagasta;;;;;;;;;x;
PROV2997;залив Арекипа;Baie d'Arequipa;Arequipa Bay;;Bahia de Arequipa;;;;;;;;;x;
PROV2998;Побережье Перу;Cote du Perou;Kuste von Peru;;Costa de Peru;;;;;;;;;x;
PROV2999;Залив Гуаякиль;Baie de Guayaquil;Guayaquil-Bucht;;Bahia de Guayaquil ;;;;;;;;;x;
PROV3000;Побережье Эквадора;Cote d'Equateur;Kuste von Ecuador;;Costa de Ecuador;;;;;;;;;x;
PROV3001;Панамский залив;Golfe de Panama;Golf von Panama;;Golfo de Panama;;;;;;;;;x;
PROV3002;Залив Коста-Рики;Baie de Costa Rica;Costa Rica-Bucht;;Bahia de Costa Rica;;;;;;;;;x;
PROV3003;залив Акапулько;Baie d'Acapulco;Acapulco-Bucht;;Bahia de Acapulco;;;;;;;;;x;
PROV3004;Залив Мансанилья;Baie de Manzanilla;Manzanilla-Bucht;;Bahia de Manzanilla;;;;;;;;;x;
PROV3005;Залив Масатлан;Baie de Mazatlan;Mazatlan-Bucht;;Bahia de Mazatlan ;;;;;;;;;x;
PROV3006;Калифорнийский залив;Golfe de Californie;Golf von Kalifornien;;Golfo de California;;;;;;;;;x;
PROV3007;Побережье Баха;Cote de Baja;Kuste von Baja;;Costa de Baja;;;;;;;;;x;
PROV3008;Побережье Калифорнии;Cote de Californie;Kuste von Kalifornien;;Costa de California;;;;;;;;;x;
PROV3009;Острова Санта-Каталина;Ile de Santa Catalina;Santa Catalina-Inseln;;Islas de Santa Catalina;;;;;;;;;x;
PROV3010;Побережье Орегона;Cote d'Oregon;Kuste von Oregon;;Costa de Oregon;;;;;;;;;x;
PROV3011;Побережье Колумбии;Cote de Columbia;Kuste von Kolumbien;;Costa de Columbia;;;;;;;;;x;
PROV3012;Пролив Гекаты;Detroit d'Hecate;Hecatestrasse;;Estrecho de Hecate ;;;;;;;;;x;
PROV3013;залив Аляска;Golfe d'Alaska;Golf von Alaska;;Golfo de Alaska;;;;;;;;;x;
PROV3014;Побережье Аляски;Cote d'Alaska;Kuste von Alaska;;Costa de Alaska;;;;;;;;;x;
PROV3015;Бухта Кусковим;Baie de Kuskokwim;Kuskowim-Bucht;;Bahia de Kuskowim ;;;;;;;;;x;
PROV3016;Хэттон Банк;Banc Hatton;Hatton Bank;;Hatton Bank;;;;;;;;;x;
PROV3017;Восточный перелом Гиббса;Fracture Gibbs orientale;Eastern Gibbs Fracture;;Fractura de Gibbs oriental;;;;;;;;;x;
PROV3018;Перелом Западного Гиббса;Fracture Gibbs occidentale;Western Gibbs Fracture;;Fractura de Gibbs occidental;;;;;;;;;x;
PROV3019;Иберийский шельф;Talus iberique;Iberischer Festlandsockel;;Plataforma Iberica;;;;;;;;;x;
PROV3020;Азорское море;Mer des Acores;Azorensee;;Mar de Azores;;;;;;;;;x;
PROV3021;Корнер-Маунтс;Monts sous-marins de Corner;Corner Seamounts;;Plataforma de Corner;;;;;;;;;x;
PROV3022;Подводные горы Новой Англии;Monts sous-marins de Nlle-Angleterre;New England Seamounts;;Plataforma de Nueva Inglaterra;;;;;;;;;x;
PROV3023;Сейбл-Айленд-Бэнк;Banc de l'ile de Sable;Sable Island Bank;;Ribera de la Isla de Sable;;;;;;;;;x;
PROV3024;Плато Блейк;Plateau de Blake;Blake Plateau;;Plataforma de Blake;;;;;;;;;x;
PROV3025;Западное Бермудское море;Mer des Bermudes occidentale;West-Bermudasee;;Mar de Bermuda Occidental;;;;;;;;;x;
PROV3026;Восточно-Бермудское море;Mer des Bermudes orientale;Ost-Bermudasee;;Mar de Bermuda Oriental;;;;;;;;;x;
PROV3027;Канарское течение;Courant des Canaries;Kanarenstrom;;Corriente de las Canarias;;;;;;;;;x;
PROV3028;Северный Гвианский бассейн;Bassin de Guyane septentrional;Nordguiana-Becken;;Cuenca septentrional de las Guayanas;;;;;;;;;x;
PROV3029;Гвианская котловина;Bassin de Guyane;Guianabecken;;Cuenca de las Guyanas;;;;;;;;;x;
PROV3030;Южная Гвианская котловина;Bassin de Guyane meridional;Sudguianabecken;;Cuenca meridional de las Guayanas;;;;;;;;;x;
PROV3031;Канарский подход;Approche des Canaries;Canary Approach;;Costas de las Canarias;;;;;;;;;x;
PROV3032;Подход Кабо-Верде;Approche du Cap-Vert;Cap Verde Approach;;Costas de Cabo Verde;;;;;;;;;x;
PROV3033;Cruiser Настольное крепление;Guyot du Cruiser;Cruiser Tablemount;;Meseta marina Cruiser;;;;;;;;;x;
PROV3034;Зона разлома Барракуда;Zone de fracture de Barracuda;Barracuda-Frakturzone;;Zona de fractura de Barracuda;;;;;;;;;x;
PROV3035;Восточное Саргассово море;Mer des Sargasses orientale;Ost-Sargassosee;;Mar de los Sargazos Oriental;;;;;;;;;x;
PROV3036;Центральное Саргассово море;Mer des Sargasses centrale ;Zentral-Sargassosee;;Mar de los Sargazos Central;;;;;;;;;x;
PROV3037;Романш-Гэп;Faille de Romanche;Romanche-Graben;;Paso de Romanche;;;;;;;;;x;
PROV3038;Восточно-Гвинейский бассейн;Bassin de Guinee orientale;Ostguinea-Becken;;Cuenca de Guinea Oriental;;;;;;;;;x;
PROV3039;Западно-Гвинейский бассейн;Bassin de Guinee occidentale;Westguinea-Becken;;Cuenca de Guinea Occidental;;;;;;;;;x;
PROV3040;Аргентинское море;Mer d'Argentine;Argentinische See;;Mar Argentino;;;;;;;;;x;
PROV3041;Аргентинский подъем;Soulevement de l'Argentine;Argentinisches Seegebirge;;Falla de Argentina;;;;;;;;;x
PROV3042;Корнет Банк;Banc de Cornet;Cornet Bank;;Ribera de Cornet;;;;;;;;;x;
PROV3043;Канал Вема;Canal de Vema ;Vemakanal;;Canal de Vema;;;;;;;;;x;
PROV3044;Южно-Бразильский бассейн;Bassin du Bresil meridional;Sudbrasilianisches Becken;;Cuenca meridional de Brasil;;;;;;;;;x;
PROV3045;Равнина Сапиола;Plaine de Zapiola;Zapiola-Ebene;;Plataforma de Zapiola;;;;;;;;;x;
PROV3046;Аргентинский бассейн;Bassin d'Argentine;Argentinien-Ebene;;Cuenca de Argentina;;;;;;;;;x;
PROV3047;Фолклендское плато;Plateau des Malouines;Falkland-Plateau;;Banco de las Malvinas;;;;;;;;;x;
PROV3048;Побережье Фолклендских островов;Cote des Malouines;Falklandkuste;;Costa de las Malvinas;;;;;;;;;x;
PROV3049;Острова Фернанду-ди-Норонья;Archipel de Fernando de Noronha;Fernando de Noronha-Inseln;;Islas de Fernando de Noronha;;;;;;;;;x;
PROV3050;Северный Бразильский бассейн;Bassin du Bresil septentrional;Nordbrasilianisches Becken;;Cuenca septentrional de Brasil;;;;;;;;;x;
PROV3051;Бассейн Сьерра-Леоне;Bassin de la Sierra Leone;Sierra Leone-Becken;;Cuenca de Sierra Leona;;;;;;;;;x;
PROV3052;Мартин Ваз Ридж;Dorsale de Martin Vaz;Martin Vaz-Rucken;;Dorsal de Martin Vaz;;;;;;;;;x;
PROV3053;Западное побережье острова Вознесения;Cote occidentale d'Ascension;Westkuste von Ascension;;Costa occidental de Ascension;;;;;;;;;x;
PROV3054;Восточное побережье острова Вознесения;Cote orientale d'Ascension;Ostkuste von Ascension;;Costa oriental de Ascension;;;;;;;;;x;
PROV3055;Уолфиш-Ридж;Dorsal de Walvis;Walfischrucken;;Dorsal de Walvis;;;;;;;;;x;
PROV3056;Кейп-Плейн;Plaine du Cap;Kapebene;;Plataforma del Cabo;;;;;;;;;x;
PROV3057;Остров Гоф;Ile de Gough;Gough;;Isla de Gough ;;;;;;;;;x;
PROV3058;Побережье Тристан-да-Кунья;Cote de Tristan da Cunha;Kuste von Tristan da Cunha;;Costa de Tristan da Cunha;;;;;;;;;x;
PROV3059;Сан-Марин-Гэп;Faille de San Marin;San Marin-Graben;;Paso de San Marin;;;;;;;;;x;
PROV3060;Южные Сандвичевы острова;Iles Sandwich du sud;Sud-Sandwichinseln;;ISlas de Sandwich del Sur;;;;;;;;;x;
PROV3061;Недоступный остров;Ile Inaccessible;Unzugangliche Insel;;Isla Inaccesable;;;;;;;;;x;
PROV3062;Остров Буве;Ile Bouvet;Bouvet-Insel;;Isla de Bouvet;;;;;;;;;x;
PROV3063;Мыс Штормов;Cap des tempetes;Kap der Sturme;;Cabo de las Tormentas;;;;;;;;;x;
PROV3064;Бенгальский залив;Golfe du Bengal;Golf von Bengalen;;Golfo de Bengala;;;;;;;;;x;
PROV3065;Северный Бенгальский залив;Baie septentrionale du Bengal;Nordbucht von Bengalen;;Bahia de Bengala Septentrional;;;;;;;;;x;
PROV3066;Южный Бенгальский залив;Baie meridionale du Bengal;Sudbucht von Bengalen;;Golfo de Bengala meridional;;;;;;;;;x;
PROV3067;Цейлонское море;Mer de Ceylan;Ceylonsee;;Mar de Ceilan;;;;;;;;;x;
PROV3068;Побережье Мальдив;Cote des Maldives;Kuste von Maldives;;Costa de las Maldivas;;;;;;;;;x;
PROV3069;Восьмиградусный канал;Canal de Eight Degree;Acht-Grad-Kanal;;Canal de Eight Degree;;;;;;;;;x;
PROV3070;Подъем Мэдингли;Plateau de Madingley;Madingley-Hohe;;Falla de Madingley;;;;;;;;;x;
PROV3071;Аравийский бассейн;Bassin arabe;Arabisches Becken;;Cuenca Arabiga;;;;;;;;;x;
PROV3072;Канал в полтора градуса;Courant de Souadou;Anderthalb-Grad-Kanal;;Canal de One and a Half Degree;;;;;;;;;x;
PROV3073;Архипелаг Чагос;Archipel des Chagos;Chagos-Archipel;;Archipielago de Chagos;;;;;;;;;x;
PROV3074;Кокосовый бассейн;Bassin des Cocos;Kokosbecken;;Cuenca de Cocos;;;;;;;;;x;
PROV3075;Южно-Суматринский желоб;Fosse meridionale de Sumatra;Sud-Sumatragraben;;Fosa de Sumatra Meridional;;;;;;;;;x;
PROV3076;Побережье Килингса;Cotes des Keelings;Kuste der Keelings;;Costa de las Keelings;;;;;;;;;x;
PROV3077;Яванская впадина;Fosse de Java;Javagraben;;Fosa de Java;;;;;;;;;x;
PROV3078;Острова Принца Эдуарда;Iles du Prince Edouard;Prinz-Edward-Inseln;;Islas del Principe Eduardo;;;;;;;;;x;
PROV3079;Подъем Дель Кано;Plateau de Del Cano;Del Cano-Hohe;;Elevacion del Cano;;;;;;;;;x;
PROV3080;Мыс Сент-Мари;Cap Sainte Marie;Kap Sainte Marie;;Cabo de Santa Maria;;;;;;;;;x;
PROV3081;Остров Крозе;Archipel Crozet;Crozet-Insel;;Isla de Crozet ;;;;;;;;;x;
PROV3082;Маскаренская равнина;Plaine de Mascarene;Mascarene-Ebene;;Mascarenas;;;;;;;;;x;
PROV3083;Остров Родригес;Ile Rodrigues;Rodrigues-Insel;;Isla de Rodrigues;;;;;;;;;x;
PROV3084;Юго-западный Индийский бассейн;Bassin indien sud-ouest;Sudwestindisches Becken;;Cuenca sudoccidental de la India;;;;;;;;;x;
PROV3085;Острова Кергелен;Iles Kerguelen;Kerguelen;;Islas de Kerguelen ;;;;;;;;;x;
PROV3086;Остров Святого Павла;Ile de St Paul;St Paul;;Isla de San Pablo;;;;;;;;;x;
PROV3087;Брокен-Ридж;Dorsale de Broken;Broken Ridge;;Dorsal de Broken ;;;;;;;;;x;
PROV3088;Южно-Австралийский бассейн;Bassin australien du sud;Sudaustralisches Becken;;Cuenca Australiana Meridional;;;;;;;;;x;
PROV3089;Зона разлома Эгерия;Zone de fracture d'Egeria;Egeria-Frakturzone;;Zona de Fractura de Egeria;;;;;;;;;x;
PROV3090;Зона Арго;Zone d'Argo;Argo-Zone;;Zona de Argo;;;;;;;;;x;
PROV3091;Бассейн Кювье;Bassin de Cuvier;Cuvierbecken;;Cuenca de Cuvier;;;;;;;;;x;
PROV3092;Плато Валлаби;Plateau de Wallaby;Wallaby Plateau;;Banco de Wallaby;;;;;;;;;x;
PROV3093;Девяносто Восточный хребет;Dorsale de Ninety East;Ninety East Ridge;;Dorsal de Ninety East;;;;;;;;;x;
PROV3094;Подъем Роа;Plateau de Roa;Roa Rise;;Falla de Roa;;;;;;;;;x;
PROV3095;Подводные горы Венинг-Майнеш;Monts sous-marins de Venig-Meisenz;Venig-Meisenz Seamounts;;Plataforma de Venig-Meisenz ;;;;;;;;;x;
PROV3096;Уортонский бассейн;Bassin de Wharton;Whartonbecken;;Cuenca Wharton;;;;;;;;;x;
PROV3097;Северное плато Кокос;Plateau nord des Cocos;Nordkokosbecken;;Banco de Cocos Septentrional;;;;;;;;;x;
PROV3098;Южное плато Кокос;Plateau sud des Cocos ;Sudkokosbecken;;Banco de Cocos Meridional;;;;;;;;;x;
PROV3099;Остров Амстердам;Ile d'Amsterdam ;Amsterdam-Insel;;Isla de Amsterdam ;;;;;;;;;x;
PROV3100;Зона разлома Мари-Селеста;Zone de fracture de Marie Celeste ;Marie-Celeste-Frakturzone;;Zona de Fractura Marie-Celeste;;;;;;;;;x;
PROV3101;Озеро Чад;Lac Tchad;Tschadsee;;Lago Chad;;;;;;;;;x;
PROV3102;Лейк-Виктория;Lac Victoria;Victoriasee;;Lago Victoria;;;;;;;;;x;
PROV3103;озеро Танганьика;Lac Tangayika;Tangayikasee;;Lago Tanganika;;;;;;;;;x;
PROV3104;Озеро Малави;Lac Malawi;Malawisee;;Lago Malawi;;;;;;;;;x;
PROV3105;Подводная гора Гульден-Драк;Mont sous-marin de Gulden-Draak;Gulden-Draak Seamount;;Plataforma de Gulden-Draak;;;;;;;;;x;
PROV3106;Озеро Балхаш;Lac Balchasj;Balchasjsee;;Lago Balchasj;;;;;;;;;x;
PROV3107;озеро Байкал;Lac Baikal;Baikalsee;;Lago Baikal;;;;;;;;;x;
PROV3108;Озеро Дунтин;Lac Dongting;Dongtingsee;;Lago Dongting;;;;;;;;;x;
PROV3109;озеро Титикака;Lac Titicaca;Titicacasee;;Lago Titicaca;;;;;;;;;x;
PROV3110;озеро Никарагуа;Lac Nicaragua;Nicaraguasee;;Lago Nicaragua;;;;;;;;;x;
PROV3111;Бассейн Седна;Bassin de Sedna;Sednabecken;;Cuenca de Sedna;;;;;;;;;x;
PROV3112;Лейк-Онтарио;Lac Ontario;Ontariosee;;Lago Ontario;;;;;;;;;x;
PROV3113;Лейк Эри;Lac Erie;Eriesee;;Lago Erie;;;;;;;;;x;
PROV3114;озеро Гурон;Lac Huron;Huronsee;;Lago Huron;;;;;;;;;x;
PROV3115;озеро Мичиган;Lac Michigan;Michigansee;;Lago Michigan;;;;;;;;;x;
PROV3116;Озеро Верхнее;Lac Superior;Superiorsee;;Lago Superior;;;;;;;;;x;
PROV3117;Озеро Нипигон;Lac Nipigon;Nipigonsee;;Lago Nipigon;;;;;;;;;x;
PROV3118;Озеро Виннипег;Lac Winnipeg;Winnipegsee;;Lago Winnipeg;;;;;;;;;x;
PROV3119;Корскиевский овраг;Gorge de Korskiyev ;Korskiyev Gulch;;Depresion de Korskiyev;;;;;;;;;x;
PROV3120;Орсова Банк;Banc d'Orsova;Orsova Bank;;Costa de Orsova;;;;;;;;;x;
PROV3121;Новарская равнина;Plaine de Novarsk;Novarsk-Ebene;;Plataforma de Novarsk;;;;;;;;;x;
PROV3122;Сурвские равнины;Plaines de Sorvskiya;Sorvskiya-Ebene;;Litoral de Sorvskiya;;;;;;;;;x;
PROV3123;Ямара Галч;Gorge du Yamaru;Yamara Gulch;;Depresion de Yamara;;;;;;;;;x;
PROV3124;Северо-западный Тихоокеанский бассейн;Bassin Pacifique du nord-ouest ;Nordwestpazifikbecken;;Cuenca del Pacifico Noroeste;;;;;;;;;x;
PROV3125;Отмели Севранс;Bancs de Sevrance;Sevrance Shoals;;Bajios de Sevrance;;;;;;;;;x;
PROV3126;Побережье острова Маркус;Cote de l'ile Marcus;Kuste der Marcus-insel;;Costa de la Isla de Marcus;;;;;;;;;x;
PROV3127;Побережье Марианских островов;Cote des Malouines;Kuste der Marianen;;Costa de las Islas Marianas;;;;;;;;;x;
PROV3128;Квартиры в Мейсдейле;Vasiere de Maysdale;Maysdale Flats;;Maysdale;;;;;;;;;x;
PROV3129;Изамо Дроп;Cuvette d'Izamo;Izamo Drop;;Fosa de Izamo;;;;;;;;;x;
PROV3130;Северное Берингово море;Mer de Bering septentrionale;Nordberingsee;;Mar de Bering Septentrional;;;;;;;;;x;
PROV3131;Юг Берингова моря;Mer de Bering meridionale;Sudberingsee;;Mar de Bering Meridional;;;;;;;;;x;
PROV3132;Западные Алеутские острова;Iles Aleoutiennes occidentales;West-Aleuten;;Islas Aleutianas Occidentales;;;;;;;;;x;
PROV3133;Острова Прибылова;Iles Pribilof;Pribilof-Inseln;;Islas de Pribilof;;;;;;;;;x;
PROV3134;Восточные Алеутские острова;Iles Aleoutiennes orientales;Ostaleutensee;;Islas Aleutianas Orientales;;;;;;;;;x;
PROV3135;Перевал Уминак;Passage d'Uminak;Uminak-Pass;;Paso de Uminak;;;;;;;;;x;
PROV3136;Западное Алеутское море;Mer Aleotienne occidentale;Westaleutensee;;Mar de las Aleutianas Occidental;;;;;;;;;x;
PROV3137;Подводная гора Бейкер;Mont sous-marin Baker;Baker Seamount;;Plataforma de Baker;;;;;;;;;x;
PROV3138;Аляскинская равнина;Plaine d'Alaska;Alaska-Ebene;;Litoral de Alaska;;;;;;;;;x;
PROV3139;Восточно-Алеутское море;Mer Aleotienne orientale;OstaleutenseeSea;;Mar de las Aleutianas Oriental;;;;;;;;;x;
PROV3140;Исследовательская траншея;Fosse d'Explorer;Explorer-Graben;;Fosa Explorer;;;;;;;;;x;
PROV3141;Безлунные подводные горы;Monts sous-marins de Moonless;Moonless Seamounts;;Plataforma de Moonless;;;;;;;;;x;
PROV3142;Бассейн реки Чинук;Bassin de Chinook;Chinookbecken;;Cuenca de Chinook;;;;;;;;;x;
PROV3143;Ульчский бассейн;Bassin d'Ulchi;Ulchibecken;;Cuenca de Ulchi ;;;;;;;;;x;
PROV3144;Бассейн Джингу;Bassin de Jingu;Jingubecken;;Cuenca de Jingu ;;;;;;;;;x;
PROV3145;Чинук Троф;Passage de Chinook;Chinook Trough;;Depresion de Chinook;;;;;;;;;x;
PROV3146;Подводная гора Стэнли;Mont sous-marin de Stanley;Stanley Seamount;;Plataforma de Stanley;;;;;;;;;x;
PROV3147;Уступ Мендосино;Falaise de Mendocino;Mendocino Escarpment;;Escarpe de Mendocino;;;;;;;;;x;
PROV3148;Калифорнийская подводная гора;Mont sous-marin de Californie;California Seamount;;Plataforma de California ;;;;;;;;;x;
PROV3149;Зона разлома Мюррей;Zone de fracture de Murray;Murray-Frakturzone;;Zona de Fractura de Murray;;;;;;;;;x;
PROV3150;Побережье Гавайев;Cote d'Hawai;Kuste von Hawaii;;Costa de Hawai;;;;;;;;;x;
PROV3151;Подводная гора Арго;Mont sous-marin d'Argo;Argo Seamount;;Plataforma de Argo ;;;;;;;;;x;
PROV3152;Музыканты Подводная гора;Mont sous-marin des musiciens;Musicians Seamount;;Plataforma de los Musicos;;;;;;;;;x;
PROV3153;Побережье острова Мидуэй;Cote de Midway;Kuste von Midway;;Isla de la Costa de Midway;;;;;;;;;x;
PROV3154;Равнина Кеплера;Plaine de Kepler;Kepler-Ebene;;Litoral de Kepler;;;;;;;;;x;
PROV3155;Равнина Галуа;Plaine Galois;Galois-Ebene;;Litoral de Galois;;;;;;;;;x;
PROV3156;Подъем О'Гормана;Plateau d'O'Gorman;O'Gorman Rise;;Falla de O'Gorman;;;;;;;;;x;
PROV3157;Побережье Галапагосских островов;Cote des Galapagos;Galapagos-Kuste;;Costa de las Islas Galapagos;;;;;;;;;x;
PROV3158;Равнины Лапира;Plaines de Lapira;Lapira-Ebene;;Litoral de Lapira ;;;;;;;;;x;
PROV3159;Побережье островов Кука;Cote des Iles Cook ;Kuste der Cook-Inseln;;Costa de las Islas Cook;;;;;;;;;x;
PROV3160;Остров Клиппертон;Ile de Clipperton;Clipperton-Insel;;Isla de Clipperton ;;;;;;;;;x;
PROV3161;Подводная гора Хендерсон;Mont sous-marin de Henderson;Henderson Seamount;;Monte submarino Henderson;;;;;;;;;x;
PROV3162;Хребет Мадихера;Dorsale de Madijera ;Madijera-Rucken;;Dorsal de Madijera;;;;;;;;;x;
PROV3163;Бассейн Бауэра;Bassin de Bauer;Bauer-Becken;;Cuenca de Bauer;;;;;;;;;x;
PROV3164;Северо-восточный Тихоокеанский бассейн;Bassin pacifique du nord-est;Nortostpazifikbecken;;Cuenca del noreste del Pacifico;;;;;;;;;x;
PROV3165;Подводная гора Discoverer;Mont sous-marin de Discoverer ;Discoverer Seamount;;Plataforma de Discoverer;;;;;;;;;x;
PROV3166;Тасавулу Квартиры;Vasiere de Tasavulu;Tasavulu Flats;;Plataforma de Tasavulu;;;;;;;;;x;
PROV3167;Гавайская арка;Arc hawaien;Hawaii-Bogen;;Arco Hawaiano;;;;;;;;;x;
PROV3168;Бассейн Рэдфорда;Bassin de Radford ;Radford-Becken;;Cuenca de Radford;;;;;;;;;x;
PROV3169;Северные острова Лайн;Iles Line septentrionales;Nordliche Line-Inseln;;Islas Northern Line;;;;;;;;;x;
PROV3170;Побережье островов Общества;Cote des Iles de la Societe;Kuste der Gesellschaftsinseln;;Costa de las Islas de la Sociedad;;;;;;;;;x;
PROV3171;Перуанский бассейн;Bassin du Perou;Perubecken;;Cuenca peruana;;;;;;;;;x;
PROV3172;Бассейн Юпанки;Bassin de Yupanqui;Yupanqui-Becken;;Cuenca de Yupanqui;;;;;;;;;x;
PROV3173;Северанс Плейнс;Plaines de Severance;Severance-Ebene;;Litoral de Severance;;;;;;;;;x;
PROV3174;Равнины Альтамира;Plaines d'Altamira;Altamira-Ebene;;Litoral de Altamira ;;;;;;;;;x;
PROV3175;Южные острова Лайн;Iles Line meridionales;Sudliche Line-Inseln;;Islas Southern Line;;;;;;;;;x;
PROV3176;Центральный Тихоокеанский бассейн;Bassin pacifique central;Zentralpazifikbecken;;Cuenca central del Pacifico;;;;;;;;;x;
PROV3177;Побережье Самоа;Cote des Samoa;Kuste von Samoa;;Costa de Samoa;;;;;;;;;x;
PROV3178;Джонстон Атолл;Atoll de Johnston;Johnston Atoll;;Atolon de Johnston ;;;;;;;;;x;
PROV3179;Побережье Тонга;Cote de Tonga;Kuste von Tonga;;Costa de Tonga;;;;;;;;;x;
PROV3180;Побережье Маркизских островов;Cote des Marquises;Kuste der Marquesas;;Costa de las Marquesas;;;;;;;;;x;
PROV3181;Разрешение Квартиры;Vasiere de Resolution;Resolution Flats;;Plataforma de Resolution;;;;;;;;;x;
PROV3182;Побережье Туамоту;Cote des Tuamotus;Kuste der Tuamotus;;Costa de las Tuamotus;;;;;;;;;x;
PROV3183;Титус-Ридж;Dorsale de Titus;Titus-Rucken;;Dorsal de Titus;;;;;;;;;x;
PROV3184;Острова Чатем;Iles Chatham;Chatham-Inseln;;Islas Chatham;;;;;;;;;x;
PROV3185;Юго-западный Тихоокеанский бассейн;Bassin pacifique du sud-ouest;Sudwestpazifikbecken;;Cuenca del Pacifico Sudoccidental;;;;;;;;;x;
PROV3186;Людовико Галч;Gorge de Ludovico;Ludovico Gulch;;Quebrada de Ludovico;;;;;;;;;x;
PROV3187;Побережье острова Питкэрн;Cote de l'Ile de Pitcairn;Kuste der Pitcairn-Insel;;Costa de la Isla de Pitcairn ;;;;;;;;;x;
PROV3188;Бассейн Рогевен;Bassin de Rogeveen;Rogeveen-Becken;;Cuenca de Rogeveen;;;;;;;;;x;
PROV3189;Зона разлома Менарда;Zone de fracture de Menard;Menard-Frakturzone;;Zona de Fractura de Menard ;;;;;;;;;x;
PROV3190;Побережье острова Пасхи;Cote de l'Ile de Paques;Kuste der Osterinsel;;Costa de la Isla de Pascua;;;;;;;;;x;
PROV3191;Побережье островов Эллис;Cote des Iles Ellice;Kuste der Ellice-Inseln;;Costa de las Islas de Ellice;;;;;;;;;x;
PROV3192;Бассейн Новой Каледонии;Bassin de Nouvelle-Caledonie;New Caledonia-Becken;;Cuenca de Nueva Caledonia ;;;;;;;;;x;
PROV3193;Острова Хуан-Фернандес;Iles Juan Fernandez;Juan Fernandez-Inseln;;Islas de Juan Fernandez ;;;;;;;;;x;
PROV3194;Подъем Селкирка;Plateau de Selkirk ;Selkirk Rise;;Falla de Selkirk ;;;;;;;;;x;
PROV3195;Карасёвские равнины;Plaines de Karasev;Karasev-Ebene;;Litoral de Karasev ;;;;;;;;;x;
PROV3196;Тимкин Плейн;Plaine de Timkin ;Timkin-Ebene;;Litoral de Timkin ;;;;;;;;;x;
PROV3197;Риф Сайрус;Recif de Syrus;Syrus-Riff;;Arrecifes de Syrus;;;;;;;;;x;
PROV3198;Равнины Гумбольдта;Plaine de Humboldt;Humboldtebene;;Litoral de Humboldt;;;;;;;;;x;
PROV3199;Квартиры в Вальдивии;Vasiere de Valdivia;Valdivia Flats;;Plataforma de Valdivia;;;;;;;;;x;
PROV3200;Побережье Южной Георгии;Cote de Georgie du sud;Kuste von South Georgia;;Costa de Georgia del Sur;;;;;;;;;x;
PROV3201;Аргентинская равнина;Plaine d'Argentine;Argentinien-Ebene;;Litoral de Argentina;;;;;;;;;x;
PROV3202;Подводная гора Запиола;Mont sous-marin de Zapiola;Zapiola Seamount;;Plataforma de Zapiola ;;;;;;;;;x;
PROV3203;Западное побережье острова Святой Елены;Cote occidentale de Sainte-Helene;Westkuste von Saint Helena;;Costa Occidental de Santa Elena;;;;;;;;;x;
PROV3204;Зона разлома Мура;Zone de fracture de Moore;Moore-Frakturzone;;Zona de Fractura Moore ;;;;;;;;;x;
PROV3205;Западная Демерара Равнина;Plaine occidentale de Demerara;West-Demerara-Ebene;;Litoral de Demerara Occidental;;;;;;;;;x;
PROV3206;Восточная равнина Демерара;Plaine orientale de Demerara;Ost-Demerara-Ebene;;Litoral de Demerara Oriental;;;;;;;;;x;
PROV3207;Бассейн Зеленого Мыса;Bassin du Cap-Vert;Kap Verde-Becken;;Cuenca de Cabo Verde ;;;;;;;;;x;
PROV3208;Равнина Нэрса;Plaine de Nares;Nares-Ebene;;Litoral de Nares ;;;;;;;;;x;
PROV3209;Багамский бассейн;Bassin des Bahamas;Bahamasbecken;;Cuenca de Bahamas ;;;;;;;;;x;
PROV3210;Западное Саргассово море;Mer des Sargasses occidentale;West-Sargassosee;;Mar de los Sargazos occidental;;;;;;;;;x;
PROV3211;Бермудские подходы;Abords des Bermudes;Bermuda Approaches;;Costa de Bermuda;;;;;;;;;x;
PROV3212;Цейлонская равнина;Plaine de Ceylan;Ceylon-Ebene;;Litoral de Ceilan;;;;;;;;;x;
PROV3213;Зондская впадина;Fosse de Sunda;Sundagraben;;Fosa de Sunda;;;;;;;;;x;
PROV3214;Северный желоб Суматры;Fosse Nord de Sumatra;Nordsumatragraben;;Fosa del norte de Sumatra ;;;;;;;;;x;
PROV3215;Центральный Индийский бассейн;Bassin indien central;Zentralindisches Becken;;Cuenca de la India Central;;;;;;;;;x;
PROV3216;Бассейн Фиджи;Bassin de Fiji;Fidschibecken;;Cuenca de Fiji;;;;;;;;;x;
PROV3217;Утешение Квартиры;Vasiere de Solace;Solace Flats;;Plataforma de Solace;;;;;;;;;x;
PROV3218;Перевал Писарос;Passe de Pisaros;Pisaros-Pass;;Paso de Pisaros;;;;;;;;;x;
PROV3219;Побережье Фиджи;Cote de Fiji;Kuste von Fiji;;Costa de Fiji;;;;;;;;;x;
PROV3220;Побережье острова Норфолк;Cote de l'Ile Norfolk;Kuste der Norfolk-Insel;;Costa de la isla de Norfolk;;;;;;;;;x;
PROV3221;Побережье островов Гилберта;Cote des Iles Gilbert;Kuste der Gilbert-Inseln;;Costa de las Islas Gilbert;;;;;;;;;x;
PROV3222;Риф Майну;Recif de Mainu;Mainu-Riff;;Arrecife de Mainu;;;;;;;;;x;
PROV3223;Тусей Банк;Banc de Tusei ;Tusei Bank;;Banco de Tusei;;;;;;;;;x;
PROV3224;Озеро Тана;Lac Tana;Tanasee;;Lago Tana;;;;;;;;;x;
PROV3225;Большое Соленое озеро;Grand Lac Sale;Grosser Salzsee;;Gran Lago Salino;;;;;;;;;x;
PROV3226;Южно-Австралийская равнина;Plaine australienne meridionale;Sudaustralische Ebene;;Litoral meridional de Australian ;;;;;;;;;x;
PROV3227;Большое Невольничье озеро;Grand lac des esclaves;Grosser Sklavensee;;Gran Lago del Esclavo;;;;;;;;;x;
PROV3228;Озеро Атабаска;Lac Athabasca;Athabascasee;;Lago Athabasca;;;;;;;;;x;
PROV3229;Оленье озеро;Lac Reindeer;Reindeersee;;Lago Reindeer;;;;;;;;;x;
PROV3230;Обская губа;Golfe d'Ob;Golf von Ob;;Golfo de Ob;;;;;;;;;x;
PROV3231;Лейк Ван;Lac Van;Van-See;;Lago Van;;;;;;;;;x;
PROV3232;Озеро Урмия;Lac Urmia;Urmiasee;;Lago Urmia;;;;;;;;;x;
PROV3233;Иссык-Куль;Issyk Kul;Issyk Kul;;Issyk Kul;;;;;;;;;x;
PROV3234;Озеро Цинхай;Lac Qinghai;Qinghai-See;;Lago Qinghai;;;;;;;;;x;
PROV3235;Озеро Поянху;Lac Poyang;Poyangsee;;Lago Poyang;;;;;;;;;x;
PROV3236;Озеро Рудольф;Lac Rudolf;Rudolfsee;;Lago Rudolf;;;;;;;;;x;
PROV3237;Равнина Сом;Plaine de Sohm;Sohm-Ebene;;Litoral de Sohm;;;;;;;;;x;
PROV3238;Озеро Мверу;Lac Mweru;Mwerusee;;Lago Mweru;;;;;;;;;x;
PROV3239;Лейк Шамплейн;Lac Champlain;Champlainsee;;Lago Champlain;;;;;;;;;x;
PROV3240;Озеро Поопо;Lac Poopo;Pooposee;;Lago Poopo;;;;;;;;;x;
PROV3241;Северный Ледовитый океан;Ocean Arctique;Arktisches Meer;;Oceano Artico;;;;;;;;;x;
PROV3242;Морской пролив;Canal de Maury;Maury-Seekanal;;Aguas del Maury Channel;;;;;;;;;x;
PROV3243;Юго-восточный Тихоокеанский бассейн;Bassin pacifique du Sud-Est;Sudostliches Pazifikbecken;;Cuenca del sureste del Pacifico;;;;;;;;;x;
PROV3244;Проход Джалуит;Passage de Jaluit;Jaluit-Passage;;Paso de Jaluit;;;;;;;;;x;
PROV3245;Марковские равнины;Plaines de Markov;Markov-Ebene;;Litoral de Markov ;;;;;;;;;x;
PROV3246;Ян-Майен;Jan Mayen;Jan Mayen;;Jan Mayen;;;;;;;;;x;
PROV3247;Западные Гавайи;Hawaii ouest;West-Hawaii;;Hawai occidental;;;;;;;;;x
PROV3248;Западный Магелланов пролив;Ouest du detroit de Magellan;Westliche Magellanstrasse;;Estrecho de Magallanes occidental;;;;;;;;;x
3249;Крамлоу;;;;;;;;;;;;;x
