virginia_company_title;Предоставление хартии компании Virginia;x;;
virginia_company_desc;Многие выдающиеся англичане благосклонно относятся к идее создания колоний в Америке с целью обогащения. Выдавая хартии виргинским компаниям Лондона и Плимута, мы позволим им строить поселения от нашего имени в этих странных новых землях.;x;;
tea_party_title;Бостонский чайный пати;x;;
tea_party_desc;Налог за налогом мы позволили британцам унижать эти колонии. Пришло время занять позицию и показать тиранам в Лондоне, что мы, свободнорожденные американцы, думаем об их чайном поступке!;x;;
EVTDESC400001;С людьми, стоящими за нами, мы теперь твердо контролируем эту новую американскую нацию. Хотя много говорят о республике, основанной на ценностях просвещения, и Томас Джефферсон действительно написал проект декларации, в которой говорится именно об этом, ничто не мешает нам следовать другим путем.;x;;
found_quebec_title;Habitation de Quйbec;x;;
found_quebec_desc;Недавно Самуэль де Шамплен вернулся из экспедиции в земли, которые они называют Квебеком. С тех пор он обратился к французскому правительству с просьбой поддержать новую экспедицию с целью создания постоянного поселения в устье реки Святого Лаврентия.;x;;
EVTDESC400002;$MONARCHTITLE$! Губернатор Массачусетса Вашего Величества сообщает, что три судна Ост-Индской компании, перевозившие чай, «Дартмут», «Элеанор» и «Бивер», подверглись жестокому нападению со стороны мятежных колонистов в Бостоне. Мятежники, называвшие себя «сынами свободы» и переодетые индейцами под предводительством Сэмюэля Адамса, силой пробрались на борт кораблей и начали выбрасывать за борт тысячи фунтов чая! Все это, по-видимому, в знак протеста против нашего недавнего Закона о чае. Что нам делать?;x;;
tea_act_title;Закон о чае;x;;
tea_act_desc;Закон о чае затронет некоторые вопросы, касающиеся чая и других товаров в наших американских колониях. Предлагаемые налоги и торговые ограничения должны решить проблемы, которые преследовали имперскую чайную торговлю в течение многих лет. Однако наши губернаторы предупреждают, что многие колонисты не воспримут новости о новых требованиях со стороны Англии легкомысленно.;x;;
townshend_act_title;Закон Таунсенда;x;;
townshend_act_desc;Чарльз Таунсенд, в честь которого назван этот закон, разработал хитрый план решения как экономических, так и политических трудностей, с которыми мы недавно столкнулись в наших отношениях с американскими колониями, посредством использования новых колониальных властей и налогов.;x;;
primitivemod;Наши пути самые лучшие;x;;
primitivemod_desc;Наши пути самые лучшие;x;;
townshend_act_mod_thc;Закон Таунсенда;x;;
townshend_act_mod_thc_desc;Закон Таунсенда;x;;
1604_london_treaty_title;Знак: Лондонский договор 1604 г.;x;;
1604_london_treaty_desc;После смерти королевы Елизаветы в 1603 году ее преемник Яков I быстро попытался положить конец долгому и изнурительному конфликту. Яков был идеалистом, практикующим христианский мир и единство, а также сыном и преемником Марии, королевы Шотландии, чья казна была непосредственной причиной конфликта. Филипп III Испанский, который также унаследовал войну от своего предшественника Филиппа II, и чьи казны также были опустошены, тепло приветствовал предложение и приказал начать последовавшие за этим трудные переговоры.;x;;
tea_act_mod_thc;Закон о чае;x;;
tea_act_mod_thc_desc;Закон о чае;x;;
holy_roman_emperor;Император Священной Римской империи;x;;
holy_roman_emperor_desc;Вы — император Священной Римской империи.;x;;
hre_member;Государство-член Священной Римской империи;x;;
hre_member_desc;Мы являемся частью Священной Римской империи.;x;;
louisiana_purchasepart1_title;Предложение о продаже Луизианы;x;;
louisiana_purchasepart1_desc;Нам нужны деньги, а наши земли в Северной Америке уязвимы и в значительной степени бесполезны. Мы могли бы предложить американцам купить их у нас, что помогло бы нам удовлетворить наши более насущные потребности в Европе.;x;;
louisiana_purchasepart2_title;Покупка Луизианы;x;;
louisiana_purchasepart2_desc;Франция предложила нам продать Луизиану. Хотя ценность этой земли сомнительна, она представляет собой значительную территорию и более чем вдвое увеличила бы площадь этой страны.;x;;
EVTNAME401002;Священная Римская Империя;x;;
EVTDESC401002;Священная Римская империя — это в значительной степени децентрализованная организация, состоящая из многих государств, которая восходит к коронации Карла Великого в Рождество 800 года. Император выбирается из числа других правителей его коллегами-курфюрстами. Наши советники мудро напоминают нам, что мы являемся ее частью.;x;;
leave_hre_title;Покинуть Священную Римскую империю;x;;
leave_hre_desc;Мы можем покинуть Священную Римскую империю, если пожелаем. Однако, сделав это, мы откажемся от покровительства императора.;x;;
dismantle_hre_title;Разрушить Священную Римскую империю;x;;
dismantle_hre_desc;Мы находимся в состоянии войны с императором Священной Римской империи. Если мы сможем осадить его дворец в его столице, мы сможем заставить его распустить империю.;x;;
EVTNAME401003;Война епископов;x;;
EVTDESC401003;Шотландцы стали опасаться растущего влияния англикан к северу от границы и теперь открыто восстали. Мы рискуем потерять контроль над Шотландией, если не будем действовать.;x;;
english_parliarebels_title;Английские парламентарии;x;;
english_parliarebels_name;Английские парламентарии;x;;
english_parliarebels_desc;Эти мятежники хотят утвердить власть английского парламента над королем.;x;;
english_parliarebels_army;Английские парламентарии;x;;
act_of_union_title;Акт об унии;x;;
act_of_union_desc;Этот акт завершит объединение Англии и Шотландии и образует новое Соединенное Королевство Великобритании.;x;;
restore_charlesII_title;Восстановить Карла II;x;;
restone_charlesII_desc;Кромвели приведут нас всех к краху. Вернем сына нашего убитого короля Карла II на английский престол!;x;;
invite_williamIII_title;Пригласить Вильгельма III;x;;
invite_williamIII_desc;Король Яков II становится все более и более проблематичным. Чтобы избежать дальнейших проблем с парламентом, нам, возможно, придется выбрать другого монарха. Вильгельм III Оранский, претендент на английский престол, имеет надлежащее протестантское происхождение и обещает примирить все фракции в Англии. Мы могли бы пригласить его принять корону и стать королем нашей страны.;x;;
form_hre_title;Объединить Империю;x;;
form_hre_desc;Имея под своим контролем все германские государства, мы в состоянии превратить Священную Римскую империю в централизованное государство.;x;;
ulster_plantation_title;Плантация Ольстера;x;;
ulster_plantation_desc;Англия уже использовала плантации в Ирландии, но с небольшим успехом. На этот раз мы постепенно конфискуем ирландские земли и отдадим их настоящим протестантам-англичанам в попытке умиротворить и ассимилировать страну.;x;;
ulster_plantation_mod;Ольстерская плантация;x;;
ulster_plantation_mod_desc;Англия активно стремится заменить ирландское католическое население Ольстера протестантами из Великобритании.;x;;
EVTDESC401011;Местные жители $PROVINCENAME$ умирают в огромных количествах из-за ужасной болезни. Тот факт, что они утверждают, что никогда не испытывали подобного бедствия до нашего прибытия, похоже, предполагает, что мы могли привезти его с собой из Европы. Мы бессильны остановить его, но попытки облегчить их страдания могут помочь смягчить напряженность между ними и нашими колонистами.;x;;
early_plague_mod;Чума;x;;
early_plague_mod_desc;Чума опустошает наши земли!;x;;
english_cw_mod;Неуправляемый парламент;x;;
english_cw_mod_desc;Наш парламент все больше презирает и недоверяет абсолютистскому режиму нашего короля.;x;;
EVTDESC401013;Трусливые туземцы напали на нашу колонию в $PROVINCENAME$ и убили многих наших подданных, не пощадив ни женщин, ни детей. Некоторые мужчины из соседних колоний и выжившие, способные выжить, объединились и готовы преследовать налетчиков на их территории, если мы решим отомстить.;x;;
EVTDESC400005;Многочисленные споры о принадлежности приграничных территорий между колониями $COUNTRY_ADJ$ и колониями иностранной державы привели к все более напряженному климату. Мы, безусловно, были бы оправданы, если бы решили принять меры против этих иностранных колонистов, хотя некоторые в нашем суде предлагают нам ослабить напряженность, найдя компромисс, чтобы избежать вооруженного конфликта.;x;;
piratesmod;Пираты;x;;
catholic_rebels_title;Католические мятежники;x;;
catholic_rebels_name;Католические мятежники;x;;
catholic_rebels_desc;Католические мятежники — это католики, которые, чувствуя себя угнетенными протестантским большинством, восстали на защиту своей религии.;x;;
catholic_rebels_army;$COUNTRY_ADJ$ Католические повстанцы;x;;
protestant_rebels_title;Протестантские мятежники;x;;
protestant_rebels_name;Протестантские мятежники;x;;
protestant_rebels_desc;Протестантские мятежники — это протестанты, которые, чувствуя себя угнетенными католическим большинством, восстали на защиту своей религии.;x;;
protestant_rebels_army;$COUNTRY_ADJ$ Протестантские повстанцы;x;;
EVTDESC401015;Сегодня в $PROVINCENAME$ вспыхнули разногласия между католиками и протестантами, что привело к многочисленным смертям и напряженному тупику между двумя сторонами. Протестанты, составляющие меньшинство, клянутся продолжать борьбу до тех пор, пока их требования не будут выполнены.;x;;
EVTDESC401014;Сегодня в $PROVINCENAME$ вспыхнули разногласия между католиками и протестантами, что привело к многочисленным смертям и напряженному тупику между двумя сторонами. Католики, составляющие меньшинство, клянутся продолжать борьбу до тех пор, пока их требования не будут выполнены.;x;;
slave_rebels_name;Восставшие рабы;x;;
slave_rebels_desc;Восставшие рабы ищут освобождения от рабства для себя и своего рода. Они устали от рабства и будут сражаться насмерть, чтобы достичь своей цели.;x;;
slave_rebels_army;Восставшие рабы;x;;
religiousnutsmod;Религиозное восстание;x;;
religiousnutsmod_desc;Религиозное меньшинство навязало нашему народу свои требования.;x;;
brandenburg_prussia_title;Пруссия;x;;
brandenburg_prussia_desc;Имея в своем распоряжении бывшие немецкие территории, оккупированные Польшей и Литвой, мы теперь можем объединить страну в единое целое.;x;;
brandenburg_prussia2_title;Бранденбургско-Прусская личная уния;x;;
brandenburg_prussia2_desc;Пруссия освободилась от польско-литовского владычества, и теперь у нас есть шанс объединить корону нашей страны.;x;;
brandenburg_prussia3_title;Тевтонское наследие;x;;
brandenburg_prussia3_desc;Личный союз между Бранденбургом и Пруссией был вечным. Это момент, чтобы укрепить наши отношения и объединиться.;x;;
code_civil_title;Гражданский кодекс;x;;
code_civil_desc;Французский гражданский кодекс был принят Наполеоном I в 1804 году. Кодекс запрещал привилегии, основанные на рождении, допускал свободу вероисповедания и указывал, что государственные должности должны занимать наиболее квалифицированные люди.;x;;
the_emperor_title;Коронация Наполеона I;x;;
the_emperor_desc;Коронация Наполеона как императора Франции стала примером создания современной империи, одобренной французским народом.;x;;
SIC_neutrality_title;Присоединяется к Третьей коалиции;x;;
SIC_neutrality_desc;Французы угрожают монархическому порядку. Мы должны присоединиться к 3-й коалиции, чтобы остановить их.;x;;
event_option_alright;Хорошо.;x;;
event_option_great;Большой!;x;;
event_option_no;Нет.;x;;
event_option_blast;Взрыв!;x;;
ev_20000000;Сверхновая Кеплера;x;;
desc_ev_20000000;Сверхновая 1604, также известная как Сверхновая Кеплера, Новая Кеплера или Звезда Кеплера, была сверхновой, которая произошла в Млечном Пути, в созвездии Змееносца. Появившись в 1604 году, она является самой последней сверхновой, которую, несомненно, можно было наблюдать невооруженным глазом в нашей собственной галактике, и произошла не далее 6 килопарсеков или около 20 000 световых лет от Земли.;x;;
ev_20000001;Первое представление Шекспира;x;;
desc_ev_20000001;Шекспир был английским поэтом, драматургом и актером, широко признанным величайшим писателем на английском языке и выдающимся драматургом мира. Его часто называют национальным поэтом Англии и «Бардом Эйвона». Его сохранившиеся произведения, включая некоторые совместные работы, состоят из около 38 пьес, 154 сонетов, двух длинных повествовательных поэм и нескольких других стихов, авторство некоторых из которых неизвестно. Его пьесы были переведены на все основные живые языки и ставятся чаще, чем пьесы любого другого драматурга.;x;;
ev_20000002;Таблица Алфавитный Опубликовано;x;;
desc_ev_20000002;A Table Alphabeticall — сокращенное название первого одноязычного словаря на английском языке, созданного Робертом Кодри и впервые опубликованного в Лондоне в 1604 году.;x;;
ev_20000003;Опубликовано «Дун Кихот»;x;;
desc_ev_20000003;Dun Quixote — испанский роман Мигеля де Сервантеса Сааведры. В нем рассказывается о приключениях Алонсо Кихано, идальго, который прочитал так много рыцарских романов, что решил возродить рыцарство под именем Дон Кихот. Он нанимает простого фермера Санчо Пансу в качестве своего оруженосца, который часто использует уникальное земное остроумие, имея дело с риторическими речами Дон Кихота об устаревшем рыцарстве. Дон Кихота встречает мир таким, какой он есть, инициируя такие темы, как интертекстуальность, реализм, метатеатр и литературное представление.;x;;
ev_20000004;Нами правит Англия!;x;;
desc_ev_20000004;Из-за их превосходства в силе и их проекции на нас у нас нет иного выхода, кроме как преклониться перед нашими английскими повелителями.;x;;
ev_20000005;Ирландия принадлежит нам!;x;;
desc_ev_20000005;Лидеры Ирландии наконец-то склонились перед нами, став нашими законными вассалами.;x;;
ev_20000006;Год трех пап;x;;
desc_ev_20000006;Год трех пап — это распространенное обозначение года, когда Коллегия кардиналов Католической церкви должна избрать двух новых пап в течение одного календарного года. Такой год обычно случается, когда новоизбранный папа умирает или уходит в отставку очень рано в своем папстве. Это приводит к тому, что Католическую церковь возглавляют три разных папы в течение одного календарного года.;x;;
ev_20000007;Католики изгнаны!;x;;
desc_ev_20000007;Из-за наших новых повелителей мы должны выслать всех католиков из нашей страны. Они покинули острова и отправились во Францию в надежде найти место, которое их примет.;x;;
ev_20000008;Первая газета!;x;;
desc_ev_20000008;"Первая газета на немецком языке была напечатана впервые и с этого года издательством Иоганна Каролуса в Страсбурге; aa xanoi iacuaatho iadaie aacaoie.";x;;
ev_20000009;Пороховой заговор;x;;
desc_ev_20000009;Пороховой заговор 1605 года, в более ранние века часто называемый Пороховым заговором измены или Иезуитской изменой, был неудавшимся покушением на короля Англии Якова I и короля Шотландии VI группой провинциальных английских католиков во главе с Робертом Кейтсби. План состоял в том, чтобы взорвать Палату лордов во время государственного открытия парламента Англии 5 ноября 1605 года. Заговор был раскрыт властям в анонимном письме, отправленном Уильяму Паркеру, 4-му барону Монтиглу, 26 октября 1605 года. Во время обыска Палаты лордов около полуночи 4 ноября 1605 года Фоукс был обнаружен охраняющим 36 бочек пороха — достаточно, чтобы превратить Палату лордов в руины — и арестован. Большинство заговорщиков бежали из Лондона, узнав о раскрытии заговора, пытаясь по пути заручиться поддержкой.;x;;
ev_20000010;Основан Ирландский колледж;x;;
desc_ev_20000010;Ирландский колледж в Париже на протяжении трех столетий был крупным католическим образовательным учреждением для ирландских студентов. Сейчас это ирландский культурный центр, Centre Culturel Irlandais;x;;
ev_20000011;Виллем Янсзон открывает Австралию;x;;
desc_ev_20000011;Виллем Янсзон, голландский мореплаватель и колониальный губернатор, является первым европейцем, который, как известно, увидел побережье Австралии. 26 февраля 1606 года он высадился на реке Пеннефатер на западном берегу мыса Йорк в Квинсленде, недалеко от современного города Вайпа. Это первая зарегистрированная высадка европейцев на австралийском континенте.;x;;
ev_20000013;Юнион Джек!;x;;
desc_ev_20000013;Яков VI Шотландский унаследовал английский и ирландский престолы в 1603 году как Яков I, тем самым объединив короны Англии, Шотландии и Ирландии в личную унию, хотя три королевства оставались отдельными государствами. 12 апреля 1606 года в королевском указе был указан новый флаг, представляющий этот королевский союз между Англией и Шотландией, согласно которому флаг Англии (красный крест на белом фоне, известный как крест Святого Георгия) и флаг Шотландии (белый косой крест на синем фоне, известный как крест Святого Андрея) будут объединены вместе, образуя флаг Англии и Шотландии для морских целей. Король Яков также начал ссылаться на «Королевство Великобритании», хотя Союз оставался личным.;x;;
ev_20000014;В Братиславе основан Евангелический лицей;x;;
desc_ev_20000014;Евангелическо-лютеранский лицей в Братиславе, Словакия, был основан в 1606 году Давидом Кильгером как лютеранская средняя школа. До 1656 года Евангелическо-лютеранский лицей был школой с восемью классами, два из которых были начальной школой. Среди его учеников с 1829 по 1836 год был молодой Жюдовшт Жтюр, который стал членом Чешско-славянского общества в школе, что оказало важное влияние на его жизнь как словацкого националиста.;x;;
ev_20000015;Завершено строительство церкви Сан-Аугстин в Маниле!;x;;
desc_ev_20000015;Церковь Сан-Агустин была первым религиозным сооружением, построенным испанцами на острове Лусон. Сделанная из бамбука и нипы, она была завершена в 1571 году, но уничтожена пожаром в декабре 1574 года во время попытки вторжения в Манилу войск Лимахонга.;x;;
ev_20000016;Дебют «Орфея» Монтеверди;x;;
desc_ev_20000016;L'Orfeo, иногда называемый L'Orfeo, favola in musica, — опера позднего Возрождения/раннего барокко Клаудио Монтеверди с либретто Алессандро Стриджио. Она основана на греческой легенде об Орфее и рассказывает историю его сошествия в Аид и его бесплодной попытки вернуть свою мертвую невесту Эвридику в мир живых. Она была написана в 1607 году для придворного представления во время ежегодного карнавала в Мантуе.;x;;
ev_20000017;Первая иезуитская миссия в Мексике;x;;
desc_ev_20000017;Общество Иисуса — это мужская христианская религиозная конгрегация Католической церкви. Члены общества называются иезуитами. Общество занимается евангелизацией и апостольским служением в 112 странах на шести континентах. Иезуиты работают в сфере образования (основывают школы, колледжи, университеты и семинарии), интеллектуальных исследований и культурных занятий. Иезуиты также проводят ретриты, служат в больницах и приходах и содействуют социальной справедливости и экуменическому диалогу.;x;;
ev_20000019;Первый телескоп!;x;;
desc_ev_20000019;Практическое использование инструмента, безусловно, было достигнуто и привлекло общественное внимание в Нидерландах около 1608 года, но заслуга оригинального изобретения была присуждена трем лицам: Гансу Липперсгею и Сахариасу Янсену — изготовителям очков в Мидделбурге, и Якобу Метиусу из Алкмара (также известному как Якоб Адрианзон). Гансу Липперсгею приписывают создание и распространение конструкций первого практического телескопа — позднее он подал заявку в Генеральные штаты Нидерландов 2 октября 1608 года на патент на инструмент «для видения далеких вещей, как если бы они были близко» (опередив патент Якоба Метиуса на несколько недель). Липперсгею не удалось получить патент, поскольку такую же заявку на изобретение подали другие изготовители очков. Липперсгею было щедро вознаграждено голландским правительством за копии его конструкции. Конструкция телескопа Сахариаса Янсена, возможно, существовала еще до Липперсгея и Метиуса, но изобретение никогда не было широко распространено.;x;;
ev_20000020;Основание винокурни Old Bushmills;x;;
desc_ev_20000020;В Ирландии был основан новый завод по производству виски, конечно же, весь виски, разливаемый под брендом Bushmills, производится на заводе Bushmills. Лицензия на перегонку в этом районе была выдана сэру Томасу Филлипсу в 1608 году королем Яковом I, и дата 1608 года указана на этикетках виски бренда Bushmills. Он использует воду из ручья Сент-Колумб, который является притоком реки Буш. Завод Bushmills Distillery утверждает, что является — и почти единогласно считается — старейшим лицензированным заводом по производству виски в мире.;x;;
ev_20000021;Судебные процессы над баскскими ведьмами;x;;
desc_ev_20000021;Судебные процессы над баскскими ведьмами XVII века представляют собой самую амбициозную попытку искоренить колдовство, когда-либо предпринятую испанской инквизицией. Судебный процесс над баскскими ведьмами в Логроньо, близ Наварры, на севере Испании, начавшийся в январе 1609 года, на фоне аналогичных преследований, проводимых в Лабурде Пьером де Ланкром, был, несомненно, крупнейшим единичным событием такого рода в истории.;x;;
ev_20000022;Основание Банка Амстердама;x;;
desc_ev_20000022;Банк Амстердама был одним из первых банков, за который поручился город Амстердам, основанный в 1609 году, и предшественником, если не первым, современным центральным банком.;x;;
ev_20000023;Свобода вероисповедания в Богемии;x;;
desc_ev_20000023;Свобода религии или свобода убеждений — это принцип, который поддерживает свободу личности или сообщества, публично или в частном порядке, исповедовать религию или убеждения в учении, практике, богослужении и соблюдении. В 1609 году император Рудольф II предоставил Богемии большую религиозную свободу своей Грамотой Величества.;x;;
ev_20000024;Новая столица!;x;;
desc_ev_20000024;Благодаря своему центральному расположению между столицами Речи Посполитой Краковом и Вильнюсом, Варшава стала столицей Речи Посполитой и Короной Польского Королевства. В последующие годы город разросся в сторону предместий. Было создано несколько частных независимых районов, собственность аристократов и шляхты, которые управлялись по своим собственным законам.;x;;
ev_20000025;Первые два закона Кеплера;x;;
desc_ev_20000025;Иоганн Кеплер опубликовал свои первые два закона о движении планет в 1609 году, найдя их, анализируя астрономические наблюдения Тихо Браге. Первый закон гласил, что орбита каждой планеты представляет собой эллипс с Солнцем в одном из двух фокусов. Второй закон гласил, что линия, соединяющая планету и Солнце, заметает равные площади за равные промежутки времени.;x;;
ev_20000026;Основан Colegio de Nuestra Senora del Santisimo Rosario.;x;;
desc_ev_20000026;Университет Санто-Томаса является одним из старейших существующих университетов и имеет старейший сохранившийся университетский устав на Филиппинах и в Азии. Первоначально он был задуман как школа для подготовки молодых людей к священству. Расположенный в Интрамуросе, окруженном стеной городе, он сначала назывался Colegio de Nuestra Se?ora del Sant?simo Rosario, а затем был переименован в Colegio de Santo Tom?s в память о доминиканском теологе святом Фоме Аквинском.;x;;
ev_20000027;Замок Нагоя полностью;x;;
desc_ev_20000027;Замок Нагоя — японский замок, расположенный в Нагое, центральная Япония. В период Эдо замок Нагоя был центром одного из важнейших городов-замков в Японии — Нагоя-дзюку, и он включал в себя самые важные остановки вдоль Минодзи, который связывал Тоокайдо с Накасэндо.;x;;
ev_20000028;Театр «Глобус» сгорел!;x;;
desc_ev_20000028;Театр «Глобус» — лондонский театр, связанный с Уильямом Шекспиром. Он был построен в 1599 году театральной труппой Шекспира «Слуги лорда-камергера» на земле, принадлежавшей Томасу Бренду и унаследованной его сыном Николасом Брендом и внуком сэром Мэтью Брендом, и был уничтожен пожаром 29 июня 1613 года.;x;;
ev_20000029;Основание университета Гронингена;x;;
desc_ev_20000029;Университет Гронингена, расположенный в городе Гронинген, был основан в 1614 году. Это один из старейших университетов Нидерландов, а также один из крупнейших. С момента его основания более 200 000 студентов окончили его. Он является членом выдающейся международной Коимбрской группы европейских университетов.;x;;
ev_20000030;Христианство запрещено в Японии;x;;
desc_ev_20000030;Каждый иностранец и гражданин Японии должен покинуть нашу страну или принять истинную веру синтоизма внутри страны, иначе его ждут ужасные последствия.;x;;
ev_20000031;Завершение строительства акведука Виньякур на Мальте;x;;
desc_ev_20000031;Акведук Виньякура на Мальте — очень старое сооружение, проходящее через Бальзан, Биркиркару, Флер-де-Лис и Санта-Венеру. Он был построен Орденом Святого Иоанна в 1610 году для подачи воды из Дингли и Рабата в Валлетту. Акведук был открыт 21 апреля 1615 года и использовался до XX века. Он назван в честь Алофа де Виньякура, великого магистра, который финансировал его строительство.;x;;
ev_20000032;Разграблен монастырь Давид Гареджи;x;;
desc_ev_20000032;С падением грузинской монархии монастырь пережил длительный период упадка и разорения монгольской армией (1265), но позже был восстановлен грузинскими царями. Он пережил нападение Сефевидов в 1615 году, когда монахи были убиты, а уникальные рукописи монастыря и важные произведения грузинского искусства уничтожены, чтобы быть возрожденным при Онопре Мачутадзе, который был назначен настоятелем Давид Гареджи в 1690 году.;x;;
ev_20000033;Извержение вулкана Майон!;x;;
desc_ev_20000033;Недавно вновь активизировавшийся вулкан Майон наконец-то начал извергаться, что привело к гибели многих наших людей, хотя мы сделали все возможное, чтобы защитить их.;x;;
ev_20000034;«Пьета» Гвидо Рени;x;;
desc_ev_20000034;Гвидо Рени был итальянским художником высокого барочного стиля. Его Пьета — общепризнанное произведение искусства как в наших границах, так и за их пределами.;x;;
ev_20000035;Последний Джин;x;;
desc_ev_20000035;Регион Цзяньчжоу был объединен Нурхаци, который провозгласил себя Великим Цзинь, имея в виду предыдущую династию Чжурчжэней.;x;;
ev_20000036;Collegium Musicum в Праге;x;;
desc_ev_20000036;В Праге был основан Collegium Musicum — институт, созданный исключительно для развития музыки и обучения музыкантов.;x;;
ev_20000039;Создан факультет медицины и хирургии;x;;
desc_ev_20000039;Известный университет Сассари пополнился новым факультетом, который позволит будущим поколениям выпускников высших учебных заведений изучать методы лечения и хирургии, чтобы помочь нашему народу пережить трудные времена.;x;;
ev_20000040;Первая женщина-актриса;x;;
desc_ev_20000040;Мари Вернье, или Венье, была французской актрисой. Обычно считается, что она была первой актрисой, чье имя было известно. Вернье была ведущей актрисой и содиректором театральной компании Валлерана-Леконта, которая выступала в Hotel de Bourgogne в Париже и гастролировала по стране и испанским Нидерландам.;x;;
ev_20000041;Голубая мечеть завершена!;x;;
desc_ev_20000041;Султан Ахмет Первый решил построить большую мечеть в Стамбуле, чтобы успокоить Бога. Это была бы первая императорская мечеть за более чем сорок лет. В то время как его предшественники платили за свои мечети своей военной добычей, Ахмет Первый был вынужден изъять средства казны, потому что он не одержал выдающихся побед. Это вызвало гнев улемов, мусульманских юристов. Мечеть должна быть построена на месте дворца византийских императоров, перед базиликой Айя-Софья (в то время, самой почитаемой мечетью в Стамбуле) и ипподромом, местом большого символического значения. Большие части южного берега мечети покоятся на фундаменте, сводах старого Большого дворца.;x;;
ev_20000042;Унаследуйте Пруссию!;x;;
desc_ev_20000042;Поскольку в 1618 году у Альберта Фридриха не осталось наследников мужского пола, совладение 1569 года, подтвержденное Варшавским договором 1611 года, позволило его зятю, курфюрсту Иоганну Сигизмунду из ветви Гогенцоллернов в Бранденбурге, стать законным преемником герцога, с тех пор управляя Бранденбургом и герцогской Пруссией в личной унии. Бранденбург, будучи феодом Священной Римской империи, и герцогская Пруссия, будучи польским феодом, сделали трансграничную реальную унию юридически невозможной. Де-факто Бранденбург и герцогская Пруссия все больше и больше управлялись как одно целое и в разговорной речи назывались Бранденбург-Пруссией.;x;;
ev_20000043;Первая карусель!;x;;
desc_ev_20000043;"Современная карусель возникла из ранних традиций рыцарских турниров в Европе и на Ближнем Востоке. Рыцари скакали по кругу, перебрасывая мячи друг другу; caiyoea, odaaothuaa aieuoiai ianoadnoaa e eneonnoaa aadoiaie acau. Yoa eada auea caaacaia a Aadiio ai adaiaia edanoiauo iioiaia ec aieaa daiieo aecaioeeneeo e adaaneeo odaaeoee. Neiai eadonaeu idiecioei io eoaeuyineiai garosello e eniaineiai carosella («iaeaiueay aeoaa», eniieuciaaaoayny edanoiiinoaie aey iienaiey aiaaie iiaaioiaee e eadu, a eioidoth eadaee oodaoeea e adaaneea anaaieee a XII aaea). Yoi daiiaa onodienoai ii nooe auei iaoaieciii aey iaoxaiey eaaaeadee; iii aioiaeei e oedaieyei anaaieeia aey ianoiyuaai aiy, eiaaa iie idoaiaaee iaxaie ii oeeoeaiui adaaai.";x;;
ev_20000044;Река Темза замерзла!;x;;
desc_ev_20000044;Суровая зима этого года привела к тому, чего не случалось много десятилетий: замерзла река Темза. Сначала наши люди были осторожны, но теперь они празднуют на замерзшей воде нашей главной реки.;x;;
ev_20000045;Замок Осака восстановлен;x;;
desc_ev_20000045;Летом 1615 года Хидэёри снова начал рыть внешний ров. Токугава в ярости снова послал свои армии в замок Осака и разгромил людей Тоётоми внутри внешних стен 4 июня. Замок Осака пал перед Токугавой, и клан Тоётоми погиб. В 1620 году новый наследник сёгуната, Токугава Хидэтада, начал реконструировать и перевооружить замок Осака. Он построил новую возвышенную главную башню, пять этажей снаружи и восемь этажей внутри, и поручил возведение новых стен отдельным самурайским кланам. Стены, построенные в 1620-х годах, стоят до сих пор и сделаны из сцепленных гранитных валунов без раствора. Многие из камней были привезены из каменных карьеров около Внутреннего моря Сэто и имеют выгравированные гербы различных семей, которые их внесли.;x;;
ev_20000046;Основана Рудбекянская гимназия.;x;;
desc_ev_20000046;В этом году была основана первая средняя школа Швеции, что свидетельствует о том, что Швеция становится страной с высшим образованием.;x;;
ev_20000047;Возвращение Багдада;x;;
desc_ev_20000047;Мы потеряли город Багдад из-за османов, но де-юре это наша земля, и мы сделаем все, чтобы вернуть ее. К войне!;x;;
ev_20000048;Новые Нидерланды колонизированы!;x;;
desc_ev_20000048;Новые Нидерланды были колониальной провинцией XVII века в составе Семи Объединенных Нидерландов, которая находилась на восточном побережье Северной Америки. Заявленные территории простирались от полуострова Делмарва до крайнего юго-запада Кейп-Кода, в то время как более ограниченные заселенные районы теперь являются частью Среднеатлантических штатов Нью-Йорка, Нью-Джерси, Делавэра и Коннектикута с небольшими аванпостами в Пенсильвании и Род-Айленде. Столица провинции Новый Амстердам располагалась на южной оконечности острова Манхэттен в гавани Нью-Йорка.;x;;
ev_20000049;Первая почтовая служба начала работу;x;;
desc_ev_20000049;В этом году начала работу первая государственная почтовая система, которая позволила людям общаться с остальной развитой Европой посредством писем.;x;;
ev_20000050;Землетрясение в Неаполе;x;;
desc_ev_20000050;Сегодня утром землетрясение потрясло Неаполь, унеся жизни значительной части населения. Мы можем только надеяться, что это не приведет к вулканической активности.;x;;
ev_20000051;Судебные процессы над ведьмами в Вюрцбурге;x;;
desc_ev_20000051;Вюрцбургский процесс над ведьмами, состоявшийся в Германии в 1626–1631 годах, является одним из крупнейших массовых процессов и казней в XVII веке.;x;;
ev_20000052;Зубры вымирают;x;;
desc_ev_20000052;Тур, предок домашнего скота, вымерший вид крупного дикого скота, населявшего Европу, Азию и Северную Африку. Вид выжил в Европе до тех пор, пока последний зарегистрированный тур не погиб в лесу Якторов.;x;;
ev_20000053;Барбадос заселен;x;;
desc_ev_20000053;Карибский остров Барбадос, стратегически важный остров, впервые после колонизации был заселен, что дало нам больше земель в Новом Свете.;x;;
ev_20000054;Барбадос заселен;x;;
desc_ev_20000054;Карибский остров Барбадос, стратегически важный остров, впервые после колонизации был заселен, что дало нам больше земель в Новом Свете.;x;;
ev_20000055;Васа тонет!;x;;
desc_ev_20000055;Vasa — шведский военный корабль, построенный в 1626-1628 годах. Корабль затонул, проплыв около 1300 м в своем первом плавании 10 августа 1628 года. Он канул в безвестность после того, как большая часть его ценных бронзовых пушек была спасена в 17 веке.;x;;
ev_20000056;Воздушная кукуруза?;x;;
desc_ev_20000056;Английские поселенцы, колонизировавшие Америку, встретили индейское племя, которое познакомило их с необычной для них едой, которую на нашем языке назвали бы «попкорном», это не что иное, как кукуруза, новый овощ, пришедший из Нового Света, обожженный. Когда-нибудь он может стать популярным.;x;;
ev_20000057;Воздушная кукуруза?;x;;
desc_ev_20000057;Английские поселенцы, колонизировавшие Америку, встретили индейское племя, которое познакомило их с необычной для них едой, которую на нашем языке назвали бы «попкорном», это не что иное, как кукуруза, новый овощ, пришедший из Нового Света, обожженный. Когда-нибудь он может стать популярным.;x;;
ev_20000058;Деканский голод!;x;;
desc_ev_20000058;Из-за неурожая последних лет и засухи этого года наши люди страдают, пытаясь выжить изо дня в день с тем немногим, что у них есть. Новости о каннибализме достигли дворца, и даже ведущие дворяне нашей страны боятся того, что будет дальше.;x;;
ev_20000059;La Gazette Опубликовано;x;;
desc_ev_20000059;La Gazette, первоначально Gazette de France, был первым еженедельным журналом, издаваемым во Франции. Он был основан Теофрастом Ренодо и выпустил свой первый номер 30 мая 1631 года. Постепенно он стал рупором одной роялистской фракции — легитимистов.;x;;
ev_20000060;Началось строительство Тадж-Махала;x;;
desc_ev_20000060;В 1631 году Шах-Джахан, император в период наибольшего процветания империи Моголов, был убит горем, когда его третья жена, Мумтаз-Махал, персидская принцесса, умерла во время родов их 14-го ребенка, Гаухары Бегум. Строительство Тадж-Махала началось в 1632 году. Придворные хроники скорби Шах-Джахана иллюстрируют историю любви, традиционно считающуюся вдохновением для Тадж-Махала.;x;;
ev_20000061;Основание Тартуского университета;x;;
desc_ev_20000061;"Тартуский университет — классический университет в городе Тарту, Эстония. Тартуский университет — национальный университет Эстонии; edoiiaeoee e naiue daeoeiaiaue oieaadneoao Ynoiiee. Oadooneee oieaadneoao yaeyaony xeaiii Eieiadneie adoiiu e Oodaooneie naoe e aue iniiaai eidieai Oaaoee Aonoaaii Aaieuoii a 1632 aiao, oaeei iadacii, yaeyynu iaiei ec noadaeoeo oieaadneoaoia Naaadiie Aadiiu.";x;;
ev_20000062;Сакоку начал;x;;
desc_ev_20000062;Sakoku была внешней политикой Японии, согласно которой ни один иностранец не мог въехать в страну, а ни один японец не мог покинуть ее под страхом смертной казни. Политика была принята сёгунатом Токугава под руководством Токугавы Иэмицу посредством ряда указов и политик с 1633 по 1639 год.;x;;
ev_20000063;Галилей осужден за ересь;x;;
desc_ev_20000063;Галилей столкнулся с противодействием со стороны астрономов, которые сомневались в гелиоцентризме из-за отсутствия наблюдаемого звездного параллакса. Этот вопрос был расследован Римской инквизицией в 1615 году, которая пришла к выводу, что гелиоцентризм был ложным и противоречил Священному Писанию, поместив работы, защищающие систему Коперника, в список запрещенных книг и запретив Галилею защищать гелиоцентризм. Позже Галилей защищал свои взгляды в «Диалоге о двух главных системах мира», который, по-видимому, нападал на папу Урбана VIII, тем самым оттолкнув не только папу, но и иезуитов, которые оба поддерживали Галилея до этого момента. Он был судим Священной канцелярией, затем признан «яростно подозреваемым в ереси», был вынужден отречься и провел остаток своей жизни под домашним арестом.;x;;
ev_20000064;Собор Святого Куломба завершен;x;;
desc_ev_20000064;Собор Святого Колумба — первый собор, построенный англиканской церковью после Реформации на Британских островах, и первый некатолический собор, построенный в Европе.;x;;
ev_20000065;Труа-Ривьер колонизирован;x;;
desc_ev_20000065;В 1603 году, обследуя реку Святого Лаврентия, Самуэль де Шамплен рекомендовал основать в этом районе постоянное поселение, что и было окончательно осуществлено 4 июля 1634 года сьером Лавиолетом.;x;;
ev_20000066;Основание Французской академии;x;;
desc_ev_20000066;L'Academie francaise, также называемая Французской академией, является выдающимся французским научным учреждением по вопросам, касающимся французского языка. Acad?mie была официально основана в 1635 году кардиналом Ришелье, главным министром короля Людовика XIII.;x;;
ev_20000067;Основание пивоварни Paulaner;x;;
desc_ev_20000067;Название пивоварни Paulaner относится к ордену монахов, проживавших на Нойхаузер-штрассе в Мюнхене и входивших в орден Святого Франциска из Паолы. Монахи варили пиво для собственного потребления с 1634 года. Пиво, которое разрешалось продавать по праздникам, было в стиле Bock, которое получило местную известность. Paulaner — одна из шести пивоварен, которые поставляют oktoberfestbier для Октоберфеста, немецкого пивного фестиваля, который проводится с 1810 года.;x;;
ev_20000068;Гваделупа и Мартиника колонизированы;x;;
desc_ev_20000068;Два новых острова были колонизированы и заселены во славу нашей нации.;x;;
ev_20000069;Жемчужная мечеть завершена;x;;
desc_ev_20000069;Моти Масджид — религиозное сооружение XVII века, расположенное внутри Лахорского форта. Это небольшое белое мраморное сооружение, построенное императором Великих Моголов Шах-Джаханом, и одно из его выдающихся расширений (таких как павильон Шиш-Махал и Наулаха) комплекса Лахорского форта.;x;;
ev_20000070;Открытие Трнавского университета;x;;
desc_ev_20000070;Первоначальный иезуитский университет был основан в 1635 году архиепископом Эстергома Петером Пызмёни. Сначала в нём был факультет искусств и факультет теологии. Он просуществовал 142 года в Трнаве, прежде чем был перенесён.;x;;
ev_20000071;Atlas Novus опубликован;x;;
desc_ev_20000071;В 1629 году Виллем Блау купил медные пластины нескольких десятков карт у вдовы Йодокуса Хондиуса II. После этого в 1630 году он опубликовал Приложение Атлантиды к атласу Меркатора, содержащее 60 карт, но без текста. В следующем году было опубликовано новое издание с 98 картами и описательным текстом на латыни. Виллем и его сын Йохан Блау сделали публичное заявление в амстердамской газете, что они опубликуют свой собственный полный атлас в 1634 году. Их первый атлас был завершен в 1635 году и появился в четырех разных версиях: Novus Atlas, Atlas Novus, Toonneel des Aerdrycks и, наконец, Theatre du Monde ou Nouvel Atlas.;x;;
ev_20000072;Дипломированный специалист Оксфордского университета;x;;
desc_ev_20000072;В 1636 году канцлер Уильям Лод, архиепископ Кентерберийский, кодифицировал устав университета. В значительной степени он оставался его руководящими положениями до середины XIX века. Лод также был ответственным за предоставление хартии, обеспечивающей привилегии для университетского издательства, и внес значительный вклад в Бодлианскую библиотеку, главную библиотеку университета.;x;;
ev_20000073;Опубликовано Tiangong Kaiwu;x;;
desc_ev_20000073;«Тяньгун Кайу» или «Эксплуатация творений природы» — китайская энциклопедия, составленная Сун Инсином. Она была опубликована в мае 1637 года при финансовой поддержке покровителя Сун Ту Шаокуя. «Тяньгун Кайу» — энциклопедия, охватывающая широкий спектр технических вопросов, включая использование различного порохового оружия. Копии книги были очень редки в Китае во времена династии Цин, но оригинальные копии книги сохранились в Японии.;x;;
ev_20000074;Театр Сан-Кассиано Полная версия;x;;
desc_ev_20000074;Театр Сан-Кассиано или Teatro di San Cassiano в Венеции был первым публичным оперным театром, когда он открылся в 1637 году. Театр получил свое название от района, где он находился, прихода Сан-Кассиано около Риальто. Это было каменное здание, принадлежавшее венецианской семье Трон. Он считался «публичным», поскольку им руководил импресарио, или генеральный менеджер, для платящей публики, а не исключительно для знати.;x;;
ev_20000075;Начало строительства Красного Форта;x;;
desc_ev_20000075;Шах-Джахан приказал построить Красный форт в 1638 году, когда решил перенести свою столицу из Агры в Дели. Его проект приписывают архитектору Устаду Ахмаду Лахаури. Форт расположен вдоль реки Ямуна, которая питала рвы, окружающие большую часть стен. Строительство началось в священный месяц Мухаррам, 13 мая 1638 года.;x;;
ev_20000076;Иберийскому союзу пришел конец!;x;;
desc_ev_20000076;Поскольку мы пытались усилить свой контроль над Португалией, это привело лишь к гневу португальской знати. Эта ситуация достигла кульминации в революции знати и высшей буржуазии 1 декабря 1640 года, через 60 лет после коронации Филиппа I. Мятежники убили государственного секретаря Мигеля де Васконселоса и заключили в тюрьму кузину короля, герцогиню Мантуанскую, которая управляла Португалией от его имени. Поддержка народа стала очевидной почти сразу, и вскоре Жуан, 8-й герцог Браганса, был провозглашен королем Португалии по всей стране как Жуан IV. 2 декабря 1640 года Жуан уже отправил письмо в муниципальную палату Эворы как суверен страны.;x;;
ev_20000077;Начало династии Браганса;x;;
desc_ev_20000077;Дом Браганса стал правящим домом Королевства Португалии и Алгарви в 1640 году, когда Жуан II, герцог Браганса, был провозглашен королем Жуаном IV португальской знатью и впоследствии вел Войну за восстановление Португалии. Дом Браганса был признан законным правящим домом Португалии только Домом Габсбургов во время правления короля Афонсу VI, хотя эффективный и официальный контроль над королевством был захвачен и установлен в 1640-х годах.;x;;
ev_20000078;Открытие первой кофейни;x;;
desc_ev_20000078;Наша торговля с Османской империей принесла нам новый интересный товар — кофе. Это не что иное, как коричневые семена, которые, если их обжарить и сварить, образуют жидкость, которая заряжает людей энергией. В нашем городе открылся первый магазин, где подают этот напиток.;x;;
ev_20000079;Разразилась масштабная эпидемия!;x;;
desc_ev_20000079;Чума вернулась в нашу страну, уничтожая крупные города и деревни по всей округе. Ни один из традиционных методов лечения не помог, все, что мы можем сделать, это молиться и прятаться. Пусть Солнце снова взойдет над Китаем.;x;;
ev_20000080;Опубликован «Ночной дозор» Рембрандта;x;;
desc_ev_20000080;Militia Company of II District under Command of Captain Frans Banninck Cocq, также известная как The Shooting Company of Frans Banning Cocq and Willem van Ruytenburch, но обычно называемая The Night Watch, — картина Рембрандта ван Рейна, написанная в 1642 году. Картину, возможно, правильнее было бы назвать по давно забытому названию The Company of captain Frans Banning Cocq and letenist Willem van Ruytenburch preparation to marching. В XVIII веке картина стала известна как The Night Watch.;x;;
ev_20000081;Начало династии Цин;x;;
desc_ev_20000081;Династия была основана кланом чжурчжэней Айсинь Гёро в Северо-Восточном Китае, исторически известном как Маньчжурия. В конце шестнадцатого века Нурхачи, изначально вассал Мин, начал организовывать кланы чжурчжэней в «Знамена», военно-социальные единицы и формировать маньчжурский народ. К 1636 году его сын Хун Тайцзи начал вытеснять силы Мин из южной Маньчжурии и провозгласил новую династию Цин.;x;;
ev_20000082;Торичелли открывает барометр;x;;
desc_ev_20000082;"Главным изобретением Торричелли был ртутный барометр. «Этот прибор назван от двух греческих слов, означающих две меры веса, поскольку с его помощью столб воздуха взвешивается против столба ртути». Барометр возник из необходимости решения практической проблемы. Производители насосов великого герцога Тосканского пытались поднять воду на высоту 12 метров или более, но обнаружили, что 10 метров — это предел для всасывающего насоса (как изложено в «Диалоге» Галилея). Торричелли использовал ртуть, которая в четырнадцать раз плотнее воды. В 1643 году он создал трубку длиной около одного метра, запаянную сверху, наполнил ее ртутью и поставил вертикально в бассейн с ртутью. Столб ртути упал примерно до 76 см, оставив наверху торричеллианский вакуум. Как мы теперь знаем, высота столба колебалась в зависимости от изменения атмосферного давления; yoi aue iadaue aadiiaod. Ioeduoea ideioeia aaenoaey aadiiaoda oaaeiaaxeei aai neaao («Oiddexaeeeaaa odoaea», «Oiddexaeeeaa aaeooi»).";x;;
ev_20000083;Воздвигнута колонна Сигизмунда;x;;
desc_ev_20000083;Возведенная между 1643 и 1644 годами, колонна была построена по приказу сына и преемника Сигизмунда, короля Владислава IV Вазы. Она была спроектирована итальянским архитектором Константино Тенкаллой и скульптором Клементе Молли, а отлита Даниэлем Тимом. Колонна Сигизмунда была создана по образцу итальянских колонн перед базиликой Санта Мария Маджоре и колонны Фоки в Риме.;x;;
ev_20000084;Красный Форт Завершен;x;;
desc_ev_20000084;Красный форт был построен как укрепленный дворец Шахджаханабада, столицы пятого императора Великих Моголов Шах-Джахана, в 1648 году. Названный так из-за своих массивных ограждающих стен из красного песчаника, он примыкает к более старому форту Салимгарх, построенному Исламом Шахом Сури в 1546 году. Императорские апартаменты состоят из ряда павильонов, соединенных водным каналом, известным как Райский поток. Красный форт считается олицетворением зенита творчества Моголов при Шах-Джахане.;x;;
ev_20000085;Первые современные гонки Палио;x;;
desc_ev_20000085;"Самые ранние известные предшественники скачек относятся к средневековью. Центральная площадь города была местом публичных игр, в основном боевых: pugna, своего рода многосторонний боксерский поединок или драка; duoadneea oodiedu; e a XVI aaea aie aueia. Ioaeexiua neaxee, idaaieciaaiiua eiiodaaie, auee iiioeydiu n XIV aaea; они назывались palii alla lunga и проходили по всему городу. Когда великий герцог Тосканский запретил корриду в 1590 году, контрада занялась организацией скачек на площади Пьяцца дель Кампо. Первые такие скачки проводились на буйволах и назывались bufalate; asinate, neaxee ia ineao, iicaea caiyee eo ianoi, a oi adaiy eae neaxee eioaaae idiaieaeaeenu a adoaeo ianoao. A yoii aiao ninoiyeinu iadaia niadaiaiiia Iaeei (iacuaaaiia palio alla tonda, xoiau ioeexeou aai io aieaa daiiaai palii alla lunga).";x;;
ev_20000086;Амстердам затоплен!;x;;
desc_ev_20000086;Недавний и все еще продолжающийся огромный шторм поднял уровень воды в море настолько, что город Амстердам оказался затопленным. Да помилует Бог наши души!;x;;
ev_20000087;Тадж-Махал готов!;x;;
desc_ev_20000087;Тадж-Махал, «корона дворцов», был закончен. Он был построен императором Великих Моголов Шах-Джаханом в память о своей третьей жене Мумтаз-Махал. Тадж-Махал широко признан «жемчужиной мусульманского искусства в Индии и одним из всемирно признанных шедевров мирового наследия».;x;;
ev_20000088;Освободите наших братьев!;x;;
desc_ev_20000088;Народ Украины достаточно долго жил под гнетом поляков. Мы хотим освободить его, чтобы он мог воссоединиться с нами, своими братьями и сестрами. За Матушку Россию, вперед!;x;;
ev_20000089;Открыт Титан!;x;;
desc_ev_20000089;Спутник Титан, крупнейший спутник Сатурна, был открыт голландским астрономом Христианом Гюйгенсом. Гюйгенс был вдохновлен открытием Галилеем четырех крупнейших спутников Юпитера в 1610 году и его усовершенствованиями в технологии телескопов.[19] Христиан с помощью своего брата Константина Гюйгенса-младшего начал строить телескопы около 1650 года. Христиан Гюйгенс открыл этот первый наблюдаемый спутник, вращающийся вокруг Сатурна, с помощью первого телескопа, который они построили.;x;;
ev_20000090;Стокгольмский банк выпускает банкноты;x;;
desc_ev_20000090;Йохан Пальмструх сделал два неудачных предложения по созданию банковского учреждения в 1650-х годах, прежде чем его третье предложение, с добавлением обещания выплачивать половину прибыли банка короне, было принято. Таким образом, король Карл X Густав подписал две хартии 30 ноября 1656 года о создании обменного банка и ссудного банка. Сам банк не был большим новшеством, поскольку он был просто имитацией крупных и успешных банков в Амстердаме и Гамбурге, которые были основаны ранее в 17 веке, но была надежда, что банк поможет стабилизировать валюту Швеции. В то время в Швеции не было единой валюты, вместо этого был один далер, отчеканенный из меди (kopparmynt), и другой, отчеканенный из серебра (silvermynt). Поскольку содержание металла в медном далере должно было стоить столько же, сколько и в серебряном, это означало, что медные далеры были большими и тяжелыми монетами размером с пластину. Однако на практике серебряный далер стоил дороже, и его часто копили, поэтому обычно были доступны только эти большие далеры Kopparmynt. Вторым крупным нововведением Пальмструха было введение бумажных банкнот как решения проблем банка, связанных с балансировкой депозитов и кредитов. Чтобы покрыть суммы, запрашиваемые владельцами счетов, в 1661 году он начал выпускать кредитные билеты (Kreditivsedlar) в круглых номиналах, которые можно было свободно переводить и которые были обеспечены обещанием будущей оплаты металлом. Это были первые европейские банкноты.;x;;
ev_20000091;Отчеканена монета в пятьдесят шиллингов;x;;
desc_ev_20000091;Английская пятидесятишиллинговая монета, стоимостью 50/-, была отчеканена только один раз, в 1656 году. Это была чеканная золотая монета весом 22,7 грамма и диаметром 30 миллиметров. Известно только об одиннадцати сохранившихся экземплярах. Один чрезвычайно хороший экземпляр был продан за 15 250 фунтов стерлингов в мае 1989 года.;x;;
ev_20000092;Бизнес найден в Осаке;x;;
desc_ev_20000092;В городе Осака найден новый банк и пункт обмена валюты. Будучи более крупным бизнесом, это может принести нам дополнительный доход.;x;;
ev_20000093;Великий пожар Эдо;x;;
desc_ev_20000093;Сегодня утром народ Японии проснулся и увидел, что большая часть города Эдо, нашей столицы, горит. Мы едва могли что-либо сделать, чтобы контролировать огонь, что привело к гибели десятков тысяч людей.;x;;
ev_20000094;Открытие первого шоколадного дома;x;;
desc_ev_20000094;С развитием торговли с Новым Светом новый завод шоколада стал все более распространенным среди нашей знати, что привело к открытию первого в мире магазина, продающего только шоколад.;x;;
ev_20000095;Кофе представлен;x;;
desc_ev_20000095;Новый напиток, распространившийся из Венеции, кофе, добрался до нашей столицы и стал популярен среди нашей знати.;x;;
ev_20000096;Какао?;x;;
desc_ev_20000096;Новая роскошь, какао, была привезена к нашему двору инфантой Марией Терезией. Наша знать сначала была осторожна, но все они, казалось, наслаждались этим новым, горьким деликатесом.;x;;
ev_20000097;De Homine Опубликовано;x;;
desc_ev_20000097;В 1658 году Томас Гоббс опубликовал заключительную часть своей философской системы, завершив схему, которую он задумал более двадцати лет назад. De Homine в основном состоял из сложной теории зрения. Оставшаяся часть трактата бегло затрагивала некоторые темы, более полно рассмотренные в Human Nature и Leviathan.;x;;
ev_20000098;Великая засуха!;x;;
desc_ev_20000098;Наша страна снова сталкивается с великой засухой, которая приводит к нищете, голоду и голоданию. Наши люди борются за крохотные запасы продовольствия, и мы ничего не можем с этим поделать, к сожалению.;x;;
ev_20000099;Выпущены первые банкноты;x;;
desc_ev_20000099;Первая кратковременная попытка выпуска банкнот центральным банком была предпринята в 1661 году Stockholms Banco, предшественником Банка Швеции. Они заменили медные пластины, которые использовались вместо них в качестве средства платежа. Этот выпуск банкнот был вызван особыми обстоятельствами поставки шведских монет. Дешевый импорт меди из-за рубежа заставил Корону постоянно увеличивать размер медных монет, чтобы поддерживать их стоимость по отношению к серебру. Тяжелый вес новых монет побуждал торговцев вносить их в обмен на квитанции. Они стали банкнотами, когда управляющий Банка отделил скорость выпуска банкнот от валютных резервов банка.;x;;
ev_20000100;Общественный транспорт?;x;;
desc_ev_20000100;Разработан новый способ передвижения по Парижу, называемый омнибусом. Это более крупный автомобиль с несколькими сиденьями, запряженный лошадью. Таким образом, несколько человек могут путешествовать вместе, направляясь в одном направлении, без использования нескольких дилижансов.;x;;
ev_20000101;Королевское общество дипломированных;x;;
desc_ev_20000101;Лондонское королевское общество по совершенствованию естественных знаний, обычно называемое Королевским обществом, является научным обществом и, возможно, старейшим из существующих до сих пор.;x;;
ev_20000102;Основание Академии изящных искусств;x;;
desc_ev_20000102;На занятиях по изобразительному искусству, скульптуре, изобразительному искусству, живописи, художественным концепциям, художественному образованию, золоту и серебрению, а также графическому дизайну профессора и студенты ведут откровенные дискуссии. Магистерские курсы по архитектуре и урбанистике, а также искусству и общественному пространству являются одними из самых известных в своих областях.;x;;
ev_20000103;Открытие Королевского театра на Друри-Лейн;x;;
desc_ev_20000103;Королевский театр Друри-Лейн, обычно известный как Друри-Лейн, — театр в Вест-Энде в Ковент-Гардене, в лондонском районе Вестминстер. Здание выходит на Кэтрин-стрит (ранее называвшуюся Бриджес-стрит или Бриджес-стрит) и выходит на Друри-Лейн. Нынешнее здание — самое последнее в ряду из четырёх театров, построенных в одном месте.;x;;
ev_20000104;Сильный мороз;x;;
desc_ev_20000104;Зима оказалась даже более суровой, чем ожидалось ранее, что привело к многочисленным смертям из-за сильного холода и низкого уровня отопления.;x;;
ev_20000105;Приз Рима;x;;
desc_ev_20000105;Prix de Rome — стипендия для студентов-художников. Она была создана, изначально для художников и скульпторов, во Франции во время правления Людовика XIV. Это была ежегодная стипендия для подающих надежды художников, доказавших свой талант, пройдя очень сложный отборочный конкурс. Премия, организованная Acad?mie Royale de Peinture et de Sculpture (Королевской академией живописи и скульптуры), была открыта для их студентов.;x;;
ev_20000106;Морской пехотный полк герцога Йоркского и Олбани;x;;
desc_ev_20000106;Полк морской пехоты герцога Йоркского и Олбани, сформированный из обученных оркестров Лондона и позднее переименованный в полк лорда-адмирала. Он считается самым ранним предшественником Королевской морской пехоты.;x;;
ev_20000107;Газета Мантуи;x;;
desc_ev_20000107;Впервые в качестве ежедневной газеты была опубликована Gazzetta di Mantova. Она быстро стала популярной, став первой местной и одной из первых газет в мире.;x;;
ev_20000108;Журнал Scavans;x;;
desc_ev_20000108;Journal des scavans, основанный Дени де Салло, был первым академическим журналом, опубликованным в Европе. Его содержание включало некрологи известных людей, историю церкви и юридические отчеты.;x;;
ev_20000109;Первый научный журнал!;x;;
desc_ev_20000109;Philosophical Transactions of the Royal Society (Phil. Trans.) — научный журнал, издаваемый Королевским обществом Лондона. Это первый журнал в мире, посвященный исключительно науке. Использование слова «philosophical» в названии относится к «естественной философии», что было эквивалентом того, что сейчас в общем называется «наука».;x;;
ev_20000110;Великая лондонская чума;x;;
desc_ev_20000110;Чума вернулась снова, убив десятки тысяч наших людей. У суда не было выбора, кроме как переехать в эти опасные времена. Временной столицей был выбран Солсбери. Да защитит нас Бог от этой смертельной болезни.;x;;
ev_20000111;Основание Кильского университета;x;;
desc_ev_20000111;Кильский университет был основан в земле Киль под названием Academia Holsatorum Chiloniensis герцогом Кристианом Альбертом. Он быстро стал крупнейшим и самым престижным университетом Северной Германии.;x;;
ev_20000112;Конец чумы;x;;
desc_ev_20000112;Великая чума наконец-то закончилась, унеся с собой тысячи невинных душ. Мы не знаем, что навлекло на нас гнев Божий, но мы были сурово наказаны за это. С исчезновением болезни суд наконец может вернуться в Лондон.;x;;
ev_20000113;Великий пожар в Лондоне;x;;
desc_ev_20000113;Чума только что закончилась, и Лондон снова сталкивается с новой катастрофой. Сегодня утром где-то начался пожар, приведший к окончательному уничтожению больших районов города. К счастью, жертв среди граждан почти не зафиксировано, но многие пропали без вести...;x;;
ev_20000114;Основание Французской академии наук;x;;
desc_ev_20000114;Французская академия наук — научное общество, основанное Людовиком XIV по предложению Жана-Батиста Кольбера для поощрения и защиты духа французских научных исследований.;x;;
ev_20000115;Открытие Лундского университета;x;;
desc_ev_20000115;После недавних событий потребности людей привели к созданию и открытию нового университета в Лунде, Университета Лунда. Это позволит нам лучше обучать будущие поколения, улучшая нашу научную продукцию.;x;;
ev_20000116;Дубровник потрясен!;x;;
desc_ev_20000116;Одно из самых разрушительных землетрясений поразило наши земли. Почти весь город, включая многие общественные здания, был разрушен. Это темные времена для нашего народа.;x;;
ev_20000117;Потерянный рай опубликован;x;;
desc_ev_20000117;Paradise Lost — эпическая поэма в белом стихе поэта Джона Мильтона. Поэма касается библейской истории о грехопадении человека: искушения Адама и Евы падшим ангелом Сатаной и их изгнания из Эдемского сада. Цель Мильтона, изложенная в Книге I, — «оправдать пути Божии перед людьми».;x;;
ev_20000118;Первые французские гренадеры;x;;
desc_ev_20000118;Гренадер изначально был специализированным солдатом, впервые установленным как отдельная роль в середине-конце 17 века нашим великим королем Людовиком. Их роль заключалась в метании гранат и иногда в штурмовых операциях. В то время гренадеры выбирались из самых сильных и крупных солдат.;x;;
ev_20000119;Основание Риксбанка;x;;
desc_ev_20000119;После краха предыдущего великого банка Швеции новый банк решил не выпускать банкноты. Этот банк является первым в Европе, который стал национальным банком, центральным банком нашей славной нации.;x;;
ev_20000120;Извержение Этны!;x;;
desc_ev_20000120;Вулкан Этна снова стал активным, извергаясь, удивляя местное население, которое пыталось сделать все возможное, чтобы защитить себя, но для многих из них этого оказалось недостаточно. Мы будем молиться за их души.;x;;
ev_20000121;Последняя встреча Ганзейского союза;x;;
desc_ev_20000121;К концу XVI века Лига распалась и больше не могла справляться со своими внутренними распрями, социальными и политическими изменениями, сопровождавшими протестантскую Реформацию, ростом голландских и английских купцов и вторжением Османской империи на ее торговые пути и на саму Священную Римскую империю. Только девять членов присутствовали на последнем официальном собрании в 1669 году, положив конец этому некогда великому торговому союзу.;x;;
ev_20000122;Голод!;x;;
desc_ev_20000122;Неурожаи и засухи последнего года привели к нехватке продовольствия между нашими границами. Мы не можем ничего делать, кроме как наблюдать, как люди нашей страны убивают друг друга, чтобы поесть. Даже наши дворяне должны делиться своими тайными запасами продовольствия.;x;;
ev_20000123;Первая скрипка Страдивари;x;;
desc_ev_20000123;Гражданин Кремоны по имени Стадивари создал скрипку замечательного качества. Она сделана вручную и ценится очень высоко. Его имя оставит след в истории музыки, это точно.;x;;
ev_20000124;Основание Okaya&Co Ltd.;x;;
desc_ev_20000124;Первая крупная торговая компания была основана в городе Окая. Их бизнес в нашей стране привел к увеличению государственных доходов.;x;;
ev_20000125;Основание Тонгрентан;x;;
desc_ev_20000125;Юэ Сяньян, ученый и врач, служивший при нашей династии, создал компанию исключительно для разработки новых лекарств и исследования трав. Мы испытаем рост нашего населения в результате этих исследований.;x;;
ev_20000126;Основание Королевской академии архитектуры;x;;
desc_ev_20000126;Академия, посвященная искусству архитектуры, была основана Людовиком XIV под влиянием Жана-Батиста Кольбера. Это может привести к строительству зданий, которые будут напоминать будущим поколениям о нашей славной истории.;x;;
ev_20000127;Открытие аптеки Chelsea Pharma Garden;x;;
desc_ev_20000127;В Лондоне был основан новый ботанический сад, также известный как Аптекарский сад, для изучения известных нам трав и содействия развитию науки врачевания.;x;;
ev_20000128;Мицуи Такатоши получил разрешение;x;;
desc_ev_20000128;Мицуи Такатоши, видный гражданин нашей страны, получил право работать обменщиком денег в нашей стране. Он немедленно разработал новую систему межгородских кредитов, которая приносила прибыль не только ему, но и государству.;x;;
ev_20000129;Началось строительство Королевской Гринвичской обсерватории;x;;
desc_ev_20000129;Создание Королевской обсерватории было предложено в 1674 году сэром Джонасом Муром, который, будучи генеральным инспектором в Артиллерийском управлении, убедил короля Карла II создать обсерваторию, а Джон Флемстид был назначен ее директором. Артиллерийскому управлению было поручено строительство обсерватории, а Мур предоставил ключевые инструменты и оборудование для обсерватории за свой счет. Дом Флемстида, первоначальная часть обсерватории, был спроектирован сэром Кристофером Реном, вероятно, при содействии Роберта Гука, и был первым специально построенным научно-исследовательским учреждением в Британии.;x;;
ev_20000130;Ароматизированный лед?;x;;
desc_ev_20000130;Парижской знати показали новый деликатес, названный «мороженым». Это странная еда, приготовленная путем замораживания ароматизированной жидкости, а затем ее измельчения до мягкости. Это действительно странно, но знать оценила его, хотя поначалу относилась к нему с осторожностью.;x;;
ev_20000131;Флот сел на мель!;x;;
desc_ev_20000131;Флот Жана д'Эстре, маршала нашей нации, налетел на риф, полностью уничтожив его, когда он направлялся в порт Кюрасао.;x;;
ev_20000132;Первая женщина с докторской степенью;x;;
desc_ev_20000132; Елена Лукреция Корнаро Пископия, гражданка Мантуи, успешно закончила обучение в университете Мантуи. Она стала первой женщиной в истории, которая когда-либо достигла этого.;x;;
ev_20000133;Джизья вновь введена;x;;
desc_ev_20000133;Исламский налог джизья был вновь введен в закон нашей империи после войн и строительства последних лет. Население может быть недовольно, но это то, что мы должны сделать, чтобы достичь наших целей расширения и развития.;x;;
ev_20000134;Наблюдалась Великая Комета;x;;
desc_ev_20000134;Наша страна первая увидела большую комету, которая появилась на небе сегодня. В прошлом люди, возможно, думали, что кометы приносят неудачу, но, к счастью, мы живем в просвещенные времена.;x;;
ev_20000135;Приобретенный Пфальц;x;;
desc_ev_20000135;Наши отношения и дипломатические сделки с герцогством Пфальц привели к блестящим результатам. Со смертью последнего из их династии мы унаследовали все их земли. Мы обязательно найдем хорошую возможность использовать их стратегически против наших соперников.;x;;
ev_20000136;Открытие Южного канала;x;;
desc_ev_20000136;На юге Франции наконец-то открылся Южный канал протяженностью 241 километр, соединяющий реку Гаронна со Средиземным морем и, таким образом, вместе со старым Гароннским каналом он соединяет Средиземное море с Атлантическим океаном.;x;;
ev_20000137;Базилика Санта-Мария-делла-Салюта завершена.;x;;
desc_ev_20000137;В Венеции была построена новая малая базилика, названная Санта Мария делла Салюте. Салюте — это огромное восьмиугольное здание с двумя куполами и парой живописных колоколен сзади. Построенное на платформе из 1 000 000 деревянных свай, оно построено из истрийского камня и марморино (кирпича, покрытого мраморной пылью). На вершине фронтона стоит статуя Девы Марии, которая председательствует в церкви, возведенной в ее честь. Фасад украшен фигурами Святого Георгия, Святого Феодора, евангелистов, пророков, Юдифи с головой Олоферна.;x;;
ev_20000138;Суд перенесен в Версаль;x;;
desc_ev_20000138;Святой король Людовик XIV перенес свой королевский двор в Версальский дворец, основав самый известный символ французского барокко и Абсолютной монархии.;x;;
ev_20000139;Новый царь!;x;;
desc_ev_20000139;Сегодня был коронован новый царь, начавший свое правление как Петр Первый. Пусть он правит долго и приведет Россию к славе!;x;;
ev_20000140;Московские беспорядки;x;;
desc_ev_20000140;Крепостные и солдаты восстали в городе Москве на своих офицеров и дворян, избивая их, так как они не могли скрыться, по причине внезапности нападения. Да спасет Бог их души.;x;;
ev_20000141;Возьмите Вену!;x;;
desc_ev_20000141;Наши армии больше, чем когда-либо. Наши люди жаждут больше земель, добычи и славы. Нет времени лучше, чем сейчас, чтобы пойти и взять то, что по праву принадлежит нам, и выполнить нашу цель — завоевать Габсбургов, наших заклятых врагов. Во имя Аллаха, вперед!;x;;
ev_20000142;Дикие кабаны исчезают;x;;
desc_ev_20000142;Охота всегда была частью нашей культуры, но растущая знать зашла слишком далеко в своем хобби. Дикие кабаны, когда-то символ древних племен, были истреблены на острове Британия.;x;;
ev_20000143;Главный министр убит!;x;;
desc_ev_20000143;Наш главный министр Хотта Масатоси был казнен, оставив сёгуна без надлежащих советников. Это привело к реформам, которые были только плохи для нашей нации, и решениям, о которых пожалел наш, по-видимому, слабый сёгун.;x;;
ev_20000144;Величайший поэт?;x;;
desc_ev_20000144;Поэт нашей нации, Сайкаку сочинил 23500 стихов за двадцать четыре часа. Это достижение, которого никогда не достигнуть западным варварам. Это великий день, чтобы быть японцем!;x;;
ev_20000145;Первое в мире уличное освещение;x;;
desc_ev_20000145;Недавние холодные и темные зимы, а также преступные деяния, совершенные под покровом этих ночей, привели к новому проекту в Лондоне. Создание системы фонарей на улицах, которые централизованно управлялись бы темными зимними ночами для предотвращения правонарушений.;x;;
ev_20000146;Пантеон разрушен!;x;;
desc_ev_20000146;Наши недавние действия против Османской империи привели к печальному результату. Один из наших кораблей получил информацию о возможном складе пороха и открыл по нему огонь без приказа. Очевидно, этим складом был Акрополь, так как османы считали, что никто не станет уничтожать такую реликвию древних времен. Это, безусловно, снизит общий имидж нашей нации.;x;;
ev_20000147;Болгария восстаёт!;x;;
desc_ev_20000147;Наша европейская провинция Болгария устала от нашего гнетущего правления и восстала против него. Мы не можем ничего сделать, кроме как использовать наши силы, чтобы вернуть земли, которые по праву принадлежат нам.;x;;
ev_20000148;Великий Сибирский Путь;x;;
desc_ev_20000148;Самая длинная дорога в истории начала строительство, соединяя дальний восток с нашими центральными провинциями. Это, безусловно, будет долгий проект, но он приведет к развитию новых городов по пути, и, безусловно, облегчит торговлю.;x;;
ev_20000149;Голод в Мехико!;x;;
desc_ev_20000149;Слабые урожаи и засухи привели к нехватке продовольствия в Мехико, одном из самых густонаселенных городов Нового Света. Недовольство населения растет медленно, но верно.;x;;
ev_20000150;Основание Academia Operosorum Labacensium;x;;
desc_ev_20000150;Academia Operosorum Labacensium была основана в городе Любляна как ассоциация 23 ученых. Мы увидим рост научного развития в последующие годы.;x;;
ev_20000151;Европейская федерация?;x;;
desc_ev_20000151;Уильям Пенн, крупный предприниматель в сфере недвижимости и философ, создал идею Единой Европейской Нации, чтобы остановить внутренние конфликты Европы и создать место мирного развития в мире. Его первым предложением было создание Европейского парламента, конечно, поскольку это было совершенно нереально, оно было отклонено.;x;;
ev_20000152;Музыкальные традиции;x;;
desc_ev_20000152;Новая книга была составлена для султана II князем Молдавии Димитрием Кантемиром, который также является историком, лингвистом и этнографом, под названием «Книга о науке музыки». Она охватывает музыкальные и другие традиции нашей империи повсюду.;x;;
ev_20000153;Основание Банка Англии;x;;
desc_ev_20000153;Создание банка было задумано Чарльзом Монтегю, 1-м графом Галифаксом, в 1694 году по плану, предложенному Уильямом Патерсоном тремя годами ранее, но не реализованному. Королевская хартия была предоставлена 27 июля посредством принятия Закона о тоннаже 1694 года.;x;;
ev_20000154;Корабль рабов тонет;x;;
desc_ev_20000154;Корабль рабов под названием Ганнибал затонул по пути в Новый Свет. К счастью, он все еще был близко к берегу, но около половины рабов все равно утонули или были унесены волнами.;x;;
ev_20000155;Цензура прессы снята;x;;
desc_ev_20000155;Закон, регулирующий прессу, не был обновлен, что привело к некоторой свободе прессы в нашей стране. Это то, чего не было ни в одной другой западной стране. Посмотрим, что из этого получится.;x;;
ev_20000156;Нападение на корабль Моголов;x;;
desc_ev_20000156;Один из крупнейших кораблей Моголов, перевозивший огромное количество сокровищ, был захвачен английским капером Генри Эвери. Это самый успешный рейд, который мы когда-либо проводили с тех пор, как впервые использовали каперов. Империя Моголов предупредила нас, что они вышлют своих торговцев, если еще один их корабль будет захвачен в будущем.;x;;
ev_20000157;Кастильо-де-Сан-Маркос завершено;x;;
desc_ev_20000157;Самый большой форт в Новом Свете был завершен в самой северной части наших колоний, Флориде. Это защитит его от любого другого империалистического стремления.;x;;
ev_20000158;Начало инквизиции Эворы;x;;
desc_ev_20000158;Началась инквизиция еврейского населения Эворы, поскольку местные главные священники объявили их еретиками. Это привело к массовому уничтожению местного еврейского народа.;x;;
ev_20000159;Карл XII коронован;x;;
desc_ev_20000159;Карл XII, король Швеции, был коронован. Его уже называют шведским Метеором. Каждый гражданин нашей страны, особенно дворянство, предсказывает, что он приведет Швецию к новой славе.;x;;
ev_20000160;Кронор горит!;x;;
desc_ev_20000160;Королевский дворец Кронор сгорел сегодня вместе с королевской библиотекой. Книги большой ценности были уничтожены в огне, последние копии старых кодексов также. Это мрачный день для нашей нации.;x;;
ev_20000161;Раздвижные паланкины;x;;
desc_ev_20000161;Использование паланкина быстро распространилось в Европе, достигнув каждого ее уголка. Он пришел к нам от арабов. Большинство знати нашей страны также переняли его, используя рабов для передвижения по городам. Конечно, это не так привлекательно для низших классов.;x;;
ev_20000162;Первый паровой насос;x;;
desc_ev_20000162;Томас Сэвери, английский изобретатель и инженер, успешно создал рабочий паровой насос, который более чем полезен для откачки воды из шахт. Ему выдали королевский патент на начало производства этого нового изобретения.;x;;
ev_20000163;Бороды облагаются налогом;x;;
desc_ev_20000163;Петр I ввел налог на всех, кто носит бороду, пытаясь разорвать связи с восточным происхождением России и вестернизировав страну. Конечно, эта реформа не пользовалась популярностью среди дворян, особенно бояр.;x;;
ev_20000164;Название Khalsa Создано;x;;
desc_ev_20000164;Десятый сикхский гуру, Гобинд Синкх, ввел новое название для сикхского общества — Хальса, которое является коллективным органом всех посвященных сикхов, представленным пятью возлюбленными, и может быть названо Гуру Пантх, воплощением Гуру.;x;;
ev_20000165;Собраны австралийские флора и фауна;x;;
desc_ev_20000165;Исследователь и ученый Уильям Дампир начал первое полное собрание различных видов живых существ на австралийском континенте.;x;;
ev_20000166;Основание Академии наук;x;;
desc_ev_20000166;Была основана Прусская академия наук, президентом которой стал известный полимат Готфрид Вильгельм Лейбниц. Мы можем ожидать ускорения нашего научного прогресса.;x;;
ev_20000167;Первое в мире фортепиано;x;;
desc_ev_20000167;Зарегистрирован новый музыкальный инструмент, который будет построен в городе Флоренция. Он имеет несколько клавиш, которые при нажатии перемещают молоточек, чтобы ударить по металлической струне разной длины. Он может стать популярным в один прекрасный день.;x;;
ev_20000168;18 век!;x;;
desc_ev_20000168;Утро было таким же, как и все остальные, но сегодня Солнце светит по-другому, поскольку оно возвещает о наступлении нового века новых конфликтов, новых изобретений и совершенно новой эры.;x;;
ev_20000169;47 Ронинов;x;;
desc_ev_20000169;После вынужденного сэппуку даймё Асано Наганори его телохранители, 47 самураев, которые после смерти своего господина стали ронинами, поклялись отомстить убийце или убийцам и в тот же день начали поиски.;x;;
ev_20000170;Изобретена сеялка;x;;
desc_ev_20000170;Новое изобретение, сеялка, была изобретена агрономом Джетро Туллом. Это устройство значительно облегчает посадку семян, для ее перемещения нужна только лошадь, поскольку она автоматически сеет семена аккуратными рядами.;x;;
ev_20000171;Землетрясение в Апеннинах;x;;
desc_ev_20000171;Сегодня утром в округе произошло землетрясение, которое привело к многочисленным оползням и лавинам. Погибло много людей, и мы все еще ищем выживших на отдаленных фермах и в деревнях. Некоторые из них были полностью отрезаны, поэтому мы все еще не можем быть уверены в полном объеме нанесенного ущерба.;x;;
ev_20000172;Кира Ёсинака убит!;x;;
desc_ev_20000172;Даймё Кира Ёсинака был убит 47 ронинами, которые поклялись отомстить. После совершения этого акта 46 из них совершили ритуальное сэппуку, поскольку они выполнили свою единственную оставшуюся цель в этом мире.;x;;
ev_20000173;Первый Марди Гра в Мобайле;x;;
desc_ev_20000173;Mardi Gras, также Fat Tuesday на английском языке, относится к событиям карнавальных празднований, начинающимся в или после Богоявления или Дня королей и достигающим кульминации в день перед Пепельной средой. Mardi Gras по-французски означает «Жирный вторник», отражая практику последнего вечера употребления более жирной пищи перед ритуальным постом Великого поста.;x;;
ev_20000174;Первая полная перепись населения;x;;
desc_ev_20000174;Первая полная перепись населения региона была проведена на острове Исландия. Из-за малочисленности населения было легче провести экспериментальную перепись, как эта. Согласно ей, население составляет около пятидесяти тысяч на всем острове.;x;;
ev_20000175;Умер человек в железной маске;x;;
desc_ev_20000175;Странный человек, прибывший в Бастилию с лицом, закрытым бархатной тканью, много лет назад, сегодня умер в своей тюремной камере. Его личность так и не была раскрыта. Некоторые считают, что он был законным наследником Франции, некоторые — что он был опальным дворянином. Кем бы он ни был, пока остается загадкой.;x;;
ev_20000176;Великий шторм 1703 года;x;;
desc_ev_20000176;Сильный шторм затмил небо, оставив после себя смерть, разрушение и хаос. Уровень моря немного поднялся, и реки вышли из берегов. Мы все еще не уверены в нанесенном ущербе, но много людей погибло, это точно.;x;;
ev_20000178;Опубликована Дублинская газета;x;;
desc_ev_20000178;Король Яков II учредил «Дублинскую газету». Это была официальная газета британского правительства в Ирландии. В основном она публиковала уведомления о правительственных делах.;x;;
ev_20000179;Конфисковано имущество торговца;x;;
desc_ev_20000179;Местное правительство Осаки конфисковало все имущество известного торговца за совершение сделок, которые, по мнению чиновников, неподобающи для торгового класса Японии, что превратило его в полного изгоя страны.;x;;
ev_20000180;Договор о союзе;x;;
desc_ev_20000180; С началом нового столетия и прекращением дипломатической напряженности между двумя странами, находившимися под английской короной, Шотландия согласилась объединить две короны в одну — корону Великобритании.;x;;
ev_20000181;Открытие чайного домика Twinings;x;;
desc_ev_20000181;С ростом доходов от поставок чая из Индии и Китая Томас Твинингс открыл первую чайную, которая также является крупным импортером чая и, как считается, продает самые качественные смеси в Англии.;x;;
ev_20000182;Извержение вулкана Фудзи;x;;
desc_ev_20000182;Гора Фудзи, которая до сих пор считалась спящей, снова изверглась, обрушив на близлежащие земли пепел, пыль и камни, а затем и лаву. Мы до сих пор не уверены в количестве жертв, но, судя по нанесенному ущербу, это должны быть тысячи жизней.;x;;
ev_20000183;Собор Святого Павла завершен;x;;
desc_ev_20000183;Новый собор был построен на месте старого, уничтоженного Великим пожаром. Он был построен в стиле нового английского барокко. Конечно, будучи самым большим собором в нашем королевстве, он сразу же стал резиденцией епископа Лондона и материнской церковью Лондонской епархии. Это величественное, великолепное зрелище, доминирующее над горизонтом Лондона.;x;;
ev_20000184;Новый камерный музыкант;x;;
desc_ev_20000184;Нашему королевскому двору уже давно нужен королевский музыкант, но мы нашли идеального кандидата. Недавно ставший популярным композитор по имени Иоганн Себастьян Бах был выбран в качестве королевского музыканта для нашего двора. Кажется, он преуспевает в сочинении органной музыки.;x;;
ev_20000185;Фарфор, произведенный в Европе;x;;
desc_ev_20000185;Фарфор — материал, который долгое время был известен только как фарфоровая посуда, поскольку его могли производить только китайцы, — был успешно создан на мануфактуре в Дрездене, что привело к созданию европейского фарфора и падению доходов Китайской империи.;x;;
ev_20000186;Великий мороз во Франции;x;;
desc_ev_20000186;Наш народ уже переживал холодные зимы, но в этом году зима стала суровее, чем когда-либо прежде. Каждый день от замерзания и нападений диких зверей умирает множество людей. Нам ничего не остается, как ждать прихода весны из тепла нашего дворца.;x;;
ev_20000187;Летающий корабль?;x;;
desc_ev_20000187;Так называемый дирижабль был построен в нашем городе неким Бартоломеу де Гусманом, который развил идеи Франческо Лана де Терци. После того, как его строительство было завершено, он продемонстрировал его при королевском дворе, запустив шар на вершину зала Каса да Индия с помощью сгорания. За это изобретение он был вознагражден назначением на должность профессора в Коимбре и присвоением ему звания каноника.;x;;
ev_20000188;Первое законодательство об авторском праве;x;;
desc_ev_20000188;Первый статут, предусматривающий регулирование авторских прав правительством и судами, был принят в нашей стране ее святейшим величеством Анной Стюарт. До этого гильдия имела исключительное право цензуры, но оно было неэффективным, что привело к отмене ограничения печати в 1694 году. Срок действия авторских прав был установлен на 14 лет с возможностью продления.;x;;
ev_20000189;Новая столица!;x;;
desc_ev_20000189;Благодаря своему прибрежному расположению и недавнему расширению Санкт-Петербург многие считали фактической столицей нашей страны, но только сейчас было решено, что столица России будет перенесена туда и де-юре.;x;;
ev_20000190;Прагматическая санкция;x;;
desc_ev_20000190;Pragmatica Sanctio — указ, изданный Карлом VI, чтобы гарантировать, что наследственные владения Габсбургов могут быть унаследованы дочерью. Это распространялось на все земли, принадлежавшие Габсбургам, но не на императорскую корону, которая оставалась выборной. Это привело к окончательному наследованию его старшей дочери Марии Терезии.;x;;
ev_200001915;Династия Ганновера;x;;
desc_ev_200001915;Со смертью нашей королевы Анны Стюарт династия Стюартов пресеклась, что привело к тому, что на королевский престол пришла другая династия — Ганноверская. Это также означало, что Ганновер стал протекторатом нашей страны.;x;;
ev_20000191;Солнечное затмение!;x;;
desc_ev_20000191;Сегодня мы пережили то, что, по словам придворных ученых, не повторится еще как минимум 900 лет, полное солнечное затмение. Это явление наблюдалось повсюду в Северной Европе от Англии до Финляндии, но мы были первыми, кто его задокументировал.;x;;
ev_20000192;Первое восстание якобитов;x;;
desc_ev_20000192;Наш союз с Шотландией был хорошим решением по мнению большинства людей, однако некоторые дворяне в Шотландии хотят восстановить старую монархию с Яковом вторым и его наследниками. Это привело к так называемому Первому восстанию якобитов сторонниками этого ложного короля.;x;;
ev_20000193;Дворец Карлсруэ завершен;x;;
desc_ev_20000193; Первое здание построил Якоб Фридрих фон Батцендорф. Город был спланирован с башней дворца (Schloss) в центре и 32 улицами, расходящимися от нее, как спицы колеса или ребра складного веера, так что прозвище Карлсруэ на немецком языке — «город-веер».;x;;
ev_20000194;Открытие Banque Generale;x;;
desc_ev_20000194;Шотландский экономист Джон Лоу, занимавший должность генерального контролера финансов при Людовике XV, основал первый центральный банк в нашей стране, позволив деньгам стать стандартным средством обмена.;x;;
ev_20000195;Опубликован словарь Канси;x;;
desc_ev_20000195;Словарь Канси был опубликован впервые, назван в честь нынешнего императора. Он содержит около 47000 различных иероглифов, включая некоторые графические варианты. Он должен стать стандартизированным китайским словарем в ближайшие годы.;x;;
ev_20000196;Великий Потоп;x;;
desc_ev_20000196;Недавние дожди, штормы привели к повышению уровня моря и разливу рек. Большая часть нашей страны, как прибрежная, так и не прибрежная, серьезно пострадала от этого события, убив многих наших граждан.;x;;
ev_20000197;Бахрейн принадлежит нам!;x;;
desc_ev_20000197;Бахрейн, будучи важным торговым островом в Персидском заливе, имеет большой торговый доход, а также находится в стратегически важном положении недалеко от побережья. Мы должны захватить его, чтобы укрепить наше господство в местной торговле, мечом, если необходимо.;x;;
ev_20000198;Casa de Contratacion переехал в Кадис;x;;
desc_ev_20000198;К концу XVII века Casa de Contrataci?n попала в бюрократический тупик, и империя в целом терпела крах, в первую очередь из-за неспособности Испании финансировать как войну на континенте, так и глобальную империю. Чаще всего богатства, перевозимые из Манилы и Акапулько в Испанию, официально передавались кредиторам Испании до того, как галеон из Манилы прибывал в порт. Недавно они переместили Casa из Севильи в Кадис, что уменьшило значение Севильи в международной торговле.;x;;
ev_20000199;Корфу опустошен;x;;
desc_ev_20000199;Остров Корфу был опустошен, когда молния ударила в большой пороховой склад. Большинство людей, живших на острове, погибли мгновенно или были убиты обрушением здания. Едва ли кто-то выжил, чтобы рассказать нам, что именно произошло...;x;;
ev_20000200;Египет исламизирован;x;;
desc_ev_20000200;Часть населения Египта, особенно в регионе Судана, не обратилась в единственную истинную веру, даже после того, как местные администрации приказали им это сделать. Поэтому ради будущего исламского Египта мы должны сделать все, чтобы дать отпор этим неверным, даже если это означает убить их всех.;x;;
ev_20000201;Опубликован «Робинзон» Дефо;x;;
desc_ev_20000201;Даниэль Дефо, великий человек английского Просвещения, опубликовал свою новую книгу под названием «Робинзон Крузо», в которой рассказывается о потерпевшем кораблекрушение человеке, который оказался на неизвестном необитаемом острове, и о его выживании в этой ситуации. Конечно, этот роман сразу же стал популярным среди молодежи, а также привел к тому, что многие люди пошли на флот в поисках приключений.;x;;
ev_20000202;Первая систематическая перепись населения;x;;
desc_ev_20000202;Первая систематическая перепись населения в мире была проведена между нашими границами, открыв информацию о нашем населении и развитии наших поселений. Другие страны могут только следовать по нашим стопам.;x;;
ev_20000203;Основана Академия реальной истории.;x;;
desc_ev_20000203;Королевская академия истории была основана в Лиссабоне с целью содействия научному развитию нашей страны, а также сбора, записи и хранения истории нашей страны.;x;;
ev_20000204;Российская Империя Восстановлена;x;;
desc_ev_20000204;Царь Петр Великий был провозглашен императором всех русских, чего не случалось на протяжении столетий. Это приводит к тому, что снова начинается новая эра Российской империи, которая не приведет ни к чему, кроме славы для нашей великой нации.;x;;
ev_20000205;Табель о рангах создан;x;;
desc_ev_20000205;Табель о рангах представляла собой официальный список должностей и званий в армии, правительстве и дворе императорской России. Табель о рангах признавала три основных вида службы: военную, гражданскую и придворную, разделяя каждую на 14 рангов (степеней). Она определяла положение и статус каждого в соответствии со службой, а не по рождению или старшинству, как это было в местничестве.;x;;
ev_20000206;Открытие первого публичного театра;x;;
desc_ev_20000206;Первый публичный театр Lille Gronnegade был открыт для посещения и наслаждения театральными постановками для каждого свободного гражданина Дании. Конечно, в первую очередь у дворян есть время и деньги на это времяпрепровождение, но рано или поздно его может посетить и более широкая аудитория.;x;;
ev_20000207;Петергофский дворец открывается;x;;
desc_ev_20000207;Петергофский дворец был построен как ряд дворцов и садов, расположенных в Санкт-Петербурге, Россия, разбитых по приказу Петра Великого. Эти дворцы и сады иногда называют «русским Версалем», имея в виду, что они выполнены в том же стиле барокко, что и французский аналог.;x;;
ev_20000208;Четыре сезона сочинены;x;;
desc_ev_20000208;Антонио Вивальди, вероятно, величайший композитор эпохи барокко, написал свою лучшую на сегодняшний день серию скрипичных концертов «Времена года». Конечно, она сразу же стала популярной при дворах итальянской знати и даже при иностранных королевских дворах Европы.;x;;
ev_20000209;Дебюты Страстей по Иоанну;x;;
desc_ev_20000209;Иоганн Себастьян Бах исполнил свою новую духовную ораторию «Страсти по Иоанну» в Лейпциге, где он отвечал за церковную музыку в церквях Св. Фомы и Св. Николая. Он сочинил это великое произведение для вечерни Страстной пятницы.;x;;
ev_20000210;Христианские миссионеры удалены;x;;
desc_ev_20000210;Мы были достаточно научены этими иностранными миссионерами, которые не делали ничего, кроме продвижения торговых целей своих стран. Согласно воле императора, мы удалили всех христианских миссионеров, которых смогли найти, силой, если это было необходимо.;x;;
ev_20000211;Екатерина I становится императрицей;x;;
desc_ev_20000211;Предыдущая царица Екатерина стала императрицей нашего государства после смерти Петра Великого. Мы надеемся, что она продолжит путь, который был ей предначертан.;x;;
ev_20000212;Учрежден орден Святого Александра Невского;x;;
desc_ev_20000212;Орден Святого Александра Невского был учрежден императрицей Екатериной в память святого Александра Невского за защиту России от иноземных захватчиков. Им награждались граждане, честно служившие России.;x;;
ev_20000213;Независимая компания Highland Company восстановлена;x;;
desc_ev_20000213;Независимые горные роты были восстановлены фельдмаршалом Джорджем Уэйдом, назначенным командующим войсками Северной Британии. Позже эта рота в основном упоминалась как Black Watch.;x;;
ev_20000214;Гуцзинь Тушу Цзиньчэн Печатный;x;;
desc_ev_20000214;Было напечатано 66 экземпляров 5020-томной энциклопедии «Гуцзинь Тушу Цзиньчэн — Полное собрание иллюстраций и сочинений с древнейших времен до наших дней», для чего потребовалось отлить из бронзы 250 000 иероглифов подвижного типа.;x;;
ev_20000215;Опубликованы «Путешествия Гулливера» Свифта;x;;
desc_ev_20000215;Ирландский писатель и священнослужитель Джонатан Свифт опубликовал книгу, которая пародирует рассказы путешественников и одновременно является сатирой на природу человечества.;x;;
ev_20000216;Гендель сочиняет коронационный гимн;x;;
desc_ev_20000216;Георг II был коронован королем Великобритании. Но эта коронация не была похожа на другие. Известный композитор Гендель сочинил гимн специально для этого случая. Королю и дворянству он так понравился, что был добавлен к традиции церемоний коронации.;x;;
ev_20000217;Тебриз Шкаен;x;;
desc_ev_20000217;Землетрясение потрясло город Тебриз, что привело к бесчисленным смертям, разрушениям и хаосу. Мы пытаемся помочь ситуации, как можем, но, к сожалению, мы едва ли можем что-либо сделать.;x;;
ev_20000218;Копенгаген горит!;x;;
desc_ev_20000218;Сегодня в нашей столице начался пожар, в результате которого сгорело несколько жилых кварталов, погибло множество людей и было разрушено бесчисленное множество старых зданий.;x;;
ev_20000219;Пожар в Стамбуле;x;;
desc_ev_20000219;В Стамбуле начался пожар, в результате которого погибло много людей, а к тому времени, как мы смогли взять его под контроль и потушить, целые районы были разрушены. Мы до сих пор не уверены в причиненном ущербе, но он, несомненно, огромен.;x;;
ev_20000220;Первая женщина-преподаватель университета;x;;
desc_ev_20000220;Первой женщиной, начавшей преподавать в Болонском университете, была Лаура Басси, когда ей был 21 год. Она преподавала анатомию, а затем была избрана в Академию Института наук, получив кафедру философии.;x;;
ev_20000222;Открытие Королевского театра Ковент-Гарден;x;;
desc_ev_20000222;Джон Рич, актер-менеджер компании Duke's Company, заказал оперу, которая привела к успеху, позволившему ему построить Королевский театр на месте древнего Ковент-Гардена. Он был спроектирован Эдвардом Шепардом.;x;;
ev_20000223;Корсика возвращена;x;;
desc_ev_20000223;После недавних конфликтов в Европе мы потеряли остров Корсика, но с помощью дипломатических маневров мы успешно вернули его. Давайте просто надеяться, что так и останется.;x;;
ev_20000224;Обнаружен кобальт;x;;
desc_ev_20000224;Георг Брандт, химик и минералог нашей страны, успешно открыл металл, ранее неизвестный миру. Он сделал это с древних времен, что привело к непревзойденной славе среди ученых того времени.;x;;
ev_20000225;Закон о лицензировании театральной деятельности;x;;
desc_ev_20000225;Закон о лицензировании или Закон о театральном лицензировании был знаменательным актом цензуры на британской сцене и одним из определяющих факторов в развитии августовской драмы. Условия Закона заключались в том, что с этого момента лорд-камергер имел право одобрять любую пьесу до ее постановки.;x;;
ev_20000226;Тропический циклон обрушился на берег;x;;
desc_ev_20000226;На наши берега обрушился более сильный, чем обычно, циклон, который движется в сторону материка, оставляя после себя только разрушения, убивая людей и уничтожая все, что попадается ему на пути.;x;;
ev_20000227;Театр Сан-Карло открывается;x;;
desc_ev_20000227;В Неаполе открылся новый оперный театр Teatro di San Carlo, расположенный на центральной площади Пьяцца дель Плебисцито и соединенный с Королевским дворцом в Неаполе. Он был заказан Карлом VII Неаполитанским.;x;;
ev_20000228;Основание Геттингенского университета;x;;
desc_ev_20000228;Университет Геттингена был основан как всеобъемлющий исследовательский университет в городе Геттингене, следуя принципам академической свободы и просвещения. Мы можем ожидать повышения нашей научной производительности.;x;;
ev_20000229;Умирает последний Медичи;x;;
desc_ev_20000229;Последний мужчина из семьи Медичи умер, и длинная линия дожей прервалась. Конечно, они уже давно не были правителями Венеции, но их след в нашей истории и наших городах позволит их наследию сохраниться в будущем.;x;;
ev_20000230;Обнаружен Геркуланум;x;;
desc_ev_20000230;Древний римский город, погребенный под плотным туфом, был найден снова. Вулканический пепел успешно сохранил большую часть вещей нетронутыми, поэтому наши ученые смогли найти бесчисленные мотивы наших предков, которые с тех пор были повторно использованы на многих зданиях и мебели.;x;;
ev_20000231;Первый автомат;x;;
desc_ev_20000231;Жак де Вокансон, изобретатель нашего двора, создал автоматическую машину, способную самостоятельно играть двенадцать песен на флейте. Некоторые автоматы были созданы и раньше, но это самый революционный из всех, что мы когда-либо видели.;x;;
ev_20000232;Первые часы с кукушкой;x;;
desc_ev_20000232;Так называемые Часы с кукушкой были созданы Францем Кеттерером, часовщиком Шварцвальдской мануфактуры. Их особенность в том, что как только они достигают точного часа, из них выпрыгивает маленькая фигурка кукушки. Это действительно великое изобретение.;x;;
ev_20000233;Основание Королевской Шведской академии наук;x;;
desc_ev_20000233;Королевская шведская академия наук, или Kungliga Vetenskapsakademien, была основана как первая научная академия Швеции с целью развития естественных наук и математики натуралистами Карлом Линнеем, Йонасом Альстрёмером, Мартеном Триевальдом, Стеном Карлом Бильке, Карлом Вильгельмом Седерхильмом и Андерсом Юханом фон Хопкеном.;x;;
ev_20000234;Правь, Британия!;x;;
desc_ev_20000234;Новая патриотическая поэма была написана Джеймсом Томсоном и положена на музыку Томасом Арне. Она быстро стала главной песней нашего флота, но армия также начала ее использовать.;x;;
ev_20000235;Стемматография Опубликовано;x;;
desc_ev_20000235;Была напечатана «Стемматография» — первая светская сербско-болгарская книга, написанная Христофором Жефаровичем, что привело к началу восприятия этих двух народов как наследников иллирийского наследия, а также способствовало развитию панславизма.;x;;
ev_20000236;Stadtschloss Айзенаха завершено;x;;
desc_ev_20000236;В городе Айзенах завершено строительство Штадтшлосса — городского дворца или императорского дворца, что улучшило общий облик главной площади города.;x;;
ev_20000237;Племена объединяются;x;;
desc_ev_20000237;Наши племена, которые были лишь отчасти объединены, наконец-то отказались от своих разногласий, чтобы объединиться под нашим флагом как единая нация, чтобы противостоять нашим врагам и захватить больше земель во славу нашей теперь уже единой нации.;x;;
ev_20000238;Наблюдалась Великая Комета;x;;
desc_ev_20000238;Наша страна первая увидела большую комету, которая появилась на небе сегодня. В прошлом люди, возможно, думали, что кометы приносят неудачу, но, к счастью, мы живем в просвещенные времена.;x;;
ev_20000239;Женщина-зрительница Опубликовано;x;;
desc_ev_20000239;Впервые в истории вышел в свет первый журнал, написанный женщинами для женщин.;x;;
ev_20000240;Килты запрещены;x;;
desc_ev_20000240;Традиционная одежда шотландцев, килт, была запрещена в попытке подчинить различные кланы, борющиеся против нашего правления. Единственное исключение, где разрешалось носить килт, было в армии, особенно в полку Black Watch.;x;;
ev_20000241;Провозглашена империя Дуррани;x;;
desc_ev_20000241;Наша нация достигла своего пика с недавним приобретением новых земель, что привело к тому, что наш великий лидер провозгласил себя императором Дуррани, фактически положив начало эпохе Дурранийской империи.;x;;
ev_20000242;Пожар в Лондоне;x;;
desc_ev_20000242;В нашем великом городе начался пожар, приведший к уничтожению многих исторических зданий. К счастью, за исключением нескольких раненых, никто не погиб, но ущерб, нанесенный зданиям, все еще довольно серьезен.;x;;
ev_20000243;Помпеи обнаружены;x;;
desc_ev_20000243;Руины древнего города Помпеи были обнаружены недалеко от Неаполя. По-видимому, здания, настенные росписи были полностью защищены толстым слоем пепла и вулканического камня, что позволило нам увидеть их в их первоначальном великолепии.;x;;
ev_20000244;Первый подоходный налог;x;;
desc_ev_20000244;После недавних войн и строек в нашей стране король Людовик XV решил ввести подоходный налог в размере 5% и повсеместно применить его к каждому человеку в нашей стране. Конечно, это расстроило дворянство гораздо больше, чем низшие классы, поскольку это нарушило их право не облагаться налогом.;x;;
ev_20000245;Открытие Вестминстерского моста;x;;
desc_ev_20000245;Через Темзу был построен новый мост, соединяющий Вестминстер с Ламбетом. Он был окрашен в основном в зеленый цвет, цвет мест в Палате общин, которая находится на стороне Вестминстерского дворца, ближайшей к мосту.;x;;
ev_20000246;Призрак Нарисованный;x;;
desc_ev_20000246;Великий художник, живописец нашей страны Маруяма Око написал одну из своих величайших работ, основанную на традиционном японском фольклоре — женщину-юрэй, призрака в городе Оюки.;x;;
ev_20000247;Начинается первая промышленная революция;x;;
desc_ev_20000247;За последние несколько десятилетий было создано бесчисленное множество новых изобретений, что привело к полному изменению экономики нашей страны и созданию первых так называемых фабрик, которые представляли собой предприятия с огромным объемом производства, использующие гораздо большее количество рабочей силы.;x;;
ev_20000248;Пожар в Стокгольме;x;;
desc_ev_20000248;Сегодня жители Стокгольма пережили один из самых страшных пожаров в истории нашего города, в результате которого погибло множество людей и было разрушено бесчисленное множество исторических зданий.;x;;
ev_20000249;Энциклопедия впервые опубликована;x;;
desc_ev_20000249;Encyclopaedia, общая энциклопедия, была опубликована Дени Дидро и Жаном Лероном Д'Аламбером. Это новаторская энциклопедия, поскольку она была первой, написанной многими авторами, и первой, которая обратила внимание на механические искусства. Многие считают ее вершиной Просвещения.;x;;
ev_20000250;Мария Терезия Талер чеканка;x;;
desc_ev_20000250;Талер Марии Терезии был отчеканен впервые и стал первой монетой, введенной в мировую торговлю, став стандартом немецкоязычных стран.;x;;
ev_20000251;Пожар Москвы;x;;
desc_ev_20000251;Город Москва частично сгорел в результате более крупного пожара, в результате которого были повреждены многие жилые кварталы и погибло множество людей.;x;;
ev_20000254; Основан Московский университет;x;;
desc_ev_20000254;Создан новый образовательный центр высокого уровня — Московский государственный университет, который позволяет некоторым нашим студентам обратить свой интерес к науке и обеспечивает нам более высокие научные результаты.;x;;
ev_20000255;Землетрясение в Лиссабоне;x;;
desc_ev_20000255;Землетрясение потрясло город Лиссабон, что привело к бесчисленным смертям, разрушениям и хаосу. Мы пытаемся помочь ситуации, как можем, но, к сожалению, мы едва ли можем что-либо сделать.;x;;
ev_20000256;Завершение строительства храмового комплекса Пунин;x;;
desc_ev_20000256;В Чэндэ завершен новый храмовый комплекс, обычно называемый Большим храмом Будды. Он был построен, чтобы продемонстрировать уважение Цин к тибетскому буддизму. Это один из Восьми Внешних храмов, созданный по образцу тибетского дворца Потала.;x;;
ev_20000257;Новая аграрная реформа;x;;
desc_ev_20000257;Фридрих II провел новую реформу в сельском хозяйстве. С помощью многочисленных законов он принудил к посадке нового овоща — картофеля из-за его низкой потребности и высокой скорости роста.;x;;
ev_20000258;Открытие Британского музея;x;;
desc_ev_20000258;Британский музей, большая архитектура, открылась, чтобы показать историческую коллекцию нашей нации людям нашей нации. Она включает реликвии нашего прошлого и то, что мы привезли из Нового Света и Индии.;x;;
ev_20000259;Холокост сикхов;x;;
desc_ev_20000259;По приказу нашего императора наш народ начал тотальную резню сикхского народа между нашими границами после бесчисленных вторжений их страны, Пенджаба.;x;;
ev_20000263;Новый метод!;x;;
desc_ev_20000263;Мы долгое время следовали путям наших предков по созданию водки, но с нововведениями и изобретениями эпохи нам приходится двигаться вперед. Наша императрица Екатерина II отдала приказ производить водку новым, улучшенным способом, позволяющим производить больше при меньших затратах.;x;;
ev_20000264;Зверь атакует;x;;
desc_ev_20000264;Звери неизвестного происхождения начали нападать на деревни по всей стране, убивая невинных людей. Некоторые думают, что это кара Божья, некоторые более рациональные люди говорят, что это не звери, а волки, которых загнал в деревни голод.;x;;
ev_20000265;Гранд-тур Моцарта;x;;
desc_ev_20000265;Выдающийся молодой человек по имени Вольфганг Амадей Моцарт отправился в турне из нашей страны в Западную Европу, чтобы распространить свою великолепную музыку повсюду, по пути изучая местную культуру.;x;;
ev_20000266;Свободная пресса;x;;
desc_ev_20000266;Наша страна только что стала первой, предоставившей своему народу полностью свободную прессу, без какой-либо централизованной цензуры, позволяя любому человеку основать свой собственный журнал, газету, издание с любым содержанием.;x;;
ev_20000267;Корсика потеряна;x;;
desc_ev_20000267;Поскольку французы уже некоторое время де-факто владеют островом Корсика, мы сделали все, что могли, чтобы извлечь из этого максимальную выгоду, и продали право собственности на него де-юре французам. Мы фактически ничего не потеряли, кроме де-юре повода для войны, но вместо этого получили немного денег, чтобы улучшить нашу страну.;x;;
ev_20000268;Основание Королевской академии художеств;x;;
desc_ev_20000268;Королевская академия искусств была основана личным указом нашего короля с целью популяризации искусства дизайна в Великобритании посредством образования и выставок, а также для поощрения признания и интереса общественности к изящному искусству.;x;;
ev_20000269;Получен патент на паровой двигатель;x;;
desc_ev_20000269;Паровая машина Джеймса Уатта — изобретение, способное преобразовывать тепло в энергию, — была создана инженером Джеймсом Уаттом, и теперь ей впервые выдан королевский патент на начало производства.;x;;
ev_20000270;Голод!;x;;
desc_ev_20000270;Из-за неурожая последних лет и засухи этого года наши люди страдают, пытаясь выжить изо дня в день с тем немногим, что у них есть. Новости о каннибализме достигли дворца, и даже ведущие дворяне нашей страны боятся того, что будет дальше.;x;;
ev_20000272;Чума возвращается;x;;
desc_ev_20000272;Новая чума достигла города Москвы, большая часть местного населения. Болезнь не пощадила никого, дворяне и простолюдины все равно умирали. Это печальный день нашей страны.;x;;
ev_20000273;Завершение строительства храмового комплекса Путо Зондченг;x;;
desc_ev_20000273;Завершено строительство нового храмового комплекса в Чэндэ. Он был построен, чтобы продемонстрировать уважение Цин к тибетскому буддизму. Это один из восьми внешних храмов, созданный по образцу тибетской Потала Пала. Это самый большой из комплексов, занимающий площадь 220 000 квадратных метров.;x;;
ev_20000274;Провозглашено абсолютное правление;x;;
desc_ev_20000274;Наш король Густав III наконец-то объявил о своей абсолютной власти, полностью отстранив парламент от власти медленно, но верно. Это позволит ему гораздо легче добраться до ресурсов страны.;x;;
ev_20000276;Основан Стамбульский технический университет;x;;
desc_ev_20000276;Создан новый учебный центр высокого уровня — Стамбульский технический университет, который позволяет некоторым нашим студентам обратить свой интерес к науке и обеспечивает нам более высокие научные результаты.;x;;
ev_20000277;Людовик XVI коронован;x;;
desc_ev_20000277;Людовик XVI, новый король, был коронован в нашем королевстве. Он вырос в новую эпоху, эпоху Просвещения, поэтому мы можем ожидать, что он оправдает величие, которого ждет от него наша нация.;x;;
ev_20000278;Опубликовано «Богатство Наций»;x;;
desc_ev_20000278;Опубликована величайшая на сегодняшний день работа Адама Смита «Богатство народов». Это первое в мире собрание описаний того, что создает богатство наций и может стать важной частью экономики будущего.;x;;
ev_20000279;Основание иллюминатов;x;;
desc_ev_20000279;Отделившаяся ветвь свободных каменщиков создала тайную организацию под названием Иллюминаты. Они поставили себе цель завоевать весь мир и установить Новый Мировой Порядок. Помимо своей пугающей цели, они, похоже, держатся особняком.;x;;
ev_200002835;Лига вооруженного нейтралитета;x;;
desc_ev_200002835;После недавних конфликтов в Европе и относительно стабильных отношений с северными странами мы решили подписать с ними договор, Лигу вооруженного нейтралитета. Это не союз, но это означает, что мы принимаем наши нынешние границы и не будем нападать друг на друга в настоящее время, что позволяет нам сосредоточить нашу силу на других границах.;x;;
ev_200002845;Основание Университета Мюнстера;x;;
desc_ev_200002845;Создан новый образовательный центр высокого уровня — Университет Мюнстера, который позволяет некоторым нашим студентам обратить свой интерес к науке и обеспечивает нам более высокие научные результаты.;x;;
ev_20000285;Патент толерантности;x;;
desc_ev_20000285;В нашей стране был принят новый патент, Патент толерантности, позволяющий свободу вероисповедания нашим меньшинствам. Это сделает большинство людей счастливыми, но наверняка найдутся те, кто выступит против идеи предоставления другим религиям тех же прав, что и им.;x;;
ev_20000286;Банк Северной Америки;x;;
desc_ev_20000286;В нашей стране и в Америке открылся первый банк, что позволило нам получить монополию на торговлю деньгами и кредитование в Новом Свете.;x;;
ev_20000287;Сику Цюаньшу Полное;x;;
desc_ev_20000287;Сборник книг, полная энциклопедия эпохи, была опубликована 361 ученым по приказу императора Цяньлуна, чтобы превзойти то, чего достигла династия Мин в прошлом. Она содержала более 3400 названий, в 36381 столбце с более чем 79000 глав, 2,3 миллиона страниц и 800 миллионов китайских иероглифов.;x;;
ev_20000288;Извержение вулкана Лаку;x;;
desc_ev_20000288;Произошло извержение вулкана Лаки, в результате чего погибла значительная часть населения Исландии из-за раскаленного пепла, падающих камней и расплавленной породы, которая уничтожала все на своем пути.;x;;
ev_20000289;Великие Метеорные Проходы;x;;
desc_ev_20000289;Наша страна первая увидела большой метеор, который пролетел около нашей планеты сегодня. В прошлом люди могли думать, что такие события приносят неудачу, но, к счастью, мы живем в просвещенные времена.;x;;
ev_20000291;Действие конституции Венгрии приостановлено;x;;
desc_ev_20000291;"Нынешний король приостановил действие давней венгерской конституции, разгневав дворян, и провозгласил абсолютную власть, как это делают многие европейские правители в эти годы; iaeioidua iacuaatho iuiaoiee iadeia yiioie idinaauaiiiai aaniethoecia.";x;;
ev_20000292;Голод!;x;;
desc_ev_20000292;Из-за неурожая последних лет и засухи этого года наши люди страдают, пытаясь выжить изо дня в день с тем немногим, что у них есть. Новости о каннибализме достигли дворца, и даже ведущие дворяне нашей страны боятся того, что будет дальше.;x;;
ev_20000293;Дебют «Женитьбы Фигаро»;x;;
desc_ev_20000293;Новая опера таланта, Моцарт дебютирует сегодня в городе Вена в Королевском оперном театре. Мы с нетерпением ждем этого события, так как этот композитор никогда нас не разочаровывал.;x;;
ev_20000294;Землетрясение в провинции Чэнду!;x;;
desc_ev_20000294;Сегодня утром в округе произошло землетрясение, приведшее к многочисленным оползням. Погибло бесчисленное количество людей, и мы все еще ищем выживших на отдаленных фермах и в деревнях. Некоторые из них были полностью отрезаны, поэтому мы все еще не можем быть уверены в полном объеме нанесенного ущерба.;x;;
ev_20000295;Достигнута вершина Монблана;x;;
desc_ev_20000295;Гражданин нашей страны наконец-то сделал то, что многие пытались сделать до него, и достиг вершины самой высокой горы Европы, Монблана. Это славный день для нашей нации.;x;;
ev_20000296;Арестован лондонский монстр;x;;
desc_ev_20000296;Серийный убийца, который долгое время находился на улицах, наконец-то был арестован. Убийца, которого население называет Лондонским Монстром, убил более 30 человек, но теперь он должен предстать перед судом и получить наказание, достойное такого деяния.;x;;
ev_20000297;Изобретена семафорная машина;x;;
desc_ev_20000297;Новая машина, названная семафором, была закончена Клодом Шаппом и его братом. Ранее ее создали англичане, но они так и не усовершенствовали ее. Теперь, при королевской поддержке, он начал покрывать всю Францию семафорными линиями, что позволило обеспечить гораздо более быструю связь, чем когда-либо прежде.;x;;
ev_20000298;Бранденбургские ворота завершены;x;;
desc_ev_20000298;Бранденбургские ворота, огромный памятник славе нашей нации, были завершены. Они основаны на древнеримских арках славы, но они больше большинства из них. Они быстро стали самой известной достопримечательностью нашей нации.;x;;
ev_20000299;Корабль замечен у наших берегов;x;;
desc_ev_20000299;Еще один корабль прибыл к нашим берегам, но этот отличался от тех, что были в Европе. Он нес флаг, которого мы никогда не видели раньше, и они прибыли с востока, с недавно открытого континента европейцев. Они предложили нам помощь и привезли с собой дары, чтобы помочь нашему продвижению и работать вместе ради светлого будущего.;x;;
ev_20000300;Извержение вулкана Унзен;x;;
desc_ev_20000300;Гора Унзен изверглась, удивив местное население и убив многих из них, которые не смогли вовремя добраться до безопасного места. Мы можем только надеяться, что она останется спящей после этого катастрофического извержения.;x;;
ev_20000301;Рабство объявлено вне закона;x;;
desc_ev_20000301;С последней реформой нашего короля мы полностью запретили рабство между нашими границами, став первыми в мире, кто сделал это. Мы стали примером, которому многие последуют, это точно.;x;;
ev_20000302;Дебюты Никколо Паганини;x;;
desc_ev_20000302;Сегодня дебютировал Никколо Паганини, скрипач, альтист, гитарист и композитор. Он казался действительно талантливым, некоторые уже предсказывали, что он станет величайшим виртуозом нашего поколения.;x;;
ev_20000303;Готт Эрхальт Франц Ден Кайзер;x;;
desc_ev_20000303;Песня «Gott Erhalte Franz Den Kaiser» или «Kaiserhymne» была написана Йозефом Гайдном, а слова к ней написал Лоренц Леопольд Хашка в качестве гимна Францу II, императору Священной Римской империи и Австрии, но после ее успеха император выбрал ее в качестве национальной песни империи Габсбургов.;x;;
ev_20000304;Акт о Союзе;x;;
desc_ev_20000304;Акт об унии был принят с целью объединения Королевства Великобритании и Королевства Ирландии в одну корону и полностью единое государство с одним правительством, одной верхней палатой и едиными законами.;x;;
ev_20000305;Первая перепись населения Великобритании;x;;
desc_ev_20000305;Мы провели первую в истории нашей страны полную перепись населения, собрав информацию о населении, городах, деревнях и общей демографии нашей страны.;x;;
ev_20000306;Первая перепись во Франции;x;;
desc_ev_20000306;Мы провели первую в истории нашей страны полную перепись населения, собрав информацию о населении, городах, деревнях и общей демографии нашей страны.;x;;
ev_20000307;Сочинено на Вестминстерском мосту;x;;
desc_ev_20000307;Уильям Вордсворт, один из первых английских поэтов-романтиков, создал сонет под названием «Сочиненный на Вестминстерском мосту», описывая город Лондон, реку Темзу и вид с Вестминстерского моста ранним утром.;x;;
ev_20000308;Гаити провозглашает независимость!;x;;
desc_ev_20000308;Государство Гаити, на западной части Эспаньолы, провозгласило независимость, сформировав свое собственное правительство. Это было в основном осуществлено рабским населением, которое восстало и взяло под контроль нашу местную администрацию.;x;;
ev_20000309;Этническая чистка;x;;
desc_ev_20000309;Мы были рабами слишком долго, живя в страхе перед порой возмутительными приказами нашего хозяина. Но теперь мы хозяева. Мы осуществим нашу месть, убив каждого белого человека на нашем свободном острове. Да здравствует революция!;x;;
ev_20000310;Первое сербское восстание;x;;
desc_ev_20000310;Волнения среди нашего сербского населения росли, но теперь они медленно перерастают в открытый мятеж. Националистические идеи, которые начали расти в них, — это не что иное, как плохие новости для нас. Мы должны быть готовы подавить их силой.;x;;
ev_20000311;Сердом отменен;x;;
desc_ev_20000311;Крепостное право наконец-то отменено, освобождение крепостных, разрешение им сохранить свои земли как свободным подданным. Мы живой пример для остальной Европы!;x;;
ev_20000312;Основание Академии изящных искусств;x;;
desc_ev_20000312;В Мюнхене открылась академия с классами изобразительного искусства, скульптуры, изобразительного искусства, живописи, художественных концепций, художественного образования, золотого и серебряного дела, а также графического дизайна, профессора и студенты ведут откровенные дискуссии. Магистерские курсы по архитектуре и урбанистике, а также искусству и общественному пространству являются одними из самых известных в своих областях.;x;;
ev_20000313;Обращения к немецкому народу;x;;
desc_ev_20000313;Немецкий философ Иоганн Готлиб Дихте опубликовал политическую книгу, которая пропагандирует немецкий национализм. Вызывая чувство немецкой самобытности в языке, традициях и литературе, которые составляли общую идентичность.;x;;
ev_20000314;Финляндия отделяется!;x;;
desc_ev_20000314;Финляндия, которая долгие годы принадлежала нам, отделилась, и мы ничего не могли с этим поделать, так как русские автоматически заявили о своей поддержке финской свободы, по сути установив протекторат.;x;;
ev_20000315;Боливия провозглашает независимость;x;;
desc_ev_20000315;Боливия, одна из наших западных колоний в Южной Америке, объявила независимость под властью милитаристской хунты. Наше нынешнее экономическое положение может позволить или не позволить нам вернуть ее, но мы должны попытаться.;x;;
ev_20000316;Эквадор провозглашает независимость!;x;;
desc_ev_20000316;Эквадор, одна из наших меньших колоний, объявила независимость в Южной Америке как свободная демократия, захватив наши местные административные здания. Мы должны попытаться вернуть их, прежде чем другие последуют за нами.;x;;
ev_20000317;Открытие Королевского оперного театра;x;;
desc_ev_20000317;Королевский оперный театр был открыт на месте оригинального оперного театра 1732 года, который позже сгорел. Он стал домом Королевской оперы, Королевского балета и Оркестра Королевского оперного театра.;x;;
ev_20000318;Венесуэла провозглашает независимость!;x;;
desc_ev_20000318;Народ Венесуэлы был по горло сыт нашим руководством и решил провозгласить независимость с военной хунтой во главе страны. Мы должны вернуть их, прежде чем мы окончательно потеряем контроль над Южной Америкой!;x;;
ev_20000319;К Элизе Сочинено;x;;
desc_ev_20000319;Людвиг ван Бетховен, великий композитор, работающий в нашей службе, написал свое самое популярное на сегодняшний день произведение для фортепиано соло под названием «К Элизе».;x;;
ev_20000320;Мексика провозглашает независимость;x;;
desc_ev_20000320;Народ Мексики, включая провинции Центральной Америки, объявили независимость от нашего правления, создав свое собственное правительство. Мы должны попытаться вернуть провинции, прежде чем они смогут заставить больше колоний присоединиться к их делу.;x;;
ev_20000321;Чили формирует хунту;x;;
desc_ev_20000321;Мы получили новости о том, что люди в Чили создали военную хунту. Они пока не пытались объявить о своей независимости, но могут сделать это в любой момент. Мы должны разместить там больше солдат, чтобы сдержать их.;x;;
ev_20000322;Первый Октоберфест;x;;
desc_ev_20000322;Во время недавнего королевского бракосочетания все жители Мюнхена были приглашены на празднества, проходившие перед городскими воротами. Это мероприятие называлось Theresienwiese, в честь кронпринцессы. Это мероприятие было настолько популярным, что было решено проводить его каждый год в одно и то же время.;x;;
ev_20000323;Бунты в Буэнос-Айресе;x;;
desc_ev_20000323;В Буэнос-Айресе растут беспорядки после недавних революций в других испанских колониях. Мы можем только надеяться, что эти в основном мирные беспорядки не перерастут в еще один открытый мятеж.;x;;
ev_20000324;Парагвай провозглашает независимость;x;;
desc_ev_20000324;Государство Парагвай в центре Южной Америки провозгласило независимость, следуя примеру других соседних колоний. Чтобы остаться верными короне, мы должны попытаться бороться и вернуть их обратно.;x;;
ev_20000326;Мигель Идальго и Костилья казнен;x;;
desc_ev_20000326;Мексиканский священник, получивший иезуитское образование и лидер Движения за независимость Мексики, попал в нашу ловушку, его полк был убит, и вот в этот самый день он был расстрелян.;x;;
ev_20000327;Свобода слова в Аргентине!;x;;
desc_ev_20000327;Новое правительство Аргентины провозгласило полную свободу слова. Это почти автоматически привело к появлению тысяч антииспанских и революционных статей, заполонивших местную прессу.;x;;
ev_20000328;Атаки луддитов;x;;
desc_ev_20000328;Луддиты, движение, поклявшееся уничтожить все машины, которые отнимают у людей работу, атаковали фабрику по обработке шерсти в Западном Йоркшире, чтобы начать выполнять свое обещание. Нам действительно следует подумать о создании большего количества фабрик для людей, которые стали безработными из-за автоматизации.;x;;
ev_20000329;Каракас разрушен!;x;;
desc_ev_20000329;Город Каракас был разрушен недавним землетрясением, не оставив почти ни одного стоящего здания. Погибло много людей, но жертв было гораздо меньше, чем ущерб, нанесенный самому городу.;x;;
ev_20000330;Гордость и предубеждение опубликовано;x;;
desc_ev_20000330;Джин Остин, женщина-автор, опубликовала новую книгу, которая сразу же стала бестселлером. Это роман о нравах, морали в обществе помещиков современной Англии.;x;;
ev_20000331;Аргентина провозглашает независимость;x;;
desc_ev_20000331;Аргентина, с ее недавно сформированным правительством, также объявила о независимости после событий беспорядков в Буэнос-Айресе. Мы сделаем все, чтобы вернуть наши земли, пока мы еще можем.;x;;
ev_20000332;Кальмарская уния заканчивается;x;;
desc_ev_20000332;Кальмарская уния закончилась после многих лет своего существования. Норвегия была освобождена как отдельное, независимое государство, которое просуществовало всего несколько дней, так как вскоре Швеция вторглась, вассализировав страну.;x;;
ev_20000334;Второе сербское восстание;x;;
desc_ev_20000334;Сербские волнения снова усилились, следуя за другими революциями в мире. Мы наблюдаем, как сначала мирные беспорядки превращаются в кровавый конфликт. Единственное, что мы можем сделать, чтобы сохранить эти земли, — это создать свободное государство, принадлежащее нам, чтобы успокоить сербскую чернь.;x;;
ev_20000335;Чили провозглашает независимость;x;;
desc_ev_20000335;После формирования хунты Чили также объявила о своем собственном правительстве, оставив испанское правление. Мы можем попытаться вернуть эти колонии, но наверняка местные беспорядки после этого будут еще сильнее.;x;;
ev_20000336;Новый Флаг;x;;
desc_ev_20000336;Мы наконец-то приняли флаг, представляющий нашу страну. С тринадцатью полосами и звездами, равными числу штатов, входящих в нашу состав. Наш народ будет гордиться этим новым национальным символом.;x;;
ev_20000337;Образована Великая Колумбия;x;;
desc_ev_20000337;Симон Боливар, ведущий революционер, который помог многим нациям обрести свободу, создал нацию Великая Колумбия, объединив недавно освобожденную Колумбию с нашей нацией Венесуэла. Испания не сможет остановить нас.;x;;
ev_20000338;Флорида Продана;x;;
desc_ev_20000338;С нашими колониями, которые нас бросили, мы могли только попытаться защитить то немногое, что у нас есть. Бунты во Флориде пока подавлены, но мы никогда не можем быть уверены, поэтому мы решили продать ее США в обмен на то, что не будем атаковать наши владения в Техасе.;x;;
ev_20000339;Открытие Burlington Arcade;x;;
desc_ev_20000339;В Лондоне открылась новая торговая улица Burlington Arcade, которую в основном посещают члены королевской семьи и знать, что позволяет им забыть о повседневных проблемах и сосредоточиться на покупке новых вещей по своему вкусу.;x;;
ev_20000340;Венера Милосская обнаружена;x;;
desc_ev_20000340;На острове Милос обнаружена древняя статуя древнегреческой богини Венеры. Она будет выставлена на обозрение после того, как ее тщательно изучат наши ученые и историки.;x;;
ev_20000341;Греческая война за независимость;x;;
desc_ev_20000341;С ростом национализма в мире греки также сформировали свое собственное движение, провозгласив независимость от нашей власти и собрав своих граждан, чтобы дать отпор нашим армиям. Наше возвращение будет быстрым.;x;;
ev_20000342;Перу провозглашает независимость;x;;
desc_ev_20000342;Колония Перу объявила независимость от нашей страны, свергнув местного губернатора и сформировав собственное правительство. Мы попытаемся вернуть их силой, но наши владения в Америке стремительно сокращаются.;x;;
ev_20000343;Государства Центральной Америки получают местную власть;x;;
desc_ev_20000343;Мини-государствам Центральной Америки были предоставлены местные полномочия, чтобы они пока оставались с нами.;x;;
ev_20000344;Панама провозглашает независимость;x;;
desc_ev_20000344; Колония Панама провозгласила независимость, но вместо того, чтобы сформировать местное правительство, они решили присоединиться к существующему Большому Колумбийскому Союзу, чтобы лучше защитить себя, чего они, возможно, не смогут сделать сами.;x;;
ev_20000345;Доминиканская Республика провозглашает независимость;x;;
desc_ev_20000345;Доминиканская Республика объявила независимость в восточной части Эспаньолы. С нашими колониями, которые быстро сокращаются, мы все еще должны быть в состоянии вернуть их, чтобы сохранить плацдарм в Южной Америке.;x;;
ev_20000346;Доминиканская Республика Вторжение;x;;
desc_ev_20000346;Поскольку соседняя испанская колония восстала, это самое подходящее время для нас, чтобы захватить еще немного земли и полный контроль над Эспаньолой. Их должно быть легко захватить, поскольку они все еще не так хорошо организованы, а испанские войска все еще далеко.;x;;
ev_20000347;Бразилия провозглашает независимость;x;;
desc_ev_20000347;С ростом национализма в Америке наша колония Бразилия также провозгласила свою независимость от нас под руководством самопровозглашенного императора Петра I. Мы должны приложить все усилия и вернуть себе то, что де-юре принадлежит нам.;x;;
ev_20000349;Конец империи;x;;
desc_ev_20000349;После смерти нашего императора, который не назначил наследника, мы можем сделать только одно, чтобы избежать внутреннего конфликта: мы провозгласим демократию с сильным централизованным президентским руководством.;x;;
ev_20000350;Центральная Америка провозглашает независимость;x;;
desc_ev_20000350;Соединенные Штаты Центральной Америки, коалиция мини-государств Центральной Америки, объявили о своем собственном правительстве и независимости от нас и любой другой власти. Поскольку мы ранее уже предоставили им возможность местного самоуправления, мы не хотим начинать войну за эти в основном бесполезные земли.;x;;
ev_20000351;Боливар провозглашен диктатором;x;;
desc_ev_20000351;Боливар, освободитель большинства южноамериканских стран, был провозглашен диктатором нашей страны, чтобы вести ее к лучшему будущему. Сначала он сопротивлялся, но в конце концов принял это на радость нашему народу.;x;;
ev_20000352;Новая Голландия переименована;x;;
desc_ev_20000352;Поскольку континент Новая Голландия в основном находился под нашим контролем, мы решили следовать старому плану и переименовать континент во что-то более отличительное — Австралию.;x;;
ev_20000353;Уругвай отделяется;x;;
desc_ev_20000353;Народ Уругвая решил отделиться от нашей страны и попытаться самостоятельно принять участие в мировой политике. Конечно, мы не хотим ввязываться в войну так рано в истории нашей свободной нации, поэтому мы решили позволить им уйти свободно, на данный момент.;x;;
ev_20000355;Открытие первой железной дороги;x;;
desc_ev_20000355;После усовершенствования паровой машины и создания стали, способной выдерживать вес так называемого локомотива — тележки, перемещаемой паровой машиной по стальным рельсам, — мы смогли успешно создать первую в истории общественную, в основном грузовую железную дорогу, соединившую шахту с речным портом.;x;;
ev_20000357;Подвесной мост Менай завершен;x;;
desc_ev_20000357;Мост, соединяющий остров Англси и Уэльс, был необходим уже давно, но поскольку в этом месте было интенсивное морское движение, мы не могли построить мост до сих пор, пока не были изобретены подвесные мосты, один из первых из которых был построен здесь.;x;;
ev_20000358;Шикшапатри, автор Сваминараян;x;;
desc_ev_20000358;Шикшапатри, религиозный текст из двухсот двенадцати стихов, был завершен на санскрите Бхангваном Сваминараяном, который считается ключевым писанием последователей упомянутого святого человека и основой секты. Это подробный текст о способах проживания духовно возвышающей жизни.;x;;
ev_20000359;Новые методы бурения;x;;
desc_ev_20000359;После потери власти нашей империи султан нашей нации решил реформировать наше самое элитное подразделение, янычар, на западноевропейский манер. Это позволило нам вернуть часть утраченного уважения и страха со стороны соседних стран.;x;;
ev_20000360;Цисплатиновая война;x;;
desc_ev_20000360;После того, как Бразилия мирно их отпустила, они нарушили свое обещание и напали на нас. К счастью, соседняя страна Аргентина пришла нам на помощь, начав так называемую Цисплатинатную войну.;x;;
ev_20000361;Изобретение авторучки;x;;
desc_ev_20000361;Новый инструмент для облегчения письма, перьевая ручка, была изобретена румынским изобретателем по имени Петрарке Поенару. Конечно, это новое изобретение было немедленно выдано королевскому патенту и стало массово производиться на фабриках и применяться в административных целях.;x;;
ev_20000362;Великий пожар Турку;x;;
desc_ev_20000362;Город Турку был полностью разрушен, погибла большая часть местных жителей в результате пожара, не похожего ни на один другой. Мы ничего не могли сделать, когда он распространился на каждый район, ничто не могло его остановить. Да помилует Бог души жертв.;x;;
ev_20000363;Тайфун обрушился на Японию;x;;
desc_ev_20000363;Сегодня к нашим берегам подошел более крупный тайфун, убивший множество людей и разрушивший фермы и дома. К счастью, это была преимущественно сельская местность, но ущерб все еще очень велик.;x;;
ev_20000364;Греция получила автономию;x;;
desc_ev_20000364;После неудачной войны за свободу, под давлением европейской нации у нас не было иного выбора, кроме как предоставить Греции местную автономию и отдельное правительство, продолжая при этом удерживать ее в качестве вассала.;x;;
ev_20000365;Дебаты Уэбстера-Хейна;x;;
desc_ev_20000365;Сегодня состоялись дебаты между сенатором Дэниелом Вебстером из Массачусетса и сенатором Робертом И. Хейном из Южной Каролины на тему протекционистских тарифов. Горячие речи между Вебстером и Хейном были незапланированными и возникли из дебатов по резолюции сенатора Коннектикута Сэмюэля А. Фута, призывающей к временной приостановке дальнейшего землемерия до тех пор, пока земля, уже находящаяся на рынке, не будет продана (это фактически остановило бы вывод новых земель на рынок). «Второй ответ Хейну» Вебстера был в целом расценен как «самая красноречивая речь, когда-либо произнесенная в Конгрессе».;x;;
ev_20000366;Эквадор отделяется;x;;
desc_ev_20000366;В то время как наша коалиция выполнила свою задачу, не дав Испании вернуть свои территории, народ Эквадора решил не продолжать свое членство в ней. Причины могут быть разными, но мы должны принять их решение и отпустить их как свободное государство.;x;;
ev_20000367;Первая Конституция;x;;
desc_ev_20000367;Теперь, когда мы успешно отделились от Испании, мы можем сосредоточиться на стабилизации страны, и первым шагом к этому станет создание нашей первой конституции, основанной на современных европейских идеях, и создание свободной демократии.;x;;
ev_20000368;Основание Иностранного Легиона;x;;
desc_ev_20000368;Поскольку наши армии в основном связаны в Европе, у нас меньше возможностей проецировать свою мощь на наши колонии, что приводит к беспорядкам, поскольку они пытаются следовать по пути испанских колоний. Но мы не будем иметь ничего от этого, поэтому мы создаем новую армию, Иностранный легион, который будет набираться из любого нефранцузского гражданина, обучаться и отправляться в наши колонии, чтобы поддерживать мир.;x;;
ev_20000369;Боснийское восстание;x;;
desc_ev_20000369;Боснийцы, следуя новым националистическим идеям, восстали, как это делали сербы и греки до них, чтобы обрести независимость. Конечно, это противоречит нашим интересам, поэтому мы должны вернуть себе наши земли, прежде чем какая-либо западная держава решит поддержать их дело.;x;;
ev_20000370;Вспышка холеры в Лондоне;x;;
desc_ev_20000370;В Лондоне начала распространяться болезнь под названием холера, убивая множество людей, но, к счастью, ее гибель далека от того, что унесла чума, благодаря современным лекарствам и несколько более высокому уровню жизни.;x;;
ev_20000371;Vom Kriege Опубликовано;x;;
desc_ev_20000371;Карл фон Клаузевиц, стратег и солдат нашей нации, написал книгу о военной тактике, которая была опубликована теперь, после его смерти. Она называется Vom Kriege и станет стандартом в офицерских школах.;x;;
ev_20000372;Рабство отменено;x;;
desc_ev_20000372;Следуя идеалам свободы, мы полностью отменили рабство и освободили каждого раба между нашими границами. Отныне мы сможем навязывать наши взгляды другим странам, которые все еще застряли в старых способах рабства.;x;;
ev_20000373;Цольферайн;x;;
desc_ev_20000373;Между культурными границами Германии нами создан беспошлинный союз, позволяющий нашему влиянию распространяться на немецкоязычные государства, приближаясь к единому немецкому государству.;x;;
ev_20000374;Испанская инквизиция закончилась;x;;
desc_ev_20000374;Эпоха инквизиций закончилась с началом новой, более великой эпохи. У нас больше нет необходимости или поддержки идеи навязывания кому-либо религиозных учений.;x;;
ev_20000375;Румынский язык запрещен;x;;
desc_ev_20000375;Румынский язык был запрещен нами в системе управления и образования оккупированной части Румынии, чтобы остановить или, по крайней мере, замедлить сепаратистские тенденции.;x;;
ev_20000376;Основана Мексиканская академия языков;x;;
desc_ev_20000376;В свободном государстве Мексика было основано первое учреждение высшего уровня — Академия языков. Это позволит нам достичь научных целей немного быстрее.;x;;
ev_20000377;Железная дорога в Брюсселе;x;;
desc_ev_20000377;После того, как в Соединенном Королевстве была открыта первая хорошо работающая общественная железная дорога, мы решили последовать их примеру и открыть железную дорогу в районе города Брюсселя.;x;;
ev_20000378;Первая немецкая железная дорога;x;;
desc_ev_20000378;После того, как первые железные дороги были построены в Англии и Нидерландах, первая железная дорога была открыта вокруг города Нюрнберга с помощью английских инженеров.;x;;
ev_20000379;Техас объявляет независимость;x;;
desc_ev_20000379;После того, как все наши южноамериканские колонии объявили о своей независимости, мы думали, что восстания прошли навсегда. Но, видимо, нет, поскольку штат Техас также объявил о своей независимости, ища помощи у других, успешно отделившихся штатов. Мы попробуем сделать все, чтобы вернуть его.;x;;
