aeronautics;Аэронавтика;Aeronautique;Luftfahrt;;Aeronautica;;;;;;;;;x;;;;,,,,,,,,,,,,,,,,,,,,,,,,,,,,,,;;;;;;;;;;;;;;;;;;
aeronautics_desc;Аэронавтика;Aeronautique;Luftfahrt;;Aeronautica;;;;;;;;;x;;;;,,,,,,,,,,,,,,,,,,,,,,,,,,,,,,;;;;;;;;;;;;;;;;;;
age_of_rationalism;Эпоха рационализма;;;;;;x;;,,,,,,,,,,,,,,,,,,,,,,,,,,,,,,;;;;;;;;;;;;;;;;;;;;;;;;;;;
agricultural_revolution_tech;Аграрная революция;;;;;;x;;,,,,,,,,,,,,,,,,,,,,,,,,,,,,,,;;;;;;;;;;;;;;;;;;;;;;;;;;;
AI_ground_leadership;Руководство ИИ на земле;;;;;;x;;,,,,,,,,,,,,,,,,,,,,,,,,,,,,,,;;;;;;;;;;;;;;;;;;;;;;;;;;;
ammunition_area_effect_calculations;Расчеты площади поражения боеприпасов;Calcul des zones d'effet des munitions;Bereichsseffekt-Munitionsberechnungen;;Calculos area de efecto de municion;;;;;;;;;x;;;;,,,,,,,,,,,,,,,,,,,,,,,,,,,,,,;;;;;;;;;;;;;;;;;;
ammunition_area_effect_calculations_desc;Благодаря проведению статистических стандартных измерений необходимого количества боеприпасов для достижения нужного эффекта против заранее определенного размера вражеского подразделения на заранее определенной площади боевые действия стали более экономически эффективными.;En etablissant des mesures statistiques standard sur le nombre de munitions necessaire pour produire l'effet voulu sur un dispositif ennemi de taille donnee dans un espace de combat donne, on a pu baisser le cout des operations militaires.;Durch die Anstellung statistischer Standardberechnungen, wie viel Munition benotigt wird, um gegen eine feindliche Einheit mit vorbestimmter Starke in einem vorbestimmten Gefechtsquadrat den gewunschten Effekt zu erzielen, konnten Gefechte kosteneffizienter gestaltet werden.;;Al hacer mediciones estadisticas estandar de la cantidad de municion necesaria para obtener el efecto deseado contra una unidad enemiga de tamano predeterminado en una zona tambien predefinida, el combate se hizo mas eficiente en cuanto a costes.;;;;;;;;;x;;;;,,,,,,,,,,,,,,,,,,,,,,,,;;;;;;;;;;;;;;;;;;
anti_aircraft_artillery;Зенитная артиллерия;Artillerie antiaerienne;Flugabwehrartillerie;;Artilleria antiaerea;;;;;;;;;x;;;;,,,,,,,,,,,,,,,,,,,,,,,,,,,,,,;;;;;;;;;;;;;;;;;;
anti_aircraft_artillery_desc;В ответ на растущую роль авиации в вооруженном конфликте были разработаны новые методы и виды оружия для противодействия этой новой угрозе. Специализированная зенитная артиллерия стала важным шагом вперед в этой области.;En reponse au role de plus en plus important de l'aviation lors des conflits armes, de nouvelles methodes et armes furent concues pour contrer une telle menace. En la matiere, l'artillerie antiaerienne jouait un role preponderant.;Als Reaktion auf die zunehmend bedeutende Rolle von Flugzeugen in bewaffneten Konflikten wurden neue Abwehrmethoden und Waffen gegen diese neue Bedrohung entwickelt. Spezialisierte Flugabwehrartillerie war ein grosser Fortschritt auf diesem Gebiet.;;Como respuesta a la creciente importancia de los aviones en el conflicto, se disenaron nuevos metodos y armas para contrarrestar esta nueva amenaza. La artilleria antiaerea fue un importante avance en este campo.;;;;;;;;;x;;;;,,,,,,,,,,,,,,,,,,,,,,,,,,;;;;;;;;;;;;;;;;;;
anti_clericalism;Антиклерикализм;;;;;;x;;,,,,,,,,,,,,,,,,,,,,,,,,,,,,,,;;;;;;;;;;;;;;;;;;;;;;;;;;;
anti_necessitarian_soc_thought;Анти-нецесситаризм;;;;;;x;;,,,,,,,,,,,,,,,,,,,,,,,,,,,,,,;;;;;;;;;;;;;;;;;;;;;;;;;;;
antiquity_invention;Вновь открытая древность;;;;;;x;;,,,,,,,,,,,,,,,,,,,,,,,,,,,,,,;;;;;;;;;;;;;;;;;;;;;;;;;;;
armoured_cars;Бронированные автомобили;Vehicules blindes;Panzerwagen;;Coches blindados;;;;;;;;;x;;;;,,,,,,,,,,,,,,,,,,,,,,,,,,,,,,;;;;;;;;;;;;;;;;;;
armoured_cars_desc;Бронеавтомобили выполняли роль, не совсем подходящую для танков или обычной пехоты, установленной на грузовиках. Предоставляя более легкие транспортные средства кавалерийским и полицейским подразделениям, бронеавтомобили могли быстро передвигаться по обычным дорогам и обеспечивать высокую степень огневой мощи на единицу транспортного средства.;Les vehicules blindes remplissent un role qui ne convient pas aux chars ou a l'infanterie montee sur des camions. Avec la fourniture de vehicules legers pour les unites de cavalerie et les unites de la police, des vehicules blindes pouvaient circuler a grande vitesse sur les routes ordinaires, et fournir un haut degre de puissance de feu par vehicule. ;Panzerwagen fullten eine Rolle aus, fur die Panzer oder regulare Infanterie auf Lastwagen nicht geeignet waren. Panzerwagen, mit der die Kavallerie und Polizei ausgerustet wurden, konnten auf normalen Strassen schnell fahren und verfugten uber hohe Feuerkraft.;;Los coches blindados desempenaron un papel para el que no estaban bien preparados ni los tanques ni la infanteria montada en camiones. Los coches blindados proporcionaban vehiculos ligeros a las unidades de caballeria y policia, que con ellos podian viajar a gran velocidad por carreteras normales y disponer de una mas que decente potencia de fuego.;;;;;;;;;x;;;;,,,,,,,,,,,,,,,,,,,,,,;;;;;;;;;;;;;;;;;;
army_doctrine;Армейская доктрина;1700 - 1799;1700 - 1799;;1700 - 1799;;;;;;;;;x;;;;,,,,,,,,,,,,,,,,,,,,,,,,,,,,,,;;;;;;;;;;;;;;;;;;
army_doctrine_desc;Это доктринальное изменение вашей армии. Новые идеи о том, как двигаться и защищаться, одновременно увеличивая защиту ваших подразделений, увеличивая их скорость и давая вам возможность улучшить ваши укрепления.;Il s'agit du changement de doctrine de votre armee. De nouvelles methodes offensives et defensives permettent d'augmenter la defense et la vitesse de vos unites et d'ameliorer vos fortifications. ;Dies ist der doktrinelle Wechsel Ihrer Armee. Neue Ideen bezuglich mobiler Verteidigung bei gleichzeitiger Verbesserung der Verteidigungsfahigkeiten Ihrer Einheiten erhohen deren Geschwindigkeit und geben Ihnen die Moglichkeit, Ihre Befestigungsanlagen zu verstarken.;;Esto es el cambio doctrinal de tu ejercito. Nuevas ideas de como moverse y defender al tiempo que aumentas la defensa de tus unidades, su velocidad y la posibilidad de mejorar tus fortificaciones.;;;;;;;;;x;;;;,,,,,,,,,,,,,,,,,,,,,,,,,,;;;;;;;;;;;;;;;;;;
army_local_military_government;Местное военное управление;Administration militaire locale;Lokale Militarregierung;;Gobierno militar local;;;;;;;;;x;;;;,,,,,,,,,,,,,,,,,,,,,,,,,,,,,,;;;;;;;;;;;;;;;;;;
army_local_military_government_desc;В высоко милитаризованном обществе или в обычном обществе в состоянии войны часто требовались не только советы по военно-гражданскому сотрудничеству на местном уровне, но иногда и большинство местных органов власти могли быть назначены офицерами. Это означало не только сильный военный контроль, но и то, что власть армии непропорционально увеличивалась по сравнению с другими правительственными учреждениями.;Dans une societe fortement militarisee, ou une societe normale en guerre, il est souvent necessaire, non seulement d'avoir la cooperation civilo-militaire au niveau local, mais parfois d'avoir dans l'administration locale des officiers en poste. Cela signifie non seulement un fort controle militaire, mais aussi que la puissance de l'Armee peut augmenter de maniere disproportionnee par rapport a d'autres agences gouvernementales. ;In einer stark militarisierten Gesellschaft bzw. einer normalen Gesellschaft im Krieg wurden militarisch-zivile Kooperationsausschusse nicht nur auf lokaler Ebene benotigt - manchmal bestanden lokale Regierungen sogar fast ausschliesslich aus Offizieren. Dies bedeutete nicht nur starke militarische Kontrolle, sondern auch, dass die Macht der Armee unproportional grosser war als die anderer behordlicher Einrichtungen.;;En una sociedad fuertemente militarizada, o en una sociedad normal en guerra, a menudo eran necesarias no solo juntas de cooperacion entre militares y civiles a nivel local, a veces, los oficiales tambien nombraban a la mayoria de gobiernos locales. Esto suponia un fuerte control militar, pero tambien que el poder del ejercito aumentaba desproporcionadamente en comparacion al de los organismos gubernamentales.;;;;;;;;;x;;;;,,,,,,,,,,,,,,;;;;;;;;;;;;;;;;;;
army_military_political_decision_making;Принятие военно-политических решений;Prise de decision politico-militaire;Militarisch-politische Entscheidungsfindung;;Toma decisiones politico-militares;;;;;;;;;x;;;;,,,,,,,,,,,,,,,,,,,,,,,,,,,,,,;;;;;;;;;;;;;;;;;;
army_military_political_decision_making_desc;В военное время влиятельная армия, которая долгое время лоббировала свои интересы, могла получить полный контроль не только над ведением войны, но и над управлением ресурсами страны. По сути, это можно было бы назвать Военной диктатурой, управляемой Генеральным штабом.;En temps de guerre, une armee influente qui a fait pression pour sa cause, depuis une longue periode, peut avoir le controle complet, non seulement sur l'execution de la guerre, mais aussi sur la gestion des ressources du pays. Cela pourrait en fait etre appele une dictature militaire regie par l'etat-major general des armees. ;Zu Kriegszeiten konnte eine einflussreiche Armee, die fur ihre Sache lange Zeit Lobbyarbeit geleistet hatte, nicht nur die vollige Kontrolle uber die Kriegsfuhrung ubernehmen, sondern auch uber die Ressourcenverwaltung des Landes. Dies konnte im Grunde eine Militardiktatur unter Fuhrung des Generalstabs genannt werden.;;En tiempos de guerra, un Ejercito influyente que hubiera presionado por sus intereses durante largo tiempo, podria conseguir un control absoluto no solo de la ejecucion de la guerra, sino de toda la gestion de los recursos del pais. A esto se le podria llamar basicamente 'dictadura militar', dirigida por el Estado Mayor.;;;;;;;;;x;;;;,,,,,,,,,,,,,,,,,;;;;;;;;;;;;;;;;;;
army_political_lobbying;Политическое лоббирование;Lobby politique;Politische Lobbyarbeit;;Presion politica;;;;;;;;;x;;;;,,,,,,,,,,,,,,,,,,,,,,,,,,,,,,;;;;;;;;;;;;;;;;;;
army_political_lobbying_desc;Имея высокопоставленных офицеров, обслуживающих политиков и являющихся экспертами в комиссиях по обороне, армия могла легко оказывать сильное влияние на политические решения, касающиеся политики обороны и безопасности.;Mettre en place des officiers de haut rang aupres des politiciens et dans les commissions de la defense a permis a l'armee d'influer lourdement sur les decisions politiques concernant la defense et la securite nationale.;Durch den Kontakt hochrangiger Offiziere mit Politikern und Experten im Umgang mit Verteidigungsausschussen aus den eigenen Reihen konnte die Armee mit Leichtigkeit starken Einfluss auf politische Entscheidungen bezuglich Verteidigungsfragen und Sicherheitspolitik ausuben.;;Que hubiera oficiales de rango superior atendiendo a los politicos y expertos en las comisiones de defensa, etc., facilitaba que el Ejercito pudiera influir poderosamente en decisiones relativas a las politicas de defensa y seguridad.;;;;;;;;;x;;;;,,,,,,,,,,,,,,,,,,,,,,,,,,,;;;;;;;;;;;;;;;;;;
army_tech;Армия: С 1700 г.;Army: From 1700;Army: From 1700;;Army: From 1700;;;;;;;;;x;;;;,,,,,,,,,,,,,,,,,,,,,,,,,,,,,,;;;;;;;;;;;;;;;;;;
assymetric_warfare;Ассиметричная война;;;;;;x;;,,,,,,,,,,,,,,,,,,,,,,,,,,,,,,;;;;;;;;;;;;;;;;;;;;;;;;;;;
assymetric_warfare_desc;Ассиметричная война;;;;;;x;;,,,,,,,,,,,,,,,,,,,,,,,,,,,,,,;;;;;;;;;;;;;;;;;;;;;;;;;;;
atheism_invention;Атеизм;;;;;;x;;,,,,,,,,,,,,,,,,,,,,,,,,,,,,,,;;;;;;;;;;;;;;;;;;;;;;;;;;;
atom_bomb;Атомная бомба;;;;;;x;;,,,,,,,,,,,,,,,,,,,,,,,,,,,,,,;;;;;;;;;;;;;;;;;;;;;;;;;;;
atom_bomb_desc;Я стал смертью, разрушителем миров.;;;;;;x;;,,,,,,,,,,,,,,,,,,,,,,,,,,,,,;;;;;;;;;;;;;;;;;;;;;;;;;;;
automatized_ship_command;Автоматизированное управление кораблем;;;;;;x;;,,,,,,,,,,,,,,,,,,,,,,,,,,,,,,;;;;;;;;;;;;;;;;;;;;;;;;;;;
barometer;Барометр;;;;;;x;;,,,,,,,,,,,,,,,,,,,,,,,,,,,,,,;;;;;;;;;;;;;;;;;;;;;;;;;;;
bayonet_invention;Штык;;;;;;x;;,,,,,,,,,,,,,,,,,,,,,,,,,,,,,,;;;;;;;;;;;;;;;;;;;;;;;;;;;
bill_of_rights_invention;Билли о правах;;;;;;x;;,,,,,,,,,,,,,,,,,,,,,,,,,,,,,,;;;;;;;;;;;;;;;;;;;;;;;;;;;
binary_system;Двоичная система;;;;;;x;;,,,,,,,,,,,,,,,,,,,,,,,,,,,,,,;;;;;;;;;;;;;;;;;;;;;;;;;;;
birth_of_science_tech;Рождение науки;;;;;;x;;,,,,,,,,,,,,,,,,,,,,,,,,,,,,,,;;;;;;;;;;;;;;;;;;;;;;;;;;;
blackpowderforts;Форты с черным порохом;;;;;;x;;,,,,,,,,,,,,,,,,,,,,,,,,,,,,,,;;;;;;;;;;;;;;;;;;;;;;;;;;;
bolt_action_rifle_armament;Винтовочное вооружение с продольно-скользящим затвором;;Kammerverschluss-Aufrustung;;;;;;;;;;;x,,,,,,,,,,,,,,,,,,,,,,,,,,,,,,;;;;;;;;;;;;;;;;;;;;;;
bolt_action_rifle_armament_desc;Винтовка с продольно-скользящим затвором — это тип огнестрельного оружия, в котором затвор оружия управляется вручную путем открытия и закрытия затвора (ствола) с помощью небольшой рукоятки. Первая винтовка с продольно-скользящим затвором была произведена в 1824 году Иоганном Николаусом фон Дрейзе, после работы над казнозарядными винтовками. Европейские армии продолжали разрабатывать винтовки с продольно-скользящим затвором до второй половины девятнадцатого века, а Первая мировая война ознаменовала пик использования винтовок с продольно-скользящим затвором, причем все страны, участвовавшие в этой войне, выставляли войска, вооруженные различными конструкциями винтовок с продольно-скользящим затвором.;;Beim Kammerverschluss wird der Waffenbolzen manuell durch das Offnen und Schliessen des Hinterladerlaufs, mithilfe eines kleinen Hebels, betatigt. Das erste Gewehr mit Kammerverschluss wurde 1824 von Johann Nikolaus von Dreyse bei seiner Arbeit an Hinterlader-Gewehren hergestellt. Europaische Armeen entwickelten diese Gewehre im spaten 19. Jahrhundert weiter und ihre Verwendung fand im ersten Weltkrieg ihren Hohepunkt, als alle kriegsbeteiligten Nationen ihre Truppen mit verschiedenen Entwicklungen dieses Designs ausrusteten.;;;;;;;;;;;x,,,,,,,,,,,,,,,,,,,,,,,,,;;;;;;;;;;;;;;;;;;;;;;
bolt_action_rifles;Винтовки с продольно-скользящим затвором;Fusils a culasse mobile;Repetiergewehre;;Fusiles cerrojo;;;;;;;;;x;;;;,,,,,,,,,,,,,,,,,,,,,,,,,,,,,,;;;;;;;;;;;;;;;;;;
bolt_action_rifles_desc;Винтовки с продольно-скользящим затвором;Fusils a culasse mobile;Repetiergewehre;;Fusiles cerrojo;;;;;;;;;x;;;;,,,,,,,,,,,,,,,,,,,,,,,,,,,,,,;;;;;;;;;;;;;;;;;;
breech_loaded_rifle_armament;Казнозарядное винтовочное вооружение;;Hinterlader-Aufrustung;;;;;;;;;;;x,,,,,,,,,,,,,,,,,,,,,,,,,,,,,,;;;;;;;;;;;;;;;;;;;;;;
breech_loaded_rifle_armament_desc;Казнозарядное оружие — это огнестрельное оружие, в котором патрон или снаряд вставляется или заряжается в патронник, встроенный в заднюю часть ствола. Хотя казнозарядное оружие было разработано еще в конце XIV века, казнозарядное оружие стало более успешным с усовершенствованиями в области точного машиностроения и обработки в XIX веке.;;Ein Hinterlader ist eine Feuerwaffe, die mit Patronen oder Granaten in einer Kammer am hinteren Lauf der Waffe geladen wird. Auch wenn Hinterlader schon im spaten 14. Jahrhundert entwickelt wurden, wurden sie erst mit Verbesserungen in der Prazision und ihrer Bauweise im 19. Jahrhundert erfolgreicher.;;;;;;;;;;;x,,,,,,,,,,,,,,,,,,,,,,,,,,,;;;;;;;;;;;;;;;;;;;;;;
breech_loaded_rifles;Винтовки, заряжаемые с казенной части;Fusils charges par la culasse;Hinterlader;;Fusiles postcarga;;;;;;;;;x;;;;,,,,,,,,,,,,,,,,,,,,,,,,,,,,,,;;;;;;;;;;;;;;;;;;
breech_loaded_rifles_desc;Винтовки, заряжаемые с казенной части;Fusils charges par la culasse;Hinterlader;;Fusiles postcarga;;;;;;;;;x;;;;,,,,,,,,,,,,,,,,,,,,,,,,,,,,,,;;;;;;;;;;;;;;;;;;
bronze_muzzle_loaded_artillery;Бронзовая артиллерия, заряжаемая с дула;Artill. bronze chargee par bouche;Vorderladergeschutz, Bronze;;Artilleria avancarga (bronce);;;;;;;;;x;;;;,,,,,,,,,,,,,,,,,,,,,,,,,,,,,;;;;;;;;;;;;;;;;;;
bronze_muzzle_loaded_artillery_desc;Бронзовая артиллерия, заряжаемая с дула;Artillerie en bronze chargee par la bouche;Vorderladergeschutz, Bronze;;Artilleria avancarga (bronce);;;;;;;;;x;;;;,,,,,,,,,,,,,,,,,,,,,,,,,,,,,;;;;;;;;;;;;;;;;;;
caroline_era;Военно-морской;;;;;;x;;,,,,,,,,,,,,,,,,,,,,,,,,,,,,,,;;;;;;;;;;;;;;;;;;;;;;;;;;;
carrier_doctrine;Доктрина группы авианосцев;;;;;;x;;,,,,,,,,,,,,,,,,,,,,,,,,,,,,,,;;;;;;;;;;;;;;;;;;;;;;;;;;;
cement_manufactories;Строительные офисы;;;;;;x;;,,,,,,,,,,,,,,,,,,,,,,,,,,,,,,;;;;;;;;;;;;;;;;;;;;;;;;;;;
cognitivism;Когнитивизм;;;;;;x;;,,,,,,,,,,,,,,,,,,,,,,,,,,,,,,;;;;;;;;;;;;;;;;;;;;;;;;;;;
col_liferate_techs;Изучение следующих вопросов поможет разобраться с местным рейтингом жизни:;;Folgende Forschungen zu erfoschen wird mit den lokalen Lebensbeschaffenheiten helfen:;;;;;;;;x,,,,,,,,,,,,,,,,,,,,,,,,,,,,,,;;;;;;;;;;;;;;;;;;;;;;;;;
combat_loss_evaluation_schemata;Схемы оценки боевых потерь;Schema d'evaluation des pertes;Gefechtsverlust-Evaluierungsschemata;;Esq. evaluac. perdidas en combate;;;;;;;;;x;;;;,,,,,,,,,,,,,,,,,,,,,,,,,,,,,,;;;;;;;;;;;;;;;;;;
combat_loss_evaluation_schemata_desc;Подсчитав потери с обеих сторон и превратив цифры в матрицу, можно было заранее оценить потери в предстоящем бою.;En comptant les pertes des deux camps et en dressant un tableau de donnees, il etait possible d'estimer a l'avance les pertes lors d'un prochain combat.;Durch die Ermittlung der Verluste beider Seiten und die Eingabe der Zahlen in einer Matrix konnten die Verluste in einem bevorstehenden Gefecht abgeschatzt werden.;;Mediante el computo de perdidas en ambos bandos y la introduccion de los resultados en una matriz, era posible estimar por adelantado las perdidas de un futuro combate.;;;;;;;;;x;;;;,,,,,,,,,,,,,,,,,,,,,,,,,,,;;;;;;;;;;;;;;;;;;
combined_forces;Объединенные силы;;;;;;x;;,,,,,,,,,,,,,,,,,,,,,,,,,,,,,,;;;;;;;;;;;;;;;;;;;;;;;;;;;
commerce_tech;Торговля: с 1700 г.;Commerce: From 1700;Commerce: From 1700;;Commerce: From 1700;;;;;;;;;x;;;;,,,,,,,,,,,,,,,,,,,,,,,,,,,,,,;;;;;;;;;;;;;;;;;;
commodity_narcissism;Товарный нарциссизм;;;;;;x;;,,,,,,,,,,,,,,,,,,,,,,,,,,,,,,;;;;;;;;;;;;;;;;;;;;;;;;;;;
computerisation;Компьютеризация;;;;;;x;;,,,,,,,,,,,,,,,,,,,,,,,,,,,,,,;;;;;;;;;;;;;;;;;;;;;;;;;;;
conquering_the_seven_seas;Покорение семи морей;;;;;;x;;,,,,,,,,,,,,,,,,,,,,,,,,,,,,,,;;;;;;;;;;;;;;;;;;;;;;;;;;;
conscription_invention;Ранний призыв;;;;;;x;;,,,,,,,,,,,,,,,,,,,,,,,,,,,,,,;;;;;;;;;;;;;;;;;;;;;;;;;;;
counter_enligthenment;Контрпросвещение;;;;;;x;;,,,,,,,,,,,,,,,,,,,,,,,,,,,,,,;;;;;;;;;;;;;;;;;;;;;;;;;;;
counter_reformation;Контрреформация;;;;;;x;;,,,,,,,,,,,,,,,,,,,,,,,,,,,,,,;;;;;;;;;;;;;;;;;;;;;;;;;;;
cuirassier_activation;Кирасиры;;Kurassiere;;;;;;;;;;;x,,,,,,,,,,,,,,,,,,,,,,,,,,,,,,;;;;;;;;;;;;;;;;;;;;;;
cuirassier_activation_desc;Кирасиры были конными солдатами, оснащенными доспехами и огнестрельным оружием, впервые появившимися в Европе в конце XV века. Первые кирасиры появились в результате отказа от копий в бронированной кавалерии, такой как латники и полукопейщики, отказавшихся от своих пик и принявших использование пистолетов в качестве основного оружия. Они достигли большей известности во время Наполеоновских войн и в последний раз были задействованы на начальных этапах Первой мировой войны. Кирасиры продолжают использоваться в качестве церемониальных войск рядом стран.;;Kurassiere waren berittene Kavalleriesoldaten, ausgerustet mit Rustung und Feuerwaffen, und tauchten erstmals im spaten 15. Jahrhundert in Europa auf. Die ersten Kurassiere waren das Ergebnis gepanzerter Kavallerie, wie z.B. den Landsknechten und Halb-Ulanen, die ihre Lanzen ablegten und Pistolen als ihre Hauptwaffen wahlten. Sie gewannen durch die Napoleonischen Kriege grosse Prominenz und wurden zuletzt zu Beginn des ersten Weltkrieges auf den Kriegsschauplatzen gesehen. Kurassiere werden bei vielen Landern weiterhin als zeremonielle Truppen eingesetzt.;;;;;;;;;;;x,,,,,,,,,,,,,,,,,,,,,,,;;;;;;;;;;;;;;;;;;;;;;
culture_tech;Культура: С 1700 г.;Culture: From 1700;Culture: From 1700;;Culture: From 1700;;;;;;;;;x;;;;,,,,,,,,,,,,,,,,,,,,,,,,,,,,,,;;;;;;;;;;;;;;;;;;
dawn_of_industrial_revolution_tech;Рассвет индустриализации;;;;;;x;;,,,,,,,,,,,,,,,,,,,,,,,,,,,,,,;;;;;;;;;;;;;;;;;;;;;;;;;;;
decline_of_plate_armor;Упадок пластинчатых доспехов;;;;;;x;;,,,,,,,,,,,,,,,,,,,,,,,,,,,,,,;;;;;;;;;;;;;;;;;;;;;;;;;;;
deep_defense_system;Система глубокой обороны;Defense en profondeur;Raumverteidigungssystem;;Sist. defensa profundidad;;;;;;;;;x;;;;,,,,,,,,,,,,,,,,,,,,,,,,,,,,,,;;;;;;;;;;;;;;;;;;
deep_defense_system_desc;Система глубокой обороны;Defense en profondeur;Raumverteidigungssystem;;Sist. defensa profundidad;;;;;;;;;x;;;;,,,,,,,,,,,,,,,,,,,,,,,,,,,,,,;;;;;;;;;;;;;;;;;;
deism;Деизм;;;;;;x;;,,,,,,,,,,,,,,,,,,,,,,,,,,,,,,;;;;;;;;;;;;;;;;;;;;;;;;;;;
digital_currency;Цифровая валюта;;;;;;x;;,,,,,,,,,,,,,,,,,,,,,,,,,,,,,,;;;;;;;;;;;;;;;;;;;;;;;;;;;
digital_currency_desc;Цифровая валюта;;;;;;x;;,,,,,,,,,,,,,,,,,,,,,,,,,,,,,,;;;;;;;;;;;;;;;;;;;;;;;;;;;
digital_revolution;Цифровая Революция;;;;;;x;;,,,,,,,,,,,,,,,,,,,,,,,,,,,,,,;;;;;;;;;;;;;;;;;;;;;;;;;;;
digital_revolution_desc;Цифровая Революция;;;;;;x;;,,,,,,,,,,,,,,,,,,,,,,,,,,,,,,;;;;;;;;;;;;;;;;;;;;;;;;;;;
downfall_of_the_old_church;Падение старой церкви;;;;;;x;;,,,,,,,,,,,,,,,,,,,,,,,,,,,,,,;;;;;;;;;;;;;;;;;;;;;;;;;;;
dragoon_activation;Драгуны;;Dragoner;;;;;;;;;;;x,,,,,,,,,,,,,,,,,,,,,,,,,,,,,,;;;;;;;;;;;;;;;;;;;;;;
dragoon_activation_desc;Слово драгун изначально означало конную пехоту, которая обучалась верховой езде, а также навыкам пехотного боя. Однако со временем его использование изменилось, и в течение XVIII века драгуны превратились в обычные легкие кавалерийские подразделения и личный состав. Драгунские полки были созданы в большинстве европейских армий в конце XVII и начале XVIII веков. Во время Наполеоновских войн драгуны, как правило, брали на себя роль кавалерии, хотя и оставались более легким классом конных войск, чем бронированные кирасиры.;;Das Wort Dragoner bezog sich ursprunglich auf berittene Infanterie, die sowohl im Reiten als auch in Kampfkunsten der Infanterie  ausgebildet wurden. Mit der Zeit anderte sich die Anwendung, sodass sich Dragoner im 18. Jahrhundert zu konventionellen, leichten Kavallerieeinheiten und Besatzungen entwickelten. Dragoner-Regimenter etablierten sich im spaten 17. und fruhen 18. Jahrhundert in den meisten Armeen Europas. In den Napoleonischen Kriegen ubernahmen Dragoner vorwiegend eine Kavallerie-Rolle, waren allerdings eine leichtere Klasse berittener Truppen als die gepanzerten Kurassiere.;;;;;;;;;;;x,,,,,,,,,,,,,,,,,,,,,;;;;;;;;;;;;;;;;;;;;;;
drone_warfare;Война с использованием дронов;;;;;;x;;,,,,,,,,,,,,,,,,,,,,,,,,,,,,,,;;;;;;;;;;;;;;;;;;;;;;;;;;;
dutch_plow;Голландский плуг;;;;;;x;;,,,,,,,,,,,,,,,,,,,,,,,,,,,,,,;;;;;;;;;;;;;;;;;;;;;;;;;;;
early_agricultural_reforms_tech;Ранняя аграрная революция;;;;;;x;;,,,,,,,,,,,,,,,,,,,,,,,,,,,,,,;;;;;;;;;;;;;;;;;;;;;;;;;;;
early_anti_clericalism;Ранний антиклерикализм;;;;;;x;;,,,,,,,,,,,,,,,,,,,,,,,,,,,,,,;;;;;;;;;;;;;;;;;;;;;;;;;;;
early_baroque;Раннее барокко;;;;;;x;;,,,,,,,,,,,,,,,,,,,,,,,,,,,,,,;;;;;;;;;;;;;;;;;;;;;;;;;;;
early_baroque_construction;Раннее барочное строительство;;;;;;x;;,,,,,,,,,,,,,,,,,,,,,,,,,,,,,,;;;;;;;;;;;;;;;;;;;;;;;;;;;
early_baroque_fine_arts;Изобразительное искусство раннего барокко;;;;;;x;;,,,,,,,,,,,,,,,,,,,,,,,,,,,,,,;;;;;;;;;;;;;;;;;;;;;;;;;;;
early_baroque_music_n_literature;Музыка и литература раннего барокко;;;;;;x;;,,,,,,,,,,,,,,,,,,,,,,,,,,,,,,;;;;;;;;;;;;;;;;;;;;;;;;;;;
earlycannon;Ранние пушки;;;;;;x;;,,,,,,,,,,,,,,,,,,,,,,,,,,,,,,;;;;;;;;;;;;;;;;;;;;;;;;;;;
early_cannons;Ранние пушки;;;;;;x;;,,,,,,,,,,,,,,,,,,,,,,,,,,,,,,;;;;;;;;;;;;;;;;;;;;;;;;;;;
early_colonialism;Ранний колониализм;;;;;;x;;,,,,,,,,,,,,,,,,,,,,,,,,,,,,,,;;;;;;;;;;;;;;;;;;;;;;;;;;;
early_flintlock_musketeers;Ранние мушкетеры с кремневым замком;;;;;;x;;,,,,,,,,,,,,,,,,,,,,,,,,,,,,,,;;;;;;;;;;;;;;;;;;;;;;;;;;;
early_idealism_invention;Ранний идеализм;;;;;;x;;,,,,,,,,,,,,,,,,,,,,,,,,,,,,,,;;;;;;;;;;;;;;;;;;;;;;;;;;;
early_interwar_bombers;Ранние бомбардировщики межвоенного периода;Premiers bombardiers de l'entre-deux-guerres;Fruher Zwischenkriegsbomber;;Bombarderos entreguerras primitivos;;;;;;;;;x;;;;,,,,,,,,,,,,,,,,,,,,,,,,,,,,,,;;;;;;;;;;;;;;;;;;
early_interwar_bombers_desc;Начиная с первого пилота, сбросившего гранату на своего врага, использование самолетов для доставки боеприпасов противнику было признано имеющим большое тактическое и стратегическое значение. Для улучшения и расширения этой возможности были разработаны специальные бомбардировщики.;Apres qu'un premier pilote ait largue une grenade sur son ennemi, l'utilisation de l'aviation s'est averee etre un grand atout tactique et strategique. Pour ameliorer et developper cette capacite, des bombardiers ont ete mis au point.;Seit der erste Pilot eine Granate uber dem Feind abgeworfen hatte, wurde man sich mehr und mehr uber den enormen taktischen und strategischen Wert der Bekampfung des Feindes aus der Luft bewusst. Zur Erweiterung und Verbesserung dieser Fahigkeit wurden spezialisierte Bomber entwickelt.;;Desde el primer piloto que dejo caer una granada sobre el enemigo, el uso de la aviacion para soltar bombas sobre el enemigo se consolido como una realidad de gran valor tactico y estrategico. Para mejorar y expandir esta capacidad, se desarrollaron los bombarderos.;;;;;;;;;x;;;;,,,,,,,,,,,,,,,,,,,,,,,;;;;;;;;;;;;;;;;;;
early_interwar_fighters;Ранние истребители межвоенного периода;Premiers chasseurs de l'entre-deux-guerres;Fruhe Zwischenkriegsjager;;Cazas de entreguerras primitivos;;;;;;;;;x;;;;,,,,,,,,,,,,,,,,,,,,,,,,,,,,,,;;;;;;;;;;;;;;;;;;
early_interwar_fighters_desc;Концепция лишения противника доступа к воздуху над своей армией была открыта в самом начале зарождающейся воздушной войны. Самолеты, чьей единственной задачей было поражать и уничтожать вражеские самолеты, нашли свое применение задолго до своих собратьев-бомбардировщиков.;Le concept de denier le droit a l'ennemi d'acceder au ciel au-dessus de son armee a ete decouvert au debut balbutiant de la guerre aerienne. Les aeronefs dont le seul role etait d'engage et d'elimine les avions ennemis ont trouve leur usage bien avant leurs cousins bombardiers. ;Das Konzept, dem Feind den Zugang zum Luftraum uber der eigenen Armee zu verwehren, wurde schon fruh zu Beginn des aufkommenden Luftkriegs entdeckt. Flugzeuge, deren einzige Aufgabe darin bestand, feindliche Flugzeuge abzuschiessen, waren schon einige Zeit vor den Bombern im Einsatz.;;La idea de impedir que el enemigo accediera al cielo sobre las propias fuerzas aparecio desde los primeros momentos de la guerra aerea. Los aviones cuya unica funcion era interceptar y eliminar a la aviacion enemiga comenzaron a usarse mucho antes que los bombarderos.;;;;;;;;;x;;;;,,,,,,,,,,,,,,,,,,,,,,,,,;;;;;;;;;;;;;;;;;;
early_lumber_mills;Ранние лесопилки;;;;;;x;;,,,,,,,,,,,,,,,,,,,,,,,,,,,,,,;;;;;;;;;;;;;;;;;;;;;;;;;;;
early_military_revolution;Ранняя военная революция;;;;;;x;;,,,,,,,,,,,,,,,,,,,,,,,,,,,,,,;;;;;;;;;;;;;;;;;;;;;;;;;;;
early_modern_philosphies;Ранние современные философии;;;;;;x;;,,,,,,,,,,,,,,,,,,,,,,,,,,,,,,;;;;;;;;;;;;;;;;;;;;;;;;;;;
early_modern_warfare;Ранняя современная война;;;;;;x;;,,,,,,,,,,,,,,,,,,,,,,,,,,,,,,;;;;;;;;;;;;;;;;;;;;;;;;;;;
early_romanticism;Идеалы раннего романтизма;;;;;;x;;,,,,,,,,,,,,,,,,,,,,,,,,,,,,,,;;;;;;;;;;;;;;;;;;;;;;;;;;;
early_romantistic_construction;Архитектура раннего романтизма;;;;;;x;;,,,,,,,,,,,,,,,,,,,,,,,,,,,,,,;;;;;;;;;;;;;;;;;;;;;;;;;;;
early_romanticistic_culture;Ранний романтизм;;;;;;x;;,,,,,,,,,,,,,,,,,,,,,,,,,,,,,,;;;;;;;;;;;;;;;;;;;;;;;;;;;
early_romantistic_fine_arts;Изобразительное искусство раннего романтизма;;;;;;x;;,,,,,,,,,,,,,,,,,,,,,,,,,,,,,,;;;;;;;;;;;;;;;;;;;;;;;;;;;
early_romantistic_music_n_literature;Музыка и литература раннего романтизма;;;;;;x;;,,,,,,,,,,,,,,,,,,,,,,,,,,,,,,;;;;;;;;;;;;;;;;;;;;;;;;;;;
early_telegraph_invention;Ранний телеграф;;;;;;x;;,,,,,,,,,,,,,,,,,,,,,,,,,,,,,,;;;;;;;;;;;;;;;;;;;;;;;;;;;
edwardian_era;Культура;;;;;;x;;,,,,,,,,,,,,,,,,,,,,,,,,,,,,,,;;;;;;;;;;;;;;;;;;;;;;;;;;;
elastic_defense_system;Эластичная система защиты;Defense elastique;Elastisches Verteidigungssystem;;Sist. defensa elastica;;;;;;;;;x;;;;,,,,,,,,,,,,,,,,,,,,,,,,,,,,,,;;;;;;;;;;;;;;;;;;
elastic_defense_system_desc;В этих местах траншеи разрослись в грозные системы траншей с двумя или даже тремя линиями обороны, подкрепленными бетонными укреплениями и пулеметными позициями. Сцена была как будто запечатлена в разделе «Инферно» «Божественной комедии» Данте Алигьери.;A ce point, les tranchees se developpent en de formidables systemes avec deux ou meme trois lignes de defense renforces avec des fortifications en beton et des positions de mitrailleuses. La scene est comme capturee de la section «Inferno» de Dante Alighieris dans 'Divina Comedia'. ;Zu diesem Zeitpunkt wurden die Schutzengraben zu beeindruckenden Grabensystemen ausgebaut, die oft aus zwei oder drei Grabenreihen bestanden, die zusatzlich mit Betonbunkern und MG-Stellungen verstarkt waren. Die Szene stammt aus dem Abschnitt 'Inferno' von Dante Alighieris 'Divina Comedia'. Diese Anwendung gibt Ihnen die Moglichkeit, einen neuen Befestigungstyp zu bauen.;;En ese momento, las trincheras crecieron hasta convertirse en formidables sistemas de trincheras con dos o hasta tres lineas de defensa reforzadas con fortificaciones de hormigon y plataformas de ametralladora. La escena fue copiada del capitulo del 'Infierno' de la 'Divina Comedia' de Dante. ;;;;;;;;;x;;;;,,,,,,,,,,,,,,,,,,,,,,,,,;;;;;;;;;;;;;;;;;;
elizabethan_era;Промышленность;;;;;;x;;,,,,,,,,,,,,,,,,,,,,,,,,,,,,,,;;;;;;;;;;;;;;;;;;;;;;;;;;;
empirical_combat_efficiency_matrix;Эмпирическая матрица боевой эффективности;Tableau empirique sur l'efficacite au combat;Empirische Kampfeffizienzmatrix;;Matriz empirica eficacia en combate;;;;;;;;;x;;;;,,,,,,,,,,,,,,,,,,,,,,,,,,,,,,;;;;;;;;;;;;;;;;;;
empirical_combat_efficiency_matrix_desc;Проверяя такие характеристики, как моральный дух, качество питания солдат, наличие болезней и ранений, можно было заранее проверить, насколько эффективно подразделение будет сражаться в предстоящем бою.;En tenant compte de certaines donnees telles que le moral, l'alimentation des soldats, les maladies et les blessures, il etait possible de prevoir l'efficacite des troupes lors d'un prochain combat.;Durch die Uberprufung bestimmter Attribute wie Moral, Ernahrungsstand der Soldaten, Krankheiten und Verwundungen wurde es moglich, abzuschatzen, wie effizient sich eine bestimmte Einheit in einem bevorstehenden Gefecht schlagen wurde.;;Mediante el examen de determinados atributos como la moral, la buena alimentacion de los soldados, las enfermedades y las heridas, era posible comprobar con antelacion lo eficazmente que podria luchar una unidad en un futuro combate.;;;;;;;;;x;;;;,,,,,,,,,,,,,,,,,;;;;;;;;;;;;;;;;;;
empiricism_invention;Эмпиризм;;;;;;x;;,,,,,,,,,,,,,,,,,,,,,,,,,,,,,,;;;;;;;;;;;;;;;;;;;;;;;;;;;
enclosure_invention;Корпуса;;;;;;x;;,,,,,,,,,,,,,,,,,,,,,,,,,,,,,,;;;;;;;;;;;;;;;;;;;;;;;;;;;
encyclopaedia_invention;Энциклопедия;;;;;;x;;,,,,,,,,,,,,,,,,,,,,,,,,,,,,,,;;;;;;;;;;;;;;;;;;;;;;;;;;;
enlightenment;Просвещение;;;;;;x;;,,,,,,,,,,,,,,,,,,,,,,,,,,,,,,;;;;;;;;;;;;;;;;;;;;;;;;;;;
epistemology_invention;Эпистемология;;;;;;x;;,,,,,,,,,,,,,,,,,,,,,,,,,,,,,,;;;;;;;;;;;;;;;;;;;;;;;;;;;
era_of_mass_armies;Эпоха массовых армий;;;;;;x;;,,,,,,,,,,,,,,,,,,,,,,,,,,,,,,;;;;;;;;;;;;;;;;;;;;;;;;;;;
esoteric_traditions_invention;Эзотерические традиции;;;;;;x;;,,,,,,,,,,,,,,,,,,,,,,,,,,,,,,;;;;;;;;;;;;;;;;;;;;;;;;;;;
external_debt;Внешние долги;;;;;;x;;,,,,,,,,,,,,,,,,,,,,,,,,,,,,,,;;;;;;;;;;;;;;;;;;;;;;;;;;;
field_fortifications;Полевые укрепления;Fortifications de campagne;Feldbefestigungen;;Fortificaciones campo;;;;;;;;;x;;;;,,,,,,,,,,,,,,,,,,,,,,,,,,,,,,;;;;;;;;;;;;;;;;;;
field_fortifications_desc;Это было первое укрепление, использующее современные материалы и новые инженерные технологии. Это приложение дает вам возможность построить новый тип укрепления.;Il s'agit des premieres fortifications qui utilisaient des materiaux et techniques d'ingenierie moderne. Cette amelioration permet de construire un nouveau type de protection.;Dies war die erste Befestigungsart, fur die moderne Materialien und Ingenieurstechniken zum Einsatz kamen. Diese Anwendung gibt Ihnen die Moglichkeit, einen neuen Befestigungstyp zu bauen.;;Fueron las primeras fortificaciones que usaron materiales modernos y nuevas tecnicas de ingenieria. Esta aplicacion te ofrece la posibilidad de construir un nuevo tipo de fortificacion.;;;;;;;;;x;;;;,,,,,,,,,,,,,,,,,,,,,,,,,,,,;;;;;;;;;;;;;;;;;;
firearmed_cavalry;Огнестрельная кавалерия;;;;;;x;;,,,,,,,,,,,,,,,,,,,,,,,,,,,,,,;;;;;;;;;;;;;;;;;;;;;;;;;;;
firepower_vs_mobility;Огневая мощь против мобильности;Puissance de feu contre Mobilite;Feuerkraft contra Mobilitat;;Potencia de fuego contra movilidad;;;;;;;;;x;;;;,,,,,,,,,,,,,,,,,,,,,,,,,,,,,,;;;;;;;;;;;;;;;;;;
firepower_vs_mobility_desc;После окончания Первой мировой войны крупные державы должны были пересмотреть свои военные стратегии в свете жестоких уроков, полученных за годы безрезультатной позиционной войны. Одна из основных школ мысли, которая возникла, сосредоточилась на важности использования массированной огневой мощи, в основном в форме артиллерии, чтобы сокрушить противника и буквально проделать дыру в его линиях, чтобы облегчить продвижение, в то время как другая школа мысли предполагала, что ключом к победе на современном поле боя является мобильность, чтобы дружественные силы могли маневрировать вокруг опорных пунктов противника, чтобы продолжить атаку на более выгодных условиях.;Apres la fin de la Premiere Guerre mondiale, les Grandes Puissances ont du reevaluer leurs strategies militaires a la lumiere des brutales lecons apprises pendant les annees peu concluantes de la guerre des tranchees. Une grande ecole de pensee qui a emerge mit l'accent sur l'importance d'utiliser la puissance de feu de facon massee, principalement sous la forme d'artillerie, pour ecraser l'ennemi et litteralement percer un trou dans leurs lignes afin de faciliter une avance, tandis qu'une autre ecole de pensee a suggere que la cle de la victoire sur le champ de bataille moderne est la mobilite, de sorte que des forces amies pourraient manoeuvrer autour de points forts ennemis pour poursuivre l'attaque dans des conditions plus avantageuses. ;Nach dem Ende des ersten Weltkriegs mussten die Grossmachte ihre Militarstrategien angesichts der brutalen Verluste wahrend des jahrelangen ergebnislosen Stellungskriegs neu bewerten. Eine bedeutende Denkrichtung konzentrierte sich darauf, den Feind zur Begunstigung eines Bodenangriffs mit massiver Feuerkraft zu uberwaltigen, und im wahrsten Sinne des Wortes ein Lucke in seine Linien zu sprengen. Eine andere Denkrichtung sah dagegen die Mobilitat als Schlussel zum Sieg auf dem Schlachtfeld der Moderne an: Dabei sollten die eigenen Truppen feindliche Stutzpunkte umgehen, um den Angriff zu gunstigeren Bedingungen fortzufuhren.;;Tras el final de la Primera Guerra Mundial, las grandes potencias tuvieron que reevaluar sus estrategias militares a la luz de las brutales lecciones aprendidas durante anos de guerra inconcluyente. Una de las principales escuelas de pensamiento que surgieron subrayaba la importancia de utilizar potencia de fuego concentrada, sobre todo en forma de artilleria, para abrumar al enemigo y, literalmente, abrir un agujero en sus lineas para facilitar el avance, mientras que otra sugeria que la clave de la victoria en el campo de batalla moderno era la movilidad, para poder maniobrar alrededor de los puntos fuertes del enemigo y proseguir el ataque en terminos mas ventajosos.;;;;;;;;;x;;;;,,,,,,,,,,;;;;;;;;;;;;;;;;;;
first_industrial_revolution_tech;Первая промышленная революция;;;;;;x;;,,,,,,,,,,,,,,,,,,,,,,,,,,,,,,;;;;;;;;;;;;;;;;;;;;;;;;;;;
first_steam_engine;Ранний паровой двигатель;;;;;;x;;,,,,,,,,,,,,,,,,,,,,,,,,,,,,,,;;;;;;;;;;;;;;;;;;;;;;;;;;;
first_telescope;Ранний телескоп;;;;;;x;;,,,,,,,,,,,,,,,,,,,,,,,,,,,,,,;;;;;;;;;;;;;;;;;;;;;;;;;;;
flexible_counterattacks;Гибкие контратаки;Contre-attaques flexibles;Flexible Gegenangriffe;;Contraataques flexibles;;;;;;;;;x;;;;,,,,,,,,,,,,,,,,,,,,,,,,,,,,,,;;;;;;;;;;;;;;;;;;
flexible_counterattacks_desc;После того, как противник перешел все границы и его наступление пошло на спад, эта тактика подразумевала использование заранее спланированных контратак против пробелов в линии противника, где наступление не было синхронизировано. Эти контратаки иногда могли отбросить противника даже дальше, чем его первоначальные позиции атаки.;Apres que l'ennemi ait depasse ses possibilites et que son offensive se retire, les tactiques planifiees de contre-attaques consistaient a pointer les lacunes dans la ligne ennemie, ou, eventuellement, l'avance n'aurait pas ete synchronisee. Ces contre-attaques pouvaient parfois repousser l'ennemi encore plus loin que ses positions de depart. ;Nachdem sich der Feind ubernommen hatte und die Starke seiner Offensive abebbte, wurde diese Taktik angewandt, um mit im Voraus geplanten Gegenangriffe dort in Lucken in den feindlichen Linien zu schlagen, wo der Feind seinen Vorstoss nicht ausreichend synchronisiert hatte. Mit diesen Gegenangriffen konnte der Feind manchmal noch hinter seine ursprunglichen Angriffsstellungen zuruckgedrangt werden.;;Estas tacticas pretendian lanzar contraataques planeados con antelacion contra las brechas en la linea enemiga donde no se habia sincronizado el avance despues de que el enemigo se hubiera pasado y su ofensiva fuera disminuyendo. A veces estos contraataques podian hacer retroceder al contrario mas alla de sus posiciones de ataque originales. ;;;;;;;;;x;;;;,,,,,,,,,,,,,,,,,,,,,,;;;;;;;;;;;;;;;;;;
flexible_firepower;Гибкая огневая мощь;Souplesse de la puissance de feu;Flexible Feuerkraft;;Potencia fuego flex.;;;;;;;;;x;;;;,,,,,,,,,,,,,,,,,,,,,,,,,,,,,,;;;;;;;;;;;;;;;;;;
flexible_firepower_desc;В этот момент тактическое новшество и развитие как вооружения, так и оборонительных точек позволило армиям строить дугообразные огневые точки, которые могли гибко и эффективно покрывать местность. Это приложение дает вам возможность построить новый тип фортификации.;A ce stade d'innovation tactique et de developpement a la fois des armes et des points de defense permettant aux armees de construire des points d'appui de tir pouvant couvrir avec souplesse et efficacite le terrain. Cela vous donne la possiblite de construire un nouveau type de fortification. ;Zu diesem Zeitpunkt ermoglichte eine taktische Innovation sowie die Entwicklung von Geschutzen und Verteidigungsstellungen den Armeen, das Gefechtsgelande effizient mit flexiblen Schussbereichen abzudecken. Diese Anwendung gibt Ihnen die Moglichkeit, einen neuen Befestigungstyp zu bauen.;;En ese momento, una innovacion tactica y el desarrollo del armamento y de los puntos de defensa permitieron a los ejercitos crear puntos de fuego parabolico que podian cubrir el terreno con flexibilidad y eficacia. Esta aplicacion te ofrece la posibilidad de construir un nuevo tipo de fortificacion.;;;;;;;;;x;;;;,,,,,,,,,,,,,,,,,,,,,,,,,,,;;;;;;;;;;;;;;;;;;
flintlock_muskets;Технология кремневого замка;;;;;;x;;,,,,,,,,,,,,,,,,,,,,,,,,,,,,,,;;;;;;;;;;;;;;;;;;;;;;;;;;;
flintlock_rifle_armament;Вооружение из кремневой винтовки;;Steinschlossgewehr-Aufrustung;;;;;;;;;;;x,,,,,,,,,,,,,,,,,,,,,,,,,,,,,,;;;;;;;;;;;;;;;;;;;;;;
flintlock_rifle_armament_desc;Появившийся в начале XVII века, кремневый замок быстро заменил более ранние технологии зажигания огнестрельного оружия, такие как механизмы doglock, fitlock и wheellock. Он продолжал широко использоваться в течение более двух столетий, замененный ударным капсюлем и, позднее, патронными системами в начале-середине XIX века. Хотя его давно вытеснило современное огнестрельное оружие, кремневое оружие пользуется постоянной популярностью у любителей стрельбы с черным порохом.;;Das Steinschloss wurde im fruhen 17. Jahrhundert eingefuhrt und ersetzte schnell die alteren Auslosemechanismen fur Schusswaffen, wie z.B. das Schnappschloss, Luntenschloss oder Radschloss. Es war mehr als zwei Jahrzehnte im Einsatz, bevor es vom Zundhutchen und spater, Anfang bis Mitte des 19. Jahrhunderts, von patronenbasierten Systemen abgelost wurde. Auch wenn sie schon lange von modernen Feuerwaffen verdrangt wurden, erfreuen sich Steinschlosswaffen bei Schwarzpulver-Liebhabern immer noch grosser Beliebtheit.;;;;;;;;;;;x,,,,,,,,,,,,,,,,;;;;;;;;;;;;;;;;;;;;;;
flintlock_rifles;Кремневые винтовки;Fusils a silex;Steinschlossgewehre;;Fusiles chispa;;;;;;;;;x;;;;,,,,,,,,,,,,,,,,,,,,,,,,,,,,,,;;;;;;;;;;;;;;;;;;
flintlock_rifles_desc;Кремневые винтовки;Fusils a silex;Steinschlossgewehre;;Fusiles chispa;;;;;;;;;x;;;;,,,,,,,,,,,,,,,,,,,,,,,,,,,,,,;;;;;;;;;;;;;;;;;;
food_manufactories;Фабрики по переработке пищевых продуктов;;;;;;x;;,,,,,,,,,,,,,,,,,,,,,,,,,,,,,,;;;;;;;;;;;;;;;;;;;;;;;;;;;
forced_march_invention;Форсированный марш;;;;;;x;;,,,,,,,,,,,,,,,,,,,,,,,,,,,,,,;;;;;;;;;;;;;;;;;;;;;;;;;;;
four_course_crop_rotation;Четырехпоточный севооборот;;;;;;x;;,,,,,,,,,,,,,,,,,,,,,,,,,,,,,,;;;;;;;;;;;;;;;;;;;;;;;;;;;
gas_attack_capability;Возможность газовой атаки;Attaque aux gaz;Gasangriffsfahigkeit;;Capac. ataques con gas;;;;;;;;;x;;;;,,,,,,,,,,,,,,,,,,,,,,,,,,,,,,;;;;;;;;;;;;;;;;;;
gas_attack_capability_desc;«За счет снаряжения артиллерийских боеприпасов отравляющим газовым веществом» зоны поражения оставались смертельными в течение длительного времени. Это также снижало подвижность обороняющихся подразделений и защитную способность бетонных укреплений.;"En chargeant les obus d'artillerie avec du gaz empoisonne"","" les """"""""zones letales"""""""" le restent longtemps apres l'arret des tirs. Cela reduit la capacite de mouvement des defenseurs et la valeur protectrice des fortifications en beton.""""";Durch den Beschuss mit Gasgranaten blieben die Killing Zones uber lange Zeitraume hinweg todlich. Der Gaseinsatz verringerte auch die Beweglichkeit verteidigender Einheiten und reduzierte die Schutzfunktion von Betonbunkern.;;Cargar la municion de artilleria con sustancias de gas venenoso hizo que los radios de peligro resultaran letales durante largos periodos de tiempo. Tambien disminuyo la capacidad de movimiento de las unidades defensoras y la capacidad protectora de las fortificaciones de hormigon.;;;;;;;;;x;;;;",,,,,,,,,,,,,,,,,,,,,,,,,,,,
gas_defense_capability;Возможности газовой защиты;Defense contre les gaz;Gasverteidigungsfahigkeit;;Capac. defensa contra gas;;;;;;;;;x;;;;,,,,,,,,,,,,,,,,,,,,,,,,,,,,,,
gas_defense_capability_desc;Благодаря введению противогазов, набора правил ношения униформы при газовой атаке и стандартных оперативных процедур по передвижению в условиях газовых атак потери и последствия воздействия газа были уменьшены.;Pour diminuer les pertes et les effets des gaz, on a deploye des masques a gaz, defini des consignes de port de l'uniforme et on a applique des procedures de deplacement lors des attaques aux gaz.;Durch die Einfuhrung von Gasmasken und Verhaltensregeln fur Gasangriffe wurden deren Effekte reduziert und die Hohe der Verluste verringert.;;La introduccion de mascaras de gas, de un conjunto de reglas sobre como llevar el uniforme cuando se sufre un ataque con esta sustancia y de los procedimientos operativos estandar para el movimiento bajo este tipo de ataque, disminuyeron las perdidas y los efectos del gas.;;;;;;;;;x;;;;,,,,,,,,,,,,,,,,,,,,,,,
georgian_era;Культурное развитие;;;;;;x;;,,,,,,,,,,,,,,,,,,,,,,,,,,,,,,
global_communications;Глобальные коммуникации;;;;;;x;;,,,,,,,,,,,,,,,,,,,,,,,,,,,,,,
global_communications_desc;Глобальные коммуникации;;;;;;x;;,,,,,,,,,,,,,,,,,,,,,,,,,,,,,,
globalisation;Глобализация;;;;;;x;;,,,,,,,,,,,,,,,,,,,,,,,,,,,,,,
globalisation_desc;Глобализация;;;;;;x;;,,,,,,,,,,,,,,,,,,,,,,,,,,,,,,
globalized_economy;Глобализованная экономика;;;;;;x;;,,,,,,,,,,,,,,,,,,,,,,,,,,,,,,
grand_battle_plan_vs_superior_firepower;План грандиозной битвы против превосходящей огневой мощи;Grand plan de bataille contre Puissance de feu superieure;Grosser Schlachtplan contra Uberlegene Feuerkraft;;Plan de la gran batalla contra potencia de fuego superior;;;;;;;;;x;;;;,,,,,,,,,,,,,,,,,,,,,,,,,,,,,,
grand_battle_plan_vs_superior_firepower_desc;Для тех армий, которые сосредоточились на огневой мощи, еще одно важное решение вращалось вокруг того, как эта огневая мощь должна была быть использована. Одна возможность заключалась в разработке сложных и подробных планов, которые включали артиллерийские удары по определенным целям, приуроченные к завершению как раз в момент начала основного штурма, в то время как другая возможность заключалась в том, чтобы просто сосредоточить как можно больше артиллерии и обстреливать противника, пока он не отступит.;Pour ces armees qui comptaient sur la puissance de feu, une autre decision cruciale tournait autour de la facon dont la puissance de feu devait etre utilisee. Une possibilite consistait a elaborer des plans complexes et detailles qui integraient des tirs d'artillerie sur des cibles specifiques programmes pour se terminer au moment ou l'attaque principale etait lancee, tandis qu'une autre possibilite etait tout simplement de les masser ensemble, autant que possible d'artillerie et de bombarder l'ennemi jusqu'a ce qu'il cede. ;Fur Armeen, die auf Feuerkraft fokussiert waren, stellte sich die Frage, wie diese Feuerkraft eingesetzt werden sollte. Eine Moglichkeit war die Erstellung komplizierter und detaillierter Plane, die beinhalteten, dass Artillerieschlage auf bestimmte Ziele zeitlich so abgestimmt wurden, dass sie kurz vor dem Beginn des eigentlichen Hauptangriffs endeten. Eine andere Moglichkeit war die Ansammlung so vieler Geschutze wie moglich und die Bombardierung des Feindes bis zu dessen Kapitulation.;;Para aquellos ejercitos que se centraban en la potencia de fuego, otra decision crucial tenia que ver con el modo de utilizar esa potencia de fuego. Una posibilidad era elaborar complejos y detallados planes que integraban ataques de artilleria contra objetivos especificos que debian terminar en el momento justo en que se lanzaba el ataque principal, mientras que otra era simplemente concentrar toda la artilleria posible y bombardear al enemigo hasta que se rindiera.;;;;;;;;;x;;;;,,,,,,,,,,,,,,,,,
grande_armee_invention;Великая Армия;;;;;;x;;,,,,,,,,,,,,,,,,,,,,,,,,,,,,,,
green_power;Зеленое электричество;;;;;;x;;,,,,,,,,,,,,,,,,,,,,,,,,,,,,,,
grenadier_invention;Гренадеры;;;;;;x;;,,,,,,,,,,,,,,,,,,,,,,,,,,,,,,
heavy_armament;Тяжелое вооружение;1870 - 1918;1870 - 1918;;1870 - 1918;;;;;;;;;x;;;;,,,,,,,,,,,,,,,,,,,,,,,,,,,,,,
heavy_armament_desc;Это ваша тяжелая поддержка в виде артиллерийских орудий и минометов. Приложения улучшат боевые ценности ваших артиллерийских отрядов. Эти отряды дадут вашим подразделениям дополнительный удар, который будет грозным с последующими применениями.;C'est votre soutien lourd compose de pieces d'artillerie et de mortiers. Les dispositions permettront d'ameliorer les valeurs de combat de vos detachements d'artillerie. Ces detachements donneront a vos unites un punch supplementaire qui sera redoutable avec les dispositions plus tardives. ;Dies ist Ihre schwere Feuerunterstutzung in Form von Artilleriegeschutzen und Morsern. Die Anwendungen erhohen die Kampfwerte Ihrer Artillerieabteilungen. Diese Abteilungen geben Ihren Einheiten zusatzliche Schlagkraft, die mit spateren Anwendungen beeindruckend wird.;;Se trata de tu apoyo pesado, como las piezas de artilleria y los morteros. Su utilizacion mejorara la eficacia militar de tus unidades de artilleria. Esos destacamentos daran a tus unidades un empujon que resultara formidable en usos posteriores.;;;;;;;;;x;;;;,,,,,,,,,,,,,,,,,,,,,,,,,,,,
heavy_armament_dunno;Тяжелое вооружение;Armement lourd ;Schwere Bewaffnung;;Armamento pesado;;;;;;;;;x;;;;,,,,,,,,,,,,,,,,,,,,,,,,,,,,,,
heavy_armament_dunno_desc;Тяжелое вооружение;Armement lourd ;Schwere Bewaffnung;;Armamento pesado;;;;;;;;;x;;;;,,,,,,,,,,,,,,,,,,,,,,,,,,,,,,
heavy_artillery;Тяжелая артиллерия;Artillerie lourde;Schwere Artillerie;;Artilleria pesada;;;;;;;;;x;;;;,,,,,,,,,,,,,,,,,,,,,,,,,,,,,,
heavy_artillery_desc;Монстры поля боя, эти тяжелые орудия были угрозами дальнего действия, которых боялись пехотинцы по всему миру. Крупнокалиберные орудия, которые можно было разместить далеко за линией фронта, они могли поддерживать несколько операций в пределах своего радиуса действия.;Les monstres du champ de bataille, ces armes lourdes ont ete les menaces a longue portee des fantassins partout sur le terrain. Des canons de gros calibre qui pouvaient etre places loin derriere les lignes de front, ils pouvaient ainsi appuyer des operations multiples a distance. ;Diese Monster des Schlachtfelds waren die Langstreckenbedrohung, vor der sich jeder Infanterist furchtete. Diese grosskalibrigen Geschutze konnten weit hinter der Front stationiert werden und von dort aus Operationen innerhalb ihrer Schussreichweite unterstutzen.;;Monstruos del campo de batalla, estos canones pesados eran la amenaza mas temida para la infanteria de todas partes del mundo. Estas piezas de gran calibre se podian colocar muy lejos del frente, desde donde podian apoyar numerosas operaciones.;;;;;;;;;x;;;;,,,,,,,,,,,,,,,,,,,,,,,
heliocentrism;Гелиоцентризм;;;;;;x;;,,,,,,,,,,,,,,,,,,,,,,,,,,,,,,
high_baroque;Высокое барокко;;;;;;x;;,,,,,,,,,,,,,,,,,,,,,,,,,,,,,,
high_baroque_construction;Строительство в стиле высокого барокко;;;;;;x;;,,,,,,,,,,,,,,,,,,,,,,,,,,,,,,
high_baroque_fine_arts;Высокое барочное изобразительное искусство;;;;;;x;;,,,,,,,,,,,,,,,,,,,,,,,,,,,,,,
high_baroque_music_n_literature;Музыка и литература Высокого Барокко;;;;;;x;;,,,,,,,,,,,,,,,,,,,,,,,,,,,,,,
high_temperature_superconductivity;Высокотемпературная сверхпроводимость;;;;;;x;;,,,,,,,,,,,,,,,,,,,,,,,,,,,,,,
high_temperature_superconductivity_desc;Высокотемпературная сверхпроводимость;;;;;;x;;,,,,,,,,,,,,,,,,,,,,,,,,,,,,,,
human_augmentation;Военное усиление;;;;;;x;;,,,,,,,,,,,,,,,,,,,,,,,,,,,,,,
humanism_invention;Гуманизм;;;;;;x;;,,,,,,,,,,,,,,,,,,,,,,,,,,,,,,
human_wave_vs_spearhead;Human Wave против Spearhead;Vague humaine contre Fer de lance;Massenangriffe contra Angriffsspitzen;;Oleada humana contra punta de lanza;;;;;;;;;x;;;;,,,,,,,,,,,,,,,,,,,,,,,,,,,,,,
human_wave_vs_spearhead_desc;Для тех армий, которые фокусировались на мобильности, было важно решить, насколько именно армия должна быть мобильной. Одним из вариантов было использовать стандартные пехотные силы и подавлять противника при контакте, в то время как другим вариантом было сосредоточиться на специализированных передовых отрядах, часто с механизированным компонентом, которые лучше всего подходили для мобильности и могли быстро использовать слабости в линии противника.;Pour ces armees qui mettaient l'accent sur la mobilite, il etait important de decider comment, precisement, l'armee devait etre mobile. Une option etait d'utiliser les forces d'infanterie standard, et d'ecraser l'ennemi, si le contact etait etabli, tandis qu'une autre option etait de s'appuyer sur des unites specialisees dites « fer de lance », avec souvent une composante mecanisee, qui etait la mieux adaptee a la mobilite et pouvait rapidement exploiter les faiblesses de la ligne ennemie.;Fur Armeen, die auf Mobilitat fokussiert waren, spielte die Entscheidung, wie genau die eigenen Truppen mobil sein sollten, eine grosse Rolle. Eine Option bestand darin, normale Infanterietruppen einzusetzen, und den Feind bei Kontakt mit schierer Masse zu uberwaltigen. Eine andere Option konzentrierte sich auf spezialisierte Voraustruppen, zu denen oft auch mechanisierte Einheiten gehorten, die sehr mobil waren und Schwachen in den feindlichen Linien schnell ausnutzen konnten.;;Para aquellos ejercitos que se centraban en la movilidad, era importante decidir como debia obtenerse esta movilidad. Una opcion era utilizar formas de infanteria estandar para aplastar al enemigo al producirse el contacto, mientras que otra se centraba en puntas de lanza formadas por unidades especializadas, a menudo de tipo mecanizado, mas rapidas, que podian explotar mejor las debilidades de la linea enemiga.;;;;;;;;;x;;;;,,,,
hussar_activation;гусары;;Husaren;;;;;;;;;;;x,,,,,,,,,,,,,,,,,,,,,,,,,,,,,,
hussar_activation_desc; Гусар относится к ряду типов легкой кавалерии, которая возникла в Венгрии в 15 веке. Название и отличительная одежда этих всадников впоследствии были широко приняты легкими кавалерийскими полками в европейских и других армиях. Гусары играли видную роль в качестве кавалерии в Наполеоновских войнах. Как легкие кавалеристы верхом на быстрых лошадях, они использовались для стычек и разведки.;;Husaren sind eine leichte Kavallerie-Einheit, die ihren Ursprung im 15. Jahrhundert in Ungarn hat. Ihre Bezeichnung und die charakteristische Kleidung dieser Reiter wurde in der Folgezeit weitgehend von leichten Kavallerie-Regimentern in Europa und anderen Armeen ubernommen. Die Husaren spielten als Kavallerie in den Napoleonischen Kriegen eine wichtige Rolle. Diese leichte Kavallerie auf schnellen Pferden wurde in Gefechten und zur Erkundung eingesetzt.;;;;;;;;;;;x,,,,,,,,,,,,,,,,,,,,,,,,,,,,
improved_anti_aircraft_artillery;Улучшенная зенитная артиллерия;Artillerie antiaerienne amelioree;Verbesserte Flugabwehrartillerie;;Artilleria antiaerea mejorada;;;;;;;;;x;;;;,,,,,,,,,,,,,,,,,,,,,,,,,,,,,,
improved_anti_aircraft_artillery_desc;По мере того, как со временем совершенствовались самолеты, совершенствовалось и оружие для борьбы с ними. Более тяжелые орудия с улучшенными прицелами и более совершенными снарядами делали страшные «зенитные ракеты» еще более опасными.;"Alors que les avions n'avaient de cesse de s'ameliorer"", les armes censees les contrer leur emboiterent le pas. Des canons plus lourds dotes de systemes de visee ameliores ainsi que de puissants obus augmentaient la dangerosite des systemes antiaeriens.";Im Zuge der allmahlichen Weiterentwicklung von Flugzeugen wurden auch die Flugabwehrwaffen verbessert. Schwerere Geschutze mit verbesserten Zielvorrichtungen machten die gefurchtete Flak noch gefahrlicher.;;Al mismo tiempo que progresaban los aviones lo hacian las armas para contrarrestarlos. Los nuevos canones, mas pesados, con miras mejoradas y municion mejor disenada, aumentaron la peligrosidad de estas armas.;;;;;;;;;x;;;;,,,,,,,,,,,,,,,,,,,,,,,
indirect_artillery_fire;Непрямой артиллерийский огонь;Tir indirect d'artillerie;Indirekter Artilleriebeschuss;;Fuego indir. artilleria;;;;;;;;;x;;;;,,,,,,,,,,,,,,,,,,,,,,,,,,,,,,;;;;;;;;;;;;;;;;;;
indirect_artillery_fire_desc;Непрямой артиллерийский огонь;Tir indirect d'artillerie;Indirekter Artilleriebeschuss;;Fuego indir. artilleria;;;;;;;;;x;;;;,,,,,,,,,,,,,,,,,,,,,,,,,,,,,,;;;;;;;;;;;;;;;;;;
industry_tech;Промышленность: с 1700 г.;Industry: From 1700;Industry: From 1700;;Industry: From 1700;;;;;;;;;x;;;;,,,,,,,,,,,,,,,,,,,,,,,,,,,,,,;;;;;;;;;;;;;;;;;;
infiltration;Проникновение;Infiltration;Infiltrierung;;Infiltracion;;;;;;;;;x;;;;,,,,,,,,,,,,,,,,,,,,,,,,,,,,,,;;;;;;;;;;;;;;;;;;
infiltration_desc;Проникновение;Infiltration;Infiltrierung;;Infiltracion;;;;;;;;;x;;;;,,,,,,,,,,,,,,,,,,,,,,,,,,,,,,;;;;;;;;;;;;;;;;;;
inquisition_invention;Инквизиция;;;;;;x;;,,,,,,,,,,,,,,,,,,,,,,,,,,,,,,;;;;;;;;;;;;;;;;;;;;;;;;;;;
inquisitions_tech;инквизиция;;;;;;x;;,,,,,,,,,,,,,,,,,,,,,,,,,,,,,,;;;;;;;;;;;;;;;;;;;;;;;;;;;
international_monetary_funds;Международные валютные фонды;;;;;;x;;,,,,,,,,,,,,,,,,,,,,,,,,,,,,,,;;;;;;;;;;;;;;;;;;;;;;;;;;;
internet;Интернет;;;;;;x;;,,,,,,,,,,,,,,,,,,,,,,,,,,,,,,;;;;;;;;;;;;;;;;;;;;;;;;;;;
interwar_cavalry;Кавалерия между мировыми войнами;Cavalerie de l'entre-deux-guerres;Zwischenkriegskavallerie;;Caballeria de entreguerras;;;;;;;;;x;;;;,,,,,,,,,,,,,,,,,,,,,,,,,,,,,,;;;;;;;;;;;;;;;;;;
interwar_cavalry_desc;С массовыми потерями в Первой мировой войне и наступлением эпохи моторизации традиционная конная кавалерия угасала. Новый акцент на моторизации изменил способ использования кавалерии и ее роль на поле боя. Солдаты больше не будут ездить верхом на лошадях, вместо этого они будут ездить на моторизованных транспортных средствах. Моторизация также позволит увеличить огневую мощь более тяжелых орудий и сократить время развертывания.;Avec les pertes massives subies pendant la Grande Guerre, et l'aube de l'age motorise, la cavalerie a cheval traditionnelle etait en voie de disparition. Le nouvel accent mis sur la motorisation a change la facon dont elle devait etre utilisee, et son role sur le champ de bataille. Plus de chevaux montes, les soldats etaient 'montes', a la place, sur des vehicules motorises. La motorisation permettait egalement une meilleure puissance de feu avec des canons lourds, et permettait d'accelerer la vitesse de deploiement. ;Angesichts der massenhaften Verluste des ersten Weltkriegs und des Anbruchs des motorisierten Zeitalters stand die traditionelle Pferdekavallerie vor dem endgultigen Aus. Die neue Fokussierung auf Motorisierung veranderte die Einsatzart von Kavallerie und ihre Rolle auf dem Schlachtfeld. Anstatt eines Pferds bestiegen die Soldaten nun motorisierte Fahrzeuge. Die Motorisierung ermoglichte ausserdem die Steigerung der Feuerkraft mittels schwererer Geschutze und die Verkurzung der Aufmarschzeit.;;Con las bajas masivas sufridas en la Gran Guerra y el comienzo de la era motorizada, llego el final de la caballeria tradicional. La importancia de la motorizacion cambio el modo en que se utilizaba la caballeria y su papel en el campo de batalla. A partir de entonces, en lugar de usar caballos, los soldados irian montados en vehiculos motorizados. Ademas, la motorizacion permitiria utilizar canones mas pesados y potentes y aumentaria la velocidad de despliegue.;;;;;;;;;x;;;;,,,,,,,,,,,,,,;;;;;;;;;;;;;;;;;;
interwar_infantry;Пехота между мировыми войнами;Infanterie de l'entre-deux-guerres;Zwischenkriegsinfanterie;;Infanteria de entreguerras;;;;;;;;;x;;;;,,,,,,,,,,,,,,,,,,,,,,,,,,,,,,;;;;;;;;;;;;;;;;;;
interwar_infantry_desc;С конца Великой войны и до конца Депрессии армии многих стран продолжали эволюционировать по своей природе и направленности. Начиная с новых дивизионных структур, многие армии начали разрабатывать специализированные подразделения, начиная от морской пехоты и заканчивая горными пехотинцами. Большая степень моторизации, с массовой доступностью автомобилей и грузовиков, добавила к постоянно меняющейся природе сухопутных подразделений по всему миру.;De la fin de la Grande Guerre a la fin de la Depression, les armees des pays ont continue d'evoluer en nature et en concentration. A partir de nouvelles structures divisionnaires, de nombreuses armees ont commence a developper des unites specialisees, allant des marines aux alpinistes. A un plus grand degre de motorisation, avec une disponibilite en masse de voitures et de camions, s'ajoutait la nature sans cesse changeante des unites terrestres a travers le monde. ;Zwischen dem Ende des ersten Weltkriegs und dem Ende der Grossen Depression entwickelten sich die Armeen vieler Lander inpunkto Eigenschaften und Fokussierung weiter. Viele Armeen fuhrten neue Divisionsstrukturen ein und begannen mit der Ausbildung verschiedenster Spezialtruppen wie Marineinfanterie und Gebirgsjagern. Die mit der massenhaften Verfugbarkeit von Autos und Lkw einhergehende Mobilitatssteigerung trug weltweit zur standigen Veranderung von Bodentruppen bei.;;Entre el final de la Primera Guerra Mundial y el final de la Gran Depresion, los ejercitos de muchos paises siguieron evolucionando, tanto en su naturaleza como en su enfoque. Empezando por nuevas estructuras divisionales, muchos ejercitos comenzaron a desarrollar unidades especializadas, de marines a fuerzas de montana. La creciente importancia de la motorizacion, gracias a la disponibilidad masiva de coches y camiones, contribuyo a la modificacion de las fuerzas terrestres por todo el mundo.;;;;;;;;;x;;;;,,,,,,,,,,,,,,;;;;;;;;;;;;;;;;;;
iron_breech_loaded_artillery;Железная артиллерия с казенной частью;Artillerie en fer a culasse;Hinterladergeschutz, Eisen;;Artilleria postcarga (hierro);;;;;;;;;x;;;;,,,,,,,,,,,,,,,,,,,,,,,,,,,,,;;;;;;;;;;;;;;;;;;
iron_breech_loaded_artillery_desc;Железная артиллерия с казенной частью;Artillerie en fer a culasse;Hinterladergeschutz, Eisen;;Artilleria postcarga (hierro);;;;;;;;;x;;;;,,,,,,,,,,,,,,,,,,,,,,,,,,,,,;;;;;;;;;;;;;;;;;;
iron_muzzle_loaded_artillery;Железная артиллерия, заряжаемая с дула;Artill. fer chargee par bouche;Vorderladergeschutz, Eisen;;Artilleria avancarga (hierro);;;;;;;;;x;;;;,,,,,,,,,,,,,,,,,,,,,,,,,,,,,;;;;;;;;;;;;;;;;;;
iron_muzzle_loaded_artillery_desc;Железная артиллерия, заряжаемая с дула;Artillerie en fer chargee par la bouche;Vorderladergeschutz, Eisen;;Artilleria avancarga (hierro);;;;;;;;;x;;;;,,,,,,,,,,,,,,,,,,,,,,,,,,,,,;;;;;;;;;;;;;;;;;;
jacobean_era;Армия;;;;;;x;;,,,,,,,,,,,,,,,,,,,,,,,,,,,,,,;;;;;;;;;;;;;;;;;;;;;;;;;;;
jesuit_missions;Иезуитские миссии;;;;;;x;;,,,,,,,,,,,,,,,,,,,,,,,,,,,,,,;;;;;;;;;;;;;;;;;;;;;;;;;;;
jesuit_movements_tech;Движение иезуитов;;;;;;x;;,,,,,,,,,,,,,,,,,,,,,,,,,,,,,,;;;;;;;;;;;;;;;;;;;;;;;;;;;
jesuit_schools;Иезуитские школы;;;;;;x;;,,,,,,,,,,,,,,,,,,,,,,,,,,,,,,;;;;;;;;;;;;;;;;;;;;;;;;;;;
knitting_machine;Вязальная машина;;;;;;x;;,,,,,,,,,,,,,,,,,,,,,,,,,,,,,,;;;;;;;;;;;;;;;;;;;;;;;;;;;
large_hadron_collider;Большой адронный коллайдер;;;;;;x;;,,,,,,,,,,,,,,,,,,,,,,,,,,,,,,;;;;;;;;;;;;;;;;;;;;;;;;;;;
large_hadron_collider_desc;Большой адронный коллайдер;;;;;;x;;,,,,,,,,,,,,,,,,,,,,,,,,,,,,,,;;;;;;;;;;;;;;;;;;;;;;;;;;;
late_interwar_bombers;Поздние бомбардировщики межвоенного периода;Derniers bombardiers de l'entre-deux-guerres;Spate Zwischenkriegsbomber;;Bombarderos de entreguerras tardios;;;;;;;;;x;;;;,,,,,,,,,,,,,,,,,,,,,,,,,,,,,,;;;;;;;;;;;;;;;;;;
late_interwar_bombers_desc;Достижения в области проектирования самолетов, усовершенствования конструкции и усовершенствованные авиационные двигатели значительно повысили возможности бомбардировщиков в выполнении их миссий. Увеличенная дальность полета, большая полезная нагрузка и лучшее бронирование сделали бомбардировщики гораздо большей угрозой для воюющих стран.;Les progres dans la conception des avions, les ameliorations en construction, les moteurs d'avion plus puissants, tout cela etend considerablement les capacites des bombardiers a accomplir leurs missions. L'augmentation de la portee, une plus grande charge utile, et une meilleure armure, concourent a faire des bombardiers une menace toujours plus grande pour les pays combattants.;Fortschritte in den Bereichen Flugzeugdesign, Flugzeugbau und Flugzeugmotoren verbesserten die Fahigkeiten von Bombern erheblich. Grossere Reichweite, Nutzlast und Panzerung machten Bomber fur alle kriegfuhrenden Nationen zu viel grosseren Bedrohungen als zuvor.;;Los avances en el diseno de los aviones, las mejoras en la construccion y el perfeccionamiento de los motores mejoro en gran medida la capacidad de los bombarderos de cumplir con su mision. El aumento del alcance, la carga util y el blindaje convirtio a los bombarderos en una amenaza mucho mayor para los paises combatientes.;;;;;;;;;x;;;;,,,,,,,,,,,,,,,,;;;;;;;;;;;;;;;;;;
late_medieval_warfare;Постсредневековая война;;;;;;x;;,,,,,,,,,,,,,,,,,,,,,,,,,,,,,,;;;;;;;;;;;;;;;;;;;;;;;;;;;
late_reformation;Пост-Реформация;;;;;;x;;,,,,,,,,,,,,,,,,,,,,,,,,,,,,,,;;;;;;;;;;;;;;;;;;;;;;;;;;;
late_renaissance;Позднее Возрождение;;;;;;x;;,,,,,,,,,,,,,,,,,,,,,,,,,,,,,,;;;;;;;;;;;;;;;;;;;;;;;;;;;
late_renaissance_philosophies;Философии позднего Возрождения;;;;;;x;;,,,,,,,,,,,,,,,,,,,,,,,,,,,,,,;;;;;;;;;;;;;;;;;;;;;;;;;;;
levee_en_masse_invention;Массовая дамба;;;;;;x;;,,,,,,,,,,,,,,,,,,,,,,,,,,,,,,;;;;;;;;;;;;;;;;;;;;;;;;;;;
light_armament;Легкое вооружение;1800 - 1869;1800 - 1869;Navy;1800 - 1869;;;;;;;;;x;;;;,,,,,,,,,,,,,,,,,,,,,,,,,,,,,,;;;;;;;;;;;;;;;;;;
light_armament_desc;Это развитие основного бокового оружия ваших подразделений. Приложения улучшат боевые ценности ваших подразделений. Лучшие приложения в этой ветке увеличат значение атаки огнем ваших подразделений.;Cela concerne l'evolution des principales armes de poing de vos unites. Les ameliorations augmenteront la valeur au combat de vos divisions. Des ameliorations dans cette branche augmenteront la valeur d'attaque de vos unites.;Dies ist die Entwicklung der Hauptbewaffnung Ihrer Einheiten. Diese Anwendungen erhohen die Kampfwerte Ihrer Divisionen. Bessere Anwendungen in diesem Bereich erhohen die offensiven Feuerwerte Ihrer Einheiten.;;Este es el desarrollo de las armas principales de tus unidades. Su utilizacion mejorara la eficacia militar de tus divisiones. Los mejores usos de esta rama aumentaran el valor de Ataque de disparo de tus unidades.;;;;;;;;;x;;;;,,,,,,,,,,,,,,,,,,,,,,,,,,,,,,;;;;;;;;;;;;;;;;;;
light_artillery;Легкая артиллерия;Artillerie legere;Leichte Artillerie;;Artilleria ligera;;;;;;;;;x;;;;,,,,,,,,,,,,,,,,,,,,,,,,,,,,,,;;;;;;;;;;;;;;;;;;
light_artillery_desc;Как показал опыт Первой мировой войны, пехотным подразделениям, особенно тем, которые действовали на пересеченной местности, требовался жизнеспособный вариант для увеличения огневой мощи. Традиционные орудия были слишком тяжелыми и громоздкими, чтобы их можно было эффективно использовать или быстро перемещать в неблагоприятных условиях. Для удовлетворения этой потребности были разработаны орудия с меньшей дальностью стрельбы и меньшим калибром, которые легко перемещались лошадьми, транспортными средствами или живой силой. Это так называемые «горные орудия».;Comme l'experience de la Grande Guerre l'a demontre, les unites d'infanterie, en particulier celles operant en terrain accidente, avaient besoin d'une option viable pour augmenter leurs puissances de feu. Les canons traditionnels etaient trop lourds et trop volumineux pour etre utilises de maniere efficace ou deplaces rapidement en conditions defavorables. Des armes, de courte portee et de petit calibre, qui sont facilement deplacables par des chevaux, des vehicules, ou de la main-d'oeuvre, ont ete developpees pour repondre a ce besoin. Ces armes sont appelees 'canons de montagne'.;Wie die Kampfe des ersten Weltkriegs gezeigt hatten, benotigten Infanterieeinheiten, und zwar besonders jene, die in schwergangigem Gelande operierten, eine praktikable Option zur Steigerung ihrer Feuerkraft. Herkommliche Geschutze waren zu schwer und klobig, um unter widrigen Bedingungen effizient und schnell bewegt zu werden. Zu diesem Zweck wurden Geschutze mit geringeren Reichweiten und kleineren Kalibern entwickelt, die leicht von Pferden, Fahrzeugen oder Soldaten gezogen werden konnten. Dies waren die sogenannten ''Gebirgsgeschutze''.;;Como demostraron las experiencias de la Gran Guerra, las unidades de infanteria, sobre todo las que operaban en terreno escabroso, necesitaban una opcion viable para aumentar su potencia de fuego. Los canones tradicionales eran demasiado pesados y voluminosos como para utilizarlos con efectividad o moverlos rapidamente en condiciones adversas. Para responder a esta necesidad se produjeron canones de menor calibre, que se podian mover rapidamente a caballo, con vehiculos o a mano. Se los conocia como 'canones de montana'.;;;;;;;;;x;;;;,,;;;;;;;;;;;;;;;;;;
light_tank;Легкий танк;Char leger;Leichter Panzer;;Tanque ligero;;;;;;;;;x;;;;,,,,,,,,,,,,,,,,,,,,,,,,,,,,,,;;;;;;;;;;;;;;;;;;
light_tank_desc;Крупным шагом вперед в танковой технологии стал легкий танк. Обычно устанавливаемый на пулеметы или легкие пушки, это были первые «настоящие» танки, которые были произведены. Используемые в роли поддержки пехоты, эти танки давали дивизиям столь необходимую мобильную огневую мощь с надежной оборонительной способностью.;Une avancee majeure dans la technologie du tank a ete le char leger. Generalement surmonte de mitrailleuses ou d'un canon leger, ce sont les ''premiers'' vrais chars a etre produit. Utilise dans un role de soutien d'infanterie, ces chars apportent beaucoup aux divisions qui ont grand besoin d'une puissance de feu mobile avec une capacite de defense sans failles. ;Der leichte Panzer stellte einen grossen Fortschritt der Panzertechnologie dar. Diese ersten richtigen Panzer waren meist mit Maschinengewehren oder einer leichten Panzerkanone bestuckt. Sie wurden zur Infanterieunterstutzung eingesetzt und boten Divisionen dringend benotigte mobile Feuerunterstutzung bei solider Verteidigungsfahigkeit.;;El tanque ligero fue un gran paso adelante en la tecnologia de los tanques. Estos vehiculos, armados con ametralladoras o canones ligeros, fueron los primeros tanques 'de verdad' que se produjeron. Usados en tareas de apoyo de infanteria, proporcionaban a las divisiones potencia de fuego movil, ademas de gran capacidad defensiva.;;;;;;;;;x;;;;,,,,,,,,,,,,,,,,,,,,,,;;;;;;;;;;;;;;;;;;
local_distribution_channels;Коммерческие розничные торговцы;Detaillants en commerce;Kommerzielle Einzelhandler;;Puntos de venta comerciales;;;;;;;;;x;;;;,,,,,,,,,,,,,,,,,,,,,,,,,,,,,,;;;;;;;;;;;;;;;;;;
desc_local_distribution_channels;В этой провинции были внедрены новые и эффективные способы и структуры продажи и перепродажи товаров, что позволило фермерам свободно обрабатывать свои поля.;De nouvelles et efficaces methodes et structures de vente et de revente de marchandises ont ete introduites dans cette province, laissant les agriculteurs libres de s'occuper de leurs champs.;Neue und effiziente Modi und Strukturen zum Kauf und Verkauf von Gutern wurden in dieser Provinz eingefuhrt, was den Bauern mehr Zeit zur Bearbeitung ihrer Felder lasst.;;En esta provincia se han implementado sistemas para la venta y distribucion de bienes nuevos y eficientes, posibilitando que los granjeros se concentren en sus granjas.;;;;;;;;;x;;;;,,,,,,,,,,,,,,,,,,,,,,,,,,;;;;;;;;;;;;;;;;;;
local_electricity;Электрическое освещение;Eclairage electrique;Elektrisches Licht;;Iluminacion electrica;;;;;;;;;x;;;;,,,,,,,,,,,,,,,,,,,,,,,,,,,,,,;;;;;;;;;;;;;;;;;;
desc_local_electricity;На улицах этой провинции установлено электрическое освещение, что повышает эффективность всего местного производства, поскольку рабочие работают в новых и хорошо освещенных условиях.;Cette province a ete equipee d'eclairages electriques, ce qui ameliore l'efficacite de toute la production locale, car les ouvriers travaillent dans des environnements neufs et bien eclaires.;Elektrische Strassenbeleuchtung wurde in dieser Provinz installiert, was die Effizienz der gesamten lokalen Produktion steigert, da die Arbeiter in neuer und gut beleuchteter Umgebung ihr Werk verrichten.;;En las calles de esta provincia se han instalado luces electricas, lo que aumenta la eficacia de toda la produccion local, ya que los trabajadores realizan su labor en entornos nuevos y bien iluminados.;;;;;;;;;x;;;;,,,,,,,,,,,,,,,,,,,,,,;;;;;;;;;;;;;;;;;;
local_machine_tools;Механизированная добыча;Extraction miniere mecanisee;Mechanisierter Bergbau;;Mineria mecanizada;;;;;;;;;x;;;;,,,,,,,,,,,,,,,,,,,,,,,,,,,,,,;;;;;;;;;;;;;;;;;;
desc_local_machine_tools;Добыча полезных ископаемых в этой провинции осуществляется с использованием новых и механизированных инструментов, что повышает эффективность местных горнодобывающих работ.;Dans cette province, l'extraction s'effectue au moyen d'outils mecanises neufs qui ameliorent l'efficacite des exploitations minieres locales.;Der Bergbau in dieser Provinz wird mit neuen und mechanisierten Werkzeugen ausgefuhrt, was seine Effizienz steigert.;;Nuevas herramientas mecanizadas llevan a cabo el proceso de mineria de esta provincia, aumentando la eficiencia de las operaciones mineras locales.;;;;;;;;;x;;;;,,,,,,,,,,,,,,,,,,,,,,,,,,;;;;;;;;;;;;;;;;;;
local_nitroglycerin;Нитроглицерин;Nitroglycerine;Nitroglyzerin;;Nitroglicerina;;;;;;;;;x;;;;,,,,,,,,,,,,,,,,,,,,,,,,,,,,,,;;;;;;;;;;;;;;;;;;
desc_local_nitroglycerin;Знания об использовании современных взрывчатых веществ распространились в этой провинции, помогая местным горнодобывающим предприятиям.;Cette province sait utiliser les explosifs modernes pour exploiter les mines locales.;Wissen um moderne Sprengstoffe hat sich in diese Provinz ausbegreitet und hilft bei den lokalen Bergbauunternehmungen.;;El conocimiento de la forma de uso de explosivos modernos se ha difundido a esta provincia, ayudando a las empresas mineras locales.;;;;;;;;;x;;;;,,,,,,,,,,,,,,,,,,,,,,,,,,,,;;;;;;;;;;;;;;;;;;
local_tractors;Тракторы;Tracteurs;Traktoren;;Tractores;;;;;;;;;x;;;;,,,,,,,,,,,,,,,,,,,,,,,,,,,,,,;;;;;;;;;;;;;;;;;;
desc_local_tractors;В эту провинцию пришло механизированное сельское хозяйство в виде тракторов, что повысило эффективность и снизило трудоемкость местного сельского хозяйства.;L'agriculture mecanisee a ete introduite dans cette province sous la forme de tracteurs qui ameliorent l'efficacite et reduisent l'intensite de main-d'њuvre de l'agriculture locale.;Mechanisierte Agrikultur ist in dieser Provinz in Form von Traktoren eingetroffen, was die Effizienz der lokalen Bauern erhoht und ihre Arbeitsintensitat verringert.;;La agricultura mecanizada ha llegado a esta provincia de la mano de tractores, que aumentan la eficacia y reducen la intensidad del trabajo en las granjas locales.;;;;;;;;;x;;;;,,,,,,,,,,,,,,,,,,,,,,,,,;;;;;;;;;;;;;;;;;;
logistical_calculations;Логистические расчеты;Calculs logistiques;Logistische Berechnungen;;Calculos logisticos;;;;;;;;;x;;;;,,,,,,,,,,,,,,,,,,,,,,,,,,,,,,;;;;;;;;;;;;;;;;;;
logistical_calculations_desc;Эти стандартные показатели того, сколько припасов и подкреплений требовалось стандартному подразделению в течение определенного периода времени, упростили планирование войны.;Ces mesures standard, sur les quantites de ravitaillement et de renforts necessaires a une unite type pour une periode donnee, permettaient de preparer plus facilement les guerres.;Diese Berechnungen, wie viel Nachschub und Verstarkung eine Standardeinheit uber einen gewissen Zeitraum benotigt, vereinfachten die Kriegsplanungen.;;Estas mediciones habituales de cuantos suministros y refuerzos necesitaba una unidad normal durante un periodo de tiempo concreto facilitaron la planificacion de la guerra.;;;;;;;;;x;;;;,,,,,,,,,,,,,,,,,,,,,,,,,,;;;;;;;;;;;;;;;;;;
low_echelon_fire_support;Огневая поддержка нижнего эшелона;Support de feu aux echelons inferieurs;Truppen-Feuerunterstutzung;;Fuego de apoyo de escalon inferior;;;;;;;;;x;;;;,,,,,,,,,,,,,,,,,,,,,,,,,,,,,,;;;;;;;;;;;;;;;;;;
low_echelon_fire_support_desc;Вводя дивизионную артиллерию и минометы на уровне батальона, подразделения получали лучшую огневую мощь гораздо быстрее. Это, в свою очередь, было очень важно как в наступлении, так и в обороне.;Introduction de l'artillerie de division et des mortiers vers le bas, c'est a dire, au niveau du bataillon. Les unites pouvaient ainsi beneficier rapidement d'une puissance de feu accrue tres utile en defense comme en attaque.;Durch die Einfuhrung von Divisionsartillerie und -morsern bis auf Batallionsebene erhielten Einheiten viel schneller bessere Feuerkraft, was in Offensive und Defensive gleichermassen wichtig war.;;Mediante la introduccion de la artilleria divisionaria y los morteros en el nivel inferior del batallon las unidades consiguieron mayor potencia de fuego mas rapidamente, lo que era de gran importancia tanto en la defensa como en el ataque.;;;;;;;;;x;;;;,,,,,,,,,,,,,,,,,,,,,,,,,;;;;;;;;;;;;;;;;;;
lunar_colonisation;Колонизация Луны;;;;;;x;;,,,,,,,,,,,,,,,,,,,,,,,,,,,,,,;;;;;;;;;;;;;;;;;;;;;;;;;;;
lunar_colonisation_desc;Хотя колонизация Луны уже давно является мечтой, лишь недавно было отмечено, что она вполне возможна.;;;;;;x;;,,,,,,,,,,,,,,,,,,,,,,,,,,,,,;;;;;;;;;;;;;;;;;;;;;;;;;;;
machine_gun_armament;Пулеметное вооружение;;Maschinengewehr-Aufrustung;;;;;;;;;;;x,,,,,,,,,,,,,,,,,,,,,,,,,,,,,,;;;;;;;;;;;;;;;;;;;;;;
machine_gun_armament_desc;Пулемет Гатлинга, запатентованный в 1861 году Ричардом Джорданом Гатлингом, был первым, который предлагал контролируемый последовательный огонь с автоматической зарядкой. Впервые он был очень ограниченно использован в Гражданской войне в США; it was subsequently improved and used in the Franco-Prussian war and North-West Rebellion. Many were sold to other armies in the late 19th century and continued to be used into the early 20th century. The first self-powered machine gun was invented in 1885 by Sir Hiram Maxim. The 'Maxim gun' used the recoil power of the previously fired bullet to reload rather than being hand-powered, enabling a much higher rate of fire than was possible using earlier designs such as the Nordenfelt and Gatling weapons.;;Das Repetiergeschьtz wurde 1861 von Richard Jordan Gatling patentiert und bot als erstes die Mцglichkeit kontrollierter, aufeinanderfolgender Feuersalven mit automatischem Nachladen. Zu einem ersten, begrenzten Einsatz kam das Gewehr im amerikanischen Bьrgerkrieg. Es wurde fortlaufend weiterentwickelt und kam auch im Deutsch-Franzцsischen Krieg und im Nordwest-Widerstand zum Einsatz. Viele Gewehre wurden im spдten 19. Jahrhundert an andere Armeen verkauft und bis ins frьhe 20. Jahrhundert hinein verwendet. Das erste selbstladende Maschinengewehr wurde 1885 von Sir Hiram Maxim erfunden. Das Maxim-Maschinengewehr nutzte die Energie des RьckstoЯes zuvor abgeschossener Kugeln zum Nachladen, keinen Handantrieb, und erlaubte eine hцhere Feuerrate als frьhere Entwicklungen, wie z.B. das Nordenfelt und das Gatling-Gewehr.;;;;;;;;;;;x,,,,,,,,,,,,,,,,,,,,,;;;;;;;;;;;;;;;;;;;;;
machine_guns;Пулеметы;Mitrailleuses;Maschinengewehre;;Ametralladoras;;;;;;;;;x;;;;,,,,,,,,,,,,,,,,,,,,,,,,,,,,,,;;;;;;;;;;;;;;;;;;
machine_guns_desc;Пулеметы;Mitrailleuses;Maschinengewehre;;Ametralladoras;;;;;;;;;x;;;;,,,,,,,,,,,,,,,,,,,,,,,,,,,,,,;;;;;;;;;;;;;;;;;;
macro_engineering;Макро-инженерия;;;;;;x;;,,,,,,,,,,,,,,,,,,,,,,,,,,,,,,;;;;;;;;;;;;;;;;;;;;;;;;;;;
macro_engineering_desc;Макро-инженерия;;;;;;x;;,,,,,,,,,,,,,,,,,,,,,,,,,,,,,,;;;;;;;;;;;;;;;;;;;;;;;;;;;
manned_space_flight;Пилотируемые космические полеты;;;;;;x;;,,,,,,,,,,,,,,,,,,,,,,,,,,,,,,;;;;;;;;;;;;;;;;;;;;;;;;;;;
mannerism;Маньеризм;;;;;;x;;,,,,,,,,,,,,,,,,,,,,,,,,,,,,,,;;;;;;;;;;;;;;;;;;;;;;;;;;;
mannerist_construction;Маньеристское строительство;;;;;;x;;,,,,,,,,,,,,,,,,,,,,,,,,,,,,,,;;;;;;;;;;;;;;;;;;;;;;;;;;;
mannerist_sculpture;Маньеристский декор;;;;;;x;;,,,,,,,,,,,,,,,,,,,,,,,,,,,,,,;;;;;;;;;;;;;;;;;;;;;;;;;;;
maritime_tradition;Морская традиция;;;;;;x;;,,,,,,,,,,,,,,,,,,,,,,,,,,,,,,;;;;;;;;;;;;;;;;;;;;;;;;;;;
martian_colonisation;Колонизация Марса;;;;;;x;;,,,,,,,,,,,,,,,,,,,,,,,,,,,,,,;;;;;;;;;;;;;;;;;;;;;;;;;;;
martian_colonisation_desc;Хотя об этом давно мечтают, лишь недавно было отмечено, что колонизация красной планеты может оказаться вполне возможной.;;;;;;x;;,,,,,,,,,,,,,,,,,,,,,,,,,,,,,;;;;;;;;;;;;;;;;;;;;;;;;;;;
mass_media;Средства массовой информации;;;;;;x;;;;;;;;;,,,,,,,,,,,,,,,,,,,,,,,,,,,,,,;;;;;;;;;;;;;;;;;;;;
matchlock_arquebuse;Аркебуза с фитильным замком;;;;;;x;;,,,,,,,,,,,,,,,,,,,,,,,,,,,,,,;;;;;;;;;;;;;;;;;;;;;;;;;;;
material_reality_invention;Материальная Реальность;;;;;;x;;,,,,,,,,,,,,,,,,,,,,,,,,,,,,,,;;;;;;;;;;;;;;;;;;;;;;;;;;;
medication;Медикамент;;;;;;x;;,,,,,,,,,,,,,,,,,,,,,,,,,,,,,,;;;;;;;;;;;;;;;;;;;;;;;;;;;
medication_desc;Медикамент;;;;;;x;;,,,,,,,,,,,,,,,,,,,,,,,,,,,,,,;;;;;;;;;;;;;;;;;;;;;;;;;;;
medium_artillery;Средняя артиллерия;Artillerie moyenne;Mittlere Artillerie;;Artilleria de mediano calibre;;;;;;;;;x;;;;,,,,,,,,,,,,,,,,,,,,,,,,,,,,,,;;;;;;;;;;;;;;;;;;
medium_artillery_desc;Выйдя из формы традиционной артиллерии, в сочетании с опытом Первой мировой войны и быстрым ростом моторизации, было разработано среднее артиллерийское орудие. Имея скромные калибры, эти орудия были стандартом для регулярных пехотных подразделений, обеспечивая им большую огневую мощь и мобильность, которых им ранее не хватало.;Au sortir du moule traditionnel de l'artillerie, combine avec les experiences de la Grande Guerre et l'augmentation rapide de la motorisation, le canon d'artillerie moyenne a ete developpe. De calibres modestes, ces armes ont ete la norme pour les unites d'infanterie, en leur fournissant une capacite en puissance de feu accrue et la mobilite dont elles manquaient jusqu'alors.;Mittlere Geschutze wurden basierend auf herkommlicher Artillerie hergestellt, wobei man auf die Erfahrungen des ersten Weltkriegs und die rapide fortschreitende Motorisierung baute. Diese Geschutze hatten mittlere Kaliber und waren der Geschutzstandard fur regulare Infanterieeinheiten, denen sie bessere und mobilere Feuerunterstutzung boten.;;La artilleria de mediano calibre surgio del molde de la artilleria tradicional, con aportaciones surgidas de las experiencias de la Gran Guerra y el rapido crecimiento de la motorizacion. De modesto calibre, estos canones conformaban el estandar para la infanteria regular, a la que proporcionaban una movilidad y una potencia de fuego mayores que nunca.;;;;;;;;;x;;;;,,,,,,,,,,,,,,,,,;;;;;;;;;;;;;;;;;;
mercenary_corps;Корпус наемников;;;;;;x;;,,,,,,,,,,,,,,,,,,,,,,,,,,,,,,;;;;;;;;;;;;;;;;;;;;;;;;;;;
metaphysics_invention;Метафизика;;;;;;x;;,,,,,,,,,,,,,,,,,,,,,,,,,,,,,,;;;;;;;;;;;;;;;;;;;;;;;;;;;
methodism;Методизм;;;;;;x;;,,,,,,,,,,,,,,,,,,,,,,,,,,,,,,;;;;;;;;;;;;;;;;;;;;;;;;;;;
microscope;Микроскоп;;;;;;x;;,,,,,,,,,,,,,,,,,,,,,,,,,,,,,,;;;;;;;;;;;;;;;;;;;;;;;;;;;
military_aviation;Военная авиация;;Militarische Luftfahrt;;;;;;;;;;;x,,,,,,,,,,,,,,,,,,,,,,,,,,,,,,;;;;;;;;;;;;;;;;;;;;;;
military_aviation_desc;Военная авиация — это использование самолетов и других летательных аппаратов для ведения или обеспечения военных действий. Летательные аппараты тяжелее воздуха были признаны имеющими военное применение еще на раннем этапе. В 1909 году Корпус связи армии США приобрел самолет Wright Model A, а в 1911 году итальянцы использовали различные типы самолетов в разведывательных, фоторазведывательных и бомбардировочных целях в рамках итало-турецкой войны. В ходе Первой мировой войны военная авиация быстро освоила множество специализированных типов, таких как разведчики, артиллерийские наблюдатели, истребители или бомбардировщики.;;Militarische Luftfahrt bedient sich Flugzeugen und anderen Fluggeraten zum Zwecke der Kriegsfuhrung. Luftfahrzeuge, die schwerer als Luft sind, wurden schon fruh als militarische Hilfsmittel erkannt. Das Wright Model A wurde 1909 von der U.S. Armee Nachrichtentruppe gekauft und 1911 nutzte Italien mehrere Luftfahrzeuge verschiedenster Art zur Erkundung, Foto-Aufklarung und Bombardierung im Italienisch-Turkischen Krieg. Im ersten Weltkrieg kamen in der militarischen Luftfahrt viele spezialisierte Fluggerate zum Einsatz, z.B. als Aufklarer, Artilleriebeobachter, Kampfflugzeuge und Bomber.;;;;;;;;;;;x,,,,,,,,,,,,,,,,,,;;;;;;;;;;;;;;;;;;;;;;
military_directionism;Военный дирекционизм;Directivisme militaire;Militarischer Direktionsmus;;Dirigismo militar;;;;;;;;;x;;;;,,,,,,,,,,,,,,,,,,,,,,,,,,,,,,;;;;;;;;;;;;;;;;;;
military_directionism_desc;Военный дирекционизм;Directivisme militaire;Militarischer Direktionsmus;;Dirigismo militar;;;;;;;;;x;;;;,,,,,,,,,,,,,,,,,,,,,,,,,,,,,,;;;;;;;;;;;;;;;;;;
military_logistics;Военная логистика;Logistique militaire;Militarlogistik;;Logistica militar;;;;;;;;;x;;;;,,,,,,,,,,,,,,,,,,,,,,,,,,,,,,;;;;;;;;;;;;;;;;;;
military_logistics_desc;Военная логистика;Logistique militaire;Militarlogistik;;Logistica militar;;;;;;;;;x;;;;,,,,,,,,,,,,,,,,,,,,,,,,,,,,,,;;;;;;;;;;;;;;;;;;
military_plans;Военные планы;Plans de campagne;Militarplane;;Planes militares;;;;;;;;;x;;;;,,,,,,,,,,,,,,,,,,,,,,,,,,,,,,;;;;;;;;;;;;;;;;;;
military_plans_desc;Военные планы;Plans de campagne;Militarplane;;Planes militares;;;;;;;;;x;;;;,,,,,,,,,,,,,,,,,,,,,,,,,,,,,,;;;;;;;;;;;;;;;;;;
military_revolution;Военная революция;;;;;;x;;,,,,,,,,,,,,,,,,,,,,,,,,,,,,,,;;;;;;;;;;;;;;;;;;;;;;;;;;;
military_science;Военная наука;1919 - 1949;1919 - 1949;;1919 - 1949;;;;;;;;;x;;;;,,,,,,,,,,,,,,,,,,,,,,,,,,,,,,;;;;;;;;;;;;;;;;;;
military_science_desc;Это научная эволюция вашей армии. Статистика, логистика и продуманные планы стали важным аспектом войны. Новые приложения увеличат ценность организации ваших подразделений.;Il s'agit de l'evolution scientifique de votre armee. La statistique, la logistique, et l'etablissement de plans sont devenus des elements importants de la guerre. Les nouvelles evolutions amelioreront l'organisation de vos unites.;Dies ist die wissenschaftliche Evolution Ihrer Armee. Statistik, Logistik und ausgeklugelte Plane wurden zu einer wichtigen Facette des Kriegs. Neue Anwendungen erhohen den Organisationswert Ihrer Einheiten.;;Es la evolucion cientifica de tu ejercito. Las estadisticas, la logistica y los planes bien preparados se convertian en una faceta importante de la guerra. Las nuevas aplicaciones aumentaran la eficacia de tus unidades a la hora de organizarse.;;;;;;;;;x;;;;,,,,,,,,,,,,,,,,,,,,,,,,,;;;;;;;;;;;;;;;;;;
military_staff_system;Военно-штабная система;Systeme d'etat-major;Militarstabssystem;;Sist. Estado Mayor mil.;;;;;;;;;x;;;;,,,,,,,,,,,,,,,,,,,,,,,,,,,,,,;;;;;;;;;;;;;;;;;;
military_staff_system_desc;Военно-штабная система;Systeme d'etat-major;Militarstabssystem;;Sist. Estado Mayor mil.;;;;;;;;;x;;;;,,,,,,,,,,,,,,,,,,,,,,,,,,,,,,;;;;;;;;;;;;;;;;;;
military_statistics;Военная статистика;Statistiques militaires;Militarstatistiken;;Estadistica militar;;;;;;;;;x;;;;,,,,,,,,,,,,,,,,,,,,,,,,,,,,,,;;;;;;;;;;;;;;;;;;
military_statistics_desc;Военная статистика;Statistiques militaires;Militarstatistiken;;Estadistica militar;;;;;;;;;x;;;;,,,,,,,,,,,,,,,,,,,,,,,,,,,,,,;;;;;;;;;;;;;;;;;;
missile_defense_system;Система противоракетной обороны;;;;;;x;;,,,,,,,,,,,,,,,,,,,,,,,,,,,,,,;;;;;;;;;;;;;;;;;;;;;;;;;;;
mixed_armies;Смешанные армии;;;;;;x;;,,,,,,,,,,,,,,,,,,,,,,,,,,,,,,;;;;;;;;;;;;;;;;;;;;;;;;;;;
mobilization_time_tables;Графики мобилизации;Calendrier de mobilisation;Mobilmachungszeitplane;;Programacion de la movilizacion;;;;;;;;;x;;;;,,,,,,,,,,,,,,,,,,,,,,,,,,,,,,;;;;;;;;;;;;;;;;;;
mobilization_time_tables_desc;Заранее спланировав мобилизацию, все резервные части установили мобилизационные районы и графики получения оборудования, посадки в поезда и фронтовые маршевые маршруты. Это значительно ускорило мобилизацию.;La preparation de la mobilisation a permis d'etablir, pour les unites de reserve, des lieux precis de rassemblement, des horaires de chargement des trains de materiel et des ordres de marche vers le front. Cela a accelere considerablement la mobilisation.;Durch die Vorausplanung der Mobilmachung verfugten alle Reserveeinheiten uber vorbestimmte Mobilisierungsbereiche, Zeitplane fur Ausrustungsaufnahme und Zugtransport sowie Marschrouten zur Front. Dies beschleunigte die Mobilmachung erheblich.;;Planeando la movilizacion con antelacion, todas las unidades de reserva tenian establecidos lugares de movilizacion especiales y horarios para coger los trenes de equipamiento y las rutas de marcha al frente, lo que aceleraba la movilizacion considerablemente.;;;;;;;;;x;;;;,,,,,,,,,,,,,,,,,,,,,;;;;;;;;;;;;;;;;;;
modern_arch_invention;Современная арка;;;;;;x;;,,,,,,,,,,,,,,,,,,,,,,,,,,,,,,;;;;;;;;;;;;;;;;;;;;;;;;;;;
modern_army_doctrine;Современная армейская доктрина;Doctrine de l'armee moderne;Moderne Heeresdoktrin;;Doctrina del ejercito moderno;;;;;;;;;x;;;;,,,,,,,,,,,,,,,,,,,,,,,,,,,,,,;;;;;;;;;;;;;;;;;;
modern_army_doctrine_desc;Современная армейская доктрина;Doctrine de l'armee moderne;Moderne Heeresdoktrin;;Doctrina del ejercito moderno;;;;;;;;;x;;;;,,,,,,,,,,,,,,,,,,,,,,,,,,,,,,;;;;;;;;;;;;;;;;;;
modern_cement_factory;Современный цементный завод;;;;;;x;;,,,,,,,,,,,,,,,,,,,,,,,,,,,,,,;;;;;;;;;;;;;;;;;;;;;;;;;;;
modern_divisional_structure;Современная дивизионная структура;Struct. divisionnaire moderne;Moderne Divisionsstruktur;;Estructura divisional moderna;;;;;;;;;x;;;;,,,,,,,,,,,,,,,,,,,,,,,,,,,,,,;;;;;;;;;;;;;;;;;;
modern_divisional_structure_desc;Современная дивизионная структура;Structure divisionnaire moderne;Moderne Divisionsstruktur;;Estructura divisional moderna;;;;;;;;;x;;;;,,,,,,,,,,,,,,,,,,,,,,,,,,,,,,;;;;;;;;;;;;;;;;;;
modern_ethics_invention;Современная этика;;;;;;x;;,,,,,,,,,,,,,,,,,,,,,,,,,,,,,,;;;;;;;;;;;;;;;;;;;;;;;;;;;
monetarism;Монетаризм;;;;;;x;;,,,,,,,,,,,,,,,,,,,,,,,,,,,,,,;;;;;;;;;;;;;;;;;;;;;;;;;;;
multinationals;Транснациональные корпорации;;;;;;x;;,,,,,,,,,,,,,,,,,,,,,,,,,,,,,,;;;;;;;;;;;;;;;;;;;;;;;;;;;
muzzle_loaded_rifle_armament;Дульнозарядное винтовочное вооружение;;Vorderlader-Aufrustung;;;;;;;;;;;x,,,,,,,,,,,,,,,,,,,,,,,,,,,,,,;;;;;;;;;;;;;;;;;;;;;;
muzzle_loaded_rifle_armament_desc;Дульнозарядная винтовка — это оружие, в котором снаряд и метательный заряд заряжаются через переднюю часть оружия, в отличие от казнозарядной винтовки. Ручные винтовки были хорошо развиты к 1740-м годам. Узнаваемой формой «дульнозарядной» винтовки является винтовка Кентукки, которая на самом деле была разработана в Пенсильвании. Американская длинная винтовка произошла от немецкой винтовки «Егерь».;;Vorderlader sind Waffen, deren Projektile und Ladungen durch den Lauf geladen werden, im Gegensatz zu den Hinterladern. Handgewehre waren in den 1740ern weit entwickelt. Ein bekannter Vorderlader ist das Kentucky-Gewehr, das in Pennsylvania entwickelt wurde. Das amerikanische Langgewehr wurde vom deutschen Jagdgewehr weiterentwickelt.;;;;;;;;;;;x,,,,,,,,,,,,,,,,,,,,,,,,,;;;;;;;;;;;;;;;;;;;;;;
muzzle_loaded_rifles;Дульнозарядные винтовки;Fusils charges par le canon;Vorderlader;;Fusiles avancarga;;;;;;;;;x;;;;,,,,,,,,,,,,,,,,,,,,,,,,,,,,,,;;;;;;;;;;;;;;;;;;
muzzle_loaded_rifles_desc;Дульнозарядные винтовки;Fusils charges par le canon;Vorderlader;;Fusiles avancarga;;;;;;;;;x;;;;,,,,,,,,,,,,,,,,,,,,,,,,,,,,,,;;;;;;;;;;;;;;;;;;
napoleonic_warfare;Наполеоновские войны;;;;;;x;;,,,,,,,,,,,,,,,,,,,,,,,,,,,,,,;;;;;;;;;;;;;;;;;;;;;;;;;;;
nation_states_invention;Национальные государства;;;;;;x;;,,,,,,,,,,,,,,,,,,,,,,,,,,,,,,;;;;;;;;;;;;;;;;;;;;;;;;;;;
native_language_books;Переводы книг;;;;;;x;;,,,,,,,,,,,,,,,,,,,,,,,,,,,,,,;;;;;;;;;;;;;;;;;;;;;;;;;;;
native_language_schools;Национальные школы;;;;;;x;;,,,,,,,,,,,,,,,,,,,,,,,,,,,,,,;;;;;;;;;;;;;;;;;;;;;;;;;;;
naval_power_projection;Проекция военно-морской мощи;;;;;;x;;,,,,,,,,,,,,,,,,,,,,,,,,,,,,,,;;;;;;;;;;;;;;;;;;;;;;;;;;;
naval_superstructures;Военно-морские надстройки;;;;;;x;;,,,,,,,,,,,,,,,,,,,,,,,,,,,,,,;;;;;;;;;;;;;;;;;;;;;;;;;;;
navy_tech;Военно-морской флот: с 1700 г.;Navy: From 1700;Navy: From 1700;;Navy: From 1700;;;;;;;;;x;;;;,,,,,,,,,,,,,,,,,,,,,,,,,,,,,,;;;;;;;;;;;;;;;;;;
neoclassicism;Неоклассицизм;;;;;;x;;,,,,,,,,,,,,,,,,,,,,,,,,,,,,,,;;;;;;;;;;;;;;;;;;;;;;;;;;;
neoclassicist_construction;Строительство в стиле неоклассицизма;;;;;;x;;,,,,,,,,,,,,,,,,,,,,,,,,,,,,,,;;;;;;;;;;;;;;;;;;;;;;;;;;;
neoclassicist_music_n_literature;Неоклассическая музыка и литература;;;;;;x;;,,,,,,,,,,,,,,,,,,,,,,,,,,,,,,;;;;;;;;;;;;;;;;;;;;;;;;;;;
new_keynesian_economics;Неокейнсианская экономика;;;;;;x;;,,,,,,,,,,,,,,,,,,,,,,,,,,,,,,;;;;;;;;;;;;;;;;;;;;;;;;;;;
nuclear_powered_ships;Атомные корабли;;;;;;x;;,,,,,,,,,,,,,,,,,,,,,,,,,,,,,,;;;;;;;;;;;;;;;;;;;;;;;;;;;
parachute_warfare;Парашютная война;;;;;;x;;;;;;;;;,,,,,,,,,,,,,,,,,,,,,,,,,,,,,,;;;;;;;;;;;;;;;;;;;;
personnel_category_tables;Таблицы категорий персонала;Listes de categories d'effectifs;Personalkategorietabellen;;Tablas categoria de personal;;;;;;;;;x;;;;,,,,,,,,,,,,,,,,,,,,,,,,,,,,,,;;;;;;;;;;;;;;;;;;
personnel_category_tables_desc;Эти таблицы классифицировали задачи, должности и т. д., чтобы в мирное время было легко размещать личный состав в боевых порядках. Во время мобилизации процесс ускорялся, поскольку было легко узнать, какой солдат должен был пойти в какую роту.;Ces listes de categories d'effectifs, position, etc, de sorte qu'il etait facile en temps de paix de placer le personnel dans des formations au combat. En cours de mobilisation, le processus etait accelere car il etait facile de savoir qui avait ete soldat pour l'envoyer dans telle compagnie. ;Diese Tabellen kategorisierten Aufgaben, Positionen usw., so dass es in Friedenszeiten einfach war, Personal in Kampfformationen einzugliedern. Dies beschleunigte die Mobilmachung, da leicht festzustellen war, welcher Soldat in welche Kompanie gehorte.;;Estas tablas clasificaban las tareas, posicion, etc., de modo que, en tiempos de paz, era facil situar al personal en formaciones de combate. Durante la movilizacion, el proceso se aceleraba, ya que resultaba sencillo establecer que soldado tenia que ir a que compania.;;;;;;;;;x;;;;,,,,,,,,,,,,;;;;;;;;;;;;;;;;;;
pietism;Пиетизм;;;;;;x;;,,,,,,,,,,,,,,,,,,,,,,,,,,,,,,;;;;;;;;;;;;;;;;;;;;;;;;;;;
pocket_watch;Карманные часы;;;;;;x;;,,,,,,,,,,,,,,,,,,,,,,,,,,,,,,;;;;;;;;;;;;;;;;;;;;;;;;;;;
point_defense_system;Система точечной обороны;Points de defense;Punktverteidigungssystem;;Sist. defensa puntos;;;;;;;;;x;;;;,,,,,,,,,,,,,,,,,,,,,,,,,,,,,,;;;;;;;;;;;;;;;;;;
point_defense_system_desc;Система точечной обороны;Points de defense;Punktverteidigungssystem;;Sist. defensa puntos;;;;;;;;;x;;;;,,,,,,,,,,,,,,,,,,,,,,,,,,,,,,;;;;;;;;;;;;;;;;;;
polymerase_chain_reaction;Полимеразная цепная реакция;;;;;;x;;,,,,,,,,,,,,,,,,,,,,,,,,,,,,,,;;;;;;;;;;;;;;;;;;;;;;;;;;;
polymerase_chain_reaction_desc;Полимеразная цепная реакция;;;;;;x;;,,,,,,,,,,,,,,,,,,,,,,,,,,,,,,;;;;;;;;;;;;;;;;;;;;;;;;;;;
post_colonialism;Пост-колониализм;;;;;;x;;,,,,,,,,,,,,,,,,,,,,,,,,,,,,,,;;;;;;;;;;;;;;;;;;;;;;;;;;;
post_colonialism_desc;Пост-колониализм;;;;;;x;;,,,,,,,,,,,,,,,,,,,,,,,,,,,,,,;;;;;;;;;;;;;;;;;;;;;;;;;;;
post_modernism;Постмодернизм;;;;;;x;;,,,,,,,,,,,,,,,,,,,,,,,,,,,,,,;;;;;;;;;;;;;;;;;;;;;;;;;;;
post_modernism_desc;Постмодернизм;;;;;;x;;,,,,,,,,,,,,,,,,,,,,,,,,,,,,,,;;;;;;;;;;;;;;;;;;;;;;;;;;;
post_napoleonic_army_doctrine;Постнаполеоновская армейская доктрина;;Post-Napoleonische Armee-Doktrin;;;;;;;;;;;x,,,,,,,,,,,,,,,,,,,,,,,,,,,,,,;;;;;;;;;;;;;;;;;;;;;;
post_napoleonic_army_doctrine_desc;«Французская революция и последовавшие за ней наполеоновские войны произвели революцию в военной стратегии. Влияние этого периода все еще ощущалось в Гражданской войне в США и на ранних этапах Первой мировой войны. С появлением дешевого стрелкового оружия и ростом числа призывников-граждан армии быстро росли в размерах, превращаясь в массовые формирования. Это потребовало разделения армии сначала на дивизии, а затем на корпуса. Вместе с дивизиями появилась дивизионная артиллерия; light-weight, mobile cannon with great range and firepower. The rigid formations of pikemen and musketeers firing massed volleys gave way to light infantry fighting in skirmish lines.';;Die franzцsische Revolution und die nachfolgenden Napoleonischen Kriege revolutionierten militдrische Strategien. Der Einfluss dieser Periode war noch im amerikanischen Bьrgerkrieg und den Anfangsphasen des ersten Weltkriegs spьrbar. Mit dem Aufstieg billiger Handfeuerwaffen und der zum Kriegsdienst verpflichteten Bьrger, wuchsen die Armeen stark zu Massenformationen an. Dies machte es erforderlich, Armeen zunдchst in Divisionen und spдter inKorps aufzuteilen. Mit den Divisionen kam die Divisionsartillerie: leichte, mobile Kanonen mit groЯer Reichweite und Feuerkraft. Rigide Formationen von Pikenieren und Musketieren feuerten massive Salven ab und machten der leichten Infanterie in den Schьtzenlinien den Weg frei.;;;;;;;;;;;x,,,,,,,,,,,,,,,,,,,,,,,,,;;;;;;;;;;;;;;;;;;;;;
post_napoleonic_thought;Постнаполеоновская мысль;Pensee post-napoleonienne;Postnapoleonischer Gedanke;;Pensamiento post-napoleonico;;;;;;;;;x;;;;,,,,,,,,,,,,,,,,,,,,,,,,,,,,,,;;;;;;;;;;;;;;;;;;
post_napoleonic_thought_desc;Постнаполеоновская мысль;Pensee post-napoleonienne;Postnapoleonischer Gedanke;;Pensamiento post-napoleonico;;;;;;;;;x;;;;,,,,,,,,,,,,,,,,,,,,,,,,,,,,,,;;;;;;;;;;;;;;;;;;
post_nelsonian_thought;Ранний колониализм;;;;;;x;;,,,,,,,,,,,,,,,,,,,,,,,,,,,,,,;;;;;;;;;;;;;;;;;;;;;;;;;;;
post_nelsonian_thought_desc;Ранний колониализм;;;;;;x;;,,,,,,,,,,,,,,,,,,,,,,,,,,,,,,;;;;;;;;;;;;;;;;;;;;;;;;;;;
post_renaissance_tech;Технологии эпохи Возрождения;;;;;;x;;,,,,,,,,,,,,,,,,,,,,,,,,,,,,,,;;;;;;;;;;;;;;;;;;;;;;;;;;;
precisision_guided_artillery;Высокоточная управляемая артиллерия;;;;;;x;;,,,,,,,,,,,,,,,,,,,,,,,,,,,,,,;;;;;;;;;;;;;;;;;;;;;;;;;;;
pre_industrial_school;Доиндустриальная школа;;;;;;x;;,,,,,,,,,,,,,,,,,,,,,,,,,,,,,,;;;;;;;;;;;;;;;;;;;;;;;;;;;
pre_planned_depot_systems;Заранее спланированные системы депо;Reseau de depots predefinis;Vorausgeplante Depotsysteme;;Sist. deposito anticipados;;;;;;;;;x;;;;,,,,,,,,,,,,,,,,,,,,,,,,,,,,,,;;;;;;;;;;;;;;;;;;
pre_planned_depot_systems_desc;Планируя в мирное время систему складов, объединенных в цепочку, можно было превратить их в центры сосредоточения потока поставок во время войны.;En planifiant, en temps de paix, un reseau de depots organises en chaine, ces derniers pouvaient servir de bases logistiques au cours de la guerre.;Zu Friedenszeiten gebaute, kettenformig angeordnete Depotsysteme konnten als zentrale Unterstutzungszentren fur die kampfende Truppe fungieren.;;La planificacion de un sistema de depositos en tiempos de paz, establecidos en cadena, podian convertirlos en puntos centrales del flujo de suministros durante una guerra.;;;;;;;;;x;;;;,,,,,,,,,,,,,,,,,,,,,,;;;;;;;;;;;;;;;;;;
privateering;Каперство;;;;;;x;;,,,,,,,,,,,,,,,,,,,,,,,,,,,,,,;;;;;;;;;;;;;;;;;;;;;;;;;;;
professional_philosophy;Профессиональные философы;;;;;;x;;,,,,,,,,,,,,,,,,,,,,,,,,,,,,,,;;;;;;;;;;;;;;;;;;;;;;;;;;;
psyschology_of_reason_invention;Психология разума;;;;;;x;;,,,,,,,,,,,,,,,,,,,,,,,,,,,,,,;;;;;;;;;;;;;;;;;;;;;;;;;;;
quantum_physics;Квантовая физика;;;;;;x;;,,,,,,,,,,,,,,,,,,,,,,,,,,,,,,;;;;;;;;;;;;;;;;;;;;;;;;;;;
railroad_transport_groups;Группы железнодорожного транспорта;Groupes de transport ferroviaire;Eisenbahn-Transportgruppen;;Grupos transp. ferroviario;;;;;;;;;x;;;;,,,,,,,,,,,,,,,,,,,,,,,,,,,,,,;;;;;;;;;;;;;;;;;;
railroad_transport_groups_desc;В этот момент специалисты сформировали определенные группы, которые обслуживали специализированные железнодорожные части. Они могли быстро загружать и перегружать поезда и обслуживать полное перемещение армейских подразделений.;A cette epoque, des specialistes ont forme quelques unites ferroviaires specialisees. Celles-ci pouvaient charger et decharger les trains rapidement et assurer le deplacement des unites.;Zu diesem Zeitpunkt bildeten Spezialisten gesonderte Servicegruppen fur spezialisierte Eisenbahneinheiten. Diese Gruppen konnte Zuge schnell be- und entladen.;;En ese momento, los especialistas formaron grupos que atendian a unidades ferroviarias especializadas. Estas podian cargar y recargar trenes rapidamente, asi como posibilitar el total desplazamiento de unidades del ejercito.;;;;;;;;;x;;;;,,,,,,,,,,,,,,,,,,,,,,,,,,,;;;;;;;;;;;;;;;;;;
ranks_and_companies;Звания и компании;;;;;;x;;,,,,,,,,,,,,,,,,,,,,,,,,,,,,,,;;;;;;;;;;;;;;;;;;;;;;;;;;;
rationalism_invention;Рационализм;;;;;;x;;,,,,,,,,,,,,,,,,,,,,,,,,,,,,,,;;;;;;;;;;;;;;;;;;;;;;;;;;;
rear_area_dumps;Свалки в тыловой зоне;Depots en zone arriere;Frontnahe Depots;;Depositos de retaguardia;;;;;;;;;x;;;;,,,,,,,,,,,,,,,,,,,,,,,,,,,,,,;;;;;;;;;;;;;;;;;;
rear_area_dumps_desc;По мере развития технологий, особенно в плане моторизации, новые концепции должны были применяться к более традиционным доктринам. Снабжение, всегда являвшееся проблемой для армии, значительно улучшилось благодаря этим изменениям. Теперь стало возможным, а также необходимым, создание крупных складов снабжения, из которых можно было бы снабжать целые сектора. Больше не было необходимости в длинных поездах снабжения для снабжения передовых подразделений, поскольку централизованные склады могли быстро распределять необходимые материалы по подразделениям.;Comme la technologie de pointe, notamment en termes de motorisation, de nouveaux concepts doivent etre appliques a plus de doctrines traditionnelles. L'approvisionnement, toujours un probleme pour une armee, a ete grandement amelioree par ces changements. Il est desormais possible, autant que necessaire, d'etablir des depots majeures d'approvisionnement, a partir desquels des secteurs entiers peuvent etre deservis. Il n'etait ainsi plus necessaire d'avoir acces a des trains d'approvisionnement pour alimenter les unites du front, car les depots centralises pouvaient rapidement passer aux unites le materiel necessaire.;Im Zuge des technologischen Fortschritts, besonders inpunkto Motorisierung, wurden fur die traditionelleren Doktrinen neue Konzepte benotigt. Die Nachschubversorgung, fur jede Armee stets ein wichtiger Punkt, wurde von diesen Anderungen stark verbessert. Nun war es moglich, wie auch notwendig, grosse Nachschubdepots zur Versorgung ganzer Sektoren zu errichten. Die Notwendigkeit langer Nachschubzuge zur Versorgung der Fronteinheiten fiel damit weg, da zentralisierte Depots benotigtes Material schnell an die Einheiten ausgeben konnten.;;A medida que avanzaba la tecnologia, especialmente en terminos de motorizacion, se hacia necesario aplicar nuevos conceptos a doctrinas mas tradicionales. El avituallamiento, que siempre habia sido un problema para los ejercitos, mejoro mucho gracias a estas transformaciones. Ahora era posible, ademas de necesario, establecer depositos de retaguardia desde los que se podia suministrar a sectores enteros del frente. Ya no era necesario que largos trenes de avituallamiento abastecieran a las unidades del frente, puesto que estos depositos podian enviar rapidamente el material que necesitaran las unidades.;;;;;;;;;x;;;;;;;;;;;;;;;;;;;;;;
refeudalization_of_armies;Рефеодализация армий;;;;;;x;;,,,,,,,,,,,,,,,,,,,,,,,,,,,,,,;;;;;;;;;;;;;;;;;;;;;;;;;;;
reformation_of_the_church;Реформация Церкви;;;;;;x;;,,,,,,,,,,,,,,,,,,,,,,,,,,,,,,;;;;;;;;;;;;;;;;;;;;;;;;;;;
relativism_invention;Релятивизм;;;;;;x;;,,,,,,,,,,,,,,,,,,,,,,,,,,,,,,;;;;;;;;;;;;;;;;;;;;;;;;;;;
renaissance_clothing;Мода эпохи Возрождения;;;;;;x;;,,,,,,,,,,,,,,,,,,,,,,,,,,,,,,;;;;;;;;;;;;;;;;;;;;;;;;;;;
replenishment_transport_organisation;Организация пополнения транспорта;Organisation du transport logistique;Nachschub-Transportorganisation;;Organiz. Transp. reaprovisionamiento;;;;;;;;;x;;;;,,,,,,,,,,,,,,,,,,,,,,,,,,,,,,;;;;;;;;;;;;;;;;;;
replenishment_transport_organisation_desc;Склады были центральными точками системы снабжения военного времени, но для доставки боеприпасов и туалетной бумаги солдатам требовалась организация пополнения запасов.;Les depots etaient les points cles du systeme logistique en temps de guerre. Mais il etait necessaire d'organiser le transport afin que les hommes disposent en temps voulu des munitions et du papier-toilette.;Depots waren die Hauptstutze des Nachschubsystems zu Kriegszeiten, doch um Patronen, Toilettenpapier und andere Dinge zu den Soldaten zu bringen, war eine Nachschub-Transportorganisation unumganglich.;;Los depositos eran puntos centrales en el sistema de suministros en tiempos de guerra, pero era necesaria una organizacion del transporte de reabastecimiento para hacer llegar a los hombres la municion y el papel higienico.;;;;;;;;;x;;;;,,,,,,,,,,,,,,,,,,,,,,,,,;;;;;;;;;;;;;;;;;;
revivalism;Возрожденчество;;;;;;x;;,,,,,,,,,,,,,,,,,,,,,,,,,,,,,,;;;;;;;;;;;;;;;;;;;;;;;;;;;
revolutionary_ideas;Революционные идеалы;;;;;;x;;,,,,,,,,,,,,,,,,,,,,,,,,,,,,,,;;;;;;;;;;;;;;;;;;;;;;;;;;;
robotics;Робототехника;;;;;;x;;,,,,,,,,,,,,,,,,,,,,,,,,,,,,,,;;;;;;;;;;;;;;;;;;;;;;;;;;;
robotics_desc;Робототехника;;;;;;x;;,,,,,,,,,,,,,,,,,,,,,,,,,,,,,,;;;;;;;;;;;;;;;;;;;;;;;;;;;
robotisation;Роботизация;;;;;;x;;,,,,,,,,,,,,,,,,,,,,,,,,,,,,,,;;;;;;;;;;;;;;;;;;;;;;;;;;;
rocket_science;Ракетостроение;;;;;;x;;,,,,,,,,,,,,,,,,,,,,,,,,,,,,,,;;;;;;;;;;;;;;;;;;;;;;;;;;;
rocket_science_desc;Ракетостроение;;;;;;x;;,,,,,,,,,,,,,,,,,,,,,,,,,,,,,,;;;;;;;;;;;;;;;;;;;;;;;;;;;
rococo;Рококо;;;;;;x;;,,,,,,,,,,,,,,,,,,,,,,,,,,,,,,;;;;;;;;;;;;;;;;;;;;;;;;;;;
rococo_construction;Строительство в стиле рококо;;;;;;x;;,,,,,,,,,,,,,,,,,,,,,,,,,,,,,,;;;;;;;;;;;;;;;;;;;;;;;;;;;
rococo_fine_arts;Изобразительное искусство рококо;;;;;;x;;,,,,,,,,,,,,,,,,,,,,,,,,,,,,,,;;;;;;;;;;;;;;;;;;;;;;;;;;;
roman_christian_universities;Римско-христианские университеты;;;;;;x;;,,,,,,,,,,,,,,,,,,,,,,,,,,,,,,;;;;;;;;;;;;;;;;;;;;;;;;;;;
rotherham_plough;Ротеремский плуг;;Rotherham-Pflug;;;;;;;;;;x,,,,,,,;;,,,,,,,,,,,,,,,,,,,,,,,;x
rotherham_plough_desc;Ротерхэмский или йоркширский плуг, изобретенный Диснеем Станифортом и Джозефом Фолджамбом, был усовершенствованием традиционного плуга. Он был сделан из дерева, как и стандартный плуг, но оснастка и сошник (режущее лезвие) были сделаны из железа, а отвал и лемех были покрыты железными пластинами. Он был легче традиционного плуга и мог легко работать с парой лошадей.;;Der Rotherham oder Yorkshire Pflug wurde von Disney Stanyforth und Joseph Foljambe als Weiterentwicklung des traditionellen Pflugs erfunden. Er bestand aus Holz wie der Standard-Pflug, doch die Beschlage und das Pflugmesser waren aus Eisen und  das Streichblech und die Pflugschar waren mit Eisen verkleidet. Dieser Pflug war leichter als der traditionelle Pflug und konnte leicht von zwei Pferden gezogen werden.;;;;;;;;;;x,,,,,,,;;,,,,,,,,,,,,,,,,,,,,,,;x
salons_invention;Салоны;;;;;;x;;,,,,,,,,,,,,,,,,,,,,,,,,,,,,,,;;;;;;;;;;;;;;;;;;;;;;;;;;;
satellite_communications;Спутниковая связь;;;;;;x;;,,,,,,,,,,,,,,,,,,,,,,,,,,,,,,;;;;;;;;;;;;;;;;;;;;;;;;;;;
scientific_revolution_tech;Научная революция;;;;;;x;;,,,,,,,,,,,,,,,,,,,,,,,,,,,,,,;;;;;;;;;;;;;;;;;;;;;;;;;;;
secret_of_atom;Секрет атома;;;;;;x;;,,,,,,,,,,,,,,,,,,,,,,,,,,,,,,;;;;;;;;;;;;;;;;;;;;;;;;;;;
secret_of_atom_desc;Секрет атома;;;;;;x;;,,,,,,,,,,,,,,,,,,,,,,,,,,,,,,;;;;;;;;;;;;;;;;;;;;;;;;;;;
secular_public_schools;Светские государственные школы;;;;;;x;;,,,,,,,,,,,,,,,,,,,,,,,,,,,,,,;;;;;;;;;;;;;;;;;;;;;;;;;;;
seed_drill;Сеялка;;;;;;x;;,,,,,,,,,,,,,,,,,,,,,,,,,,,,,,;;;;;;;;;;;;;;;;;;;;;;;;;;;
selective_breeding;Селективное разведение;;;;;;x;;,,,,,,,,,,,,,,,,,,,,,,,,,,,,,,;;;;;;;;;;;;;;;;;;;;;;;;;;;
selfish_gene;Эгоистичный ген;;;;;;x;;,,,,,,,,,,,,,,,,,,,,,,,,,,,,,,;;;;;;;;;;;;;;;;;;;;;;;;;;;
selfish_gene_desc;Эгоистичный ген;;;;;;x;;,,,,,,,,,,,,,,,,,,,,,,,,,,,,,,;;;;;;;;;;;;;;;;;;;;;;;;;;;
sheet_glass;Листовое стекло;;;;;;x;;,,,,,,,,,,,,,,,,,,,,,,,,,,,,,,;;;;;;;;;;;;;;;;;;;;;;;;;;;
signal_detachments;Отряды связи;Detachements des transmissions;Signaltrupps;;Destacamentos senales;;;;;;;;;x;;;;,,,,,,,,,,,,,,,,,,,,,,,,,,,,,,;;;;;;;;;;;;;;;;;;
signal_detachments_desc;В этот момент к дивизиям были присоединены отдельные отряды связи, что значительно улучшило их связь.;A cette epoque, des detachements des transmissions furent integres aux divisions, ameliorant ainsi considerablement les communications des unites.;Zu diesem Zeitpunkt wurden Divisionen separate Signaltrupps angefugt, was deren Kommunikationsfahigkeiten enorm steigerte.;;En ese momento, se anadieron destacamentos de senales a las divisiones, que mejoraron enormemente sus comunicaciones.;;;;;;;;;x;;;;,,,,,,,,,,,,,,,,,,,,,,,,;;;;;;;;;;;;;;;;;;
space_colonisation;Колонизация космоса;;;;;;x;;,,,,,,,,,,,,,,,,,,,,,,,,,,,,,,;;;;;;;;;;;;;;;;;;;;;;;;;;;
spinning_mule;Вращающийся мул;;;;;;x;;,,,,,,,,,,,,,,,,,,,,,,,,,,,,,,;;;;;;;;;;;;;;;;;;;;;;;;;;;
springtime_of_nations_invention;Весна Наций;;;;;;x;;,,,,,,,,,,,,,,,,,,,,,,,,,,,,,,;;;;;;;;;;;;;;;;;;;;;;;;;;;
staff_command_support;Поддержка штабного командования;Soutien d'etat-major;Kommandostabsunterstutzung;;Apoyo a la comandancia;;;;;;;;;x;;;;,,,,,,,,,,,,,,,,,,,,,,,,,,,,,,;;;;;;;;;;;;;;;;;;
staff_command_support_desc;Введение рабочих штабов в подразделениях низшего эшелона было побочным эффектом эффективного и функционального Генерального штаба. Вскоре все подразделения имели штабы, которые поддерживали их лидеров.;L'efficacite de l'etat-major aux echelons eleves a entraine son introduction aux echelons inferieurs. Tous les commandants d'unite ont rapidement dispose d'un etat-major.;Die Einfuhrung von Staben in niederrangigen Einheiten war ein Nebeneffekt der Arbeit eines effizienten und funktionalen Generalstabs. Schon bald hatten alle Einheiten Stabe, die ihre Anfuhrer unterstutzten.;;La introduccion de jefaturas de trabajo en unidades de nivel mas bajo fue una consecuencia indirecta de tener un Estado Mayor eficaz y funcional. Pronto, todas las unidades tuvieron jefaturas que ayudaban a sus lideres.;;;;;;;;;x;;;;,,,,,,,,,,,,,,,,,,,,,,,,,,,,;;;;;;;;;;;;;;;;;;
steam_jacks;Паровые домкраты;;;;;;x;;,,,,,,,,,,,,,,,,,,,,,,,,,,,,,,;;;;;;;;;;;;;;;;;;;;;;;;;;;
steam_pump;Ранний паровой насос;;;;;;x;;,,,,,,,,,,,,,,,,,,,,,,,,,,,,,,;;;;;;;;;;;;;;;;;;;;;;;;;;;
steel_breech_loaded_artillery;Стальная казнозарядная артиллерия;Artillerie en acier a culasse;Hinterladergeschutz, Eisen;;Artilleria postcarga (acero);;;;;;;;;x;;;;,,,,,,,,,,,,,,,,,,,,,,,,,,,,,;;;;;;;;;;;;;;;;;;
steel_breech_loaded_artillery_desc;Стальная казнозарядная артиллерия;Artillerie en acier a culasse;Hinterladergeschutz, Eisen;;Artilleria postcarga (acero);;;;;;;;;x;;;;,,,,,,,,,,,,,,,,,,,,,,,,,,,,,;;;;;;;;;;;;;;;;;;
stormtrooper_training;Подготовка штурмовиков;Constitution de troupes d'assaut;Sturmtruppenausbildung;;Instruc. tropas asalto;;;;;;;;;x;;;;,,,,,,,,,,,,,,,,,,,,,,,,,,,,,,;;;;;;;;;;;;;;;;;;
stormtrooper_training_desc;Это была техника использования специальных подразделений для продавливания бреши в линии и прокладывания траншей за этой новой линией. Используемые подразделения были специально обучены для этой задачи.;Cette technique consistait a utiliser des unites specialisees pour s'infiltrer dans les breches et isoler les lignes ennemies avancees. Ces unites etaient specialement formees a cette mission.;Diese Taktik baute auf Sondereinheiten, Lucken in den feindlichen Linien zu schaffen und die Schutzengraben von den feindlichen Truppen zu erobern. Fur diese Aufgabe wurden Einheiten speziell ausgebildet.;;Se trataba de una tecnica que usaba unidades especiales para forzar una brecha en la linea y aislar a las trincheras tras esa nueva linea. Las unidades utilizadas eran entrenadas especialmente para dicha tarea.;;;;;;;;;x;;;;,,,,,,,,,,,,,,,,,,,,,,,,,,,,,;;;;;;;;;;;;;;;;;;
strategic_mobility;Стратегическая мобильность;Mobilite strategique;Strategische Mobilitat;;Movilidad estrategica;;;;;;;;;x;;;;,,,,,,,,,,,,,,,,,,,,,,,,,,,,,,;;;;;;;;;;;;;;;;;;
strategic_mobility_desc;Стратегическая мобильность;Mobilite strategique;Strategische Mobilitat;;Movilidad estrategica;;;;;;;;;x;;;;,,,,,,,,,,,,,,,,,,,,,,,,,,,,,,;;;;;;;;;;;;;;;;;;
submersible_naval_assets;Подводные военно-морские средства;;;;;;x;;,,,,,,,,,,,,,,,,,,,,,,,,,,,,,,;;;;;;;;;;;;;;;;;;;;;;;;;;;
submersible_naval_assets_desc;Подводные военно-морские средства;;;;;;x;;,,,,,,,,,,,,,,,,,,,,,,,,,,,,,,;;;;;;;;;;;;;;;;;;;;;;;;;;;
synchronized_heavy_support;Синхронизированная тяжелая поддержка;Synchronisation de l'appui lourd;Synchronisierte schwere Feuerunterstutzung;;Apoyo pesado sincronizado;;;;;;;;;x;;;;,,,,,,,,,,,,,,,,,,,,,,,,,,,,,,;;;;;;;;;;;;;;;;;;
synchronized_heavy_support_desc;На этом этапе артиллерия и дивизионные части тренировались не только перемещать заградительный огонь для более гибкого перемещения пехоты по полю боя, но и оптимизировать огонь и создавать «зоны поражения».;Rendu a ce point, le corps d'artillerie et des divisions d'infanterie se sont entraines a effectuer des tirs de barrages roulants pour permettre des mouvements de troupes plus souples sur le champ de bataille et optimiser les tirs afin de creer des zones letales pour l'ennemi. ;Zu diesem Zeitpunkt ubten Artillerie- und Divisionsgeschutze die Beschussverlagerung zur Steigerung der Gefechtsflexibilitat der Infanterie, aber auch zur Feuerkraftsteigerung und zur Erzeugung von 'Killing Zones'.;;En ese momento, las piezas de artilleria y de division se prepararon para desplazar la barrera y hacer mas flexible el movimiento de la infanteria en el campo de batalla, pero tambien para optimizar el fuego y crear 'radios de peligro'.;;;;;;;;;x;;;;,,,,,,,,,,,,,,,,,,,,,,,,,;;;;;;;;;;;;;;;;;;
synthetic_graphite;Синтетический графит;;;;;;x;;,,,,,,,,,,,,,,,,,,,,,,,,,,,,,,;;;;;;;;;;;;;;;;;;;;;;;;;;;
synthetic_graphite_desc;Синтетический графит;;;;;;x;;,,,,,,,,,,,,,,,,,,,,,,,,,,,,,,;;;;;;;;;;;;;;;;;;;;;;;;;;;
tankette;Танкетка;Chenillette;Tankette;;Tanqueta;;;;;;;;;x;;;;,,,,,,,,,,,,,,,,,,,,,,,,,,,,,,;;;;;;;;;;;;;;;;;;
tankette_desc;Опыт Первой мировой войны показал ценность и полезность танков. Однако те, что участвовали в боевых действиях, были немного неповоротливы на пересеченной местности и не очень мобильны. Танкетки были первыми в длинной череде разработок в области танковых технологий, которые позволили добиться большей скорости и лучшей маневренности.;L'experience de la Grande Guerre a montre la valeur et l'utilite des tanks. Toutefois, ceux qui ont ete vus en action tendent a etre un peu lourds en terrain accidente, et pas tres mobiles. Les chenillettes ont ete les premieres d'une longue lignee d'evolution de la technologie des blindes, qui ont permis une plus grande vitesse et une meilleure maniabilite. ;Die ersten Panzereinsatze im ersten Weltkrieg hatten die Nutzlichkeit von Panzern gezeigt. Die Panzer des ersten Weltkriegs waren in grobem Gelande aber noch recht schwerfallig und nicht besonders mobil. Tanketten waren der Beginn einer langen Entwicklungsreihe der Panzertechnologie, die hohere Geschwindigkeiten und bessere Manovrierbarkeit ermoglichte.;;Las experiencias de la Gran Guerra demostraron el valor y la utilidad de los tanques. Sin embargo, los que entraron en accion tendian a ser poco manejables en terreno escabroso, ademas de poco moviles. Las tanquetas, primero de una larga linea de avances en la tecnologia de tanques, contaban con mayor velocidad y maniobrabilidad.;;;;;;;;;x;;;;,,,,,,,,,,,,,,,,,,,;;;;;;;;;;;;;;;;;;
tank_experiments;Эксперименты с танками;Experimentation des chars d'assaut;Panzerexperimente;;Experim. tanques;;;;;;;;;x;;;;,,,,,,,,,,,,,,,,,,,,,,,,,,,,,,;;;;;;;;;;;;;;;;;;
tank_experiments_desc;Первый танк, иногда называемый бочкой, имел переменный успех из-за ненадежности этих первых стальных монстров. Однако, «когда они работали, они могли открыть фронт, куда бы они ни направлялись».;"Les premiers chars"","" parfois surnommes """"""""tank"""""""""", n'ont connu qu'un succes mitige en raison de leur manque de fiabilite. Cependant, quand ils fonctionnaient,"" ils pouvaient percer le front en n'importe quel point.""""";"Die ersten Panzer"", manchmal einfach als Fasser bezeichnet, hatten aufgrund ihrer Unzuverlassigkeit nur mittelmassigen Erfolg. Wenn sie aber funktionierten, konnten sie an einer beliebigen Stelle eine Lucke in die Front reissen.";;El primer tanque fue bendecido con un exito desigual debido a la inestabilidad de estos primeros monstruos de acero. Sin embargo, cuando funcionaban podian abrir el frente alli donde fueran.;;;;;;;;;x;;;;,,,,,,,,,,,,,,,,,,,;;;;;;;;;;;;;;;;;;
tank_exploits;Танковые подвиги;Exploitation des chars d'assaut;Panzereffizienz;;Proezas tanques;;;;;;;;;x;;;;,,,,,,,,,,,,,,,,,,,,,,,,,,,,,,;;;;;;;;;;;;;;;;;;
tank_exploits_desc;На этом этапе танки стали более надежными и применялись в составе небольших подразделений для проделывания брешей в обороне, через которые штурмовики и обычная пехота могли проникнуть и сражаться с противником.;Les chars sont devenus plus fiables et on les utilise en petites unites pour creer des breches dans lesquelles les troupes d'assaut et l'infanterie reguliere peuvent s'engouffrer et combattre l'ennemi.;Zu diesem Zeitpunkt sind Panzer zuverlassiger und werden in kleineren Einheiten dazu eingesetzt, Lucken in die gegnerische Front zu reissen, durch die Sturmtruppen und Infanterie dann eindringen und den Feind bekampfen konnen.;;En ese momento, los tanques son mas fiables y se utilizan en unidades menores para hacer agujeros en las lineas, donde podian introducirse las tropas de asalto y la infanteria regular para combatir al enemigo.;;;;;;;;;x;;;;,,,,,,,,,,,,,,,,,,,,,,,,,,;;;;;;;;;;;;;;;;;;
telegraph_coordination;Координация телеграфа;Coordination telegraphique;Telegrafische Koordination;;Coordinacion telegrafica;;;;;;;;;x;;;;,,,,,,,,,,,,,,,,,,,,,,,,,,,,,,;;;;;;;;;;;;;;;;;;
telegraph_coordination_desc;Благодаря координации действий подразделений посредством связи и передачи приказов по телеграфу значительно возросла скорость работы подразделений и принятия решений.;En utilisant le telegraphe pour communiquer et transmettre les ordres necessaires pour assurer la coordination des unites, leur rapidite operationnelle de meme que la prise de decisions a ete grandement amelioree.;Durch die Koordination von Einheiten mittels telegrafischer Befehlsubermittlung beschleunigte sich deren Operationsgeschwindigkeit und Entscheidungsfindung betrachtlich.;;Gracias a la coordinacion de unidades a traves de la comunicacion y envio de ordenes via telegrafica, aumento enormemente la velocidad operativa de las unidades y la toma de decisiones.;;;;;;;;;x;;;;,,,,,,,,,,,,,,,,,,,,,,,,,,,;;;;;;;;;;;;;;;;;;
telephone_switchboard;Телефонный коммутатор;;Telefon-Zentrale;;;;;;;;;;x,,,;;,,,,,,,,,,,,,,,,,,,,,,,,,,,;x
telephone_switchboard_desc;Телефонный коммутатор — это система электрических компонентов, используемых для соединения телефонных звонков. Первый телефонный коммутатор был изобретен венгром Тивадаром Пускашем в 1877 году во время работы на Томаса Эдисона. Примитивные телефонные станции были установлены для коммерческого использования к 1881 году в восточной части США и Западной Европе. Телефонные станции состояли из сотен «штепсельных плат», куда персонал операторов вручную «подключал» звонки для их маршрутизации. Алмон Браун Строуджер запатентовал первый шаговый переключатель в 1891 году, что привело к автоматизированной телефонной коммутации.;;Eine Telefon-Zentrale ist ein System aus elektronischen Komponenten und wird dazu verwendet, Anrufe zu verbinden. Die erste Telefon-Zentrale wurde 1877 von dem Ungarn Tivadar Puskas erfunden, wahrend er fur Thomas Edison arbeitete. Erste primitive Fernsprechamter fur kommerzielle Einrichtungen bestanden 1881 im Osten der US und im westlichen Europa. Fernsprechamter bestanden aus hunderten von Schalttafeln, an denen Telefonisten manuell Anrufe weiterleiteten und verbanden, indem sie Kabel umstopselten. Almon Brown Strowger patentierte 1891 den ersten Kippschalter, der zur automatischen Anrufweiterleitung fuhrte.;;;;;;;;;;x,,,;;,,,,,,,,,,,,,,,,,,,,,;x
the_great_awakening;Великое Пробуждение;;;;;;x;;,,,,,,,,,,,,,,,,,,,,,,,,,,,,,,;;;;;;;;;;;;;;;;;;;;;;;;;;;
theory_tech;Все техники: 1604 - 1699;;;;;;x;;,,,,,,,,,,,,,,,,,,,,,,,,,,,,,,;;;;;;;;;;;;;;;;;;;;;;;;;;;
third_generation_tank_engines;Танковые двигатели третьего поколения;;;;;;x;;,,,,,,,,,,,,,,,,,,,,,,,,,,,,,,;;;;;;;;;;;;;;;;;;;;;;;;;;;
third_generation_tank_engines_desc;Танковые двигатели третьего поколения;;;;;;x;;,,,,,,,,,,,,,,,,,,,,,,,,,,,,,,;;;;;;;;;;;;;;;;;;;;;;;;;;;
torpedo_attacks;Торпедные атаки;;Torpedo-Angriffe;;;;;;;;x;;;;,,,,,,,,,,,,,,,,,,,,,,,,,,,,,,;;;;;;;;;;;;;;;;;;;;;
torpedo_attacks_desc;Торпеда — это самоходное оружие с взрывчатой боевой частью, запускаемое над или под поверхностью воды, приводимое в движение под водой в направлении цели и предназначенное для детонации либо при контакте с целью, либо в непосредственной близости от нее. Запущенная с небольшого корабля, она может быть смертоносной даже для самых крупных военных кораблей.;;Ein Torpedo ist eine Waffe mit Eigenantrieb mit einem explosiven Sprengkopf, die uber oder unter Wasser abgefeuert werden kann und unter Wasser auf ein Ziel zuschiesst. Sie explodiert entweder bei Kontakt mit dem Ziel oder in unmittelbarer Nahe. Diese von einem kleinen Schiff abfeuerbare Waffe kann selbst fur die grossten Kampfschiffe todlich sein.;;;;;;;;x;;;,,,,,,,,,,,,,,,,,,,,,,,,,;;;;;;;;;;;;;;;;;;;;;;
total_blockade_invention;Полная блокада;;;;;;x;;,,,,,,,,,,,,,,,,,,,,,,,,,,,,,,;;;;;;;;;;;;;;;;;;;;;;;;;;;
trench_systems;Системы траншей;Systeme des tranchees;Schutzengrabensysteme;;Sist. trincheras;;;;;;;;;x;;;;,,,,,,,,,,,,,,,,,,,,,,,,,,,,,,;;;;;;;;;;;;;;;;;;
trench_systems_desc;В этот момент огневая мощь была намного мощнее движения, и даже пехотным подразделениям, размещенным на фронте, приходилось окапываться, чтобы выжить под превосходящей огневой мощью вражеской артиллерии. Вскоре линии глубокой обороны заполнили участки линии фронта, создав тупик на фронте. Эти линии получили название траншей. Это приложение дает вам возможность построить новый тип укреплений.;Rendu a ce point, la puissance de feu etait beaucoup plus forte que le mouvement des troupes et, meme l'avant-poste des unites d'infanterie devait creuser pour sa survie face a la puissance de feu superieure de l'artillerie ennemie. Bientot de profondes lignes de defense remplirent le front, annoncant l'impasse des combats. Ces lignes porterent le nom de tranchees. Cela vous donne la possiblite de construire un nouveau type de fortification. ;Zu diesem Zeitpunkt war die Feuerkraft weitaus fortgeschrittener als die Manovertaktik, und so mussten sich selbst Fronteinheiten eingraben, um die uberlegene Feuerkraft der feindlichen Artillerie zu uberleben. Schon bald waren Teile der Front mit tiefen Verteidigungsgraben durchzogen, was zu einer Pattsituation fuhrte. Diese Verteidigungslinien wurden Schutzengraben genannt. Diese Anwendung gibt Ihnen die Moglichkeit, einen neuen Befestigungstyp zu bauen.;;En ese momento, la potencia de fuego era mucho mas poderosa que el movimiento, hasta el punto de que las unidades de infanteria del frente tuvieron que cavar para sobrevivir a la potencia de fuego superior de la artilleria enemiga. Las hileras de profundas lineas defensivas no tardaron en llenar las secciones del frente de batalla, lo que propicio una situacion de punto muerto. A esas lineas se las bautizo con el nombre de trincheras. Esta aplicacion te ofrece la posibilidad de construir un nuevo tipo de fortificacion.;;;;;;;;;x;;;;,,,,,,,,,,,,,,,,,,,,;;;;;;;;;;;;;;;;;;
tulls_seed_drill;Сеялка Тулла;;Tulls Samaschine;;;;;;;;;;x,,,,,,,;;,,,,,,,,,,,,,,,,,,,,,,,;x
tulls_seed_drill_desc;До этой эпохи фермеры сажали семена зерновых культур, перенося семена в мешке и ходя по полю, разбрасывая или разбрасывая семена. Они разбрасывали семена вручную на вспаханную и проборонованную землю. Проблема с этим методом заключалась в том, что он не давал равномерного распределения. Поэтому это было неэффективное использование семян, и большая их часть тратилась впустую. Джетро Талл изобрел сеялку, которую можно было тянуть за лошадью. Она состояла из колесной повозки с ящиком, заполненным зерном. Был храповой механизм с колесным приводом, который равномерно распылял семена, когда сеялку тащили по полю.;;Vor dieser Epoche pflanzten Bauern die Saat fur Getreide, indem sie diese in einem Beutel uber das Feld trugen und ausstreuten oder verteilten. Sie taten dies von Hand auf dem gepflugten und geeggten Feldboden. Das Problem bestand in der ungleichmassigen Verteilung des Saatguts. Es war daher keine effiziente Verwendung des Saatguts, sondern vielmehr eine Verschwendung. Jethro Tull erfand eine Samaschine, die von einem Pferd gezogen werden konnte. Es war ein Vehikel auf Radern mit einer Kiste voll Getreide darin. Eine radbetriebene Schraube verteilte das Saatgut gleichmassig, wenn das Gefahrt uber das Feld gezogen wurde.;;;;;;;;;;x,,,,;;,,,,,,,,,,,,,,,,,,,;x
utilitarianism_invention;Утилитаризм;;;;;;x;;,,,,,,,,,,,,,,,,,,,,,,,,,,,,,,;;;;;;;;;;;;;;;;;;;;;;;;;;;
utopianism;утопизм;;;;;;x;;,,,,,,,,,,,,,,,,,,,,,,,,,,,,,,;;;;;;;;;;;;;;;;;;;;;;;;;;;
vacuum_tube;Вакуумная трубка;;Vakuumrohre;;;;;;;;;;x,,,;;,,,,,,,,,,,,,,,,,,,,,,,,,,,;x
vacuum_tube_desc;Электронная лампа (также известная как термоэлектронный клапан) — это устройство, которое использует поток тока через вакуум. В электронной лампе электроны перемещаются посредством термоэлектронной эмиссии (эффект Эдисона) от горячей нити (отрицательного катода) через вакуум к положительному электроду (аноду). Позднее между анодом и катодом были вставлены дополнительные электроды, что позволило усилить и коммутировать сигналы. Электронные лампы были необходимы для производства и коммерциализации радио, телефонов, телевизоров, радаров и первых компьютеров.;;Die Vakuumrohre (auch Elektronenrohre genannt) ist ein Gerat, das den Stromfluss durch ein Vakuum ausnutzt. Elektronen reisen in einer Vakuumrohre aufgrund von Gluhemission  (dem Edison-Effekt) von einem heissen Gluhfaden (der negativen Kathode) durch ein Vakuum zu einer positiven Elektrode (der Anode). Zusatzliche Elektroden wurden spater zwischen der Anode und Kathode hinzugefugt und erlaubten die Verstarkung und den Wechsel von Signalen. Vakuumrohren waren ein wesentlicher Bestandteil fur die Produktion und Kommerzialisierung von Radios, Telefonen, Fernsehern, Radar und den ersten Computern.;;;;;;;;;;x,,,;;,,,,,,,,,,,,,,,,,,;x
vertical_spinning_loom;Вертикальный прядильный станок;;;;;;x;;,,,,,,,,,,,,,,,,,,,,,,,,,,,,,,;;;;;;;;;;;;;;;;;;;;;;;;;;;
video_games;Видеоигры;;;;;;x;;,,,,,,,,,,,,,,,,,,,,,,,,,,,,,,;;;;;;;;;;;;;;;;;;;;;;;;;;;
vitalism_invention;Витализм;;;;;;x;;,,,,,,,,,,,,,,,,,,,,,,,,,,,,,,;;;;;;;;;;;;;;;;;;;;;;;;;;;
water_thermometer;Ранний термометр;;;;;;x;;,,,,,,,,,,,,,,,,,,,,,,,,,,,,,,;;;;;;;;;;;;;;;;;;;;;;;;;;;
