UU1600_IDEOLOGY_TITLE;Идеологии доступны;Ideologies Available;;;;;;;;;;;;x;;;;;;;;;;;;;;;;;;;;;;;;
UU1600_IDEOLOGY_DESC;Все политические идеологии доступны с 1600 года.;All political ideologies are available from 1600.;;;;;;;;;;;;x;;;;;;;;;;;;;;;;;;;;;;;;
UU1600_IDEOLOGY_OPTION;Продолжить;Continue;;;;;;;;;;;;x;;;;;;;;;;;;;;;;;;;;;;;;
UU1600_AAC_syndicalism;Синдикалистская партия;Syndicalist Party;;;;;;;;;;;;x;;;;;;;;;;;;;;;;;;;;;;;;
UU1600_AAC_militarism;Партия милитаристов;Militarist Party;;;;;;;;;;;;x;;;;;;;;;;;;;;;;;;;;;;;;
UU1600_AAC_ecologism;Экологическая партия;Ecologist Party;;;;;;;;;;;;x;;;;;;;;;;;;;;;;;;;;;;;;
UU1600_AAC_corporatism;Корпоративистская партия;Corporatist Party;;;;;;;;;;;;x;;;;;;;;;;;;;;;;;;;;;;;;
UU1600_AAC_cyber_autonomism;Партия киберавтономистов;Cyber-Autonomist Party;;;;;;;;;;;;x;;;;;;;;;;;;;;;;;;;;;;;;
UU1600_ABU_syndicalism;Синдикалистская партия;Syndicalist Party;;;;;;;;;;;;x;;;;;;;;;;;;;;;;;;;;;;;;
UU1600_ABU_militarism;Партия милитаристов;Militarist Party;;;;;;;;;;;;x;;;;;;;;;;;;;;;;;;;;;;;;
UU1600_ABU_ecologism;Экологическая партия;Ecologist Party;;;;;;;;;;;;x;;;;;;;;;;;;;;;;;;;;;;;;
UU1600_ABU_corporatism;Корпоративистская партия;Corporatist Party;;;;;;;;;;;;x;;;;;;;;;;;;;;;;;;;;;;;;
UU1600_ABU_cyber_autonomism;Партия киберавтономистов;Cyber-Autonomist Party;;;;;;;;;;;;x;;;;;;;;;;;;;;;;;;;;;;;;
UU1600_AFG_syndicalism;Синдикалистская партия;Syndicalist Party;;;;;;;;;;;;x;;;;;;;;;;;;;;;;;;;;;;;;
UU1600_AFG_militarism;Партия милитаристов;Militarist Party;;;;;;;;;;;;x;;;;;;;;;;;;;;;;;;;;;;;;
UU1600_AFG_ecologism;Экологическая партия;Ecologist Party;;;;;;;;;;;;x;;;;;;;;;;;;;;;;;;;;;;;;
UU1600_AFG_corporatism;Корпоративистская партия;Corporatist Party;;;;;;;;;;;;x;;;;;;;;;;;;;;;;;;;;;;;;
UU1600_AFG_cyber_autonomism;Партия киберавтономистов;Cyber-Autonomist Party;;;;;;;;;;;;x;;;;;;;;;;;;;;;;;;;;;;;;
UU1600_AIN_syndicalism;Синдикалистская партия;Syndicalist Party;;;;;;;;;;;;x;;;;;;;;;;;;;;;;;;;;;;;;
UU1600_AIN_militarism;Партия милитаристов;Militarist Party;;;;;;;;;;;;x;;;;;;;;;;;;;;;;;;;;;;;;
UU1600_AIN_ecologism;Экологическая партия;Ecologist Party;;;;;;;;;;;;x;;;;;;;;;;;;;;;;;;;;;;;;
UU1600_AIN_corporatism;Корпоративистская партия;Corporatist Party;;;;;;;;;;;;x;;;;;;;;;;;;;;;;;;;;;;;;
UU1600_AIN_cyber_autonomism;Партия киберавтономистов;Cyber-Autonomist Party;;;;;;;;;;;;x;;;;;;;;;;;;;;;;;;;;;;;;
UU1600_AJU_syndicalism;Синдикалистская партия;Syndicalist Party;;;;;;;;;;;;x;;;;;;;;;;;;;;;;;;;;;;;;
UU1600_AJU_militarism;Партия милитаристов;Militarist Party;;;;;;;;;;;;x;;;;;;;;;;;;;;;;;;;;;;;;
UU1600_AJU_ecologism;Экологическая партия;Ecologist Party;;;;;;;;;;;;x;;;;;;;;;;;;;;;;;;;;;;;;
UU1600_AJU_corporatism;Корпоративистская партия;Corporatist Party;;;;;;;;;;;;x;;;;;;;;;;;;;;;;;;;;;;;;
UU1600_AJU_cyber_autonomism;Партия киберавтономистов;Cyber-Autonomist Party;;;;;;;;;;;;x;;;;;;;;;;;;;;;;;;;;;;;;
UU1600_ALA_syndicalism;Синдикалистская партия;Syndicalist Party;;;;;;;;;;;;x;;;;;;;;;;;;;;;;;;;;;;;;
UU1600_ALA_militarism;Партия милитаристов;Militarist Party;;;;;;;;;;;;x;;;;;;;;;;;;;;;;;;;;;;;;
UU1600_ALA_ecologism;Экологическая партия;Ecologist Party;;;;;;;;;;;;x;;;;;;;;;;;;;;;;;;;;;;;;
UU1600_ALA_corporatism;Корпоративистская партия;Corporatist Party;;;;;;;;;;;;x;;;;;;;;;;;;;;;;;;;;;;;;
UU1600_ALA_cyber_autonomism;Партия киберавтономистов;Cyber-Autonomist Party;;;;;;;;;;;;x;;;;;;;;;;;;;;;;;;;;;;;;
UU1600_LSK_syndicalism;Союз промысловых общин инуитов Аляски;Syndicate of the Alaskan Inuit Communities;;;;;;;;;;;;x;;;;;;;;;;;;;;;;;;;;;;;;
UU1600_LSK_militarism;Стража инуитов Аляски;Guard of the Alaskan Inuit;;;;;;;;;;;;x;;;;;;;;;;;;;;;;;;;;;;;;
UU1600_LSK_ecologism;Хранители земли и рек инуитов Аляски;Keepers of the Alaskan Inuit Lands and Rivers;;;;;;;;;;;;x;;;;;;;;;;;;;;;;;;;;;;;;
UU1600_LSK_corporatism;Собрание ремесленных братств инуитов Аляски;Assembly of the Alaskan Inuit Craft Guilds;;;;;;;;;;;;x;;;;;;;;;;;;;;;;;;;;;;;;
UU1600_LSK_cyber_autonomism;Лига самоуправляемых общин инуитов Аляски;League of Self-Governing Alaskan Inuit Communities;;;;;;;;;;;;x;;;;;;;;;;;;;;;;;;;;;;;;
UU1600_ALB_syndicalism;Синдикалистская партия;Syndicalist Party;;;;;;;;;;;;x;;;;;;;;;;;;;;;;;;;;;;;;
UU1600_ALB_militarism;Партия милитаристов;Militarist Party;;;;;;;;;;;;x;;;;;;;;;;;;;;;;;;;;;;;;
UU1600_ALB_ecologism;Экологическая партия;Ecologist Party;;;;;;;;;;;;x;;;;;;;;;;;;;;;;;;;;;;;;
UU1600_ALB_corporatism;Корпоративистская партия;Corporatist Party;;;;;;;;;;;;x;;;;;;;;;;;;;;;;;;;;;;;;
UU1600_ALB_cyber_autonomism;Партия киберавтономистов;Cyber-Autonomist Party;;;;;;;;;;;;x;;;;;;;;;;;;;;;;;;;;;;;;
UU1600_ALD_syndicalism;Синдикалистская партия;Syndicalist Party;;;;;;;;;;;;x;;;;;;;;;;;;;;;;;;;;;;;;
UU1600_ALD_militarism;Партия милитаристов;Militarist Party;;;;;;;;;;;;x;;;;;;;;;;;;;;;;;;;;;;;;
UU1600_ALD_ecologism;Экологическая партия;Ecologist Party;;;;;;;;;;;;x;;;;;;;;;;;;;;;;;;;;;;;;
UU1600_ALD_corporatism;Корпоративистская партия;Corporatist Party;;;;;;;;;;;;x;;;;;;;;;;;;;;;;;;;;;;;;
UU1600_ALD_cyber_autonomism;Партия киберавтономистов;Cyber-Autonomist Party;;;;;;;;;;;;x;;;;;;;;;;;;;;;;;;;;;;;;
UU1600_ALT_syndicalism;Союз промысловых общин алеутов;Syndicate of the Aleut Communities;;;;;;;;;;;;x;;;;;;;;;;;;;;;;;;;;;;;;
UU1600_ALT_militarism;Стража алеутов;Guard of the Aleut;;;;;;;;;;;;x;;;;;;;;;;;;;;;;;;;;;;;;
UU1600_ALT_ecologism;Хранители земли и рек алеутов;Keepers of the Aleut Lands and Rivers;;;;;;;;;;;;x;;;;;;;;;;;;;;;;;;;;;;;;
UU1600_ALT_corporatism;Собрание ремесленных братств алеутов;Assembly of the Aleut Craft Guilds;;;;;;;;;;;;x;;;;;;;;;;;;;;;;;;;;;;;;
UU1600_ALT_cyber_autonomism;Лига самоуправляемых общин алеутов;League of Self-Governing Aleut Communities;;;;;;;;;;;;x;;;;;;;;;;;;;;;;;;;;;;;;
UU1600_ALS_syndicalism;Синдикалистская партия;Syndicalist Party;;;;;;;;;;;;x;;;;;;;;;;;;;;;;;;;;;;;;
UU1600_ALS_militarism;Партия милитаристов;Militarist Party;;;;;;;;;;;;x;;;;;;;;;;;;;;;;;;;;;;;;
UU1600_ALS_ecologism;Экологическая партия;Ecologist Party;;;;;;;;;;;;x;;;;;;;;;;;;;;;;;;;;;;;;
UU1600_ALS_corporatism;Корпоративистская партия;Corporatist Party;;;;;;;;;;;;x;;;;;;;;;;;;;;;;;;;;;;;;
UU1600_ALS_cyber_autonomism;Партия киберавтономистов;Cyber-Autonomist Party;;;;;;;;;;;;x;;;;;;;;;;;;;;;;;;;;;;;;
UU1600_AGL_syndicalism;Синдикалистская партия;Syndicalist Party;;;;;;;;;;;;x;;;;;;;;;;;;;;;;;;;;;;;;
UU1600_AGL_militarism;Партия милитаристов;Militarist Party;;;;;;;;;;;;x;;;;;;;;;;;;;;;;;;;;;;;;
UU1600_AGL_ecologism;Экологическая партия;Ecologist Party;;;;;;;;;;;;x;;;;;;;;;;;;;;;;;;;;;;;;
UU1600_AGL_corporatism;Корпоративистская партия;Corporatist Party;;;;;;;;;;;;x;;;;;;;;;;;;;;;;;;;;;;;;
UU1600_AGL_cyber_autonomism;Партия киберавтономистов;Cyber-Autonomist Party;;;;;;;;;;;;x;;;;;;;;;;;;;;;;;;;;;;;;
UU1600_ANH_syndicalism;Синдикалистская партия;Syndicalist Party;;;;;;;;;;;;x;;;;;;;;;;;;;;;;;;;;;;;;
UU1600_ANH_militarism;Партия милитаристов;Militarist Party;;;;;;;;;;;;x;;;;;;;;;;;;;;;;;;;;;;;;
UU1600_ANH_ecologism;Экологическая партия;Ecologist Party;;;;;;;;;;;;x;;;;;;;;;;;;;;;;;;;;;;;;
UU1600_ANH_corporatism;Корпоративистская партия;Corporatist Party;;;;;;;;;;;;x;;;;;;;;;;;;;;;;;;;;;;;;
UU1600_ANH_cyber_autonomism;Партия киберавтономистов;Cyber-Autonomist Party;;;;;;;;;;;;x;;;;;;;;;;;;;;;;;;;;;;;;
UU1600_HUI_syndicalism;Синдикалистская партия;Syndicalist Party;;;;;;;;;;;;x;;;;;;;;;;;;;;;;;;;;;;;;
UU1600_HUI_militarism;Партия милитаристов;Militarist Party;;;;;;;;;;;;x;;;;;;;;;;;;;;;;;;;;;;;;
UU1600_HUI_ecologism;Экологическая партия;Ecologist Party;;;;;;;;;;;;x;;;;;;;;;;;;;;;;;;;;;;;;
UU1600_HUI_corporatism;Корпоративистская партия;Corporatist Party;;;;;;;;;;;;x;;;;;;;;;;;;;;;;;;;;;;;;
UU1600_HUI_cyber_autonomism;Партия киберавтономистов;Cyber-Autonomist Party;;;;;;;;;;;;x;;;;;;;;;;;;;;;;;;;;;;;;
UU1600_ANS_syndicalism;Синдикалистская партия;Syndicalist Party;;;;;;;;;;;;x;;;;;;;;;;;;;;;;;;;;;;;;
UU1600_ANS_militarism;Партия милитаристов;Militarist Party;;;;;;;;;;;;x;;;;;;;;;;;;;;;;;;;;;;;;
UU1600_ANS_ecologism;Экологическая партия;Ecologist Party;;;;;;;;;;;;x;;;;;;;;;;;;;;;;;;;;;;;;
UU1600_ANS_corporatism;Корпоративистская партия;Corporatist Party;;;;;;;;;;;;x;;;;;;;;;;;;;;;;;;;;;;;;
UU1600_ANS_cyber_autonomism;Партия киберавтономистов;Cyber-Autonomist Party;;;;;;;;;;;;x;;;;;;;;;;;;;;;;;;;;;;;;
UU1600_APC_syndicalism;Союз промысловых общин апачей;Syndicate of the Apache Communities;;;;;;;;;;;;x;;;;;;;;;;;;;;;;;;;;;;;;
UU1600_APC_militarism;Стража апачей;Guard of the Apache;;;;;;;;;;;;x;;;;;;;;;;;;;;;;;;;;;;;;
UU1600_APC_ecologism;Хранители земли и рек апачей;Keepers of the Apache Lands and Rivers;;;;;;;;;;;;x;;;;;;;;;;;;;;;;;;;;;;;;
UU1600_APC_corporatism;Собрание ремесленных братств апачей;Assembly of the Apache Craft Guilds;;;;;;;;;;;;x;;;;;;;;;;;;;;;;;;;;;;;;
UU1600_APC_cyber_autonomism;Лига самоуправляемых общин апачей;League of Self-Governing Apache Communities;;;;;;;;;;;;x;;;;;;;;;;;;;;;;;;;;;;;;
UU1600_ARA_syndicalism;Синдикалистская партия;Syndicalist Party;;;;;;;;;;;;x;;;;;;;;;;;;;;;;;;;;;;;;
UU1600_ARA_militarism;Партия милитаристов;Militarist Party;;;;;;;;;;;;x;;;;;;;;;;;;;;;;;;;;;;;;
UU1600_ARA_ecologism;Экологическая партия;Ecologist Party;;;;;;;;;;;;x;;;;;;;;;;;;;;;;;;;;;;;;
UU1600_ARA_corporatism;Корпоративистская партия;Corporatist Party;;;;;;;;;;;;x;;;;;;;;;;;;;;;;;;;;;;;;
UU1600_ARA_cyber_autonomism;Партия киберавтономистов;Cyber-Autonomist Party;;;;;;;;;;;;x;;;;;;;;;;;;;;;;;;;;;;;;
UU1600_ARP_syndicalism;Союз промысловых общин арапахо;Syndicate of the Arapaho Communities;;;;;;;;;;;;x;;;;;;;;;;;;;;;;;;;;;;;;
UU1600_ARP_militarism;Стража арапахо;Guard of the Arapaho;;;;;;;;;;;;x;;;;;;;;;;;;;;;;;;;;;;;;
UU1600_ARP_ecologism;Хранители земли и рек арапахо;Keepers of the Arapaho Lands and Rivers;;;;;;;;;;;;x;;;;;;;;;;;;;;;;;;;;;;;;
UU1600_ARP_corporatism;Собрание ремесленных братств арапахо;Assembly of the Arapaho Craft Guilds;;;;;;;;;;;;x;;;;;;;;;;;;;;;;;;;;;;;;
UU1600_ARP_cyber_autonomism;Лига самоуправляемых общин арапахо;League of Self-Governing Arapaho Communities;;;;;;;;;;;;x;;;;;;;;;;;;;;;;;;;;;;;;
UU1600_ARG_syndicalism;Синдикалистская партия;Syndicalist Party;;;;;;;;;;;;x;;;;;;;;;;;;;;;;;;;;;;;;
UU1600_ARG_militarism;Партия милитаристов;Militarist Party;;;;;;;;;;;;x;;;;;;;;;;;;;;;;;;;;;;;;
UU1600_ARG_ecologism;Экологическая партия;Ecologist Party;;;;;;;;;;;;x;;;;;;;;;;;;;;;;;;;;;;;;
UU1600_ARG_corporatism;Корпоративистская партия;Corporatist Party;;;;;;;;;;;;x;;;;;;;;;;;;;;;;;;;;;;;;
UU1600_ARG_cyber_autonomism;Партия киберавтономистов;Cyber-Autonomist Party;;;;;;;;;;;;x;;;;;;;;;;;;;;;;;;;;;;;;
UU1600_ARM_syndicalism;Синдикалистская партия;Syndicalist Party;;;;;;;;;;;;x;;;;;;;;;;;;;;;;;;;;;;;;
UU1600_ARM_militarism;Партия милитаристов;Militarist Party;;;;;;;;;;;;x;;;;;;;;;;;;;;;;;;;;;;;;
UU1600_ARM_ecologism;Экологическая партия;Ecologist Party;;;;;;;;;;;;x;;;;;;;;;;;;;;;;;;;;;;;;
UU1600_ARM_corporatism;Корпоративистская партия;Corporatist Party;;;;;;;;;;;;x;;;;;;;;;;;;;;;;;;;;;;;;
UU1600_ARM_cyber_autonomism;Партия киберавтономистов;Cyber-Autonomist Party;;;;;;;;;;;;x;;;;;;;;;;;;;;;;;;;;;;;;
UU1600_ARO_syndicalism;Синдикалистская партия;Syndicalist Party;;;;;;;;;;;;x;;;;;;;;;;;;;;;;;;;;;;;;
UU1600_ARO_militarism;Партия милитаристов;Militarist Party;;;;;;;;;;;;x;;;;;;;;;;;;;;;;;;;;;;;;
UU1600_ARO_ecologism;Экологическая партия;Ecologist Party;;;;;;;;;;;;x;;;;;;;;;;;;;;;;;;;;;;;;
UU1600_ARO_corporatism;Корпоративистская партия;Corporatist Party;;;;;;;;;;;;x;;;;;;;;;;;;;;;;;;;;;;;;
UU1600_ARO_cyber_autonomism;Партия киберавтономистов;Cyber-Autonomist Party;;;;;;;;;;;;x;;;;;;;;;;;;;;;;;;;;;;;;
UU1600_ASH_syndicalism;Синдикалистская партия;Syndicalist Party;;;;;;;;;;;;x;;;;;;;;;;;;;;;;;;;;;;;;
UU1600_ASH_militarism;Партия милитаристов;Militarist Party;;;;;;;;;;;;x;;;;;;;;;;;;;;;;;;;;;;;;
UU1600_ASH_ecologism;Экологическая партия;Ecologist Party;;;;;;;;;;;;x;;;;;;;;;;;;;;;;;;;;;;;;
UU1600_ASH_corporatism;Корпоративистская партия;Corporatist Party;;;;;;;;;;;;x;;;;;;;;;;;;;;;;;;;;;;;;
UU1600_ASH_cyber_autonomism;Партия киберавтономистов;Cyber-Autonomist Party;;;;;;;;;;;;x;;;;;;;;;;;;;;;;;;;;;;;;
UU1600_ASS_syndicalism;Синдикалистская партия;Syndicalist Party;;;;;;;;;;;;x;;;;;;;;;;;;;;;;;;;;;;;;
UU1600_ASS_militarism;Партия милитаристов;Militarist Party;;;;;;;;;;;;x;;;;;;;;;;;;;;;;;;;;;;;;
UU1600_ASS_ecologism;Экологическая партия;Ecologist Party;;;;;;;;;;;;x;;;;;;;;;;;;;;;;;;;;;;;;
UU1600_ASS_corporatism;Корпоративистская партия;Corporatist Party;;;;;;;;;;;;x;;;;;;;;;;;;;;;;;;;;;;;;
UU1600_ASS_cyber_autonomism;Партия киберавтономистов;Cyber-Autonomist Party;;;;;;;;;;;;x;;;;;;;;;;;;;;;;;;;;;;;;
UU1600_ATJ_syndicalism;Синдикалистская партия;Syndicalist Party;;;;;;;;;;;;x;;;;;;;;;;;;;;;;;;;;;;;;
UU1600_ATJ_militarism;Партия милитаристов;Militarist Party;;;;;;;;;;;;x;;;;;;;;;;;;;;;;;;;;;;;;
UU1600_ATJ_ecologism;Экологическая партия;Ecologist Party;;;;;;;;;;;;x;;;;;;;;;;;;;;;;;;;;;;;;
UU1600_ATJ_corporatism;Корпоративистская партия;Corporatist Party;;;;;;;;;;;;x;;;;;;;;;;;;;;;;;;;;;;;;
UU1600_ATJ_cyber_autonomism;Партия киберавтономистов;Cyber-Autonomist Party;;;;;;;;;;;;x;;;;;;;;;;;;;;;;;;;;;;;;
UU1600_AUG_syndicalism;Синдикалистская партия;Syndicalist Party;;;;;;;;;;;;x;;;;;;;;;;;;;;;;;;;;;;;;
UU1600_AUG_militarism;Партия милитаристов;Militarist Party;;;;;;;;;;;;x;;;;;;;;;;;;;;;;;;;;;;;;
UU1600_AUG_ecologism;Экологическая партия;Ecologist Party;;;;;;;;;;;;x;;;;;;;;;;;;;;;;;;;;;;;;
UU1600_AUG_corporatism;Корпоративистская партия;Corporatist Party;;;;;;;;;;;;x;;;;;;;;;;;;;;;;;;;;;;;;
UU1600_AUG_cyber_autonomism;Партия киберавтономистов;Cyber-Autonomist Party;;;;;;;;;;;;x;;;;;;;;;;;;;;;;;;;;;;;;
UU1600_AST_syndicalism;Синдикалистская партия;Syndicalist Party;;;;;;;;;;;;x;;;;;;;;;;;;;;;;;;;;;;;;
UU1600_AST_militarism;Партия милитаристов;Militarist Party;;;;;;;;;;;;x;;;;;;;;;;;;;;;;;;;;;;;;
UU1600_AST_ecologism;Экологическая партия;Ecologist Party;;;;;;;;;;;;x;;;;;;;;;;;;;;;;;;;;;;;;
UU1600_AST_corporatism;Корпоративистская партия;Corporatist Party;;;;;;;;;;;;x;;;;;;;;;;;;;;;;;;;;;;;;
UU1600_AST_cyber_autonomism;Партия киберавтономистов;Cyber-Autonomist Party;;;;;;;;;;;;x;;;;;;;;;;;;;;;;;;;;;;;;
UU1600_KUK_syndicalism;Синдикалистская партия;Syndicalist Party;;;;;;;;;;;;x;;;;;;;;;;;;;;;;;;;;;;;;
UU1600_KUK_militarism;Партия милитаристов;Militarist Party;;;;;;;;;;;;x;;;;;;;;;;;;;;;;;;;;;;;;
UU1600_KUK_ecologism;Экологическая партия;Ecologist Party;;;;;;;;;;;;x;;;;;;;;;;;;;;;;;;;;;;;;
UU1600_KUK_corporatism;Корпоративистская партия;Corporatist Party;;;;;;;;;;;;x;;;;;;;;;;;;;;;;;;;;;;;;
UU1600_KUK_cyber_autonomism;Партия киберавтономистов;Cyber-Autonomist Party;;;;;;;;;;;;x;;;;;;;;;;;;;;;;;;;;;;;;
UU1600_AUS_syndicalism;Синдикалистская партия;Syndicalist Party;;;;;;;;;;;;x;;;;;;;;;;;;;;;;;;;;;;;;
UU1600_AUS_militarism;Партия милитаристов;Militarist Party;;;;;;;;;;;;x;;;;;;;;;;;;;;;;;;;;;;;;
UU1600_AUS_ecologism;Экологическая партия;Ecologist Party;;;;;;;;;;;;x;;;;;;;;;;;;;;;;;;;;;;;;
UU1600_AUS_corporatism;Корпоративистская партия;Corporatist Party;;;;;;;;;;;;x;;;;;;;;;;;;;;;;;;;;;;;;
UU1600_AUS_cyber_autonomism;Партия киберавтономистов;Cyber-Autonomist Party;;;;;;;;;;;;x;;;;;;;;;;;;;;;;;;;;;;;;
UU1600_AWA_syndicalism;Синдикалистская партия;Syndicalist Party;;;;;;;;;;;;x;;;;;;;;;;;;;;;;;;;;;;;;
UU1600_AWA_militarism;Партия милитаристов;Militarist Party;;;;;;;;;;;;x;;;;;;;;;;;;;;;;;;;;;;;;
UU1600_AWA_ecologism;Экологическая партия;Ecologist Party;;;;;;;;;;;;x;;;;;;;;;;;;;;;;;;;;;;;;
UU1600_AWA_corporatism;Корпоративистская партия;Corporatist Party;;;;;;;;;;;;x;;;;;;;;;;;;;;;;;;;;;;;;
UU1600_AWA_cyber_autonomism;Партия киберавтономистов;Cyber-Autonomist Party;;;;;;;;;;;;x;;;;;;;;;;;;;;;;;;;;;;;;
UU1600_AZB_syndicalism;Синдикалистская партия;Syndicalist Party;;;;;;;;;;;;x;;;;;;;;;;;;;;;;;;;;;;;;
UU1600_AZB_militarism;Партия милитаристов;Militarist Party;;;;;;;;;;;;x;;;;;;;;;;;;;;;;;;;;;;;;
UU1600_AZB_ecologism;Экологическая партия;Ecologist Party;;;;;;;;;;;;x;;;;;;;;;;;;;;;;;;;;;;;;
UU1600_AZB_corporatism;Корпоративистская партия;Corporatist Party;;;;;;;;;;;;x;;;;;;;;;;;;;;;;;;;;;;;;
UU1600_AZB_cyber_autonomism;Партия киберавтономистов;Cyber-Autonomist Party;;;;;;;;;;;;x;;;;;;;;;;;;;;;;;;;;;;;;
UU1600_AZT_syndicalism;Союз промысловых общин ацтеков;Syndicate of the Aztec Communities;;;;;;;;;;;;x;;;;;;;;;;;;;;;;;;;;;;;;
UU1600_AZT_militarism;Стража ацтеков;Guard of the Aztec;;;;;;;;;;;;x;;;;;;;;;;;;;;;;;;;;;;;;
UU1600_AZT_ecologism;Хранители земли и рек ацтеков;Keepers of the Aztec Lands and Rivers;;;;;;;;;;;;x;;;;;;;;;;;;;;;;;;;;;;;;
UU1600_AZT_corporatism;Собрание ремесленных братств ацтеков;Assembly of the Aztec Craft Guilds;;;;;;;;;;;;x;;;;;;;;;;;;;;;;;;;;;;;;
UU1600_AZT_cyber_autonomism;Лига самоуправляемых общин ацтеков;League of Self-Governing Aztec Communities;;;;;;;;;;;;x;;;;;;;;;;;;;;;;;;;;;;;;
UU1600_BAB_syndicalism;Синдикалистская партия;Syndicalist Party;;;;;;;;;;;;x;;;;;;;;;;;;;;;;;;;;;;;;
UU1600_BAB_militarism;Партия милитаристов;Militarist Party;;;;;;;;;;;;x;;;;;;;;;;;;;;;;;;;;;;;;
UU1600_BAB_ecologism;Экологическая партия;Ecologist Party;;;;;;;;;;;;x;;;;;;;;;;;;;;;;;;;;;;;;
UU1600_BAB_corporatism;Корпоративистская партия;Corporatist Party;;;;;;;;;;;;x;;;;;;;;;;;;;;;;;;;;;;;;
UU1600_BAB_cyber_autonomism;Партия киберавтономистов;Cyber-Autonomist Party;;;;;;;;;;;;x;;;;;;;;;;;;;;;;;;;;;;;;
UU1600_BAD_syndicalism;Синдикалистская партия;Syndicalist Party;;;;;;;;;;;;x;;;;;;;;;;;;;;;;;;;;;;;;
UU1600_BAD_militarism;Партия милитаристов;Militarist Party;;;;;;;;;;;;x;;;;;;;;;;;;;;;;;;;;;;;;
UU1600_BAD_ecologism;Экологическая партия;Ecologist Party;;;;;;;;;;;;x;;;;;;;;;;;;;;;;;;;;;;;;
UU1600_BAD_corporatism;Корпоративистская партия;Corporatist Party;;;;;;;;;;;;x;;;;;;;;;;;;;;;;;;;;;;;;
UU1600_BAD_cyber_autonomism;Партия киберавтономистов;Cyber-Autonomist Party;;;;;;;;;;;;x;;;;;;;;;;;;;;;;;;;;;;;;
UU1600_BAH_syndicalism;Синдикалистская партия;Syndicalist Party;;;;;;;;;;;;x;;;;;;;;;;;;;;;;;;;;;;;;
UU1600_BAH_militarism;Партия милитаристов;Militarist Party;;;;;;;;;;;;x;;;;;;;;;;;;;;;;;;;;;;;;
UU1600_BAH_ecologism;Экологическая партия;Ecologist Party;;;;;;;;;;;;x;;;;;;;;;;;;;;;;;;;;;;;;
UU1600_BAH_corporatism;Корпоративистская партия;Corporatist Party;;;;;;;;;;;;x;;;;;;;;;;;;;;;;;;;;;;;;
UU1600_BAH_cyber_autonomism;Партия киберавтономистов;Cyber-Autonomist Party;;;;;;;;;;;;x;;;;;;;;;;;;;;;;;;;;;;;;
UU1600_BAL_syndicalism;Синдикалистская партия;Syndicalist Party;;;;;;;;;;;;x;;;;;;;;;;;;;;;;;;;;;;;;
UU1600_BAL_militarism;Партия милитаристов;Militarist Party;;;;;;;;;;;;x;;;;;;;;;;;;;;;;;;;;;;;;
UU1600_BAL_ecologism;Экологическая партия;Ecologist Party;;;;;;;;;;;;x;;;;;;;;;;;;;;;;;;;;;;;;
UU1600_BAL_corporatism;Корпоративистская партия;Corporatist Party;;;;;;;;;;;;x;;;;;;;;;;;;;;;;;;;;;;;;
UU1600_BAL_cyber_autonomism;Партия киберавтономистов;Cyber-Autonomist Party;;;;;;;;;;;;x;;;;;;;;;;;;;;;;;;;;;;;;
UU1600_BGL_syndicalism;Синдикалистская партия;Syndicalist Party;;;;;;;;;;;;x;;;;;;;;;;;;;;;;;;;;;;;;
UU1600_BGL_militarism;Партия милитаристов;Militarist Party;;;;;;;;;;;;x;;;;;;;;;;;;;;;;;;;;;;;;
UU1600_BGL_ecologism;Экологическая партия;Ecologist Party;;;;;;;;;;;;x;;;;;;;;;;;;;;;;;;;;;;;;
UU1600_BGL_corporatism;Корпоративистская партия;Corporatist Party;;;;;;;;;;;;x;;;;;;;;;;;;;;;;;;;;;;;;
UU1600_BGL_cyber_autonomism;Партия киберавтономистов;Cyber-Autonomist Party;;;;;;;;;;;;x;;;;;;;;;;;;;;;;;;;;;;;;
UU1600_BNJ_syndicalism;Синдикалистская партия;Syndicalist Party;;;;;;;;;;;;x;;;;;;;;;;;;;;;;;;;;;;;;
UU1600_BNJ_militarism;Партия милитаристов;Militarist Party;;;;;;;;;;;;x;;;;;;;;;;;;;;;;;;;;;;;;
UU1600_BNJ_ecologism;Экологическая партия;Ecologist Party;;;;;;;;;;;;x;;;;;;;;;;;;;;;;;;;;;;;;
UU1600_BNJ_corporatism;Корпоративистская партия;Corporatist Party;;;;;;;;;;;;x;;;;;;;;;;;;;;;;;;;;;;;;
UU1600_BNJ_cyber_autonomism;Партия киберавтономистов;Cyber-Autonomist Party;;;;;;;;;;;;x;;;;;;;;;;;;;;;;;;;;;;;;
UU1600_BNT_syndicalism;Синдикалистская партия;Syndicalist Party;;;;;;;;;;;;x;;;;;;;;;;;;;;;;;;;;;;;;
UU1600_BNT_militarism;Партия милитаристов;Militarist Party;;;;;;;;;;;;x;;;;;;;;;;;;;;;;;;;;;;;;
UU1600_BNT_ecologism;Экологическая партия;Ecologist Party;;;;;;;;;;;;x;;;;;;;;;;;;;;;;;;;;;;;;
UU1600_BNT_corporatism;Корпоративистская партия;Corporatist Party;;;;;;;;;;;;x;;;;;;;;;;;;;;;;;;;;;;;;
UU1600_BNT_cyber_autonomism;Партия киберавтономистов;Cyber-Autonomist Party;;;;;;;;;;;;x;;;;;;;;;;;;;;;;;;;;;;;;
UU1600_BAR_syndicalism;Синдикалистская партия;Syndicalist Party;;;;;;;;;;;;x;;;;;;;;;;;;;;;;;;;;;;;;
UU1600_BAR_militarism;Партия милитаристов;Militarist Party;;;;;;;;;;;;x;;;;;;;;;;;;;;;;;;;;;;;;
UU1600_BAR_ecologism;Экологическая партия;Ecologist Party;;;;;;;;;;;;x;;;;;;;;;;;;;;;;;;;;;;;;
UU1600_BAR_corporatism;Корпоративистская партия;Corporatist Party;;;;;;;;;;;;x;;;;;;;;;;;;;;;;;;;;;;;;
UU1600_BAR_cyber_autonomism;Партия киберавтономистов;Cyber-Autonomist Party;;;;;;;;;;;;x;;;;;;;;;;;;;;;;;;;;;;;;
UU1600_BSQ_syndicalism;Синдикалистская партия;Syndicalist Party;;;;;;;;;;;;x;;;;;;;;;;;;;;;;;;;;;;;;
UU1600_BSQ_militarism;Партия милитаристов;Militarist Party;;;;;;;;;;;;x;;;;;;;;;;;;;;;;;;;;;;;;
UU1600_BSQ_ecologism;Экологическая партия;Ecologist Party;;;;;;;;;;;;x;;;;;;;;;;;;;;;;;;;;;;;;
UU1600_BSQ_corporatism;Корпоративистская партия;Corporatist Party;;;;;;;;;;;;x;;;;;;;;;;;;;;;;;;;;;;;;
UU1600_BSQ_cyber_autonomism;Партия киберавтономистов;Cyber-Autonomist Party;;;;;;;;;;;;x;;;;;;;;;;;;;;;;;;;;;;;;
UU1600_BAS_syndicalism;Синдикалистская партия;Syndicalist Party;;;;;;;;;;;;x;;;;;;;;;;;;;;;;;;;;;;;;
UU1600_BAS_militarism;Партия милитаристов;Militarist Party;;;;;;;;;;;;x;;;;;;;;;;;;;;;;;;;;;;;;
UU1600_BAS_ecologism;Экологическая партия;Ecologist Party;;;;;;;;;;;;x;;;;;;;;;;;;;;;;;;;;;;;;
UU1600_BAS_corporatism;Корпоративистская партия;Corporatist Party;;;;;;;;;;;;x;;;;;;;;;;;;;;;;;;;;;;;;
UU1600_BAS_cyber_autonomism;Партия киберавтономистов;Cyber-Autonomist Party;;;;;;;;;;;;x;;;;;;;;;;;;;;;;;;;;;;;;
UU1600_BAV_syndicalism;Синдикалистская партия;Syndicalist Party;;;;;;;;;;;;x;;;;;;;;;;;;;;;;;;;;;;;;
UU1600_BAV_militarism;Партия милитаристов;Militarist Party;;;;;;;;;;;;x;;;;;;;;;;;;;;;;;;;;;;;;
UU1600_BAV_ecologism;Экологическая партия;Ecologist Party;;;;;;;;;;;;x;;;;;;;;;;;;;;;;;;;;;;;;
UU1600_BAV_corporatism;Корпоративистская партия;Corporatist Party;;;;;;;;;;;;x;;;;;;;;;;;;;;;;;;;;;;;;
UU1600_BAV_cyber_autonomism;Партия киберавтономистов;Cyber-Autonomist Party;;;;;;;;;;;;x;;;;;;;;;;;;;;;;;;;;;;;;
UU1600_BYR_syndicalism;Синдикалистская партия;Syndicalist Party;;;;;;;;;;;;x;;;;;;;;;;;;;;;;;;;;;;;;
UU1600_BYR_militarism;Партия милитаристов;Militarist Party;;;;;;;;;;;;x;;;;;;;;;;;;;;;;;;;;;;;;
UU1600_BYR_ecologism;Экологическая партия;Ecologist Party;;;;;;;;;;;;x;;;;;;;;;;;;;;;;;;;;;;;;
UU1600_BYR_corporatism;Корпоративистская партия;Corporatist Party;;;;;;;;;;;;x;;;;;;;;;;;;;;;;;;;;;;;;
UU1600_BYR_cyber_autonomism;Партия киберавтономистов;Cyber-Autonomist Party;;;;;;;;;;;;x;;;;;;;;;;;;;;;;;;;;;;;;
UU1600_BYE_syndicalism;Синдикалистская партия;Syndicalist Party;;;;;;;;;;;;x;;;;;;;;;;;;;;;;;;;;;;;;
UU1600_BYE_militarism;Партия милитаристов;Militarist Party;;;;;;;;;;;;x;;;;;;;;;;;;;;;;;;;;;;;;
UU1600_BYE_ecologism;Экологическая партия;Ecologist Party;;;;;;;;;;;;x;;;;;;;;;;;;;;;;;;;;;;;;
UU1600_BYE_corporatism;Корпоративистская партия;Corporatist Party;;;;;;;;;;;;x;;;;;;;;;;;;;;;;;;;;;;;;
UU1600_BYE_cyber_autonomism;Партия киберавтономистов;Cyber-Autonomist Party;;;;;;;;;;;;x;;;;;;;;;;;;;;;;;;;;;;;;
UU1600_BEL_syndicalism;Синдикалистская партия;Syndicalist Party;;;;;;;;;;;;x;;;;;;;;;;;;;;;;;;;;;;;;
UU1600_BEL_militarism;Партия милитаристов;Militarist Party;;;;;;;;;;;;x;;;;;;;;;;;;;;;;;;;;;;;;
UU1600_BEL_ecologism;Экологическая партия;Ecologist Party;;;;;;;;;;;;x;;;;;;;;;;;;;;;;;;;;;;;;
UU1600_BEL_corporatism;Корпоративистская партия;Corporatist Party;;;;;;;;;;;;x;;;;;;;;;;;;;;;;;;;;;;;;
UU1600_BEL_cyber_autonomism;Партия киберавтономистов;Cyber-Autonomist Party;;;;;;;;;;;;x;;;;;;;;;;;;;;;;;;;;;;;;
UU1600_BLZ_syndicalism;Синдикалистская партия;Syndicalist Party;;;;;;;;;;;;x;;;;;;;;;;;;;;;;;;;;;;;;
UU1600_BLZ_militarism;Партия милитаристов;Militarist Party;;;;;;;;;;;;x;;;;;;;;;;;;;;;;;;;;;;;;
UU1600_BLZ_ecologism;Экологическая партия;Ecologist Party;;;;;;;;;;;;x;;;;;;;;;;;;;;;;;;;;;;;;
UU1600_BLZ_corporatism;Корпоративистская партия;Corporatist Party;;;;;;;;;;;;x;;;;;;;;;;;;;;;;;;;;;;;;
UU1600_BLZ_cyber_autonomism;Партия киберавтономистов;Cyber-Autonomist Party;;;;;;;;;;;;x;;;;;;;;;;;;;;;;;;;;;;;;
UU1600_BNX_syndicalism;Синдикалистская партия;Syndicalist Party;;;;;;;;;;;;x;;;;;;;;;;;;;;;;;;;;;;;;
UU1600_BNX_militarism;Партия милитаристов;Militarist Party;;;;;;;;;;;;x;;;;;;;;;;;;;;;;;;;;;;;;
UU1600_BNX_ecologism;Экологическая партия;Ecologist Party;;;;;;;;;;;;x;;;;;;;;;;;;;;;;;;;;;;;;
UU1600_BNX_corporatism;Корпоративистская партия;Corporatist Party;;;;;;;;;;;;x;;;;;;;;;;;;;;;;;;;;;;;;
UU1600_BNX_cyber_autonomism;Партия киберавтономистов;Cyber-Autonomist Party;;;;;;;;;;;;x;;;;;;;;;;;;;;;;;;;;;;;;
UU1600_BEN_syndicalism;Синдикалистская партия;Syndicalist Party;;;;;;;;;;;;x;;;;;;;;;;;;;;;;;;;;;;;;
UU1600_BEN_militarism;Партия милитаристов;Militarist Party;;;;;;;;;;;;x;;;;;;;;;;;;;;;;;;;;;;;;
UU1600_BEN_ecologism;Экологическая партия;Ecologist Party;;;;;;;;;;;;x;;;;;;;;;;;;;;;;;;;;;;;;
UU1600_BEN_corporatism;Корпоративистская партия;Corporatist Party;;;;;;;;;;;;x;;;;;;;;;;;;;;;;;;;;;;;;
UU1600_BEN_cyber_autonomism;Партия киберавтономистов;Cyber-Autonomist Party;;;;;;;;;;;;x;;;;;;;;;;;;;;;;;;;;;;;;
UU1600_GHB_syndicalism;Синдикалистская партия;Syndicalist Party;;;;;;;;;;;;x;;;;;;;;;;;;;;;;;;;;;;;;
UU1600_GHB_militarism;Партия милитаристов;Militarist Party;;;;;;;;;;;;x;;;;;;;;;;;;;;;;;;;;;;;;
UU1600_GHB_ecologism;Экологическая партия;Ecologist Party;;;;;;;;;;;;x;;;;;;;;;;;;;;;;;;;;;;;;
UU1600_GHB_corporatism;Корпоративистская партия;Corporatist Party;;;;;;;;;;;;x;;;;;;;;;;;;;;;;;;;;;;;;
UU1600_GHB_cyber_autonomism;Партия киберавтономистов;Cyber-Autonomist Party;;;;;;;;;;;;x;;;;;;;;;;;;;;;;;;;;;;;;
UU1600_BER_syndicalism;Синдикалистская партия;Syndicalist Party;;;;;;;;;;;;x;;;;;;;;;;;;;;;;;;;;;;;;
UU1600_BER_militarism;Партия милитаристов;Militarist Party;;;;;;;;;;;;x;;;;;;;;;;;;;;;;;;;;;;;;
UU1600_BER_ecologism;Экологическая партия;Ecologist Party;;;;;;;;;;;;x;;;;;;;;;;;;;;;;;;;;;;;;
UU1600_BER_corporatism;Корпоративистская партия;Corporatist Party;;;;;;;;;;;;x;;;;;;;;;;;;;;;;;;;;;;;;
UU1600_BER_cyber_autonomism;Партия киберавтономистов;Cyber-Autonomist Party;;;;;;;;;;;;x;;;;;;;;;;;;;;;;;;;;;;;;
UU1600_BHO_syndicalism;Синдикалистская партия;Syndicalist Party;;;;;;;;;;;;x;;;;;;;;;;;;;;;;;;;;;;;;
UU1600_BHO_militarism;Партия милитаристов;Militarist Party;;;;;;;;;;;;x;;;;;;;;;;;;;;;;;;;;;;;;
UU1600_BHO_ecologism;Экологическая партия;Ecologist Party;;;;;;;;;;;;x;;;;;;;;;;;;;;;;;;;;;;;;
UU1600_BHO_corporatism;Корпоративистская партия;Corporatist Party;;;;;;;;;;;;x;;;;;;;;;;;;;;;;;;;;;;;;
UU1600_BHO_cyber_autonomism;Партия киберавтономистов;Cyber-Autonomist Party;;;;;;;;;;;;x;;;;;;;;;;;;;;;;;;;;;;;;
UU1600_BHU_syndicalism;Синдикалистская партия;Syndicalist Party;;;;;;;;;;;;x;;;;;;;;;;;;;;;;;;;;;;;;
UU1600_BHU_militarism;Партия милитаристов;Militarist Party;;;;;;;;;;;;x;;;;;;;;;;;;;;;;;;;;;;;;
UU1600_BHU_ecologism;Экологическая партия;Ecologist Party;;;;;;;;;;;;x;;;;;;;;;;;;;;;;;;;;;;;;
UU1600_BHU_corporatism;Корпоративистская партия;Corporatist Party;;;;;;;;;;;;x;;;;;;;;;;;;;;;;;;;;;;;;
UU1600_BHU_cyber_autonomism;Партия киберавтономистов;Cyber-Autonomist Party;;;;;;;;;;;;x;;;;;;;;;;;;;;;;;;;;;;;;
UU1600_BIH_syndicalism;Синдикалистская партия;Syndicalist Party;;;;;;;;;;;;x;;;;;;;;;;;;;;;;;;;;;;;;
UU1600_BIH_militarism;Партия милитаристов;Militarist Party;;;;;;;;;;;;x;;;;;;;;;;;;;;;;;;;;;;;;
UU1600_BIH_ecologism;Экологическая партия;Ecologist Party;;;;;;;;;;;;x;;;;;;;;;;;;;;;;;;;;;;;;
UU1600_BIH_corporatism;Корпоративистская партия;Corporatist Party;;;;;;;;;;;;x;;;;;;;;;;;;;;;;;;;;;;;;
UU1600_BIH_cyber_autonomism;Партия киберавтономистов;Cyber-Autonomist Party;;;;;;;;;;;;x;;;;;;;;;;;;;;;;;;;;;;;;
UU1600_BIJ_syndicalism;Синдикалистская партия;Syndicalist Party;;;;;;;;;;;;x;;;;;;;;;;;;;;;;;;;;;;;;
UU1600_BIJ_militarism;Партия милитаристов;Militarist Party;;;;;;;;;;;;x;;;;;;;;;;;;;;;;;;;;;;;;
UU1600_BIJ_ecologism;Экологическая партия;Ecologist Party;;;;;;;;;;;;x;;;;;;;;;;;;;;;;;;;;;;;;
UU1600_BIJ_corporatism;Корпоративистская партия;Corporatist Party;;;;;;;;;;;;x;;;;;;;;;;;;;;;;;;;;;;;;
UU1600_BIJ_cyber_autonomism;Партия киберавтономистов;Cyber-Autonomist Party;;;;;;;;;;;;x;;;;;;;;;;;;;;;;;;;;;;;;
UU1600_BIK_syndicalism;Синдикалистская партия;Syndicalist Party;;;;;;;;;;;;x;;;;;;;;;;;;;;;;;;;;;;;;
UU1600_BIK_militarism;Партия милитаристов;Militarist Party;;;;;;;;;;;;x;;;;;;;;;;;;;;;;;;;;;;;;
UU1600_BIK_ecologism;Экологическая партия;Ecologist Party;;;;;;;;;;;;x;;;;;;;;;;;;;;;;;;;;;;;;
UU1600_BIK_corporatism;Корпоративистская партия;Corporatist Party;;;;;;;;;;;;x;;;;;;;;;;;;;;;;;;;;;;;;
UU1600_BIK_cyber_autonomism;Партия киберавтономистов;Cyber-Autonomist Party;;;;;;;;;;;;x;;;;;;;;;;;;;;;;;;;;;;;;
UU1600_BOE_syndicalism;Синдикалистская партия;Syndicalist Party;;;;;;;;;;;;x;;;;;;;;;;;;;;;;;;;;;;;;
UU1600_BOE_militarism;Партия милитаристов;Militarist Party;;;;;;;;;;;;x;;;;;;;;;;;;;;;;;;;;;;;;
UU1600_BOE_ecologism;Экологическая партия;Ecologist Party;;;;;;;;;;;;x;;;;;;;;;;;;;;;;;;;;;;;;
UU1600_BOE_corporatism;Корпоративистская партия;Corporatist Party;;;;;;;;;;;;x;;;;;;;;;;;;;;;;;;;;;;;;
UU1600_BOE_cyber_autonomism;Партия киберавтономистов;Cyber-Autonomist Party;;;;;;;;;;;;x;;;;;;;;;;;;;;;;;;;;;;;;
UU1600_BOH_syndicalism;Синдикалистская партия;Syndicalist Party;;;;;;;;;;;;x;;;;;;;;;;;;;;;;;;;;;;;;
UU1600_BOH_militarism;Партия милитаристов;Militarist Party;;;;;;;;;;;;x;;;;;;;;;;;;;;;;;;;;;;;;
UU1600_BOH_ecologism;Экологическая партия;Ecologist Party;;;;;;;;;;;;x;;;;;;;;;;;;;;;;;;;;;;;;
UU1600_BOH_corporatism;Корпоративистская партия;Corporatist Party;;;;;;;;;;;;x;;;;;;;;;;;;;;;;;;;;;;;;
UU1600_BOH_cyber_autonomism;Партия киберавтономистов;Cyber-Autonomist Party;;;;;;;;;;;;x;;;;;;;;;;;;;;;;;;;;;;;;
UU1600_BOL_syndicalism;Синдикалистская партия;Syndicalist Party;;;;;;;;;;;;x;;;;;;;;;;;;;;;;;;;;;;;;
UU1600_BOL_militarism;Партия милитаристов;Militarist Party;;;;;;;;;;;;x;;;;;;;;;;;;;;;;;;;;;;;;
UU1600_BOL_ecologism;Экологическая партия;Ecologist Party;;;;;;;;;;;;x;;;;;;;;;;;;;;;;;;;;;;;;
UU1600_BOL_corporatism;Корпоративистская партия;Corporatist Party;;;;;;;;;;;;x;;;;;;;;;;;;;;;;;;;;;;;;
UU1600_BOL_cyber_autonomism;Партия киберавтономистов;Cyber-Autonomist Party;;;;;;;;;;;;x;;;;;;;;;;;;;;;;;;;;;;;;
UU1600_BOS_syndicalism;Синдикалистская партия;Syndicalist Party;;;;;;;;;;;;x;;;;;;;;;;;;;;;;;;;;;;;;
UU1600_BOS_militarism;Партия милитаристов;Militarist Party;;;;;;;;;;;;x;;;;;;;;;;;;;;;;;;;;;;;;
UU1600_BOS_ecologism;Экологическая партия;Ecologist Party;;;;;;;;;;;;x;;;;;;;;;;;;;;;;;;;;;;;;
UU1600_BOS_corporatism;Корпоративистская партия;Corporatist Party;;;;;;;;;;;;x;;;;;;;;;;;;;;;;;;;;;;;;
UU1600_BOS_cyber_autonomism;Партия киберавтономистов;Cyber-Autonomist Party;;;;;;;;;;;;x;;;;;;;;;;;;;;;;;;;;;;;;
UU1600_BTS_syndicalism;Синдикалистская партия;Syndicalist Party;;;;;;;;;;;;x;;;;;;;;;;;;;;;;;;;;;;;;
UU1600_BTS_militarism;Партия милитаристов;Militarist Party;;;;;;;;;;;;x;;;;;;;;;;;;;;;;;;;;;;;;
UU1600_BTS_ecologism;Экологическая партия;Ecologist Party;;;;;;;;;;;;x;;;;;;;;;;;;;;;;;;;;;;;;
UU1600_BTS_corporatism;Корпоративистская партия;Corporatist Party;;;;;;;;;;;;x;;;;;;;;;;;;;;;;;;;;;;;;
UU1600_BTS_cyber_autonomism;Партия киберавтономистов;Cyber-Autonomist Party;;;;;;;;;;;;x;;;;;;;;;;;;;;;;;;;;;;;;
UU1600_BPR_syndicalism;Синдикалистская партия;Syndicalist Party;;;;;;;;;;;;x;;;;;;;;;;;;;;;;;;;;;;;;
UU1600_BPR_militarism;Партия милитаристов;Militarist Party;;;;;;;;;;;;x;;;;;;;;;;;;;;;;;;;;;;;;
UU1600_BPR_ecologism;Экологическая партия;Ecologist Party;;;;;;;;;;;;x;;;;;;;;;;;;;;;;;;;;;;;;
UU1600_BPR_corporatism;Корпоративистская партия;Corporatist Party;;;;;;;;;;;;x;;;;;;;;;;;;;;;;;;;;;;;;
UU1600_BPR_cyber_autonomism;Партия киберавтономистов;Cyber-Autonomist Party;;;;;;;;;;;;x;;;;;;;;;;;;;;;;;;;;;;;;
UU1600_BDB_syndicalism;Синдикалистская партия;Syndicalist Party;;;;;;;;;;;;x;;;;;;;;;;;;;;;;;;;;;;;;
UU1600_BDB_militarism;Партия милитаристов;Militarist Party;;;;;;;;;;;;x;;;;;;;;;;;;;;;;;;;;;;;;
UU1600_BDB_ecologism;Экологическая партия;Ecologist Party;;;;;;;;;;;;x;;;;;;;;;;;;;;;;;;;;;;;;
UU1600_BDB_corporatism;Корпоративистская партия;Corporatist Party;;;;;;;;;;;;x;;;;;;;;;;;;;;;;;;;;;;;;
UU1600_BDB_cyber_autonomism;Партия киберавтономистов;Cyber-Autonomist Party;;;;;;;;;;;;x;;;;;;;;;;;;;;;;;;;;;;;;
UU1600_BRA_syndicalism;Синдикалистская партия;Syndicalist Party;;;;;;;;;;;;x;;;;;;;;;;;;;;;;;;;;;;;;
UU1600_BRA_militarism;Партия милитаристов;Militarist Party;;;;;;;;;;;;x;;;;;;;;;;;;;;;;;;;;;;;;
UU1600_BRA_ecologism;Экологическая партия;Ecologist Party;;;;;;;;;;;;x;;;;;;;;;;;;;;;;;;;;;;;;
UU1600_BRA_corporatism;Корпоративистская партия;Corporatist Party;;;;;;;;;;;;x;;;;;;;;;;;;;;;;;;;;;;;;
UU1600_BRA_cyber_autonomism;Партия киберавтономистов;Cyber-Autonomist Party;;;;;;;;;;;;x;;;;;;;;;;;;;;;;;;;;;;;;
UU1600_BRZ_syndicalism;Синдикалистская партия;Syndicalist Party;;;;;;;;;;;;x;;;;;;;;;;;;;;;;;;;;;;;;
UU1600_BRZ_militarism;Партия милитаристов;Militarist Party;;;;;;;;;;;;x;;;;;;;;;;;;;;;;;;;;;;;;
UU1600_BRZ_ecologism;Экологическая партия;Ecologist Party;;;;;;;;;;;;x;;;;;;;;;;;;;;;;;;;;;;;;
UU1600_BRZ_corporatism;Корпоративистская партия;Corporatist Party;;;;;;;;;;;;x;;;;;;;;;;;;;;;;;;;;;;;;
UU1600_BRZ_cyber_autonomism;Партия киберавтономистов;Cyber-Autonomist Party;;;;;;;;;;;;x;;;;;;;;;;;;;;;;;;;;;;;;
UU1600_BRE_syndicalism;Синдикалистская партия;Syndicalist Party;;;;;;;;;;;;x;;;;;;;;;;;;;;;;;;;;;;;;
UU1600_BRE_militarism;Партия милитаристов;Militarist Party;;;;;;;;;;;;x;;;;;;;;;;;;;;;;;;;;;;;;
UU1600_BRE_ecologism;Экологическая партия;Ecologist Party;;;;;;;;;;;;x;;;;;;;;;;;;;;;;;;;;;;;;
UU1600_BRE_corporatism;Корпоративистская партия;Corporatist Party;;;;;;;;;;;;x;;;;;;;;;;;;;;;;;;;;;;;;
UU1600_BRE_cyber_autonomism;Партия киберавтономистов;Cyber-Autonomist Party;;;;;;;;;;;;x;;;;;;;;;;;;;;;;;;;;;;;;
UU1600_BRC_syndicalism;Синдикалистская партия;Syndicalist Party;;;;;;;;;;;;x;;;;;;;;;;;;;;;;;;;;;;;;
UU1600_BRC_militarism;Партия милитаристов;Militarist Party;;;;;;;;;;;;x;;;;;;;;;;;;;;;;;;;;;;;;
UU1600_BRC_ecologism;Экологическая партия;Ecologist Party;;;;;;;;;;;;x;;;;;;;;;;;;;;;;;;;;;;;;
UU1600_BRC_corporatism;Корпоративистская партия;Corporatist Party;;;;;;;;;;;;x;;;;;;;;;;;;;;;;;;;;;;;;
UU1600_BRC_cyber_autonomism;Партия киберавтономистов;Cyber-Autonomist Party;;;;;;;;;;;;x;;;;;;;;;;;;;;;;;;;;;;;;
UU1600_BRI_syndicalism;Синдикалистская партия;Syndicalist Party;;;;;;;;;;;;x;;;;;;;;;;;;;;;;;;;;;;;;
UU1600_BRI_militarism;Партия милитаристов;Militarist Party;;;;;;;;;;;;x;;;;;;;;;;;;;;;;;;;;;;;;
UU1600_BRI_ecologism;Экологическая партия;Ecologist Party;;;;;;;;;;;;x;;;;;;;;;;;;;;;;;;;;;;;;
UU1600_BRI_corporatism;Корпоративистская партия;Corporatist Party;;;;;;;;;;;;x;;;;;;;;;;;;;;;;;;;;;;;;
UU1600_BRI_cyber_autonomism;Партия киберавтономистов;Cyber-Autonomist Party;;;;;;;;;;;;x;;;;;;;;;;;;;;;;;;;;;;;;
UU1600_BRY_syndicalism;Синдикалистская партия;Syndicalist Party;;;;;;;;;;;;x;;;;;;;;;;;;;;;;;;;;;;;;
UU1600_BRY_militarism;Партия милитаристов;Militarist Party;;;;;;;;;;;;x;;;;;;;;;;;;;;;;;;;;;;;;
UU1600_BRY_ecologism;Экологическая партия;Ecologist Party;;;;;;;;;;;;x;;;;;;;;;;;;;;;;;;;;;;;;
UU1600_BRY_corporatism;Корпоративистская партия;Corporatist Party;;;;;;;;;;;;x;;;;;;;;;;;;;;;;;;;;;;;;
UU1600_BRY_cyber_autonomism;Партия киберавтономистов;Cyber-Autonomist Party;;;;;;;;;;;;x;;;;;;;;;;;;;;;;;;;;;;;;
UU1600_BRU_syndicalism;Синдикалистская партия;Syndicalist Party;;;;;;;;;;;;x;;;;;;;;;;;;;;;;;;;;;;;;
UU1600_BRU_militarism;Партия милитаристов;Militarist Party;;;;;;;;;;;;x;;;;;;;;;;;;;;;;;;;;;;;;
UU1600_BRU_ecologism;Экологическая партия;Ecologist Party;;;;;;;;;;;;x;;;;;;;;;;;;;;;;;;;;;;;;
UU1600_BRU_corporatism;Корпоративистская партия;Corporatist Party;;;;;;;;;;;;x;;;;;;;;;;;;;;;;;;;;;;;;
UU1600_BRU_cyber_autonomism;Партия киберавтономистов;Cyber-Autonomist Party;;;;;;;;;;;;x;;;;;;;;;;;;;;;;;;;;;;;;
UU1600_BUK_syndicalism;Синдикалистская партия;Syndicalist Party;;;;;;;;;;;;x;;;;;;;;;;;;;;;;;;;;;;;;
UU1600_BUK_militarism;Партия милитаристов;Militarist Party;;;;;;;;;;;;x;;;;;;;;;;;;;;;;;;;;;;;;
UU1600_BUK_ecologism;Экологическая партия;Ecologist Party;;;;;;;;;;;;x;;;;;;;;;;;;;;;;;;;;;;;;
UU1600_BUK_corporatism;Корпоративистская партия;Corporatist Party;;;;;;;;;;;;x;;;;;;;;;;;;;;;;;;;;;;;;
UU1600_BUK_cyber_autonomism;Партия киберавтономистов;Cyber-Autonomist Party;;;;;;;;;;;;x;;;;;;;;;;;;;;;;;;;;;;;;
UU1600_BUL_syndicalism;Синдикалистская партия;Syndicalist Party;;;;;;;;;;;;x;;;;;;;;;;;;;;;;;;;;;;;;
UU1600_BUL_militarism;Партия милитаристов;Militarist Party;;;;;;;;;;;;x;;;;;;;;;;;;;;;;;;;;;;;;
UU1600_BUL_ecologism;Экологическая партия;Ecologist Party;;;;;;;;;;;;x;;;;;;;;;;;;;;;;;;;;;;;;
UU1600_BUL_corporatism;Корпоративистская партия;Corporatist Party;;;;;;;;;;;;x;;;;;;;;;;;;;;;;;;;;;;;;
UU1600_BUL_cyber_autonomism;Партия киберавтономистов;Cyber-Autonomist Party;;;;;;;;;;;;x;;;;;;;;;;;;;;;;;;;;;;;;
UU1600_BUN_syndicalism;Синдикалистская партия;Syndicalist Party;;;;;;;;;;;;x;;;;;;;;;;;;;;;;;;;;;;;;
UU1600_BUN_militarism;Партия милитаристов;Militarist Party;;;;;;;;;;;;x;;;;;;;;;;;;;;;;;;;;;;;;
UU1600_BUN_ecologism;Экологическая партия;Ecologist Party;;;;;;;;;;;;x;;;;;;;;;;;;;;;;;;;;;;;;
UU1600_BUN_corporatism;Корпоративистская партия;Corporatist Party;;;;;;;;;;;;x;;;;;;;;;;;;;;;;;;;;;;;;
UU1600_BUN_cyber_autonomism;Партия киберавтономистов;Cyber-Autonomist Party;;;;;;;;;;;;x;;;;;;;;;;;;;;;;;;;;;;;;
UU1600_BUR_syndicalism;Синдикалистская партия;Syndicalist Party;;;;;;;;;;;;x;;;;;;;;;;;;;;;;;;;;;;;;
UU1600_BUR_militarism;Партия милитаристов;Militarist Party;;;;;;;;;;;;x;;;;;;;;;;;;;;;;;;;;;;;;
UU1600_BUR_ecologism;Экологическая партия;Ecologist Party;;;;;;;;;;;;x;;;;;;;;;;;;;;;;;;;;;;;;
UU1600_BUR_corporatism;Корпоративистская партия;Corporatist Party;;;;;;;;;;;;x;;;;;;;;;;;;;;;;;;;;;;;;
UU1600_BUR_cyber_autonomism;Партия киберавтономистов;Cyber-Autonomist Party;;;;;;;;;;;;x;;;;;;;;;;;;;;;;;;;;;;;;
UU1600_BRD_syndicalism;Синдикалистская партия;Syndicalist Party;;;;;;;;;;;;x;;;;;;;;;;;;;;;;;;;;;;;;
UU1600_BRD_militarism;Партия милитаристов;Militarist Party;;;;;;;;;;;;x;;;;;;;;;;;;;;;;;;;;;;;;
UU1600_BRD_ecologism;Экологическая партия;Ecologist Party;;;;;;;;;;;;x;;;;;;;;;;;;;;;;;;;;;;;;
UU1600_BRD_corporatism;Корпоративистская партия;Corporatist Party;;;;;;;;;;;;x;;;;;;;;;;;;;;;;;;;;;;;;
UU1600_BRD_cyber_autonomism;Партия киберавтономистов;Cyber-Autonomist Party;;;;;;;;;;;;x;;;;;;;;;;;;;;;;;;;;;;;;
UU1600_BYZ_syndicalism;Синдикалистская партия;Syndicalist Party;;;;;;;;;;;;x;;;;;;;;;;;;;;;;;;;;;;;;
UU1600_BYZ_militarism;Партия милитаристов;Militarist Party;;;;;;;;;;;;x;;;;;;;;;;;;;;;;;;;;;;;;
UU1600_BYZ_ecologism;Экологическая партия;Ecologist Party;;;;;;;;;;;;x;;;;;;;;;;;;;;;;;;;;;;;;
UU1600_BYZ_corporatism;Корпоративистская партия;Corporatist Party;;;;;;;;;;;;x;;;;;;;;;;;;;;;;;;;;;;;;
UU1600_BYZ_cyber_autonomism;Партия киберавтономистов;Cyber-Autonomist Party;;;;;;;;;;;;x;;;;;;;;;;;;;;;;;;;;;;;;
UU1600_CLB_syndicalism;Синдикалистская партия;Syndicalist Party;;;;;;;;;;;;x;;;;;;;;;;;;;;;;;;;;;;;;
UU1600_CLB_militarism;Партия милитаристов;Militarist Party;;;;;;;;;;;;x;;;;;;;;;;;;;;;;;;;;;;;;
UU1600_CLB_ecologism;Экологическая партия;Ecologist Party;;;;;;;;;;;;x;;;;;;;;;;;;;;;;;;;;;;;;
UU1600_CLB_corporatism;Корпоративистская партия;Corporatist Party;;;;;;;;;;;;x;;;;;;;;;;;;;;;;;;;;;;;;
UU1600_CLB_cyber_autonomism;Партия киберавтономистов;Cyber-Autonomist Party;;;;;;;;;;;;x;;;;;;;;;;;;;;;;;;;;;;;;
UU1600_CAL_syndicalism;Синдикалистская партия;Syndicalist Party;;;;;;;;;;;;x;;;;;;;;;;;;;;;;;;;;;;;;
UU1600_CAL_militarism;Партия милитаристов;Militarist Party;;;;;;;;;;;;x;;;;;;;;;;;;;;;;;;;;;;;;
UU1600_CAL_ecologism;Экологическая партия;Ecologist Party;;;;;;;;;;;;x;;;;;;;;;;;;;;;;;;;;;;;;
UU1600_CAL_corporatism;Корпоративистская партия;Corporatist Party;;;;;;;;;;;;x;;;;;;;;;;;;;;;;;;;;;;;;
UU1600_CAL_cyber_autonomism;Партия киберавтономистов;Cyber-Autonomist Party;;;;;;;;;;;;x;;;;;;;;;;;;;;;;;;;;;;;;
UU1600_CAM_syndicalism;Синдикалистская партия;Syndicalist Party;;;;;;;;;;;;x;;;;;;;;;;;;;;;;;;;;;;;;
UU1600_CAM_militarism;Партия милитаристов;Militarist Party;;;;;;;;;;;;x;;;;;;;;;;;;;;;;;;;;;;;;
UU1600_CAM_ecologism;Экологическая партия;Ecologist Party;;;;;;;;;;;;x;;;;;;;;;;;;;;;;;;;;;;;;
UU1600_CAM_corporatism;Корпоративистская партия;Corporatist Party;;;;;;;;;;;;x;;;;;;;;;;;;;;;;;;;;;;;;
UU1600_CAM_cyber_autonomism;Партия киберавтономистов;Cyber-Autonomist Party;;;;;;;;;;;;x;;;;;;;;;;;;;;;;;;;;;;;;
UU1600_CMR_syndicalism;Синдикалистская партия;Syndicalist Party;;;;;;;;;;;;x;;;;;;;;;;;;;;;;;;;;;;;;
UU1600_CMR_militarism;Партия милитаристов;Militarist Party;;;;;;;;;;;;x;;;;;;;;;;;;;;;;;;;;;;;;
UU1600_CMR_ecologism;Экологическая партия;Ecologist Party;;;;;;;;;;;;x;;;;;;;;;;;;;;;;;;;;;;;;
UU1600_CMR_corporatism;Корпоративистская партия;Corporatist Party;;;;;;;;;;;;x;;;;;;;;;;;;;;;;;;;;;;;;
UU1600_CMR_cyber_autonomism;Партия киберавтономистов;Cyber-Autonomist Party;;;;;;;;;;;;x;;;;;;;;;;;;;;;;;;;;;;;;
UU1600_CAN_syndicalism;Синдикалистская партия;Syndicalist Party;;;;;;;;;;;;x;;;;;;;;;;;;;;;;;;;;;;;;
UU1600_CAN_militarism;Партия милитаристов;Militarist Party;;;;;;;;;;;;x;;;;;;;;;;;;;;;;;;;;;;;;
UU1600_CAN_ecologism;Экологическая партия;Ecologist Party;;;;;;;;;;;;x;;;;;;;;;;;;;;;;;;;;;;;;
UU1600_CAN_corporatism;Корпоративистская партия;Corporatist Party;;;;;;;;;;;;x;;;;;;;;;;;;;;;;;;;;;;;;
UU1600_CAN_cyber_autonomism;Партия киберавтономистов;Cyber-Autonomist Party;;;;;;;;;;;;x;;;;;;;;;;;;;;;;;;;;;;;;
UU1600_CAT_syndicalism;Синдикалистская партия;Syndicalist Party;;;;;;;;;;;;x;;;;;;;;;;;;;;;;;;;;;;;;
UU1600_CAT_militarism;Партия милитаристов;Militarist Party;;;;;;;;;;;;x;;;;;;;;;;;;;;;;;;;;;;;;
UU1600_CAT_ecologism;Экологическая партия;Ecologist Party;;;;;;;;;;;;x;;;;;;;;;;;;;;;;;;;;;;;;
UU1600_CAT_corporatism;Корпоративистская партия;Corporatist Party;;;;;;;;;;;;x;;;;;;;;;;;;;;;;;;;;;;;;
UU1600_CAT_cyber_autonomism;Партия киберавтономистов;Cyber-Autonomist Party;;;;;;;;;;;;x;;;;;;;;;;;;;;;;;;;;;;;;
UU1600_CAU_syndicalism;Синдикалистская партия;Syndicalist Party;;;;;;;;;;;;x;;;;;;;;;;;;;;;;;;;;;;;;
UU1600_CAU_militarism;Партия милитаристов;Militarist Party;;;;;;;;;;;;x;;;;;;;;;;;;;;;;;;;;;;;;
UU1600_CAU_ecologism;Экологическая партия;Ecologist Party;;;;;;;;;;;;x;;;;;;;;;;;;;;;;;;;;;;;;
UU1600_CAU_corporatism;Корпоративистская партия;Corporatist Party;;;;;;;;;;;;x;;;;;;;;;;;;;;;;;;;;;;;;
UU1600_CAU_cyber_autonomism;Партия киберавтономистов;Cyber-Autonomist Party;;;;;;;;;;;;x;;;;;;;;;;;;;;;;;;;;;;;;
UU1600_CAR_syndicalism;Синдикалистская партия;Syndicalist Party;;;;;;;;;;;;x;;;;;;;;;;;;;;;;;;;;;;;;
UU1600_CAR_militarism;Партия милитаристов;Militarist Party;;;;;;;;;;;;x;;;;;;;;;;;;;;;;;;;;;;;;
UU1600_CAR_ecologism;Экологическая партия;Ecologist Party;;;;;;;;;;;;x;;;;;;;;;;;;;;;;;;;;;;;;
UU1600_CAR_corporatism;Корпоративистская партия;Corporatist Party;;;;;;;;;;;;x;;;;;;;;;;;;;;;;;;;;;;;;
UU1600_CAR_cyber_autonomism;Партия киберавтономистов;Cyber-Autonomist Party;;;;;;;;;;;;x;;;;;;;;;;;;;;;;;;;;;;;;
UU1600_CHD_syndicalism;Синдикалистская партия;Syndicalist Party;;;;;;;;;;;;x;;;;;;;;;;;;;;;;;;;;;;;;
UU1600_CHD_militarism;Партия милитаристов;Militarist Party;;;;;;;;;;;;x;;;;;;;;;;;;;;;;;;;;;;;;
UU1600_CHD_ecologism;Экологическая партия;Ecologist Party;;;;;;;;;;;;x;;;;;;;;;;;;;;;;;;;;;;;;
UU1600_CHD_corporatism;Корпоративистская партия;Corporatist Party;;;;;;;;;;;;x;;;;;;;;;;;;;;;;;;;;;;;;
UU1600_CHD_cyber_autonomism;Партия киберавтономистов;Cyber-Autonomist Party;;;;;;;;;;;;x;;;;;;;;;;;;;;;;;;;;;;;;
UU1600_CHG_syndicalism;Синдикалистская партия;Syndicalist Party;;;;;;;;;;;;x;;;;;;;;;;;;;;;;;;;;;;;;
UU1600_CHG_militarism;Партия милитаристов;Militarist Party;;;;;;;;;;;;x;;;;;;;;;;;;;;;;;;;;;;;;
UU1600_CHG_ecologism;Экологическая партия;Ecologist Party;;;;;;;;;;;;x;;;;;;;;;;;;;;;;;;;;;;;;
UU1600_CHG_corporatism;Корпоративистская партия;Corporatist Party;;;;;;;;;;;;x;;;;;;;;;;;;;;;;;;;;;;;;
UU1600_CHG_cyber_autonomism;Партия киберавтономистов;Cyber-Autonomist Party;;;;;;;;;;;;x;;;;;;;;;;;;;;;;;;;;;;;;
UU1600_CHE_syndicalism;Союз промысловых общин чероки;Syndicate of the Cherokee Communities;;;;;;;;;;;;x;;;;;;;;;;;;;;;;;;;;;;;;
UU1600_CHE_militarism;Стража чероки;Guard of the Cherokee;;;;;;;;;;;;x;;;;;;;;;;;;;;;;;;;;;;;;
UU1600_CHE_ecologism;Хранители земли и рек чероки;Keepers of the Cherokee Lands and Rivers;;;;;;;;;;;;x;;;;;;;;;;;;;;;;;;;;;;;;
UU1600_CHE_corporatism;Собрание ремесленных братств чероки;Assembly of the Cherokee Craft Guilds;;;;;;;;;;;;x;;;;;;;;;;;;;;;;;;;;;;;;
UU1600_CHE_cyber_autonomism;Лига самоуправляемых общин чероки;League of Self-Governing Cherokee Communities;;;;;;;;;;;;x;;;;;;;;;;;;;;;;;;;;;;;;
UU1600_CYN_syndicalism;Союз промысловых общин шайеннов;Syndicate of the Cheyenne Communities;;;;;;;;;;;;x;;;;;;;;;;;;;;;;;;;;;;;;
UU1600_CYN_militarism;Стража шайеннов;Guard of the Cheyenne;;;;;;;;;;;;x;;;;;;;;;;;;;;;;;;;;;;;;
UU1600_CYN_ecologism;Хранители земли и рек шайеннов;Keepers of the Cheyenne Lands and Rivers;;;;;;;;;;;;x;;;;;;;;;;;;;;;;;;;;;;;;
UU1600_CYN_corporatism;Собрание ремесленных братств шайеннов;Assembly of the Cheyenne Craft Guilds;;;;;;;;;;;;x;;;;;;;;;;;;;;;;;;;;;;;;
UU1600_CYN_cyber_autonomism;Лига самоуправляемых общин шайеннов;League of Self-Governing Cheyenne Communities;;;;;;;;;;;;x;;;;;;;;;;;;;;;;;;;;;;;;
UU1600_CHL_syndicalism;Синдикалистская партия;Syndicalist Party;;;;;;;;;;;;x;;;;;;;;;;;;;;;;;;;;;;;;
UU1600_CHL_militarism;Партия милитаристов;Militarist Party;;;;;;;;;;;;x;;;;;;;;;;;;;;;;;;;;;;;;
UU1600_CHL_ecologism;Экологическая партия;Ecologist Party;;;;;;;;;;;;x;;;;;;;;;;;;;;;;;;;;;;;;
UU1600_CHL_corporatism;Корпоративистская партия;Corporatist Party;;;;;;;;;;;;x;;;;;;;;;;;;;;;;;;;;;;;;
UU1600_CHL_cyber_autonomism;Партия киберавтономистов;Cyber-Autonomist Party;;;;;;;;;;;;x;;;;;;;;;;;;;;;;;;;;;;;;
UU1600_CHI_syndicalism;Синдикалистская партия;Syndicalist Party;;;;;;;;;;;;x;;;;;;;;;;;;;;;;;;;;;;;;
UU1600_CHI_militarism;Партия милитаристов;Militarist Party;;;;;;;;;;;;x;;;;;;;;;;;;;;;;;;;;;;;;
UU1600_CHI_ecologism;Экологическая партия;Ecologist Party;;;;;;;;;;;;x;;;;;;;;;;;;;;;;;;;;;;;;
UU1600_CHI_corporatism;Корпоративистская партия;Corporatist Party;;;;;;;;;;;;x;;;;;;;;;;;;;;;;;;;;;;;;
UU1600_CHI_cyber_autonomism;Партия киберавтономистов;Cyber-Autonomist Party;;;;;;;;;;;;x;;;;;;;;;;;;;;;;;;;;;;;;
UU1600_CNK_syndicalism;Союз промысловых общин чинуков;Syndicate of the Chinook Communities;;;;;;;;;;;;x;;;;;;;;;;;;;;;;;;;;;;;;
UU1600_CNK_militarism;Стража чинуков;Guard of the Chinook;;;;;;;;;;;;x;;;;;;;;;;;;;;;;;;;;;;;;
UU1600_CNK_ecologism;Хранители земли и рек чинуков;Keepers of the Chinook Lands and Rivers;;;;;;;;;;;;x;;;;;;;;;;;;;;;;;;;;;;;;
UU1600_CNK_corporatism;Собрание ремесленных братств чинуков;Assembly of the Chinook Craft Guilds;;;;;;;;;;;;x;;;;;;;;;;;;;;;;;;;;;;;;
UU1600_CNK_cyber_autonomism;Лига самоуправляемых общин чинуков;League of Self-Governing Chinook Communities;;;;;;;;;;;;x;;;;;;;;;;;;;;;;;;;;;;;;
UU1600_CHO_syndicalism;Синдикалистская партия;Syndicalist Party;;;;;;;;;;;;x;;;;;;;;;;;;;;;;;;;;;;;;
UU1600_CHO_militarism;Партия милитаристов;Militarist Party;;;;;;;;;;;;x;;;;;;;;;;;;;;;;;;;;;;;;
UU1600_CHO_ecologism;Экологическая партия;Ecologist Party;;;;;;;;;;;;x;;;;;;;;;;;;;;;;;;;;;;;;
UU1600_CHO_corporatism;Корпоративистская партия;Corporatist Party;;;;;;;;;;;;x;;;;;;;;;;;;;;;;;;;;;;;;
UU1600_CHO_cyber_autonomism;Партия киберавтономистов;Cyber-Autonomist Party;;;;;;;;;;;;x;;;;;;;;;;;;;;;;;;;;;;;;
UU1600_CMS_syndicalism;Союз промысловых общин чумашей;Syndicate of the Chumash Communities;;;;;;;;;;;;x;;;;;;;;;;;;;;;;;;;;;;;;
UU1600_CMS_militarism;Стража чумашей;Guard of the Chumash;;;;;;;;;;;;x;;;;;;;;;;;;;;;;;;;;;;;;
UU1600_CMS_ecologism;Хранители земли и рек чумашей;Keepers of the Chumash Lands and Rivers;;;;;;;;;;;;x;;;;;;;;;;;;;;;;;;;;;;;;
UU1600_CMS_corporatism;Собрание ремесленных братств чумашей;Assembly of the Chumash Craft Guilds;;;;;;;;;;;;x;;;;;;;;;;;;;;;;;;;;;;;;
UU1600_CMS_cyber_autonomism;Лига самоуправляемых общин чумашей;League of Self-Governing Chumash Communities;;;;;;;;;;;;x;;;;;;;;;;;;;;;;;;;;;;;;
UU1600_CIS_syndicalism;Синдикалистская партия;Syndicalist Party;;;;;;;;;;;;x;;;;;;;;;;;;;;;;;;;;;;;;
UU1600_CIS_militarism;Партия милитаристов;Militarist Party;;;;;;;;;;;;x;;;;;;;;;;;;;;;;;;;;;;;;
UU1600_CIS_ecologism;Экологическая партия;Ecologist Party;;;;;;;;;;;;x;;;;;;;;;;;;;;;;;;;;;;;;
UU1600_CIS_corporatism;Корпоративистская партия;Corporatist Party;;;;;;;;;;;;x;;;;;;;;;;;;;;;;;;;;;;;;
UU1600_CIS_cyber_autonomism;Партия киберавтономистов;Cyber-Autonomist Party;;;;;;;;;;;;x;;;;;;;;;;;;;;;;;;;;;;;;
UU1600_CLV_syndicalism;Синдикалистская партия;Syndicalist Party;;;;;;;;;;;;x;;;;;;;;;;;;;;;;;;;;;;;;
UU1600_CLV_militarism;Партия милитаристов;Militarist Party;;;;;;;;;;;;x;;;;;;;;;;;;;;;;;;;;;;;;
UU1600_CLV_ecologism;Экологическая партия;Ecologist Party;;;;;;;;;;;;x;;;;;;;;;;;;;;;;;;;;;;;;
UU1600_CLV_corporatism;Корпоративистская партия;Corporatist Party;;;;;;;;;;;;x;;;;;;;;;;;;;;;;;;;;;;;;
UU1600_CLV_cyber_autonomism;Партия киберавтономистов;Cyber-Autonomist Party;;;;;;;;;;;;x;;;;;;;;;;;;;;;;;;;;;;;;
UU1600_CLR_syndicalism;Синдикалистская партия;Syndicalist Party;;;;;;;;;;;;x;;;;;;;;;;;;;;;;;;;;;;;;
UU1600_CLR_militarism;Партия милитаристов;Militarist Party;;;;;;;;;;;;x;;;;;;;;;;;;;;;;;;;;;;;;
UU1600_CLR_ecologism;Экологическая партия;Ecologist Party;;;;;;;;;;;;x;;;;;;;;;;;;;;;;;;;;;;;;
UU1600_CLR_corporatism;Корпоративистская партия;Corporatist Party;;;;;;;;;;;;x;;;;;;;;;;;;;;;;;;;;;;;;
UU1600_CLR_cyber_autonomism;Партия киберавтономистов;Cyber-Autonomist Party;;;;;;;;;;;;x;;;;;;;;;;;;;;;;;;;;;;;;
UU1600_CLG_syndicalism;Синдикалистская партия;Syndicalist Party;;;;;;;;;;;;x;;;;;;;;;;;;;;;;;;;;;;;;
UU1600_CLG_militarism;Партия милитаристов;Militarist Party;;;;;;;;;;;;x;;;;;;;;;;;;;;;;;;;;;;;;
UU1600_CLG_ecologism;Экологическая партия;Ecologist Party;;;;;;;;;;;;x;;;;;;;;;;;;;;;;;;;;;;;;
UU1600_CLG_corporatism;Корпоративистская партия;Corporatist Party;;;;;;;;;;;;x;;;;;;;;;;;;;;;;;;;;;;;;
UU1600_CLG_cyber_autonomism;Партия киберавтономистов;Cyber-Autonomist Party;;;;;;;;;;;;x;;;;;;;;;;;;;;;;;;;;;;;;
UU1600_CLM_syndicalism;Синдикалистская партия;Syndicalist Party;;;;;;;;;;;;x;;;;;;;;;;;;;;;;;;;;;;;;
UU1600_CLM_militarism;Партия милитаристов;Militarist Party;;;;;;;;;;;;x;;;;;;;;;;;;;;;;;;;;;;;;
UU1600_CLM_ecologism;Экологическая партия;Ecologist Party;;;;;;;;;;;;x;;;;;;;;;;;;;;;;;;;;;;;;
UU1600_CLM_corporatism;Корпоративистская партия;Corporatist Party;;;;;;;;;;;;x;;;;;;;;;;;;;;;;;;;;;;;;
UU1600_CLM_cyber_autonomism;Партия киберавтономистов;Cyber-Autonomist Party;;;;;;;;;;;;x;;;;;;;;;;;;;;;;;;;;;;;;
UU1600_COA_syndicalism;Синдикалистская партия;Syndicalist Party;;;;;;;;;;;;x;;;;;;;;;;;;;;;;;;;;;;;;
UU1600_COA_militarism;Партия милитаристов;Militarist Party;;;;;;;;;;;;x;;;;;;;;;;;;;;;;;;;;;;;;
UU1600_COA_ecologism;Экологическая партия;Ecologist Party;;;;;;;;;;;;x;;;;;;;;;;;;;;;;;;;;;;;;
UU1600_COA_corporatism;Корпоративистская партия;Corporatist Party;;;;;;;;;;;;x;;;;;;;;;;;;;;;;;;;;;;;;
UU1600_COA_cyber_autonomism;Партия киберавтономистов;Cyber-Autonomist Party;;;;;;;;;;;;x;;;;;;;;;;;;;;;;;;;;;;;;
UU1600_COL_syndicalism;Синдикалистская партия;Syndicalist Party;;;;;;;;;;;;x;;;;;;;;;;;;;;;;;;;;;;;;
UU1600_COL_militarism;Партия милитаристов;Militarist Party;;;;;;;;;;;;x;;;;;;;;;;;;;;;;;;;;;;;;
UU1600_COL_ecologism;Экологическая партия;Ecologist Party;;;;;;;;;;;;x;;;;;;;;;;;;;;;;;;;;;;;;
UU1600_COL_corporatism;Корпоративистская партия;Corporatist Party;;;;;;;;;;;;x;;;;;;;;;;;;;;;;;;;;;;;;
UU1600_COL_cyber_autonomism;Партия киберавтономистов;Cyber-Autonomist Party;;;;;;;;;;;;x;;;;;;;;;;;;;;;;;;;;;;;;
UU1600_CMC_syndicalism;Союз промысловых общин команчей;Syndicate of the Comanche Communities;;;;;;;;;;;;x;;;;;;;;;;;;;;;;;;;;;;;;
UU1600_CMC_militarism;Стража команчей;Guard of the Comanche;;;;;;;;;;;;x;;;;;;;;;;;;;;;;;;;;;;;;
UU1600_CMC_ecologism;Хранители земли и рек команчей;Keepers of the Comanche Lands and Rivers;;;;;;;;;;;;x;;;;;;;;;;;;;;;;;;;;;;;;
UU1600_CMC_corporatism;Собрание ремесленных братств команчей;Assembly of the Comanche Craft Guilds;;;;;;;;;;;;x;;;;;;;;;;;;;;;;;;;;;;;;
UU1600_CMC_cyber_autonomism;Лига самоуправляемых общин команчей;League of Self-Governing Comanche Communities;;;;;;;;;;;;x;;;;;;;;;;;;;;;;;;;;;;;;
UU1600_COM_syndicalism;Синдикалистская партия;Syndicalist Party;;;;;;;;;;;;x;;;;;;;;;;;;;;;;;;;;;;;;
UU1600_COM_militarism;Партия милитаристов;Militarist Party;;;;;;;;;;;;x;;;;;;;;;;;;;;;;;;;;;;;;
UU1600_COM_ecologism;Экологическая партия;Ecologist Party;;;;;;;;;;;;x;;;;;;;;;;;;;;;;;;;;;;;;
UU1600_COM_corporatism;Корпоративистская партия;Corporatist Party;;;;;;;;;;;;x;;;;;;;;;;;;;;;;;;;;;;;;
UU1600_COM_cyber_autonomism;Партия киберавтономистов;Cyber-Autonomist Party;;;;;;;;;;;;x;;;;;;;;;;;;;;;;;;;;;;;;
UU1600_CNG_syndicalism;Синдикалистская партия;Syndicalist Party;;;;;;;;;;;;x;;;;;;;;;;;;;;;;;;;;;;;;
UU1600_CNG_militarism;Партия милитаристов;Militarist Party;;;;;;;;;;;;x;;;;;;;;;;;;;;;;;;;;;;;;
UU1600_CNG_ecologism;Экологическая партия;Ecologist Party;;;;;;;;;;;;x;;;;;;;;;;;;;;;;;;;;;;;;
UU1600_CNG_corporatism;Корпоративистская партия;Corporatist Party;;;;;;;;;;;;x;;;;;;;;;;;;;;;;;;;;;;;;
UU1600_CNG_cyber_autonomism;Партия киберавтономистов;Cyber-Autonomist Party;;;;;;;;;;;;x;;;;;;;;;;;;;;;;;;;;;;;;
UU1600_CRN_syndicalism;Синдикалистская партия;Syndicalist Party;;;;;;;;;;;;x;;;;;;;;;;;;;;;;;;;;;;;;
UU1600_CRN_militarism;Партия милитаристов;Militarist Party;;;;;;;;;;;;x;;;;;;;;;;;;;;;;;;;;;;;;
UU1600_CRN_ecologism;Экологическая партия;Ecologist Party;;;;;;;;;;;;x;;;;;;;;;;;;;;;;;;;;;;;;
UU1600_CRN_corporatism;Корпоративистская партия;Corporatist Party;;;;;;;;;;;;x;;;;;;;;;;;;;;;;;;;;;;;;
UU1600_CRN_cyber_autonomism;Партия киберавтономистов;Cyber-Autonomist Party;;;;;;;;;;;;x;;;;;;;;;;;;;;;;;;;;;;;;
UU1600_COR_syndicalism;Синдикалистская партия;Syndicalist Party;;;;;;;;;;;;x;;;;;;;;;;;;;;;;;;;;;;;;
UU1600_COR_militarism;Партия милитаристов;Militarist Party;;;;;;;;;;;;x;;;;;;;;;;;;;;;;;;;;;;;;
UU1600_COR_ecologism;Экологическая партия;Ecologist Party;;;;;;;;;;;;x;;;;;;;;;;;;;;;;;;;;;;;;
UU1600_COR_corporatism;Корпоративистская партия;Corporatist Party;;;;;;;;;;;;x;;;;;;;;;;;;;;;;;;;;;;;;
UU1600_COR_cyber_autonomism;Партия киберавтономистов;Cyber-Autonomist Party;;;;;;;;;;;;x;;;;;;;;;;;;;;;;;;;;;;;;
UU1600_COS_syndicalism;Синдикалистская партия;Syndicalist Party;;;;;;;;;;;;x;;;;;;;;;;;;;;;;;;;;;;;;
UU1600_COS_militarism;Партия милитаристов;Militarist Party;;;;;;;;;;;;x;;;;;;;;;;;;;;;;;;;;;;;;
UU1600_COS_ecologism;Экологическая партия;Ecologist Party;;;;;;;;;;;;x;;;;;;;;;;;;;;;;;;;;;;;;
UU1600_COS_corporatism;Корпоративистская партия;Corporatist Party;;;;;;;;;;;;x;;;;;;;;;;;;;;;;;;;;;;;;
UU1600_COS_cyber_autonomism;Партия киберавтономистов;Cyber-Autonomist Party;;;;;;;;;;;;x;;;;;;;;;;;;;;;;;;;;;;;;
UU1600_CRK_syndicalism;Союз промысловых общин криков;Syndicate of the Creek Communities;;;;;;;;;;;;x;;;;;;;;;;;;;;;;;;;;;;;;
UU1600_CRK_militarism;Стража криков;Guard of the Creek;;;;;;;;;;;;x;;;;;;;;;;;;;;;;;;;;;;;;
UU1600_CRK_ecologism;Хранители земли и рек криков;Keepers of the Creek Lands and Rivers;;;;;;;;;;;;x;;;;;;;;;;;;;;;;;;;;;;;;
UU1600_CRK_corporatism;Собрание ремесленных братств криков;Assembly of the Creek Craft Guilds;;;;;;;;;;;;x;;;;;;;;;;;;;;;;;;;;;;;;
UU1600_CRK_cyber_autonomism;Лига самоуправляемых общин криков;League of Self-Governing Creek Communities;;;;;;;;;;;;x;;;;;;;;;;;;;;;;;;;;;;;;
UU1600_CRE_syndicalism;Синдикалистская партия;Syndicalist Party;;;;;;;;;;;;x;;;;;;;;;;;;;;;;;;;;;;;;
UU1600_CRE_militarism;Партия милитаристов;Militarist Party;;;;;;;;;;;;x;;;;;;;;;;;;;;;;;;;;;;;;
UU1600_CRE_ecologism;Экологическая партия;Ecologist Party;;;;;;;;;;;;x;;;;;;;;;;;;;;;;;;;;;;;;
UU1600_CRE_corporatism;Корпоративистская партия;Corporatist Party;;;;;;;;;;;;x;;;;;;;;;;;;;;;;;;;;;;;;
UU1600_CRE_cyber_autonomism;Партия киберавтономистов;Cyber-Autonomist Party;;;;;;;;;;;;x;;;;;;;;;;;;;;;;;;;;;;;;
UU1600_CRI_syndicalism;Синдикалистская партия;Syndicalist Party;;;;;;;;;;;;x;;;;;;;;;;;;;;;;;;;;;;;;
UU1600_CRI_militarism;Партия милитаристов;Militarist Party;;;;;;;;;;;;x;;;;;;;;;;;;;;;;;;;;;;;;
UU1600_CRI_ecologism;Экологическая партия;Ecologist Party;;;;;;;;;;;;x;;;;;;;;;;;;;;;;;;;;;;;;
UU1600_CRI_corporatism;Корпоративистская партия;Corporatist Party;;;;;;;;;;;;x;;;;;;;;;;;;;;;;;;;;;;;;
UU1600_CRI_cyber_autonomism;Партия киберавтономистов;Cyber-Autonomist Party;;;;;;;;;;;;x;;;;;;;;;;;;;;;;;;;;;;;;
UU1600_CRO_syndicalism;Синдикалистская партия;Syndicalist Party;;;;;;;;;;;;x;;;;;;;;;;;;;;;;;;;;;;;;
UU1600_CRO_militarism;Партия милитаристов;Militarist Party;;;;;;;;;;;;x;;;;;;;;;;;;;;;;;;;;;;;;
UU1600_CRO_ecologism;Экологическая партия;Ecologist Party;;;;;;;;;;;;x;;;;;;;;;;;;;;;;;;;;;;;;
UU1600_CRO_corporatism;Корпоративистская партия;Corporatist Party;;;;;;;;;;;;x;;;;;;;;;;;;;;;;;;;;;;;;
UU1600_CRO_cyber_autonomism;Партия киберавтономистов;Cyber-Autonomist Party;;;;;;;;;;;;x;;;;;;;;;;;;;;;;;;;;;;;;
UU1600_CSA_syndicalism;Синдикалистская партия;Syndicalist Party;;;;;;;;;;;;x;;;;;;;;;;;;;;;;;;;;;;;;
UU1600_CSA_militarism;Партия милитаристов;Militarist Party;;;;;;;;;;;;x;;;;;;;;;;;;;;;;;;;;;;;;
UU1600_CSA_ecologism;Экологическая партия;Ecologist Party;;;;;;;;;;;;x;;;;;;;;;;;;;;;;;;;;;;;;
UU1600_CSA_corporatism;Корпоративистская партия;Corporatist Party;;;;;;;;;;;;x;;;;;;;;;;;;;;;;;;;;;;;;
UU1600_CSA_cyber_autonomism;Партия киберавтономистов;Cyber-Autonomist Party;;;;;;;;;;;;x;;;;;;;;;;;;;;;;;;;;;;;;
UU1600_CUB_syndicalism;Синдикалистская партия;Syndicalist Party;;;;;;;;;;;;x;;;;;;;;;;;;;;;;;;;;;;;;
UU1600_CUB_militarism;Партия милитаристов;Militarist Party;;;;;;;;;;;;x;;;;;;;;;;;;;;;;;;;;;;;;
UU1600_CUB_ecologism;Экологическая партия;Ecologist Party;;;;;;;;;;;;x;;;;;;;;;;;;;;;;;;;;;;;;
UU1600_CUB_corporatism;Корпоративистская партия;Corporatist Party;;;;;;;;;;;;x;;;;;;;;;;;;;;;;;;;;;;;;
UU1600_CUB_cyber_autonomism;Партия киберавтономистов;Cyber-Autonomist Party;;;;;;;;;;;;x;;;;;;;;;;;;;;;;;;;;;;;;
UU1600_CYP_syndicalism;Синдикалистская партия;Syndicalist Party;;;;;;;;;;;;x;;;;;;;;;;;;;;;;;;;;;;;;
UU1600_CYP_militarism;Партия милитаристов;Militarist Party;;;;;;;;;;;;x;;;;;;;;;;;;;;;;;;;;;;;;
UU1600_CYP_ecologism;Экологическая партия;Ecologist Party;;;;;;;;;;;;x;;;;;;;;;;;;;;;;;;;;;;;;
UU1600_CYP_corporatism;Корпоративистская партия;Corporatist Party;;;;;;;;;;;;x;;;;;;;;;;;;;;;;;;;;;;;;
UU1600_CYP_cyber_autonomism;Партия киберавтономистов;Cyber-Autonomist Party;;;;;;;;;;;;x;;;;;;;;;;;;;;;;;;;;;;;;
UU1600_CZR_syndicalism;Синдикалистская партия;Syndicalist Party;;;;;;;;;;;;x;;;;;;;;;;;;;;;;;;;;;;;;
UU1600_CZR_militarism;Партия милитаристов;Militarist Party;;;;;;;;;;;;x;;;;;;;;;;;;;;;;;;;;;;;;
UU1600_CZR_ecologism;Экологическая партия;Ecologist Party;;;;;;;;;;;;x;;;;;;;;;;;;;;;;;;;;;;;;
UU1600_CZR_corporatism;Корпоративистская партия;Corporatist Party;;;;;;;;;;;;x;;;;;;;;;;;;;;;;;;;;;;;;
UU1600_CZR_cyber_autonomism;Партия киберавтономистов;Cyber-Autonomist Party;;;;;;;;;;;;x;;;;;;;;;;;;;;;;;;;;;;;;
UU1600_CZH_syndicalism;Синдикалистская партия;Syndicalist Party;;;;;;;;;;;;x;;;;;;;;;;;;;;;;;;;;;;;;
UU1600_CZH_militarism;Партия милитаристов;Militarist Party;;;;;;;;;;;;x;;;;;;;;;;;;;;;;;;;;;;;;
UU1600_CZH_ecologism;Экологическая партия;Ecologist Party;;;;;;;;;;;;x;;;;;;;;;;;;;;;;;;;;;;;;
UU1600_CZH_corporatism;Корпоративистская партия;Corporatist Party;;;;;;;;;;;;x;;;;;;;;;;;;;;;;;;;;;;;;
UU1600_CZH_cyber_autonomism;Партия киберавтономистов;Cyber-Autonomist Party;;;;;;;;;;;;x;;;;;;;;;;;;;;;;;;;;;;;;
UU1600_D01_syndicalism;Синдикалистская партия;Syndicalist Party;;;;;;;;;;;;x;;;;;;;;;;;;;;;;;;;;;;;;
UU1600_D01_militarism;Партия милитаристов;Militarist Party;;;;;;;;;;;;x;;;;;;;;;;;;;;;;;;;;;;;;
UU1600_D01_ecologism;Экологическая партия;Ecologist Party;;;;;;;;;;;;x;;;;;;;;;;;;;;;;;;;;;;;;
UU1600_D01_corporatism;Корпоративистская партия;Corporatist Party;;;;;;;;;;;;x;;;;;;;;;;;;;;;;;;;;;;;;
UU1600_D01_cyber_autonomism;Партия киберавтономистов;Cyber-Autonomist Party;;;;;;;;;;;;x;;;;;;;;;;;;;;;;;;;;;;;;
UU1600_D02_syndicalism;Синдикалистская партия;Syndicalist Party;;;;;;;;;;;;x;;;;;;;;;;;;;;;;;;;;;;;;
UU1600_D02_militarism;Партия милитаристов;Militarist Party;;;;;;;;;;;;x;;;;;;;;;;;;;;;;;;;;;;;;
UU1600_D02_ecologism;Экологическая партия;Ecologist Party;;;;;;;;;;;;x;;;;;;;;;;;;;;;;;;;;;;;;
UU1600_D02_corporatism;Корпоративистская партия;Corporatist Party;;;;;;;;;;;;x;;;;;;;;;;;;;;;;;;;;;;;;
UU1600_D02_cyber_autonomism;Партия киберавтономистов;Cyber-Autonomist Party;;;;;;;;;;;;x;;;;;;;;;;;;;;;;;;;;;;;;
UU1600_D03_syndicalism;Синдикалистская партия;Syndicalist Party;;;;;;;;;;;;x;;;;;;;;;;;;;;;;;;;;;;;;
UU1600_D03_militarism;Партия милитаристов;Militarist Party;;;;;;;;;;;;x;;;;;;;;;;;;;;;;;;;;;;;;
UU1600_D03_ecologism;Экологическая партия;Ecologist Party;;;;;;;;;;;;x;;;;;;;;;;;;;;;;;;;;;;;;
UU1600_D03_corporatism;Корпоративистская партия;Corporatist Party;;;;;;;;;;;;x;;;;;;;;;;;;;;;;;;;;;;;;
UU1600_D03_cyber_autonomism;Партия киберавтономистов;Cyber-Autonomist Party;;;;;;;;;;;;x;;;;;;;;;;;;;;;;;;;;;;;;
UU1600_D04_syndicalism;Синдикалистская партия;Syndicalist Party;;;;;;;;;;;;x;;;;;;;;;;;;;;;;;;;;;;;;
UU1600_D04_militarism;Партия милитаристов;Militarist Party;;;;;;;;;;;;x;;;;;;;;;;;;;;;;;;;;;;;;
UU1600_D04_ecologism;Экологическая партия;Ecologist Party;;;;;;;;;;;;x;;;;;;;;;;;;;;;;;;;;;;;;
UU1600_D04_corporatism;Корпоративистская партия;Corporatist Party;;;;;;;;;;;;x;;;;;;;;;;;;;;;;;;;;;;;;
UU1600_D04_cyber_autonomism;Партия киберавтономистов;Cyber-Autonomist Party;;;;;;;;;;;;x;;;;;;;;;;;;;;;;;;;;;;;;
UU1600_D05_syndicalism;Синдикалистская партия;Syndicalist Party;;;;;;;;;;;;x;;;;;;;;;;;;;;;;;;;;;;;;
UU1600_D05_militarism;Партия милитаристов;Militarist Party;;;;;;;;;;;;x;;;;;;;;;;;;;;;;;;;;;;;;
UU1600_D05_ecologism;Экологическая партия;Ecologist Party;;;;;;;;;;;;x;;;;;;;;;;;;;;;;;;;;;;;;
UU1600_D05_corporatism;Корпоративистская партия;Corporatist Party;;;;;;;;;;;;x;;;;;;;;;;;;;;;;;;;;;;;;
UU1600_D05_cyber_autonomism;Партия киберавтономистов;Cyber-Autonomist Party;;;;;;;;;;;;x;;;;;;;;;;;;;;;;;;;;;;;;
UU1600_D06_syndicalism;Синдикалистская партия;Syndicalist Party;;;;;;;;;;;;x;;;;;;;;;;;;;;;;;;;;;;;;
UU1600_D06_militarism;Партия милитаристов;Militarist Party;;;;;;;;;;;;x;;;;;;;;;;;;;;;;;;;;;;;;
UU1600_D06_ecologism;Экологическая партия;Ecologist Party;;;;;;;;;;;;x;;;;;;;;;;;;;;;;;;;;;;;;
UU1600_D06_corporatism;Корпоративистская партия;Corporatist Party;;;;;;;;;;;;x;;;;;;;;;;;;;;;;;;;;;;;;
UU1600_D06_cyber_autonomism;Партия киберавтономистов;Cyber-Autonomist Party;;;;;;;;;;;;x;;;;;;;;;;;;;;;;;;;;;;;;
UU1600_D07_syndicalism;Синдикалистская партия;Syndicalist Party;;;;;;;;;;;;x;;;;;;;;;;;;;;;;;;;;;;;;
UU1600_D07_militarism;Партия милитаристов;Militarist Party;;;;;;;;;;;;x;;;;;;;;;;;;;;;;;;;;;;;;
UU1600_D07_ecologism;Экологическая партия;Ecologist Party;;;;;;;;;;;;x;;;;;;;;;;;;;;;;;;;;;;;;
UU1600_D07_corporatism;Корпоративистская партия;Corporatist Party;;;;;;;;;;;;x;;;;;;;;;;;;;;;;;;;;;;;;
UU1600_D07_cyber_autonomism;Партия киберавтономистов;Cyber-Autonomist Party;;;;;;;;;;;;x;;;;;;;;;;;;;;;;;;;;;;;;
UU1600_D08_syndicalism;Синдикалистская партия;Syndicalist Party;;;;;;;;;;;;x;;;;;;;;;;;;;;;;;;;;;;;;
UU1600_D08_militarism;Партия милитаристов;Militarist Party;;;;;;;;;;;;x;;;;;;;;;;;;;;;;;;;;;;;;
UU1600_D08_ecologism;Экологическая партия;Ecologist Party;;;;;;;;;;;;x;;;;;;;;;;;;;;;;;;;;;;;;
UU1600_D08_corporatism;Корпоративистская партия;Corporatist Party;;;;;;;;;;;;x;;;;;;;;;;;;;;;;;;;;;;;;
UU1600_D08_cyber_autonomism;Партия киберавтономистов;Cyber-Autonomist Party;;;;;;;;;;;;x;;;;;;;;;;;;;;;;;;;;;;;;
UU1600_D09_syndicalism;Синдикалистская партия;Syndicalist Party;;;;;;;;;;;;x;;;;;;;;;;;;;;;;;;;;;;;;
UU1600_D09_militarism;Партия милитаристов;Militarist Party;;;;;;;;;;;;x;;;;;;;;;;;;;;;;;;;;;;;;
UU1600_D09_ecologism;Экологическая партия;Ecologist Party;;;;;;;;;;;;x;;;;;;;;;;;;;;;;;;;;;;;;
UU1600_D09_corporatism;Корпоративистская партия;Corporatist Party;;;;;;;;;;;;x;;;;;;;;;;;;;;;;;;;;;;;;
UU1600_D09_cyber_autonomism;Партия киберавтономистов;Cyber-Autonomist Party;;;;;;;;;;;;x;;;;;;;;;;;;;;;;;;;;;;;;
UU1600_D10_syndicalism;Синдикалистская партия;Syndicalist Party;;;;;;;;;;;;x;;;;;;;;;;;;;;;;;;;;;;;;
UU1600_D10_militarism;Партия милитаристов;Militarist Party;;;;;;;;;;;;x;;;;;;;;;;;;;;;;;;;;;;;;
UU1600_D10_ecologism;Экологическая партия;Ecologist Party;;;;;;;;;;;;x;;;;;;;;;;;;;;;;;;;;;;;;
UU1600_D10_corporatism;Корпоративистская партия;Corporatist Party;;;;;;;;;;;;x;;;;;;;;;;;;;;;;;;;;;;;;
UU1600_D10_cyber_autonomism;Партия киберавтономистов;Cyber-Autonomist Party;;;;;;;;;;;;x;;;;;;;;;;;;;;;;;;;;;;;;
UU1600_D11_syndicalism;Синдикалистская партия;Syndicalist Party;;;;;;;;;;;;x;;;;;;;;;;;;;;;;;;;;;;;;
UU1600_D11_militarism;Партия милитаристов;Militarist Party;;;;;;;;;;;;x;;;;;;;;;;;;;;;;;;;;;;;;
UU1600_D11_ecologism;Экологическая партия;Ecologist Party;;;;;;;;;;;;x;;;;;;;;;;;;;;;;;;;;;;;;
UU1600_D11_corporatism;Корпоративистская партия;Corporatist Party;;;;;;;;;;;;x;;;;;;;;;;;;;;;;;;;;;;;;
UU1600_D11_cyber_autonomism;Партия киберавтономистов;Cyber-Autonomist Party;;;;;;;;;;;;x;;;;;;;;;;;;;;;;;;;;;;;;
UU1600_D12_syndicalism;Синдикалистская партия;Syndicalist Party;;;;;;;;;;;;x;;;;;;;;;;;;;;;;;;;;;;;;
UU1600_D12_militarism;Партия милитаристов;Militarist Party;;;;;;;;;;;;x;;;;;;;;;;;;;;;;;;;;;;;;
UU1600_D12_ecologism;Экологическая партия;Ecologist Party;;;;;;;;;;;;x;;;;;;;;;;;;;;;;;;;;;;;;
UU1600_D12_corporatism;Корпоративистская партия;Corporatist Party;;;;;;;;;;;;x;;;;;;;;;;;;;;;;;;;;;;;;
UU1600_D12_cyber_autonomism;Партия киберавтономистов;Cyber-Autonomist Party;;;;;;;;;;;;x;;;;;;;;;;;;;;;;;;;;;;;;
UU1600_D13_syndicalism;Синдикалистская партия;Syndicalist Party;;;;;;;;;;;;x;;;;;;;;;;;;;;;;;;;;;;;;
UU1600_D13_militarism;Партия милитаристов;Militarist Party;;;;;;;;;;;;x;;;;;;;;;;;;;;;;;;;;;;;;
UU1600_D13_ecologism;Экологическая партия;Ecologist Party;;;;;;;;;;;;x;;;;;;;;;;;;;;;;;;;;;;;;
UU1600_D13_corporatism;Корпоративистская партия;Corporatist Party;;;;;;;;;;;;x;;;;;;;;;;;;;;;;;;;;;;;;
UU1600_D13_cyber_autonomism;Партия киберавтономистов;Cyber-Autonomist Party;;;;;;;;;;;;x;;;;;;;;;;;;;;;;;;;;;;;;
UU1600_D14_syndicalism;Синдикалистская партия;Syndicalist Party;;;;;;;;;;;;x;;;;;;;;;;;;;;;;;;;;;;;;
UU1600_D14_militarism;Партия милитаристов;Militarist Party;;;;;;;;;;;;x;;;;;;;;;;;;;;;;;;;;;;;;
UU1600_D14_ecologism;Экологическая партия;Ecologist Party;;;;;;;;;;;;x;;;;;;;;;;;;;;;;;;;;;;;;
UU1600_D14_corporatism;Корпоративистская партия;Corporatist Party;;;;;;;;;;;;x;;;;;;;;;;;;;;;;;;;;;;;;
UU1600_D14_cyber_autonomism;Партия киберавтономистов;Cyber-Autonomist Party;;;;;;;;;;;;x;;;;;;;;;;;;;;;;;;;;;;;;
UU1600_D15_syndicalism;Синдикалистская партия;Syndicalist Party;;;;;;;;;;;;x;;;;;;;;;;;;;;;;;;;;;;;;
UU1600_D15_militarism;Партия милитаристов;Militarist Party;;;;;;;;;;;;x;;;;;;;;;;;;;;;;;;;;;;;;
UU1600_D15_ecologism;Экологическая партия;Ecologist Party;;;;;;;;;;;;x;;;;;;;;;;;;;;;;;;;;;;;;
UU1600_D15_corporatism;Корпоративистская партия;Corporatist Party;;;;;;;;;;;;x;;;;;;;;;;;;;;;;;;;;;;;;
UU1600_D15_cyber_autonomism;Партия киберавтономистов;Cyber-Autonomist Party;;;;;;;;;;;;x;;;;;;;;;;;;;;;;;;;;;;;;
UU1600_D16_syndicalism;Синдикалистская партия;Syndicalist Party;;;;;;;;;;;;x;;;;;;;;;;;;;;;;;;;;;;;;
UU1600_D16_militarism;Партия милитаристов;Militarist Party;;;;;;;;;;;;x;;;;;;;;;;;;;;;;;;;;;;;;
UU1600_D16_ecologism;Экологическая партия;Ecologist Party;;;;;;;;;;;;x;;;;;;;;;;;;;;;;;;;;;;;;
UU1600_D16_corporatism;Корпоративистская партия;Corporatist Party;;;;;;;;;;;;x;;;;;;;;;;;;;;;;;;;;;;;;
UU1600_D16_cyber_autonomism;Партия киберавтономистов;Cyber-Autonomist Party;;;;;;;;;;;;x;;;;;;;;;;;;;;;;;;;;;;;;
UU1600_D17_syndicalism;Синдикалистская партия;Syndicalist Party;;;;;;;;;;;;x;;;;;;;;;;;;;;;;;;;;;;;;
UU1600_D17_militarism;Партия милитаристов;Militarist Party;;;;;;;;;;;;x;;;;;;;;;;;;;;;;;;;;;;;;
UU1600_D17_ecologism;Экологическая партия;Ecologist Party;;;;;;;;;;;;x;;;;;;;;;;;;;;;;;;;;;;;;
UU1600_D17_corporatism;Корпоративистская партия;Corporatist Party;;;;;;;;;;;;x;;;;;;;;;;;;;;;;;;;;;;;;
UU1600_D17_cyber_autonomism;Партия киберавтономистов;Cyber-Autonomist Party;;;;;;;;;;;;x;;;;;;;;;;;;;;;;;;;;;;;;
UU1600_D18_syndicalism;Синдикалистская партия;Syndicalist Party;;;;;;;;;;;;x;;;;;;;;;;;;;;;;;;;;;;;;
UU1600_D18_militarism;Партия милитаристов;Militarist Party;;;;;;;;;;;;x;;;;;;;;;;;;;;;;;;;;;;;;
UU1600_D18_ecologism;Экологическая партия;Ecologist Party;;;;;;;;;;;;x;;;;;;;;;;;;;;;;;;;;;;;;
UU1600_D18_corporatism;Корпоративистская партия;Corporatist Party;;;;;;;;;;;;x;;;;;;;;;;;;;;;;;;;;;;;;
UU1600_D18_cyber_autonomism;Партия киберавтономистов;Cyber-Autonomist Party;;;;;;;;;;;;x;;;;;;;;;;;;;;;;;;;;;;;;
UU1600_D19_syndicalism;Синдикалистская партия;Syndicalist Party;;;;;;;;;;;;x;;;;;;;;;;;;;;;;;;;;;;;;
UU1600_D19_militarism;Партия милитаристов;Militarist Party;;;;;;;;;;;;x;;;;;;;;;;;;;;;;;;;;;;;;
UU1600_D19_ecologism;Экологическая партия;Ecologist Party;;;;;;;;;;;;x;;;;;;;;;;;;;;;;;;;;;;;;
UU1600_D19_corporatism;Корпоративистская партия;Corporatist Party;;;;;;;;;;;;x;;;;;;;;;;;;;;;;;;;;;;;;
UU1600_D19_cyber_autonomism;Партия киберавтономистов;Cyber-Autonomist Party;;;;;;;;;;;;x;;;;;;;;;;;;;;;;;;;;;;;;
UU1600_D20_syndicalism;Синдикалистская партия;Syndicalist Party;;;;;;;;;;;;x;;;;;;;;;;;;;;;;;;;;;;;;
UU1600_D20_militarism;Партия милитаристов;Militarist Party;;;;;;;;;;;;x;;;;;;;;;;;;;;;;;;;;;;;;
UU1600_D20_ecologism;Экологическая партия;Ecologist Party;;;;;;;;;;;;x;;;;;;;;;;;;;;;;;;;;;;;;
UU1600_D20_corporatism;Корпоративистская партия;Corporatist Party;;;;;;;;;;;;x;;;;;;;;;;;;;;;;;;;;;;;;
UU1600_D20_cyber_autonomism;Партия киберавтономистов;Cyber-Autonomist Party;;;;;;;;;;;;x;;;;;;;;;;;;;;;;;;;;;;;;
UU1600_D21_syndicalism;Синдикалистская партия;Syndicalist Party;;;;;;;;;;;;x;;;;;;;;;;;;;;;;;;;;;;;;
UU1600_D21_militarism;Партия милитаристов;Militarist Party;;;;;;;;;;;;x;;;;;;;;;;;;;;;;;;;;;;;;
UU1600_D21_ecologism;Экологическая партия;Ecologist Party;;;;;;;;;;;;x;;;;;;;;;;;;;;;;;;;;;;;;
UU1600_D21_corporatism;Корпоративистская партия;Corporatist Party;;;;;;;;;;;;x;;;;;;;;;;;;;;;;;;;;;;;;
UU1600_D21_cyber_autonomism;Партия киберавтономистов;Cyber-Autonomist Party;;;;;;;;;;;;x;;;;;;;;;;;;;;;;;;;;;;;;
UU1600_D22_syndicalism;Синдикалистская партия;Syndicalist Party;;;;;;;;;;;;x;;;;;;;;;;;;;;;;;;;;;;;;
UU1600_D22_militarism;Партия милитаристов;Militarist Party;;;;;;;;;;;;x;;;;;;;;;;;;;;;;;;;;;;;;
UU1600_D22_ecologism;Экологическая партия;Ecologist Party;;;;;;;;;;;;x;;;;;;;;;;;;;;;;;;;;;;;;
UU1600_D22_corporatism;Корпоративистская партия;Corporatist Party;;;;;;;;;;;;x;;;;;;;;;;;;;;;;;;;;;;;;
UU1600_D22_cyber_autonomism;Партия киберавтономистов;Cyber-Autonomist Party;;;;;;;;;;;;x;;;;;;;;;;;;;;;;;;;;;;;;
UU1600_D23_syndicalism;Синдикалистская партия;Syndicalist Party;;;;;;;;;;;;x;;;;;;;;;;;;;;;;;;;;;;;;
UU1600_D23_militarism;Партия милитаристов;Militarist Party;;;;;;;;;;;;x;;;;;;;;;;;;;;;;;;;;;;;;
UU1600_D23_ecologism;Экологическая партия;Ecologist Party;;;;;;;;;;;;x;;;;;;;;;;;;;;;;;;;;;;;;
UU1600_D23_corporatism;Корпоративистская партия;Corporatist Party;;;;;;;;;;;;x;;;;;;;;;;;;;;;;;;;;;;;;
UU1600_D23_cyber_autonomism;Партия киберавтономистов;Cyber-Autonomist Party;;;;;;;;;;;;x;;;;;;;;;;;;;;;;;;;;;;;;
UU1600_D24_syndicalism;Синдикалистская партия;Syndicalist Party;;;;;;;;;;;;x;;;;;;;;;;;;;;;;;;;;;;;;
UU1600_D24_militarism;Партия милитаристов;Militarist Party;;;;;;;;;;;;x;;;;;;;;;;;;;;;;;;;;;;;;
UU1600_D24_ecologism;Экологическая партия;Ecologist Party;;;;;;;;;;;;x;;;;;;;;;;;;;;;;;;;;;;;;
UU1600_D24_corporatism;Корпоративистская партия;Corporatist Party;;;;;;;;;;;;x;;;;;;;;;;;;;;;;;;;;;;;;
UU1600_D24_cyber_autonomism;Партия киберавтономистов;Cyber-Autonomist Party;;;;;;;;;;;;x;;;;;;;;;;;;;;;;;;;;;;;;
UU1600_D25_syndicalism;Синдикалистская партия;Syndicalist Party;;;;;;;;;;;;x;;;;;;;;;;;;;;;;;;;;;;;;
UU1600_D25_militarism;Партия милитаристов;Militarist Party;;;;;;;;;;;;x;;;;;;;;;;;;;;;;;;;;;;;;
UU1600_D25_ecologism;Экологическая партия;Ecologist Party;;;;;;;;;;;;x;;;;;;;;;;;;;;;;;;;;;;;;
UU1600_D25_corporatism;Корпоративистская партия;Corporatist Party;;;;;;;;;;;;x;;;;;;;;;;;;;;;;;;;;;;;;
UU1600_D25_cyber_autonomism;Партия киберавтономистов;Cyber-Autonomist Party;;;;;;;;;;;;x;;;;;;;;;;;;;;;;;;;;;;;;
UU1600_D26_syndicalism;Синдикалистская партия;Syndicalist Party;;;;;;;;;;;;x;;;;;;;;;;;;;;;;;;;;;;;;
UU1600_D26_militarism;Партия милитаристов;Militarist Party;;;;;;;;;;;;x;;;;;;;;;;;;;;;;;;;;;;;;
UU1600_D26_ecologism;Экологическая партия;Ecologist Party;;;;;;;;;;;;x;;;;;;;;;;;;;;;;;;;;;;;;
UU1600_D26_corporatism;Корпоративистская партия;Corporatist Party;;;;;;;;;;;;x;;;;;;;;;;;;;;;;;;;;;;;;
UU1600_D26_cyber_autonomism;Партия киберавтономистов;Cyber-Autonomist Party;;;;;;;;;;;;x;;;;;;;;;;;;;;;;;;;;;;;;
UU1600_D27_syndicalism;Синдикалистская партия;Syndicalist Party;;;;;;;;;;;;x;;;;;;;;;;;;;;;;;;;;;;;;
UU1600_D27_militarism;Партия милитаристов;Militarist Party;;;;;;;;;;;;x;;;;;;;;;;;;;;;;;;;;;;;;
UU1600_D27_ecologism;Экологическая партия;Ecologist Party;;;;;;;;;;;;x;;;;;;;;;;;;;;;;;;;;;;;;
UU1600_D27_corporatism;Корпоративистская партия;Corporatist Party;;;;;;;;;;;;x;;;;;;;;;;;;;;;;;;;;;;;;
UU1600_D27_cyber_autonomism;Партия киберавтономистов;Cyber-Autonomist Party;;;;;;;;;;;;x;;;;;;;;;;;;;;;;;;;;;;;;
UU1600_D28_syndicalism;Синдикалистская партия;Syndicalist Party;;;;;;;;;;;;x;;;;;;;;;;;;;;;;;;;;;;;;
UU1600_D28_militarism;Партия милитаристов;Militarist Party;;;;;;;;;;;;x;;;;;;;;;;;;;;;;;;;;;;;;
UU1600_D28_ecologism;Экологическая партия;Ecologist Party;;;;;;;;;;;;x;;;;;;;;;;;;;;;;;;;;;;;;
UU1600_D28_corporatism;Корпоративистская партия;Corporatist Party;;;;;;;;;;;;x;;;;;;;;;;;;;;;;;;;;;;;;
UU1600_D28_cyber_autonomism;Партия киберавтономистов;Cyber-Autonomist Party;;;;;;;;;;;;x;;;;;;;;;;;;;;;;;;;;;;;;
UU1600_D29_syndicalism;Синдикалистская партия;Syndicalist Party;;;;;;;;;;;;x;;;;;;;;;;;;;;;;;;;;;;;;
UU1600_D29_militarism;Партия милитаристов;Militarist Party;;;;;;;;;;;;x;;;;;;;;;;;;;;;;;;;;;;;;
UU1600_D29_ecologism;Экологическая партия;Ecologist Party;;;;;;;;;;;;x;;;;;;;;;;;;;;;;;;;;;;;;
UU1600_D29_corporatism;Корпоративистская партия;Corporatist Party;;;;;;;;;;;;x;;;;;;;;;;;;;;;;;;;;;;;;
UU1600_D29_cyber_autonomism;Партия киберавтономистов;Cyber-Autonomist Party;;;;;;;;;;;;x;;;;;;;;;;;;;;;;;;;;;;;;
UU1600_D30_syndicalism;Синдикалистская партия;Syndicalist Party;;;;;;;;;;;;x;;;;;;;;;;;;;;;;;;;;;;;;
UU1600_D30_militarism;Партия милитаристов;Militarist Party;;;;;;;;;;;;x;;;;;;;;;;;;;;;;;;;;;;;;
UU1600_D30_ecologism;Экологическая партия;Ecologist Party;;;;;;;;;;;;x;;;;;;;;;;;;;;;;;;;;;;;;
UU1600_D30_corporatism;Корпоративистская партия;Corporatist Party;;;;;;;;;;;;x;;;;;;;;;;;;;;;;;;;;;;;;
UU1600_D30_cyber_autonomism;Партия киберавтономистов;Cyber-Autonomist Party;;;;;;;;;;;;x;;;;;;;;;;;;;;;;;;;;;;;;
UU1600_D31_syndicalism;Синдикалистская партия;Syndicalist Party;;;;;;;;;;;;x;;;;;;;;;;;;;;;;;;;;;;;;
UU1600_D31_militarism;Партия милитаристов;Militarist Party;;;;;;;;;;;;x;;;;;;;;;;;;;;;;;;;;;;;;
UU1600_D31_ecologism;Экологическая партия;Ecologist Party;;;;;;;;;;;;x;;;;;;;;;;;;;;;;;;;;;;;;
UU1600_D31_corporatism;Корпоративистская партия;Corporatist Party;;;;;;;;;;;;x;;;;;;;;;;;;;;;;;;;;;;;;
UU1600_D31_cyber_autonomism;Партия киберавтономистов;Cyber-Autonomist Party;;;;;;;;;;;;x;;;;;;;;;;;;;;;;;;;;;;;;
UU1600_D32_syndicalism;Синдикалистская партия;Syndicalist Party;;;;;;;;;;;;x;;;;;;;;;;;;;;;;;;;;;;;;
UU1600_D32_militarism;Партия милитаристов;Militarist Party;;;;;;;;;;;;x;;;;;;;;;;;;;;;;;;;;;;;;
UU1600_D32_ecologism;Экологическая партия;Ecologist Party;;;;;;;;;;;;x;;;;;;;;;;;;;;;;;;;;;;;;
UU1600_D32_corporatism;Корпоративистская партия;Corporatist Party;;;;;;;;;;;;x;;;;;;;;;;;;;;;;;;;;;;;;
UU1600_D32_cyber_autonomism;Партия киберавтономистов;Cyber-Autonomist Party;;;;;;;;;;;;x;;;;;;;;;;;;;;;;;;;;;;;;
UU1600_D33_syndicalism;Синдикалистская партия;Syndicalist Party;;;;;;;;;;;;x;;;;;;;;;;;;;;;;;;;;;;;;
UU1600_D33_militarism;Партия милитаристов;Militarist Party;;;;;;;;;;;;x;;;;;;;;;;;;;;;;;;;;;;;;
UU1600_D33_ecologism;Экологическая партия;Ecologist Party;;;;;;;;;;;;x;;;;;;;;;;;;;;;;;;;;;;;;
UU1600_D33_corporatism;Корпоративистская партия;Corporatist Party;;;;;;;;;;;;x;;;;;;;;;;;;;;;;;;;;;;;;
UU1600_D33_cyber_autonomism;Партия киберавтономистов;Cyber-Autonomist Party;;;;;;;;;;;;x;;;;;;;;;;;;;;;;;;;;;;;;
UU1600_D34_syndicalism;Синдикалистская партия;Syndicalist Party;;;;;;;;;;;;x;;;;;;;;;;;;;;;;;;;;;;;;
UU1600_D34_militarism;Партия милитаристов;Militarist Party;;;;;;;;;;;;x;;;;;;;;;;;;;;;;;;;;;;;;
UU1600_D34_ecologism;Экологическая партия;Ecologist Party;;;;;;;;;;;;x;;;;;;;;;;;;;;;;;;;;;;;;
UU1600_D34_corporatism;Корпоративистская партия;Corporatist Party;;;;;;;;;;;;x;;;;;;;;;;;;;;;;;;;;;;;;
UU1600_D34_cyber_autonomism;Партия киберавтономистов;Cyber-Autonomist Party;;;;;;;;;;;;x;;;;;;;;;;;;;;;;;;;;;;;;
UU1600_D35_syndicalism;Синдикалистская партия;Syndicalist Party;;;;;;;;;;;;x;;;;;;;;;;;;;;;;;;;;;;;;
UU1600_D35_militarism;Партия милитаристов;Militarist Party;;;;;;;;;;;;x;;;;;;;;;;;;;;;;;;;;;;;;
UU1600_D35_ecologism;Экологическая партия;Ecologist Party;;;;;;;;;;;;x;;;;;;;;;;;;;;;;;;;;;;;;
UU1600_D35_corporatism;Корпоративистская партия;Corporatist Party;;;;;;;;;;;;x;;;;;;;;;;;;;;;;;;;;;;;;
UU1600_D35_cyber_autonomism;Партия киберавтономистов;Cyber-Autonomist Party;;;;;;;;;;;;x;;;;;;;;;;;;;;;;;;;;;;;;
UU1600_D36_syndicalism;Синдикалистская партия;Syndicalist Party;;;;;;;;;;;;x;;;;;;;;;;;;;;;;;;;;;;;;
UU1600_D36_militarism;Партия милитаристов;Militarist Party;;;;;;;;;;;;x;;;;;;;;;;;;;;;;;;;;;;;;
UU1600_D36_ecologism;Экологическая партия;Ecologist Party;;;;;;;;;;;;x;;;;;;;;;;;;;;;;;;;;;;;;
UU1600_D36_corporatism;Корпоративистская партия;Corporatist Party;;;;;;;;;;;;x;;;;;;;;;;;;;;;;;;;;;;;;
UU1600_D36_cyber_autonomism;Партия киберавтономистов;Cyber-Autonomist Party;;;;;;;;;;;;x;;;;;;;;;;;;;;;;;;;;;;;;
UU1600_D37_syndicalism;Синдикалистская партия;Syndicalist Party;;;;;;;;;;;;x;;;;;;;;;;;;;;;;;;;;;;;;
UU1600_D37_militarism;Партия милитаристов;Militarist Party;;;;;;;;;;;;x;;;;;;;;;;;;;;;;;;;;;;;;
UU1600_D37_ecologism;Экологическая партия;Ecologist Party;;;;;;;;;;;;x;;;;;;;;;;;;;;;;;;;;;;;;
UU1600_D37_corporatism;Корпоративистская партия;Corporatist Party;;;;;;;;;;;;x;;;;;;;;;;;;;;;;;;;;;;;;
UU1600_D37_cyber_autonomism;Партия киберавтономистов;Cyber-Autonomist Party;;;;;;;;;;;;x;;;;;;;;;;;;;;;;;;;;;;;;
UU1600_D38_syndicalism;Синдикалистская партия;Syndicalist Party;;;;;;;;;;;;x;;;;;;;;;;;;;;;;;;;;;;;;
UU1600_D38_militarism;Партия милитаристов;Militarist Party;;;;;;;;;;;;x;;;;;;;;;;;;;;;;;;;;;;;;
UU1600_D38_ecologism;Экологическая партия;Ecologist Party;;;;;;;;;;;;x;;;;;;;;;;;;;;;;;;;;;;;;
UU1600_D38_corporatism;Корпоративистская партия;Corporatist Party;;;;;;;;;;;;x;;;;;;;;;;;;;;;;;;;;;;;;
UU1600_D38_cyber_autonomism;Партия киберавтономистов;Cyber-Autonomist Party;;;;;;;;;;;;x;;;;;;;;;;;;;;;;;;;;;;;;
UU1600_D39_syndicalism;Синдикалистская партия;Syndicalist Party;;;;;;;;;;;;x;;;;;;;;;;;;;;;;;;;;;;;;
UU1600_D39_militarism;Партия милитаристов;Militarist Party;;;;;;;;;;;;x;;;;;;;;;;;;;;;;;;;;;;;;
UU1600_D39_ecologism;Экологическая партия;Ecologist Party;;;;;;;;;;;;x;;;;;;;;;;;;;;;;;;;;;;;;
UU1600_D39_corporatism;Корпоративистская партия;Corporatist Party;;;;;;;;;;;;x;;;;;;;;;;;;;;;;;;;;;;;;
UU1600_D39_cyber_autonomism;Партия киберавтономистов;Cyber-Autonomist Party;;;;;;;;;;;;x;;;;;;;;;;;;;;;;;;;;;;;;
UU1600_D40_syndicalism;Синдикалистская партия;Syndicalist Party;;;;;;;;;;;;x;;;;;;;;;;;;;;;;;;;;;;;;
UU1600_D40_militarism;Партия милитаристов;Militarist Party;;;;;;;;;;;;x;;;;;;;;;;;;;;;;;;;;;;;;
UU1600_D40_ecologism;Экологическая партия;Ecologist Party;;;;;;;;;;;;x;;;;;;;;;;;;;;;;;;;;;;;;
UU1600_D40_corporatism;Корпоративистская партия;Corporatist Party;;;;;;;;;;;;x;;;;;;;;;;;;;;;;;;;;;;;;
UU1600_D40_cyber_autonomism;Партия киберавтономистов;Cyber-Autonomist Party;;;;;;;;;;;;x;;;;;;;;;;;;;;;;;;;;;;;;
UU1600_D41_syndicalism;Синдикалистская партия;Syndicalist Party;;;;;;;;;;;;x;;;;;;;;;;;;;;;;;;;;;;;;
UU1600_D41_militarism;Партия милитаристов;Militarist Party;;;;;;;;;;;;x;;;;;;;;;;;;;;;;;;;;;;;;
UU1600_D41_ecologism;Экологическая партия;Ecologist Party;;;;;;;;;;;;x;;;;;;;;;;;;;;;;;;;;;;;;
UU1600_D41_corporatism;Корпоративистская партия;Corporatist Party;;;;;;;;;;;;x;;;;;;;;;;;;;;;;;;;;;;;;
UU1600_D41_cyber_autonomism;Партия киберавтономистов;Cyber-Autonomist Party;;;;;;;;;;;;x;;;;;;;;;;;;;;;;;;;;;;;;
UU1600_D42_syndicalism;Синдикалистская партия;Syndicalist Party;;;;;;;;;;;;x;;;;;;;;;;;;;;;;;;;;;;;;
UU1600_D42_militarism;Партия милитаристов;Militarist Party;;;;;;;;;;;;x;;;;;;;;;;;;;;;;;;;;;;;;
UU1600_D42_ecologism;Экологическая партия;Ecologist Party;;;;;;;;;;;;x;;;;;;;;;;;;;;;;;;;;;;;;
UU1600_D42_corporatism;Корпоративистская партия;Corporatist Party;;;;;;;;;;;;x;;;;;;;;;;;;;;;;;;;;;;;;
UU1600_D42_cyber_autonomism;Партия киберавтономистов;Cyber-Autonomist Party;;;;;;;;;;;;x;;;;;;;;;;;;;;;;;;;;;;;;
UU1600_D43_syndicalism;Синдикалистская партия;Syndicalist Party;;;;;;;;;;;;x;;;;;;;;;;;;;;;;;;;;;;;;
UU1600_D43_militarism;Партия милитаристов;Militarist Party;;;;;;;;;;;;x;;;;;;;;;;;;;;;;;;;;;;;;
UU1600_D43_ecologism;Экологическая партия;Ecologist Party;;;;;;;;;;;;x;;;;;;;;;;;;;;;;;;;;;;;;
UU1600_D43_corporatism;Корпоративистская партия;Corporatist Party;;;;;;;;;;;;x;;;;;;;;;;;;;;;;;;;;;;;;
UU1600_D43_cyber_autonomism;Партия киберавтономистов;Cyber-Autonomist Party;;;;;;;;;;;;x;;;;;;;;;;;;;;;;;;;;;;;;
UU1600_D44_syndicalism;Синдикалистская партия;Syndicalist Party;;;;;;;;;;;;x;;;;;;;;;;;;;;;;;;;;;;;;
UU1600_D44_militarism;Партия милитаристов;Militarist Party;;;;;;;;;;;;x;;;;;;;;;;;;;;;;;;;;;;;;
UU1600_D44_ecologism;Экологическая партия;Ecologist Party;;;;;;;;;;;;x;;;;;;;;;;;;;;;;;;;;;;;;
UU1600_D44_corporatism;Корпоративистская партия;Corporatist Party;;;;;;;;;;;;x;;;;;;;;;;;;;;;;;;;;;;;;
UU1600_D44_cyber_autonomism;Партия киберавтономистов;Cyber-Autonomist Party;;;;;;;;;;;;x;;;;;;;;;;;;;;;;;;;;;;;;
UU1600_D45_syndicalism;Синдикалистская партия;Syndicalist Party;;;;;;;;;;;;x;;;;;;;;;;;;;;;;;;;;;;;;
UU1600_D45_militarism;Партия милитаристов;Militarist Party;;;;;;;;;;;;x;;;;;;;;;;;;;;;;;;;;;;;;
UU1600_D45_ecologism;Экологическая партия;Ecologist Party;;;;;;;;;;;;x;;;;;;;;;;;;;;;;;;;;;;;;
UU1600_D45_corporatism;Корпоративистская партия;Corporatist Party;;;;;;;;;;;;x;;;;;;;;;;;;;;;;;;;;;;;;
UU1600_D45_cyber_autonomism;Партия киберавтономистов;Cyber-Autonomist Party;;;;;;;;;;;;x;;;;;;;;;;;;;;;;;;;;;;;;
UU1600_D46_syndicalism;Синдикалистская партия;Syndicalist Party;;;;;;;;;;;;x;;;;;;;;;;;;;;;;;;;;;;;;
UU1600_D46_militarism;Партия милитаристов;Militarist Party;;;;;;;;;;;;x;;;;;;;;;;;;;;;;;;;;;;;;
UU1600_D46_ecologism;Экологическая партия;Ecologist Party;;;;;;;;;;;;x;;;;;;;;;;;;;;;;;;;;;;;;
UU1600_D46_corporatism;Корпоративистская партия;Corporatist Party;;;;;;;;;;;;x;;;;;;;;;;;;;;;;;;;;;;;;
UU1600_D46_cyber_autonomism;Партия киберавтономистов;Cyber-Autonomist Party;;;;;;;;;;;;x;;;;;;;;;;;;;;;;;;;;;;;;
UU1600_D47_syndicalism;Синдикалистская партия;Syndicalist Party;;;;;;;;;;;;x;;;;;;;;;;;;;;;;;;;;;;;;
UU1600_D47_militarism;Партия милитаристов;Militarist Party;;;;;;;;;;;;x;;;;;;;;;;;;;;;;;;;;;;;;
UU1600_D47_ecologism;Экологическая партия;Ecologist Party;;;;;;;;;;;;x;;;;;;;;;;;;;;;;;;;;;;;;
UU1600_D47_corporatism;Корпоративистская партия;Corporatist Party;;;;;;;;;;;;x;;;;;;;;;;;;;;;;;;;;;;;;
UU1600_D47_cyber_autonomism;Партия киберавтономистов;Cyber-Autonomist Party;;;;;;;;;;;;x;;;;;;;;;;;;;;;;;;;;;;;;
UU1600_D48_syndicalism;Синдикалистская партия;Syndicalist Party;;;;;;;;;;;;x;;;;;;;;;;;;;;;;;;;;;;;;
UU1600_D48_militarism;Партия милитаристов;Militarist Party;;;;;;;;;;;;x;;;;;;;;;;;;;;;;;;;;;;;;
UU1600_D48_ecologism;Экологическая партия;Ecologist Party;;;;;;;;;;;;x;;;;;;;;;;;;;;;;;;;;;;;;
UU1600_D48_corporatism;Корпоративистская партия;Corporatist Party;;;;;;;;;;;;x;;;;;;;;;;;;;;;;;;;;;;;;
UU1600_D48_cyber_autonomism;Партия киберавтономистов;Cyber-Autonomist Party;;;;;;;;;;;;x;;;;;;;;;;;;;;;;;;;;;;;;
UU1600_D49_syndicalism;Синдикалистская партия;Syndicalist Party;;;;;;;;;;;;x;;;;;;;;;;;;;;;;;;;;;;;;
UU1600_D49_militarism;Партия милитаристов;Militarist Party;;;;;;;;;;;;x;;;;;;;;;;;;;;;;;;;;;;;;
UU1600_D49_ecologism;Экологическая партия;Ecologist Party;;;;;;;;;;;;x;;;;;;;;;;;;;;;;;;;;;;;;
UU1600_D49_corporatism;Корпоративистская партия;Corporatist Party;;;;;;;;;;;;x;;;;;;;;;;;;;;;;;;;;;;;;
UU1600_D49_cyber_autonomism;Партия киберавтономистов;Cyber-Autonomist Party;;;;;;;;;;;;x;;;;;;;;;;;;;;;;;;;;;;;;
UU1600_D50_syndicalism;Синдикалистская партия;Syndicalist Party;;;;;;;;;;;;x;;;;;;;;;;;;;;;;;;;;;;;;
UU1600_D50_militarism;Партия милитаристов;Militarist Party;;;;;;;;;;;;x;;;;;;;;;;;;;;;;;;;;;;;;
UU1600_D50_ecologism;Экологическая партия;Ecologist Party;;;;;;;;;;;;x;;;;;;;;;;;;;;;;;;;;;;;;
UU1600_D50_corporatism;Корпоративистская партия;Corporatist Party;;;;;;;;;;;;x;;;;;;;;;;;;;;;;;;;;;;;;
UU1600_D50_cyber_autonomism;Партия киберавтономистов;Cyber-Autonomist Party;;;;;;;;;;;;x;;;;;;;;;;;;;;;;;;;;;;;;
UU1600_DAH_syndicalism;Синдикалистская партия;Syndicalist Party;;;;;;;;;;;;x;;;;;;;;;;;;;;;;;;;;;;;;
UU1600_DAH_militarism;Партия милитаристов;Militarist Party;;;;;;;;;;;;x;;;;;;;;;;;;;;;;;;;;;;;;
UU1600_DAH_ecologism;Экологическая партия;Ecologist Party;;;;;;;;;;;;x;;;;;;;;;;;;;;;;;;;;;;;;
UU1600_DAH_corporatism;Корпоративистская партия;Corporatist Party;;;;;;;;;;;;x;;;;;;;;;;;;;;;;;;;;;;;;
UU1600_DAH_cyber_autonomism;Партия киберавтономистов;Cyber-Autonomist Party;;;;;;;;;;;;x;;;;;;;;;;;;;;;;;;;;;;;;
UU1600_DAI_syndicalism;Синдикалистская партия;Syndicalist Party;;;;;;;;;;;;x;;;;;;;;;;;;;;;;;;;;;;;;
UU1600_DAI_militarism;Партия милитаристов;Militarist Party;;;;;;;;;;;;x;;;;;;;;;;;;;;;;;;;;;;;;
UU1600_DAI_ecologism;Экологическая партия;Ecologist Party;;;;;;;;;;;;x;;;;;;;;;;;;;;;;;;;;;;;;
UU1600_DAI_corporatism;Корпоративистская партия;Corporatist Party;;;;;;;;;;;;x;;;;;;;;;;;;;;;;;;;;;;;;
UU1600_DAI_cyber_autonomism;Партия киберавтономистов;Cyber-Autonomist Party;;;;;;;;;;;;x;;;;;;;;;;;;;;;;;;;;;;;;
UU1600_DNB_syndicalism;Синдикалистская партия;Syndicalist Party;;;;;;;;;;;;x;;;;;;;;;;;;;;;;;;;;;;;;
UU1600_DNB_militarism;Партия милитаристов;Militarist Party;;;;;;;;;;;;x;;;;;;;;;;;;;;;;;;;;;;;;
UU1600_DNB_ecologism;Экологическая партия;Ecologist Party;;;;;;;;;;;;x;;;;;;;;;;;;;;;;;;;;;;;;
UU1600_DNB_corporatism;Корпоративистская партия;Corporatist Party;;;;;;;;;;;;x;;;;;;;;;;;;;;;;;;;;;;;;
UU1600_DNB_cyber_autonomism;Партия киберавтономистов;Cyber-Autonomist Party;;;;;;;;;;;;x;;;;;;;;;;;;;;;;;;;;;;;;
UU1600_DZG_syndicalism;Синдикалистская партия;Syndicalist Party;;;;;;;;;;;;x;;;;;;;;;;;;;;;;;;;;;;;;
UU1600_DZG_militarism;Партия милитаристов;Militarist Party;;;;;;;;;;;;x;;;;;;;;;;;;;;;;;;;;;;;;
UU1600_DZG_ecologism;Экологическая партия;Ecologist Party;;;;;;;;;;;;x;;;;;;;;;;;;;;;;;;;;;;;;
UU1600_DZG_corporatism;Корпоративистская партия;Corporatist Party;;;;;;;;;;;;x;;;;;;;;;;;;;;;;;;;;;;;;
UU1600_DZG_cyber_autonomism;Партия киберавтономистов;Cyber-Autonomist Party;;;;;;;;;;;;x;;;;;;;;;;;;;;;;;;;;;;;;
UU1600_DND_syndicalism;Синдикалистская партия;Syndicalist Party;;;;;;;;;;;;x;;;;;;;;;;;;;;;;;;;;;;;;
UU1600_DND_militarism;Партия милитаристов;Militarist Party;;;;;;;;;;;;x;;;;;;;;;;;;;;;;;;;;;;;;
UU1600_DND_ecologism;Экологическая партия;Ecologist Party;;;;;;;;;;;;x;;;;;;;;;;;;;;;;;;;;;;;;
UU1600_DND_corporatism;Корпоративистская партия;Corporatist Party;;;;;;;;;;;;x;;;;;;;;;;;;;;;;;;;;;;;;
UU1600_DND_cyber_autonomism;Партия киберавтономистов;Cyber-Autonomist Party;;;;;;;;;;;;x;;;;;;;;;;;;;;;;;;;;;;;;
UU1600_DEN_syndicalism;Синдикалистская партия;Syndicalist Party;;;;;;;;;;;;x;;;;;;;;;;;;;;;;;;;;;;;;
UU1600_DEN_militarism;Партия милитаристов;Militarist Party;;;;;;;;;;;;x;;;;;;;;;;;;;;;;;;;;;;;;
UU1600_DEN_ecologism;Экологическая партия;Ecologist Party;;;;;;;;;;;;x;;;;;;;;;;;;;;;;;;;;;;;;
UU1600_DEN_corporatism;Корпоративистская партия;Corporatist Party;;;;;;;;;;;;x;;;;;;;;;;;;;;;;;;;;;;;;
UU1600_DEN_cyber_autonomism;Партия киберавтономистов;Cyber-Autonomist Party;;;;;;;;;;;;x;;;;;;;;;;;;;;;;;;;;;;;;
UU1600_DES_syndicalism;Синдикалистская партия;Syndicalist Party;;;;;;;;;;;;x;;;;;;;;;;;;;;;;;;;;;;;;
UU1600_DES_militarism;Партия милитаристов;Militarist Party;;;;;;;;;;;;x;;;;;;;;;;;;;;;;;;;;;;;;
UU1600_DES_ecologism;Экологическая партия;Ecologist Party;;;;;;;;;;;;x;;;;;;;;;;;;;;;;;;;;;;;;
UU1600_DES_corporatism;Корпоративистская партия;Corporatist Party;;;;;;;;;;;;x;;;;;;;;;;;;;;;;;;;;;;;;
UU1600_DES_cyber_autonomism;Партия киберавтономистов;Cyber-Autonomist Party;;;;;;;;;;;;x;;;;;;;;;;;;;;;;;;;;;;;;
UU1600_DJI_syndicalism;Синдикалистская партия;Syndicalist Party;;;;;;;;;;;;x;;;;;;;;;;;;;;;;;;;;;;;;
UU1600_DJI_militarism;Партия милитаристов;Militarist Party;;;;;;;;;;;;x;;;;;;;;;;;;;;;;;;;;;;;;
UU1600_DJI_ecologism;Экологическая партия;Ecologist Party;;;;;;;;;;;;x;;;;;;;;;;;;;;;;;;;;;;;;
UU1600_DJI_corporatism;Корпоративистская партия;Corporatist Party;;;;;;;;;;;;x;;;;;;;;;;;;;;;;;;;;;;;;
UU1600_DJI_cyber_autonomism;Партия киберавтономистов;Cyber-Autonomist Party;;;;;;;;;;;;x;;;;;;;;;;;;;;;;;;;;;;;;
UU1600_DOM_syndicalism;Синдикалистская партия;Syndicalist Party;;;;;;;;;;;;x;;;;;;;;;;;;;;;;;;;;;;;;
UU1600_DOM_militarism;Партия милитаристов;Militarist Party;;;;;;;;;;;;x;;;;;;;;;;;;;;;;;;;;;;;;
UU1600_DOM_ecologism;Экологическая партия;Ecologist Party;;;;;;;;;;;;x;;;;;;;;;;;;;;;;;;;;;;;;
UU1600_DOM_corporatism;Корпоративистская партия;Corporatist Party;;;;;;;;;;;;x;;;;;;;;;;;;;;;;;;;;;;;;
UU1600_DOM_cyber_autonomism;Партия киберавтономистов;Cyber-Autonomist Party;;;;;;;;;;;;x;;;;;;;;;;;;;;;;;;;;;;;;
UU1600_DRT_syndicalism;Синдикалистская партия;Syndicalist Party;;;;;;;;;;;;x;;;;;;;;;;;;;;;;;;;;;;;;
UU1600_DRT_militarism;Партия милитаристов;Militarist Party;;;;;;;;;;;;x;;;;;;;;;;;;;;;;;;;;;;;;
UU1600_DRT_ecologism;Экологическая партия;Ecologist Party;;;;;;;;;;;;x;;;;;;;;;;;;;;;;;;;;;;;;
UU1600_DRT_corporatism;Корпоративистская партия;Corporatist Party;;;;;;;;;;;;x;;;;;;;;;;;;;;;;;;;;;;;;
UU1600_DRT_cyber_autonomism;Партия киберавтономистов;Cyber-Autonomist Party;;;;;;;;;;;;x;;;;;;;;;;;;;;;;;;;;;;;;
UU1600_DSO_syndicalism;Синдикалистская партия;Syndicalist Party;;;;;;;;;;;;x;;;;;;;;;;;;;;;;;;;;;;;;
UU1600_DSO_militarism;Партия милитаристов;Militarist Party;;;;;;;;;;;;x;;;;;;;;;;;;;;;;;;;;;;;;
UU1600_DSO_ecologism;Экологическая партия;Ecologist Party;;;;;;;;;;;;x;;;;;;;;;;;;;;;;;;;;;;;;
UU1600_DSO_corporatism;Корпоративистская партия;Corporatist Party;;;;;;;;;;;;x;;;;;;;;;;;;;;;;;;;;;;;;
UU1600_DSO_cyber_autonomism;Партия киберавтономистов;Cyber-Autonomist Party;;;;;;;;;;;;x;;;;;;;;;;;;;;;;;;;;;;;;
UU1600_DUR_syndicalism;Синдикалистская партия;Syndicalist Party;;;;;;;;;;;;x;;;;;;;;;;;;;;;;;;;;;;;;
UU1600_DUR_militarism;Партия милитаристов;Militarist Party;;;;;;;;;;;;x;;;;;;;;;;;;;;;;;;;;;;;;
UU1600_DUR_ecologism;Экологическая партия;Ecologist Party;;;;;;;;;;;;x;;;;;;;;;;;;;;;;;;;;;;;;
UU1600_DUR_corporatism;Корпоративистская партия;Corporatist Party;;;;;;;;;;;;x;;;;;;;;;;;;;;;;;;;;;;;;
UU1600_DUR_cyber_autonomism;Партия киберавтономистов;Cyber-Autonomist Party;;;;;;;;;;;;x;;;;;;;;;;;;;;;;;;;;;;;;
UU1600_DDR_syndicalism;Синдикалистская партия;Syndicalist Party;;;;;;;;;;;;x;;;;;;;;;;;;;;;;;;;;;;;;
UU1600_DDR_militarism;Партия милитаристов;Militarist Party;;;;;;;;;;;;x;;;;;;;;;;;;;;;;;;;;;;;;
UU1600_DDR_ecologism;Экологическая партия;Ecologist Party;;;;;;;;;;;;x;;;;;;;;;;;;;;;;;;;;;;;;
UU1600_DDR_corporatism;Корпоративистская партия;Corporatist Party;;;;;;;;;;;;x;;;;;;;;;;;;;;;;;;;;;;;;
UU1600_DDR_cyber_autonomism;Партия киберавтономистов;Cyber-Autonomist Party;;;;;;;;;;;;x;;;;;;;;;;;;;;;;;;;;;;;;
UU1600_ETM_syndicalism;Синдикалистская партия;Syndicalist Party;;;;;;;;;;;;x;;;;;;;;;;;;;;;;;;;;;;;;
UU1600_ETM_militarism;Партия милитаристов;Militarist Party;;;;;;;;;;;;x;;;;;;;;;;;;;;;;;;;;;;;;
UU1600_ETM_ecologism;Экологическая партия;Ecologist Party;;;;;;;;;;;;x;;;;;;;;;;;;;;;;;;;;;;;;
UU1600_ETM_corporatism;Корпоративистская партия;Corporatist Party;;;;;;;;;;;;x;;;;;;;;;;;;;;;;;;;;;;;;
UU1600_ETM_cyber_autonomism;Партия киберавтономистов;Cyber-Autonomist Party;;;;;;;;;;;;x;;;;;;;;;;;;;;;;;;;;;;;;
UU1600_ECU_syndicalism;Синдикалистская партия;Syndicalist Party;;;;;;;;;;;;x;;;;;;;;;;;;;;;;;;;;;;;;
UU1600_ECU_militarism;Партия милитаристов;Militarist Party;;;;;;;;;;;;x;;;;;;;;;;;;;;;;;;;;;;;;
UU1600_ECU_ecologism;Экологическая партия;Ecologist Party;;;;;;;;;;;;x;;;;;;;;;;;;;;;;;;;;;;;;
UU1600_ECU_corporatism;Корпоративистская партия;Corporatist Party;;;;;;;;;;;;x;;;;;;;;;;;;;;;;;;;;;;;;
UU1600_ECU_cyber_autonomism;Партия киберавтономистов;Cyber-Autonomist Party;;;;;;;;;;;;x;;;;;;;;;;;;;;;;;;;;;;;;
UU1600_EGY_syndicalism;Синдикалистская партия;Syndicalist Party;;;;;;;;;;;;x;;;;;;;;;;;;;;;;;;;;;;;;
UU1600_EGY_militarism;Партия милитаристов;Militarist Party;;;;;;;;;;;;x;;;;;;;;;;;;;;;;;;;;;;;;
UU1600_EGY_ecologism;Экологическая партия;Ecologist Party;;;;;;;;;;;;x;;;;;;;;;;;;;;;;;;;;;;;;
UU1600_EGY_corporatism;Корпоративистская партия;Corporatist Party;;;;;;;;;;;;x;;;;;;;;;;;;;;;;;;;;;;;;
UU1600_EGY_cyber_autonomism;Партия киберавтономистов;Cyber-Autonomist Party;;;;;;;;;;;;x;;;;;;;;;;;;;;;;;;;;;;;;
UU1600_ELS_syndicalism;Синдикалистская партия;Syndicalist Party;;;;;;;;;;;;x;;;;;;;;;;;;;;;;;;;;;;;;
UU1600_ELS_militarism;Партия милитаристов;Militarist Party;;;;;;;;;;;;x;;;;;;;;;;;;;;;;;;;;;;;;
UU1600_ELS_ecologism;Экологическая партия;Ecologist Party;;;;;;;;;;;;x;;;;;;;;;;;;;;;;;;;;;;;;
UU1600_ELS_corporatism;Корпоративистская партия;Corporatist Party;;;;;;;;;;;;x;;;;;;;;;;;;;;;;;;;;;;;;
UU1600_ELS_cyber_autonomism;Партия киберавтономистов;Cyber-Autonomist Party;;;;;;;;;;;;x;;;;;;;;;;;;;;;;;;;;;;;;
UU1600_EMD_syndicalism;Синдикалистская партия;Syndicalist Party;;;;;;;;;;;;x;;;;;;;;;;;;;;;;;;;;;;;;
UU1600_EMD_militarism;Партия милитаристов;Militarist Party;;;;;;;;;;;;x;;;;;;;;;;;;;;;;;;;;;;;;
UU1600_EMD_ecologism;Экологическая партия;Ecologist Party;;;;;;;;;;;;x;;;;;;;;;;;;;;;;;;;;;;;;
UU1600_EMD_corporatism;Корпоративистская партия;Corporatist Party;;;;;;;;;;;;x;;;;;;;;;;;;;;;;;;;;;;;;
UU1600_EMD_cyber_autonomism;Партия киберавтономистов;Cyber-Autonomist Party;;;;;;;;;;;;x;;;;;;;;;;;;;;;;;;;;;;;;
UU1600_ANG_syndicalism;Синдикалистская партия;Syndicalist Party;;;;;;;;;;;;x;;;;;;;;;;;;;;;;;;;;;;;;
UU1600_ANG_militarism;Партия милитаристов;Militarist Party;;;;;;;;;;;;x;;;;;;;;;;;;;;;;;;;;;;;;
UU1600_ANG_ecologism;Экологическая партия;Ecologist Party;;;;;;;;;;;;x;;;;;;;;;;;;;;;;;;;;;;;;
UU1600_ANG_corporatism;Корпоративистская партия;Corporatist Party;;;;;;;;;;;;x;;;;;;;;;;;;;;;;;;;;;;;;
UU1600_ANG_cyber_autonomism;Партия киберавтономистов;Cyber-Autonomist Party;;;;;;;;;;;;x;;;;;;;;;;;;;;;;;;;;;;;;
UU1600_EQG_syndicalism;Синдикалистская партия;Syndicalist Party;;;;;;;;;;;;x;;;;;;;;;;;;;;;;;;;;;;;;
UU1600_EQG_militarism;Партия милитаристов;Militarist Party;;;;;;;;;;;;x;;;;;;;;;;;;;;;;;;;;;;;;
UU1600_EQG_ecologism;Экологическая партия;Ecologist Party;;;;;;;;;;;;x;;;;;;;;;;;;;;;;;;;;;;;;
UU1600_EQG_corporatism;Корпоративистская партия;Corporatist Party;;;;;;;;;;;;x;;;;;;;;;;;;;;;;;;;;;;;;
UU1600_EQG_cyber_autonomism;Партия киберавтономистов;Cyber-Autonomist Party;;;;;;;;;;;;x;;;;;;;;;;;;;;;;;;;;;;;;
UU1600_EFT_syndicalism;Синдикалистская партия;Syndicalist Party;;;;;;;;;;;;x;;;;;;;;;;;;;;;;;;;;;;;;
UU1600_EFT_militarism;Партия милитаристов;Militarist Party;;;;;;;;;;;;x;;;;;;;;;;;;;;;;;;;;;;;;
UU1600_EFT_ecologism;Экологическая партия;Ecologist Party;;;;;;;;;;;;x;;;;;;;;;;;;;;;;;;;;;;;;
UU1600_EFT_corporatism;Корпоративистская партия;Corporatist Party;;;;;;;;;;;;x;;;;;;;;;;;;;;;;;;;;;;;;
UU1600_EFT_cyber_autonomism;Партия киберавтономистов;Cyber-Autonomist Party;;;;;;;;;;;;x;;;;;;;;;;;;;;;;;;;;;;;;
UU1600_ERI_syndicalism;Синдикалистская партия;Syndicalist Party;;;;;;;;;;;;x;;;;;;;;;;;;;;;;;;;;;;;;
UU1600_ERI_militarism;Партия милитаристов;Militarist Party;;;;;;;;;;;;x;;;;;;;;;;;;;;;;;;;;;;;;
UU1600_ERI_ecologism;Экологическая партия;Ecologist Party;;;;;;;;;;;;x;;;;;;;;;;;;;;;;;;;;;;;;
UU1600_ERI_corporatism;Корпоративистская партия;Corporatist Party;;;;;;;;;;;;x;;;;;;;;;;;;;;;;;;;;;;;;
UU1600_ERI_cyber_autonomism;Партия киберавтономистов;Cyber-Autonomist Party;;;;;;;;;;;;x;;;;;;;;;;;;;;;;;;;;;;;;
UU1600_ESX_syndicalism;Синдикалистская партия;Syndicalist Party;;;;;;;;;;;;x;;;;;;;;;;;;;;;;;;;;;;;;
UU1600_ESX_militarism;Партия милитаристов;Militarist Party;;;;;;;;;;;;x;;;;;;;;;;;;;;;;;;;;;;;;
UU1600_ESX_ecologism;Экологическая партия;Ecologist Party;;;;;;;;;;;;x;;;;;;;;;;;;;;;;;;;;;;;;
UU1600_ESX_corporatism;Корпоративистская партия;Corporatist Party;;;;;;;;;;;;x;;;;;;;;;;;;;;;;;;;;;;;;
UU1600_ESX_cyber_autonomism;Партия киберавтономистов;Cyber-Autonomist Party;;;;;;;;;;;;x;;;;;;;;;;;;;;;;;;;;;;;;
UU1600_EST_syndicalism;Синдикалистская партия;Syndicalist Party;;;;;;;;;;;;x;;;;;;;;;;;;;;;;;;;;;;;;
UU1600_EST_militarism;Партия милитаристов;Militarist Party;;;;;;;;;;;;x;;;;;;;;;;;;;;;;;;;;;;;;
UU1600_EST_ecologism;Экологическая партия;Ecologist Party;;;;;;;;;;;;x;;;;;;;;;;;;;;;;;;;;;;;;
UU1600_EST_corporatism;Корпоративистская партия;Corporatist Party;;;;;;;;;;;;x;;;;;;;;;;;;;;;;;;;;;;;;
UU1600_EST_cyber_autonomism;Партия киберавтономистов;Cyber-Autonomist Party;;;;;;;;;;;;x;;;;;;;;;;;;;;;;;;;;;;;;
UU1600_ETH_syndicalism;Синдикалистская партия;Syndicalist Party;;;;;;;;;;;;x;;;;;;;;;;;;;;;;;;;;;;;;
UU1600_ETH_militarism;Партия милитаристов;Militarist Party;;;;;;;;;;;;x;;;;;;;;;;;;;;;;;;;;;;;;
UU1600_ETH_ecologism;Экологическая партия;Ecologist Party;;;;;;;;;;;;x;;;;;;;;;;;;;;;;;;;;;;;;
UU1600_ETH_corporatism;Корпоративистская партия;Corporatist Party;;;;;;;;;;;;x;;;;;;;;;;;;;;;;;;;;;;;;
UU1600_ETH_cyber_autonomism;Партия киберавтономистов;Cyber-Autonomist Party;;;;;;;;;;;;x;;;;;;;;;;;;;;;;;;;;;;;;
UU1600_EUR_syndicalism;Синдикалистская партия;Syndicalist Party;;;;;;;;;;;;x;;;;;;;;;;;;;;;;;;;;;;;;
UU1600_EUR_militarism;Партия милитаристов;Militarist Party;;;;;;;;;;;;x;;;;;;;;;;;;;;;;;;;;;;;;
UU1600_EUR_ecologism;Экологическая партия;Ecologist Party;;;;;;;;;;;;x;;;;;;;;;;;;;;;;;;;;;;;;
UU1600_EUR_corporatism;Корпоративистская партия;Corporatist Party;;;;;;;;;;;;x;;;;;;;;;;;;;;;;;;;;;;;;
UU1600_EUR_cyber_autonomism;Партия киберавтономистов;Cyber-Autonomist Party;;;;;;;;;;;;x;;;;;;;;;;;;;;;;;;;;;;;;
UU1600_FAN_syndicalism;Синдикалистская партия;Syndicalist Party;;;;;;;;;;;;x;;;;;;;;;;;;;;;;;;;;;;;;
UU1600_FAN_militarism;Партия милитаристов;Militarist Party;;;;;;;;;;;;x;;;;;;;;;;;;;;;;;;;;;;;;
UU1600_FAN_ecologism;Экологическая партия;Ecologist Party;;;;;;;;;;;;x;;;;;;;;;;;;;;;;;;;;;;;;
UU1600_FAN_corporatism;Корпоративистская партия;Corporatist Party;;;;;;;;;;;;x;;;;;;;;;;;;;;;;;;;;;;;;
UU1600_FAN_cyber_autonomism;Партия киберавтономистов;Cyber-Autonomist Party;;;;;;;;;;;;x;;;;;;;;;;;;;;;;;;;;;;;;
UU1600_FAT_syndicalism;Синдикалистская партия;Syndicalist Party;;;;;;;;;;;;x;;;;;;;;;;;;;;;;;;;;;;;;
UU1600_FAT_militarism;Партия милитаристов;Militarist Party;;;;;;;;;;;;x;;;;;;;;;;;;;;;;;;;;;;;;
UU1600_FAT_ecologism;Экологическая партия;Ecologist Party;;;;;;;;;;;;x;;;;;;;;;;;;;;;;;;;;;;;;
UU1600_FAT_corporatism;Корпоративистская партия;Corporatist Party;;;;;;;;;;;;x;;;;;;;;;;;;;;;;;;;;;;;;
UU1600_FAT_cyber_autonomism;Партия киберавтономистов;Cyber-Autonomist Party;;;;;;;;;;;;x;;;;;;;;;;;;;;;;;;;;;;;;
UU1600_FIJ_syndicalism;Синдикалистская партия;Syndicalist Party;;;;;;;;;;;;x;;;;;;;;;;;;;;;;;;;;;;;;
UU1600_FIJ_militarism;Партия милитаристов;Militarist Party;;;;;;;;;;;;x;;;;;;;;;;;;;;;;;;;;;;;;
UU1600_FIJ_ecologism;Экологическая партия;Ecologist Party;;;;;;;;;;;;x;;;;;;;;;;;;;;;;;;;;;;;;
UU1600_FIJ_corporatism;Корпоративистская партия;Corporatist Party;;;;;;;;;;;;x;;;;;;;;;;;;;;;;;;;;;;;;
UU1600_FIJ_cyber_autonomism;Партия киберавтономистов;Cyber-Autonomist Party;;;;;;;;;;;;x;;;;;;;;;;;;;;;;;;;;;;;;
UU1600_FIN_syndicalism;Синдикалистская партия;Syndicalist Party;;;;;;;;;;;;x;;;;;;;;;;;;;;;;;;;;;;;;
UU1600_FIN_militarism;Партия милитаристов;Militarist Party;;;;;;;;;;;;x;;;;;;;;;;;;;;;;;;;;;;;;
UU1600_FIN_ecologism;Экологическая партия;Ecologist Party;;;;;;;;;;;;x;;;;;;;;;;;;;;;;;;;;;;;;
UU1600_FIN_corporatism;Корпоративистская партия;Corporatist Party;;;;;;;;;;;;x;;;;;;;;;;;;;;;;;;;;;;;;
UU1600_FIN_cyber_autonomism;Партия киберавтономистов;Cyber-Autonomist Party;;;;;;;;;;;;x;;;;;;;;;;;;;;;;;;;;;;;;
UU1600_FLA_syndicalism;Синдикалистская партия;Syndicalist Party;;;;;;;;;;;;x;;;;;;;;;;;;;;;;;;;;;;;;
UU1600_FLA_militarism;Партия милитаристов;Militarist Party;;;;;;;;;;;;x;;;;;;;;;;;;;;;;;;;;;;;;
UU1600_FLA_ecologism;Экологическая партия;Ecologist Party;;;;;;;;;;;;x;;;;;;;;;;;;;;;;;;;;;;;;
UU1600_FLA_corporatism;Корпоративистская партия;Corporatist Party;;;;;;;;;;;;x;;;;;;;;;;;;;;;;;;;;;;;;
UU1600_FLA_cyber_autonomism;Партия киберавтономистов;Cyber-Autonomist Party;;;;;;;;;;;;x;;;;;;;;;;;;;;;;;;;;;;;;
UU1600_FRA_syndicalism;Синдикалистская партия;Syndicalist Party;;;;;;;;;;;;x;;;;;;;;;;;;;;;;;;;;;;;;
UU1600_FRA_militarism;Партия милитаристов;Militarist Party;;;;;;;;;;;;x;;;;;;;;;;;;;;;;;;;;;;;;
UU1600_FRA_ecologism;Экологическая партия;Ecologist Party;;;;;;;;;;;;x;;;;;;;;;;;;;;;;;;;;;;;;
UU1600_FRA_corporatism;Корпоративистская партия;Corporatist Party;;;;;;;;;;;;x;;;;;;;;;;;;;;;;;;;;;;;;
UU1600_FRA_cyber_autonomism;Партия киберавтономистов;Cyber-Autonomist Party;;;;;;;;;;;;x;;;;;;;;;;;;;;;;;;;;;;;;
UU1600_FRM_syndicalism;Синдикалистская партия;Syndicalist Party;;;;;;;;;;;;x;;;;;;;;;;;;;;;;;;;;;;;;
UU1600_FRM_militarism;Партия милитаристов;Militarist Party;;;;;;;;;;;;x;;;;;;;;;;;;;;;;;;;;;;;;
UU1600_FRM_ecologism;Экологическая партия;Ecologist Party;;;;;;;;;;;;x;;;;;;;;;;;;;;;;;;;;;;;;
UU1600_FRM_corporatism;Корпоративистская партия;Corporatist Party;;;;;;;;;;;;x;;;;;;;;;;;;;;;;;;;;;;;;
UU1600_FRM_cyber_autonomism;Партия киберавтономистов;Cyber-Autonomist Party;;;;;;;;;;;;x;;;;;;;;;;;;;;;;;;;;;;;;
UU1600_FJN_syndicalism;Синдикалистская партия;Syndicalist Party;;;;;;;;;;;;x;;;;;;;;;;;;;;;;;;;;;;;;
UU1600_FJN_militarism;Партия милитаристов;Militarist Party;;;;;;;;;;;;x;;;;;;;;;;;;;;;;;;;;;;;;
UU1600_FJN_ecologism;Экологическая партия;Ecologist Party;;;;;;;;;;;;x;;;;;;;;;;;;;;;;;;;;;;;;
UU1600_FJN_corporatism;Корпоративистская партия;Corporatist Party;;;;;;;;;;;;x;;;;;;;;;;;;;;;;;;;;;;;;
UU1600_FJN_cyber_autonomism;Партия киберавтономистов;Cyber-Autonomist Party;;;;;;;;;;;;x;;;;;;;;;;;;;;;;;;;;;;;;
UU1600_FDA_syndicalism;Синдикалистская партия;Syndicalist Party;;;;;;;;;;;;x;;;;;;;;;;;;;;;;;;;;;;;;
UU1600_FDA_militarism;Партия милитаристов;Militarist Party;;;;;;;;;;;;x;;;;;;;;;;;;;;;;;;;;;;;;
UU1600_FDA_ecologism;Экологическая партия;Ecologist Party;;;;;;;;;;;;x;;;;;;;;;;;;;;;;;;;;;;;;
UU1600_FDA_corporatism;Корпоративистская партия;Corporatist Party;;;;;;;;;;;;x;;;;;;;;;;;;;;;;;;;;;;;;
UU1600_FDA_cyber_autonomism;Партия киберавтономистов;Cyber-Autonomist Party;;;;;;;;;;;;x;;;;;;;;;;;;;;;;;;;;;;;;
UU1600_GAB_syndicalism;Синдикалистская партия;Syndicalist Party;;;;;;;;;;;;x;;;;;;;;;;;;;;;;;;;;;;;;
UU1600_GAB_militarism;Партия милитаристов;Militarist Party;;;;;;;;;;;;x;;;;;;;;;;;;;;;;;;;;;;;;
UU1600_GAB_ecologism;Экологическая партия;Ecologist Party;;;;;;;;;;;;x;;;;;;;;;;;;;;;;;;;;;;;;
UU1600_GAB_corporatism;Корпоративистская партия;Corporatist Party;;;;;;;;;;;;x;;;;;;;;;;;;;;;;;;;;;;;;
UU1600_GAB_cyber_autonomism;Партия киберавтономистов;Cyber-Autonomist Party;;;;;;;;;;;;x;;;;;;;;;;;;;;;;;;;;;;;;
UU1600_GBU_syndicalism;Синдикалистская партия;Syndicalist Party;;;;;;;;;;;;x;;;;;;;;;;;;;;;;;;;;;;;;
UU1600_GBU_militarism;Партия милитаристов;Militarist Party;;;;;;;;;;;;x;;;;;;;;;;;;;;;;;;;;;;;;
UU1600_GBU_ecologism;Экологическая партия;Ecologist Party;;;;;;;;;;;;x;;;;;;;;;;;;;;;;;;;;;;;;
UU1600_GBU_corporatism;Корпоративистская партия;Corporatist Party;;;;;;;;;;;;x;;;;;;;;;;;;;;;;;;;;;;;;
UU1600_GBU_cyber_autonomism;Партия киберавтономистов;Cyber-Autonomist Party;;;;;;;;;;;;x;;;;;;;;;;;;;;;;;;;;;;;;
UU1600_GAM_syndicalism;Синдикалистская партия;Syndicalist Party;;;;;;;;;;;;x;;;;;;;;;;;;;;;;;;;;;;;;
UU1600_GAM_militarism;Партия милитаристов;Militarist Party;;;;;;;;;;;;x;;;;;;;;;;;;;;;;;;;;;;;;
UU1600_GAM_ecologism;Экологическая партия;Ecologist Party;;;;;;;;;;;;x;;;;;;;;;;;;;;;;;;;;;;;;
UU1600_GAM_corporatism;Корпоративистская партия;Corporatist Party;;;;;;;;;;;;x;;;;;;;;;;;;;;;;;;;;;;;;
UU1600_GAM_cyber_autonomism;Партия киберавтономистов;Cyber-Autonomist Party;;;;;;;;;;;;x;;;;;;;;;;;;;;;;;;;;;;;;
UU1600_GEN_syndicalism;Синдикалистская партия;Syndicalist Party;;;;;;;;;;;;x;;;;;;;;;;;;;;;;;;;;;;;;
UU1600_GEN_militarism;Партия милитаристов;Militarist Party;;;;;;;;;;;;x;;;;;;;;;;;;;;;;;;;;;;;;
UU1600_GEN_ecologism;Экологическая партия;Ecologist Party;;;;;;;;;;;;x;;;;;;;;;;;;;;;;;;;;;;;;
UU1600_GEN_corporatism;Корпоративистская партия;Corporatist Party;;;;;;;;;;;;x;;;;;;;;;;;;;;;;;;;;;;;;
UU1600_GEN_cyber_autonomism;Партия киберавтономистов;Cyber-Autonomist Party;;;;;;;;;;;;x;;;;;;;;;;;;;;;;;;;;;;;;
UU1600_GEO_syndicalism;Синдикалистская партия;Syndicalist Party;;;;;;;;;;;;x;;;;;;;;;;;;;;;;;;;;;;;;
UU1600_GEO_militarism;Партия милитаристов;Militarist Party;;;;;;;;;;;;x;;;;;;;;;;;;;;;;;;;;;;;;
UU1600_GEO_ecologism;Экологическая партия;Ecologist Party;;;;;;;;;;;;x;;;;;;;;;;;;;;;;;;;;;;;;
UU1600_GEO_corporatism;Корпоративистская партия;Corporatist Party;;;;;;;;;;;;x;;;;;;;;;;;;;;;;;;;;;;;;
UU1600_GEO_cyber_autonomism;Партия киберавтономистов;Cyber-Autonomist Party;;;;;;;;;;;;x;;;;;;;;;;;;;;;;;;;;;;;;
UU1600_GER_syndicalism;Синдикалистская партия;Syndicalist Party;;;;;;;;;;;;x;;;;;;;;;;;;;;;;;;;;;;;;
UU1600_GER_militarism;Партия милитаристов;Militarist Party;;;;;;;;;;;;x;;;;;;;;;;;;;;;;;;;;;;;;
UU1600_GER_ecologism;Экологическая партия;Ecologist Party;;;;;;;;;;;;x;;;;;;;;;;;;;;;;;;;;;;;;
UU1600_GER_corporatism;Корпоративистская партия;Corporatist Party;;;;;;;;;;;;x;;;;;;;;;;;;;;;;;;;;;;;;
UU1600_GER_cyber_autonomism;Партия киберавтономистов;Cyber-Autonomist Party;;;;;;;;;;;;x;;;;;;;;;;;;;;;;;;;;;;;;
UU1600_GHA_syndicalism;Синдикалистская партия;Syndicalist Party;;;;;;;;;;;;x;;;;;;;;;;;;;;;;;;;;;;;;
UU1600_GHA_militarism;Партия милитаристов;Militarist Party;;;;;;;;;;;;x;;;;;;;;;;;;;;;;;;;;;;;;
UU1600_GHA_ecologism;Экологическая партия;Ecologist Party;;;;;;;;;;;;x;;;;;;;;;;;;;;;;;;;;;;;;
UU1600_GHA_corporatism;Корпоративистская партия;Corporatist Party;;;;;;;;;;;;x;;;;;;;;;;;;;;;;;;;;;;;;
UU1600_GHA_cyber_autonomism;Партия киберавтономистов;Cyber-Autonomist Party;;;;;;;;;;;;x;;;;;;;;;;;;;;;;;;;;;;;;
UU1600_GOL_syndicalism;Синдикалистская партия;Syndicalist Party;;;;;;;;;;;;x;;;;;;;;;;;;;;;;;;;;;;;;
UU1600_GOL_militarism;Партия милитаристов;Militarist Party;;;;;;;;;;;;x;;;;;;;;;;;;;;;;;;;;;;;;
UU1600_GOL_ecologism;Экологическая партия;Ecologist Party;;;;;;;;;;;;x;;;;;;;;;;;;;;;;;;;;;;;;
UU1600_GOL_corporatism;Корпоративистская партия;Corporatist Party;;;;;;;;;;;;x;;;;;;;;;;;;;;;;;;;;;;;;
UU1600_GOL_cyber_autonomism;Партия киберавтономистов;Cyber-Autonomist Party;;;;;;;;;;;;x;;;;;;;;;;;;;;;;;;;;;;;;
UU1600_GWD_syndicalism;Синдикалистская партия;Syndicalist Party;;;;;;;;;;;;x;;;;;;;;;;;;;;;;;;;;;;;;
UU1600_GWD_militarism;Партия милитаристов;Militarist Party;;;;;;;;;;;;x;;;;;;;;;;;;;;;;;;;;;;;;
UU1600_GWD_ecologism;Экологическая партия;Ecologist Party;;;;;;;;;;;;x;;;;;;;;;;;;;;;;;;;;;;;;
UU1600_GWD_corporatism;Корпоративистская партия;Corporatist Party;;;;;;;;;;;;x;;;;;;;;;;;;;;;;;;;;;;;;
UU1600_GWD_cyber_autonomism;Партия киберавтономистов;Cyber-Autonomist Party;;;;;;;;;;;;x;;;;;;;;;;;;;;;;;;;;;;;;
UU1600_GCO_syndicalism;Синдикалистская партия;Syndicalist Party;;;;;;;;;;;;x;;;;;;;;;;;;;;;;;;;;;;;;
UU1600_GCO_militarism;Партия милитаристов;Militarist Party;;;;;;;;;;;;x;;;;;;;;;;;;;;;;;;;;;;;;
UU1600_GCO_ecologism;Экологическая партия;Ecologist Party;;;;;;;;;;;;x;;;;;;;;;;;;;;;;;;;;;;;;
UU1600_GCO_corporatism;Корпоративистская партия;Corporatist Party;;;;;;;;;;;;x;;;;;;;;;;;;;;;;;;;;;;;;
UU1600_GCO_cyber_autonomism;Партия киберавтономистов;Cyber-Autonomist Party;;;;;;;;;;;;x;;;;;;;;;;;;;;;;;;;;;;;;
UU1600_GRE_syndicalism;Синдикалистская партия;Syndicalist Party;;;;;;;;;;;;x;;;;;;;;;;;;;;;;;;;;;;;;
UU1600_GRE_militarism;Партия милитаристов;Militarist Party;;;;;;;;;;;;x;;;;;;;;;;;;;;;;;;;;;;;;
UU1600_GRE_ecologism;Экологическая партия;Ecologist Party;;;;;;;;;;;;x;;;;;;;;;;;;;;;;;;;;;;;;
UU1600_GRE_corporatism;Корпоративистская партия;Corporatist Party;;;;;;;;;;;;x;;;;;;;;;;;;;;;;;;;;;;;;
UU1600_GRE_cyber_autonomism;Партия киберавтономистов;Cyber-Autonomist Party;;;;;;;;;;;;x;;;;;;;;;;;;;;;;;;;;;;;;
UU1600_GRL_syndicalism;Союз промысловых общин инуитов Гренландии;Syndicate of the Greenland Inuit Communities;;;;;;;;;;;;x;;;;;;;;;;;;;;;;;;;;;;;;
UU1600_GRL_militarism;Стража инуитов Гренландии;Guard of the Greenland Inuit;;;;;;;;;;;;x;;;;;;;;;;;;;;;;;;;;;;;;
UU1600_GRL_ecologism;Хранители земли и рек инуитов Гренландии;Keepers of the Greenland Inuit Lands and Rivers;;;;;;;;;;;;x;;;;;;;;;;;;;;;;;;;;;;;;
UU1600_GRL_corporatism;Собрание ремесленных братств инуитов Гренландии;Assembly of the Greenland Inuit Craft Guilds;;;;;;;;;;;;x;;;;;;;;;;;;;;;;;;;;;;;;
UU1600_GRL_cyber_autonomism;Лига самоуправляемых общин инуитов Гренландии;League of Self-Governing Greenland Inuit Communities;;;;;;;;;;;;x;;;;;;;;;;;;;;;;;;;;;;;;
UU1600_GNG_syndicalism;Синдикалистская партия;Syndicalist Party;;;;;;;;;;;;x;;;;;;;;;;;;;;;;;;;;;;;;
UU1600_GNG_militarism;Партия милитаристов;Militarist Party;;;;;;;;;;;;x;;;;;;;;;;;;;;;;;;;;;;;;
UU1600_GNG_ecologism;Экологическая партия;Ecologist Party;;;;;;;;;;;;x;;;;;;;;;;;;;;;;;;;;;;;;
UU1600_GNG_corporatism;Корпоративистская партия;Corporatist Party;;;;;;;;;;;;x;;;;;;;;;;;;;;;;;;;;;;;;
UU1600_GNG_cyber_autonomism;Партия киберавтономистов;Cyber-Autonomist Party;;;;;;;;;;;;x;;;;;;;;;;;;;;;;;;;;;;;;
UU1600_GXI_syndicalism;Синдикалистская партия;Syndicalist Party;;;;;;;;;;;;x;;;;;;;;;;;;;;;;;;;;;;;;
UU1600_GXI_militarism;Партия милитаристов;Militarist Party;;;;;;;;;;;;x;;;;;;;;;;;;;;;;;;;;;;;;
UU1600_GXI_ecologism;Экологическая партия;Ecologist Party;;;;;;;;;;;;x;;;;;;;;;;;;;;;;;;;;;;;;
UU1600_GXI_corporatism;Корпоративистская партия;Corporatist Party;;;;;;;;;;;;x;;;;;;;;;;;;;;;;;;;;;;;;
UU1600_GXI_cyber_autonomism;Партия киберавтономистов;Cyber-Autonomist Party;;;;;;;;;;;;x;;;;;;;;;;;;;;;;;;;;;;;;
UU1600_GUA_syndicalism;Синдикалистская партия;Syndicalist Party;;;;;;;;;;;;x;;;;;;;;;;;;;;;;;;;;;;;;
UU1600_GUA_militarism;Партия милитаристов;Militarist Party;;;;;;;;;;;;x;;;;;;;;;;;;;;;;;;;;;;;;
UU1600_GUA_ecologism;Экологическая партия;Ecologist Party;;;;;;;;;;;;x;;;;;;;;;;;;;;;;;;;;;;;;
UU1600_GUA_corporatism;Корпоративистская партия;Corporatist Party;;;;;;;;;;;;x;;;;;;;;;;;;;;;;;;;;;;;;
UU1600_GUA_cyber_autonomism;Партия киберавтономистов;Cyber-Autonomist Party;;;;;;;;;;;;x;;;;;;;;;;;;;;;;;;;;;;;;
UU1600_GUI_syndicalism;Синдикалистская партия;Syndicalist Party;;;;;;;;;;;;x;;;;;;;;;;;;;;;;;;;;;;;;
UU1600_GUI_militarism;Партия милитаристов;Militarist Party;;;;;;;;;;;;x;;;;;;;;;;;;;;;;;;;;;;;;
UU1600_GUI_ecologism;Экологическая партия;Ecologist Party;;;;;;;;;;;;x;;;;;;;;;;;;;;;;;;;;;;;;
UU1600_GUI_corporatism;Корпоративистская партия;Corporatist Party;;;;;;;;;;;;x;;;;;;;;;;;;;;;;;;;;;;;;
UU1600_GUI_cyber_autonomism;Партия киберавтономистов;Cyber-Autonomist Party;;;;;;;;;;;;x;;;;;;;;;;;;;;;;;;;;;;;;
UU1600_GUB_syndicalism;Синдикалистская партия;Syndicalist Party;;;;;;;;;;;;x;;;;;;;;;;;;;;;;;;;;;;;;
UU1600_GUB_militarism;Партия милитаристов;Militarist Party;;;;;;;;;;;;x;;;;;;;;;;;;;;;;;;;;;;;;
UU1600_GUB_ecologism;Экологическая партия;Ecologist Party;;;;;;;;;;;;x;;;;;;;;;;;;;;;;;;;;;;;;
UU1600_GUB_corporatism;Корпоративистская партия;Corporatist Party;;;;;;;;;;;;x;;;;;;;;;;;;;;;;;;;;;;;;
UU1600_GUB_cyber_autonomism;Партия киберавтономистов;Cyber-Autonomist Party;;;;;;;;;;;;x;;;;;;;;;;;;;;;;;;;;;;;;
UU1600_GUY_syndicalism;Синдикалистская партия;Syndicalist Party;;;;;;;;;;;;x;;;;;;;;;;;;;;;;;;;;;;;;
UU1600_GUY_militarism;Партия милитаристов;Militarist Party;;;;;;;;;;;;x;;;;;;;;;;;;;;;;;;;;;;;;
UU1600_GUY_ecologism;Экологическая партия;Ecologist Party;;;;;;;;;;;;x;;;;;;;;;;;;;;;;;;;;;;;;
UU1600_GUY_corporatism;Корпоративистская партия;Corporatist Party;;;;;;;;;;;;x;;;;;;;;;;;;;;;;;;;;;;;;
UU1600_GUY_cyber_autonomism;Партия киберавтономистов;Cyber-Autonomist Party;;;;;;;;;;;;x;;;;;;;;;;;;;;;;;;;;;;;;
UU1600_GWA_syndicalism;Синдикалистская партия;Syndicalist Party;;;;;;;;;;;;x;;;;;;;;;;;;;;;;;;;;;;;;
UU1600_GWA_militarism;Партия милитаристов;Militarist Party;;;;;;;;;;;;x;;;;;;;;;;;;;;;;;;;;;;;;
UU1600_GWA_ecologism;Экологическая партия;Ecologist Party;;;;;;;;;;;;x;;;;;;;;;;;;;;;;;;;;;;;;
UU1600_GWA_corporatism;Корпоративистская партия;Corporatist Party;;;;;;;;;;;;x;;;;;;;;;;;;;;;;;;;;;;;;
UU1600_GWA_cyber_autonomism;Партия киберавтономистов;Cyber-Autonomist Party;;;;;;;;;;;;x;;;;;;;;;;;;;;;;;;;;;;;;
UU1600_HAI_syndicalism;Синдикалистская партия;Syndicalist Party;;;;;;;;;;;;x;;;;;;;;;;;;;;;;;;;;;;;;
UU1600_HAI_militarism;Партия милитаристов;Militarist Party;;;;;;;;;;;;x;;;;;;;;;;;;;;;;;;;;;;;;
UU1600_HAI_ecologism;Экологическая партия;Ecologist Party;;;;;;;;;;;;x;;;;;;;;;;;;;;;;;;;;;;;;
UU1600_HAI_corporatism;Корпоративистская партия;Corporatist Party;;;;;;;;;;;;x;;;;;;;;;;;;;;;;;;;;;;;;
UU1600_HAI_cyber_autonomism;Партия киберавтономистов;Cyber-Autonomist Party;;;;;;;;;;;;x;;;;;;;;;;;;;;;;;;;;;;;;
UU1600_HAM_syndicalism;Синдикалистская партия;Syndicalist Party;;;;;;;;;;;;x;;;;;;;;;;;;;;;;;;;;;;;;
UU1600_HAM_militarism;Партия милитаристов;Militarist Party;;;;;;;;;;;;x;;;;;;;;;;;;;;;;;;;;;;;;
UU1600_HAM_ecologism;Экологическая партия;Ecologist Party;;;;;;;;;;;;x;;;;;;;;;;;;;;;;;;;;;;;;
UU1600_HAM_corporatism;Корпоративистская партия;Corporatist Party;;;;;;;;;;;;x;;;;;;;;;;;;;;;;;;;;;;;;
UU1600_HAM_cyber_autonomism;Партия киберавтономистов;Cyber-Autonomist Party;;;;;;;;;;;;x;;;;;;;;;;;;;;;;;;;;;;;;
UU1600_HAN_syndicalism;Синдикалистская партия;Syndicalist Party;;;;;;;;;;;;x;;;;;;;;;;;;;;;;;;;;;;;;
UU1600_HAN_militarism;Партия милитаристов;Militarist Party;;;;;;;;;;;;x;;;;;;;;;;;;;;;;;;;;;;;;
UU1600_HAN_ecologism;Экологическая партия;Ecologist Party;;;;;;;;;;;;x;;;;;;;;;;;;;;;;;;;;;;;;
UU1600_HAN_corporatism;Корпоративистская партия;Corporatist Party;;;;;;;;;;;;x;;;;;;;;;;;;;;;;;;;;;;;;
UU1600_HAN_cyber_autonomism;Партия киберавтономистов;Cyber-Autonomist Party;;;;;;;;;;;;x;;;;;;;;;;;;;;;;;;;;;;;;
UU1600_HAW_syndicalism;Синдикалистская партия;Syndicalist Party;;;;;;;;;;;;x;;;;;;;;;;;;;;;;;;;;;;;;
UU1600_HAW_militarism;Партия милитаристов;Militarist Party;;;;;;;;;;;;x;;;;;;;;;;;;;;;;;;;;;;;;
UU1600_HAW_ecologism;Экологическая партия;Ecologist Party;;;;;;;;;;;;x;;;;;;;;;;;;;;;;;;;;;;;;
UU1600_HAW_corporatism;Корпоративистская партия;Corporatist Party;;;;;;;;;;;;x;;;;;;;;;;;;;;;;;;;;;;;;
UU1600_HAW_cyber_autonomism;Партия киберавтономистов;Cyber-Autonomist Party;;;;;;;;;;;;x;;;;;;;;;;;;;;;;;;;;;;;;
UU1600_HDJ_syndicalism;Синдикалистская партия;Syndicalist Party;;;;;;;;;;;;x;;;;;;;;;;;;;;;;;;;;;;;;
UU1600_HDJ_militarism;Партия милитаристов;Militarist Party;;;;;;;;;;;;x;;;;;;;;;;;;;;;;;;;;;;;;
UU1600_HDJ_ecologism;Экологическая партия;Ecologist Party;;;;;;;;;;;;x;;;;;;;;;;;;;;;;;;;;;;;;
UU1600_HDJ_corporatism;Корпоративистская партия;Corporatist Party;;;;;;;;;;;;x;;;;;;;;;;;;;;;;;;;;;;;;
UU1600_HDJ_cyber_autonomism;Партия киберавтономистов;Cyber-Autonomist Party;;;;;;;;;;;;x;;;;;;;;;;;;;;;;;;;;;;;;
UU1600_HBR_syndicalism;Синдикалистская партия;Syndicalist Party;;;;;;;;;;;;x;;;;;;;;;;;;;;;;;;;;;;;;
UU1600_HBR_militarism;Партия милитаристов;Militarist Party;;;;;;;;;;;;x;;;;;;;;;;;;;;;;;;;;;;;;
UU1600_HBR_ecologism;Экологическая партия;Ecologist Party;;;;;;;;;;;;x;;;;;;;;;;;;;;;;;;;;;;;;
UU1600_HBR_corporatism;Корпоративистская партия;Corporatist Party;;;;;;;;;;;;x;;;;;;;;;;;;;;;;;;;;;;;;
UU1600_HBR_cyber_autonomism;Партия киберавтономистов;Cyber-Autonomist Party;;;;;;;;;;;;x;;;;;;;;;;;;;;;;;;;;;;;;
UU1600_HNB_syndicalism;Синдикалистская партия;Syndicalist Party;;;;;;;;;;;;x;;;;;;;;;;;;;;;;;;;;;;;;
UU1600_HNB_militarism;Партия милитаристов;Militarist Party;;;;;;;;;;;;x;;;;;;;;;;;;;;;;;;;;;;;;
UU1600_HNB_ecologism;Экологическая партия;Ecologist Party;;;;;;;;;;;;x;;;;;;;;;;;;;;;;;;;;;;;;
UU1600_HNB_corporatism;Корпоративистская партия;Corporatist Party;;;;;;;;;;;;x;;;;;;;;;;;;;;;;;;;;;;;;
UU1600_HNB_cyber_autonomism;Партия киберавтономистов;Cyber-Autonomist Party;;;;;;;;;;;;x;;;;;;;;;;;;;;;;;;;;;;;;
UU1600_HES_syndicalism;Синдикалистская партия;Syndicalist Party;;;;;;;;;;;;x;;;;;;;;;;;;;;;;;;;;;;;;
UU1600_HES_militarism;Партия милитаристов;Militarist Party;;;;;;;;;;;;x;;;;;;;;;;;;;;;;;;;;;;;;
UU1600_HES_ecologism;Экологическая партия;Ecologist Party;;;;;;;;;;;;x;;;;;;;;;;;;;;;;;;;;;;;;
UU1600_HES_corporatism;Корпоративистская партия;Corporatist Party;;;;;;;;;;;;x;;;;;;;;;;;;;;;;;;;;;;;;
UU1600_HES_cyber_autonomism;Партия киберавтономистов;Cyber-Autonomist Party;;;;;;;;;;;;x;;;;;;;;;;;;;;;;;;;;;;;;
UU1600_HEK_syndicalism;Синдикалистская партия;Syndicalist Party;;;;;;;;;;;;x;;;;;;;;;;;;;;;;;;;;;;;;
UU1600_HEK_militarism;Партия милитаристов;Militarist Party;;;;;;;;;;;;x;;;;;;;;;;;;;;;;;;;;;;;;
UU1600_HEK_ecologism;Экологическая партия;Ecologist Party;;;;;;;;;;;;x;;;;;;;;;;;;;;;;;;;;;;;;
UU1600_HEK_corporatism;Корпоративистская партия;Corporatist Party;;;;;;;;;;;;x;;;;;;;;;;;;;;;;;;;;;;;;
UU1600_HEK_cyber_autonomism;Партия киберавтономистов;Cyber-Autonomist Party;;;;;;;;;;;;x;;;;;;;;;;;;;;;;;;;;;;;;
UU1600_SGM_syndicalism;Синдикалистская партия;Syndicalist Party;;;;;;;;;;;;x;;;;;;;;;;;;;;;;;;;;;;;;
UU1600_SGM_militarism;Партия милитаристов;Militarist Party;;;;;;;;;;;;x;;;;;;;;;;;;;;;;;;;;;;;;
UU1600_SGM_ecologism;Экологическая партия;Ecologist Party;;;;;;;;;;;;x;;;;;;;;;;;;;;;;;;;;;;;;
UU1600_SGM_corporatism;Корпоративистская партия;Corporatist Party;;;;;;;;;;;;x;;;;;;;;;;;;;;;;;;;;;;;;
UU1600_SGM_cyber_autonomism;Партия киберавтономистов;Cyber-Autonomist Party;;;;;;;;;;;;x;;;;;;;;;;;;;;;;;;;;;;;;
UU1600_HOL_syndicalism;Синдикалистская партия;Syndicalist Party;;;;;;;;;;;;x;;;;;;;;;;;;;;;;;;;;;;;;
UU1600_HOL_militarism;Партия милитаристов;Militarist Party;;;;;;;;;;;;x;;;;;;;;;;;;;;;;;;;;;;;;
UU1600_HOL_ecologism;Экологическая партия;Ecologist Party;;;;;;;;;;;;x;;;;;;;;;;;;;;;;;;;;;;;;
UU1600_HOL_corporatism;Корпоративистская партия;Corporatist Party;;;;;;;;;;;;x;;;;;;;;;;;;;;;;;;;;;;;;
UU1600_HOL_cyber_autonomism;Партия киберавтономистов;Cyber-Autonomist Party;;;;;;;;;;;;x;;;;;;;;;;;;;;;;;;;;;;;;
UU1600_REH_syndicalism;Синдикалистская партия;Syndicalist Party;;;;;;;;;;;;x;;;;;;;;;;;;;;;;;;;;;;;;
UU1600_REH_militarism;Партия милитаристов;Militarist Party;;;;;;;;;;;;x;;;;;;;;;;;;;;;;;;;;;;;;
UU1600_REH_ecologism;Экологическая партия;Ecologist Party;;;;;;;;;;;;x;;;;;;;;;;;;;;;;;;;;;;;;
UU1600_REH_corporatism;Корпоративистская партия;Corporatist Party;;;;;;;;;;;;x;;;;;;;;;;;;;;;;;;;;;;;;
UU1600_REH_cyber_autonomism;Партия киберавтономистов;Cyber-Autonomist Party;;;;;;;;;;;;x;;;;;;;;;;;;;;;;;;;;;;;;
UU1600_HON_syndicalism;Синдикалистская партия;Syndicalist Party;;;;;;;;;;;;x;;;;;;;;;;;;;;;;;;;;;;;;
UU1600_HON_militarism;Партия милитаристов;Militarist Party;;;;;;;;;;;;x;;;;;;;;;;;;;;;;;;;;;;;;
UU1600_HON_ecologism;Экологическая партия;Ecologist Party;;;;;;;;;;;;x;;;;;;;;;;;;;;;;;;;;;;;;
UU1600_HON_corporatism;Корпоративистская партия;Corporatist Party;;;;;;;;;;;;x;;;;;;;;;;;;;;;;;;;;;;;;
UU1600_HON_cyber_autonomism;Партия киберавтономистов;Cyber-Autonomist Party;;;;;;;;;;;;x;;;;;;;;;;;;;;;;;;;;;;;;
UU1600_HNN_syndicalism;Синдикалистская партия;Syndicalist Party;;;;;;;;;;;;x;;;;;;;;;;;;;;;;;;;;;;;;
UU1600_HNN_militarism;Партия милитаристов;Militarist Party;;;;;;;;;;;;x;;;;;;;;;;;;;;;;;;;;;;;;
UU1600_HNN_ecologism;Экологическая партия;Ecologist Party;;;;;;;;;;;;x;;;;;;;;;;;;;;;;;;;;;;;;
UU1600_HNN_corporatism;Корпоративистская партия;Corporatist Party;;;;;;;;;;;;x;;;;;;;;;;;;;;;;;;;;;;;;
UU1600_HNN_cyber_autonomism;Партия киберавтономистов;Cyber-Autonomist Party;;;;;;;;;;;;x;;;;;;;;;;;;;;;;;;;;;;;;
UU1600_HUN_syndicalism;Синдикалистская партия;Syndicalist Party;;;;;;;;;;;;x;;;;;;;;;;;;;;;;;;;;;;;;
UU1600_HUN_militarism;Партия милитаристов;Militarist Party;;;;;;;;;;;;x;;;;;;;;;;;;;;;;;;;;;;;;
UU1600_HUN_ecologism;Экологическая партия;Ecologist Party;;;;;;;;;;;;x;;;;;;;;;;;;;;;;;;;;;;;;
UU1600_HUN_corporatism;Корпоративистская партия;Corporatist Party;;;;;;;;;;;;x;;;;;;;;;;;;;;;;;;;;;;;;
UU1600_HUN_cyber_autonomism;Партия киберавтономистов;Cyber-Autonomist Party;;;;;;;;;;;;x;;;;;;;;;;;;;;;;;;;;;;;;
UU1600_WYA_syndicalism;Союз промысловых общин гуронов;Syndicate of the Huron-Wendat Communities;;;;;;;;;;;;x;;;;;;;;;;;;;;;;;;;;;;;;
UU1600_WYA_militarism;Стража гуронов;Guard of the Huron-Wendat;;;;;;;;;;;;x;;;;;;;;;;;;;;;;;;;;;;;;
UU1600_WYA_ecologism;Хранители земли и рек гуронов;Keepers of the Huron-Wendat Lands and Rivers;;;;;;;;;;;;x;;;;;;;;;;;;;;;;;;;;;;;;
UU1600_WYA_corporatism;Собрание ремесленных братств гуронов;Assembly of the Huron-Wendat Craft Guilds;;;;;;;;;;;;x;;;;;;;;;;;;;;;;;;;;;;;;
UU1600_WYA_cyber_autonomism;Лига самоуправляемых общин гуронов;League of Self-Governing Huron-Wendat Communities;;;;;;;;;;;;x;;;;;;;;;;;;;;;;;;;;;;;;
UU1600_HYD_syndicalism;Синдикалистская партия;Syndicalist Party;;;;;;;;;;;;x;;;;;;;;;;;;;;;;;;;;;;;;
UU1600_HYD_militarism;Партия милитаристов;Militarist Party;;;;;;;;;;;;x;;;;;;;;;;;;;;;;;;;;;;;;
UU1600_HYD_ecologism;Экологическая партия;Ecologist Party;;;;;;;;;;;;x;;;;;;;;;;;;;;;;;;;;;;;;
UU1600_HYD_corporatism;Корпоративистская партия;Corporatist Party;;;;;;;;;;;;x;;;;;;;;;;;;;;;;;;;;;;;;
UU1600_HYD_cyber_autonomism;Партия киберавтономистов;Cyber-Autonomist Party;;;;;;;;;;;;x;;;;;;;;;;;;;;;;;;;;;;;;
UU1600_IBU_syndicalism;Синдикалистская партия;Syndicalist Party;;;;;;;;;;;;x;;;;;;;;;;;;;;;;;;;;;;;;
UU1600_IBU_militarism;Партия милитаристов;Militarist Party;;;;;;;;;;;;x;;;;;;;;;;;;;;;;;;;;;;;;
UU1600_IBU_ecologism;Экологическая партия;Ecologist Party;;;;;;;;;;;;x;;;;;;;;;;;;;;;;;;;;;;;;
UU1600_IBU_corporatism;Корпоративистская партия;Corporatist Party;;;;;;;;;;;;x;;;;;;;;;;;;;;;;;;;;;;;;
UU1600_IBU_cyber_autonomism;Партия киберавтономистов;Cyber-Autonomist Party;;;;;;;;;;;;x;;;;;;;;;;;;;;;;;;;;;;;;
UU1600_ICL_syndicalism;Синдикалистская партия;Syndicalist Party;;;;;;;;;;;;x;;;;;;;;;;;;;;;;;;;;;;;;
UU1600_ICL_militarism;Партия милитаристов;Militarist Party;;;;;;;;;;;;x;;;;;;;;;;;;;;;;;;;;;;;;
UU1600_ICL_ecologism;Экологическая партия;Ecologist Party;;;;;;;;;;;;x;;;;;;;;;;;;;;;;;;;;;;;;
UU1600_ICL_corporatism;Корпоративистская партия;Corporatist Party;;;;;;;;;;;;x;;;;;;;;;;;;;;;;;;;;;;;;
UU1600_ICL_cyber_autonomism;Партия киберавтономистов;Cyber-Autonomist Party;;;;;;;;;;;;x;;;;;;;;;;;;;;;;;;;;;;;;
UU1600_INC_syndicalism;Союз промысловых общин инков;Syndicate of the Inca Communities;;;;;;;;;;;;x;;;;;;;;;;;;;;;;;;;;;;;;
UU1600_INC_militarism;Стража инков;Guard of the Inca;;;;;;;;;;;;x;;;;;;;;;;;;;;;;;;;;;;;;
UU1600_INC_ecologism;Хранители земли и рек инков;Keepers of the Inca Lands and Rivers;;;;;;;;;;;;x;;;;;;;;;;;;;;;;;;;;;;;;
UU1600_INC_corporatism;Собрание ремесленных братств инков;Assembly of the Inca Craft Guilds;;;;;;;;;;;;x;;;;;;;;;;;;;;;;;;;;;;;;
UU1600_INC_cyber_autonomism;Лига самоуправляемых общин инков;League of Self-Governing Inca Communities;;;;;;;;;;;;x;;;;;;;;;;;;;;;;;;;;;;;;
UU1600_HND_syndicalism;Синдикалистская партия;Syndicalist Party;;;;;;;;;;;;x;;;;;;;;;;;;;;;;;;;;;;;;
UU1600_HND_militarism;Партия милитаристов;Militarist Party;;;;;;;;;;;;x;;;;;;;;;;;;;;;;;;;;;;;;
UU1600_HND_ecologism;Экологическая партия;Ecologist Party;;;;;;;;;;;;x;;;;;;;;;;;;;;;;;;;;;;;;
UU1600_HND_corporatism;Корпоративистская партия;Corporatist Party;;;;;;;;;;;;x;;;;;;;;;;;;;;;;;;;;;;;;
UU1600_HND_cyber_autonomism;Партия киберавтономистов;Cyber-Autonomist Party;;;;;;;;;;;;x;;;;;;;;;;;;;;;;;;;;;;;;
UU1600_IDO_syndicalism;Синдикалистская партия;Syndicalist Party;;;;;;;;;;;;x;;;;;;;;;;;;;;;;;;;;;;;;
UU1600_IDO_militarism;Партия милитаристов;Militarist Party;;;;;;;;;;;;x;;;;;;;;;;;;;;;;;;;;;;;;
UU1600_IDO_ecologism;Экологическая партия;Ecologist Party;;;;;;;;;;;;x;;;;;;;;;;;;;;;;;;;;;;;;
UU1600_IDO_corporatism;Корпоративистская партия;Corporatist Party;;;;;;;;;;;;x;;;;;;;;;;;;;;;;;;;;;;;;
UU1600_IDO_cyber_autonomism;Партия киберавтономистов;Cyber-Autonomist Party;;;;;;;;;;;;x;;;;;;;;;;;;;;;;;;;;;;;;
UU1600_IND_syndicalism;Синдикалистская партия;Syndicalist Party;;;;;;;;;;;;x;;;;;;;;;;;;;;;;;;;;;;;;
UU1600_IND_militarism;Партия милитаристов;Militarist Party;;;;;;;;;;;;x;;;;;;;;;;;;;;;;;;;;;;;;
UU1600_IND_ecologism;Экологическая партия;Ecologist Party;;;;;;;;;;;;x;;;;;;;;;;;;;;;;;;;;;;;;
UU1600_IND_corporatism;Корпоративистская партия;Corporatist Party;;;;;;;;;;;;x;;;;;;;;;;;;;;;;;;;;;;;;
UU1600_IND_cyber_autonomism;Партия киберавтономистов;Cyber-Autonomist Party;;;;;;;;;;;;x;;;;;;;;;;;;;;;;;;;;;;;;
UU1600_ION_syndicalism;Синдикалистская партия;Syndicalist Party;;;;;;;;;;;;x;;;;;;;;;;;;;;;;;;;;;;;;
UU1600_ION_militarism;Партия милитаристов;Militarist Party;;;;;;;;;;;;x;;;;;;;;;;;;;;;;;;;;;;;;
UU1600_ION_ecologism;Экологическая партия;Ecologist Party;;;;;;;;;;;;x;;;;;;;;;;;;;;;;;;;;;;;;
UU1600_ION_corporatism;Корпоративистская партия;Corporatist Party;;;;;;;;;;;;x;;;;;;;;;;;;;;;;;;;;;;;;
UU1600_ION_cyber_autonomism;Партия киберавтономистов;Cyber-Autonomist Party;;;;;;;;;;;;x;;;;;;;;;;;;;;;;;;;;;;;;
UU1600_IRQ_syndicalism;Синдикалистская партия;Syndicalist Party;;;;;;;;;;;;x;;;;;;;;;;;;;;;;;;;;;;;;
UU1600_IRQ_militarism;Партия милитаристов;Militarist Party;;;;;;;;;;;;x;;;;;;;;;;;;;;;;;;;;;;;;
UU1600_IRQ_ecologism;Экологическая партия;Ecologist Party;;;;;;;;;;;;x;;;;;;;;;;;;;;;;;;;;;;;;
UU1600_IRQ_corporatism;Корпоративистская партия;Corporatist Party;;;;;;;;;;;;x;;;;;;;;;;;;;;;;;;;;;;;;
UU1600_IRQ_cyber_autonomism;Партия киберавтономистов;Cyber-Autonomist Party;;;;;;;;;;;;x;;;;;;;;;;;;;;;;;;;;;;;;
UU1600_IRE_syndicalism;Синдикалистская партия;Syndicalist Party;;;;;;;;;;;;x;;;;;;;;;;;;;;;;;;;;;;;;
UU1600_IRE_militarism;Партия милитаристов;Militarist Party;;;;;;;;;;;;x;;;;;;;;;;;;;;;;;;;;;;;;
UU1600_IRE_ecologism;Экологическая партия;Ecologist Party;;;;;;;;;;;;x;;;;;;;;;;;;;;;;;;;;;;;;
UU1600_IRE_corporatism;Корпоративистская партия;Corporatist Party;;;;;;;;;;;;x;;;;;;;;;;;;;;;;;;;;;;;;
UU1600_IRE_cyber_autonomism;Партия киберавтономистов;Cyber-Autonomist Party;;;;;;;;;;;;x;;;;;;;;;;;;;;;;;;;;;;;;
UU1600_IRO_syndicalism;Союз промысловых общин ирокезов;Syndicate of the Haudenosaunee Communities;;;;;;;;;;;;x;;;;;;;;;;;;;;;;;;;;;;;;
UU1600_IRO_militarism;Стража ирокезов;Guard of the Haudenosaunee;;;;;;;;;;;;x;;;;;;;;;;;;;;;;;;;;;;;;
UU1600_IRO_ecologism;Хранители земли и рек ирокезов;Keepers of the Haudenosaunee Lands and Rivers;;;;;;;;;;;;x;;;;;;;;;;;;;;;;;;;;;;;;
UU1600_IRO_corporatism;Собрание ремесленных братств ирокезов;Assembly of the Haudenosaunee Craft Guilds;;;;;;;;;;;;x;;;;;;;;;;;;;;;;;;;;;;;;
UU1600_IRO_cyber_autonomism;Лига самоуправляемых общин ирокезов;League of Self-Governing Haudenosaunee Communities;;;;;;;;;;;;x;;;;;;;;;;;;;;;;;;;;;;;;
UU1600_ISR_syndicalism;Синдикалистская партия;Syndicalist Party;;;;;;;;;;;;x;;;;;;;;;;;;;;;;;;;;;;;;
UU1600_ISR_militarism;Партия милитаристов;Militarist Party;;;;;;;;;;;;x;;;;;;;;;;;;;;;;;;;;;;;;
UU1600_ISR_ecologism;Экологическая партия;Ecologist Party;;;;;;;;;;;;x;;;;;;;;;;;;;;;;;;;;;;;;
UU1600_ISR_corporatism;Корпоративистская партия;Corporatist Party;;;;;;;;;;;;x;;;;;;;;;;;;;;;;;;;;;;;;
UU1600_ISR_cyber_autonomism;Партия киберавтономистов;Cyber-Autonomist Party;;;;;;;;;;;;x;;;;;;;;;;;;;;;;;;;;;;;;
UU1600_ITA_syndicalism;Синдикалистская партия;Syndicalist Party;;;;;;;;;;;;x;;;;;;;;;;;;;;;;;;;;;;;;
UU1600_ITA_militarism;Партия милитаристов;Militarist Party;;;;;;;;;;;;x;;;;;;;;;;;;;;;;;;;;;;;;
UU1600_ITA_ecologism;Экологическая партия;Ecologist Party;;;;;;;;;;;;x;;;;;;;;;;;;;;;;;;;;;;;;
UU1600_ITA_corporatism;Корпоративистская партия;Corporatist Party;;;;;;;;;;;;x;;;;;;;;;;;;;;;;;;;;;;;;
UU1600_ITA_cyber_autonomism;Партия киберавтономистов;Cyber-Autonomist Party;;;;;;;;;;;;x;;;;;;;;;;;;;;;;;;;;;;;;
UU1600_CTD_syndicalism;Синдикалистская партия;Syndicalist Party;;;;;;;;;;;;x;;;;;;;;;;;;;;;;;;;;;;;;
UU1600_CTD_militarism;Партия милитаристов;Militarist Party;;;;;;;;;;;;x;;;;;;;;;;;;;;;;;;;;;;;;
UU1600_CTD_ecologism;Экологическая партия;Ecologist Party;;;;;;;;;;;;x;;;;;;;;;;;;;;;;;;;;;;;;
UU1600_CTD_corporatism;Корпоративистская партия;Corporatist Party;;;;;;;;;;;;x;;;;;;;;;;;;;;;;;;;;;;;;
UU1600_CTD_cyber_autonomism;Партия киберавтономистов;Cyber-Autonomist Party;;;;;;;;;;;;x;;;;;;;;;;;;;;;;;;;;;;;;
UU1600_JAI_syndicalism;Синдикалистская партия;Syndicalist Party;;;;;;;;;;;;x;;;;;;;;;;;;;;;;;;;;;;;;
UU1600_JAI_militarism;Партия милитаристов;Militarist Party;;;;;;;;;;;;x;;;;;;;;;;;;;;;;;;;;;;;;
UU1600_JAI_ecologism;Экологическая партия;Ecologist Party;;;;;;;;;;;;x;;;;;;;;;;;;;;;;;;;;;;;;
UU1600_JAI_corporatism;Корпоративистская партия;Corporatist Party;;;;;;;;;;;;x;;;;;;;;;;;;;;;;;;;;;;;;
UU1600_JAI_cyber_autonomism;Партия киберавтономистов;Cyber-Autonomist Party;;;;;;;;;;;;x;;;;;;;;;;;;;;;;;;;;;;;;
UU1600_JAS_syndicalism;Синдикалистская партия;Syndicalist Party;;;;;;;;;;;;x;;;;;;;;;;;;;;;;;;;;;;;;
UU1600_JAS_militarism;Партия милитаристов;Militarist Party;;;;;;;;;;;;x;;;;;;;;;;;;;;;;;;;;;;;;
UU1600_JAS_ecologism;Экологическая партия;Ecologist Party;;;;;;;;;;;;x;;;;;;;;;;;;;;;;;;;;;;;;
UU1600_JAS_corporatism;Корпоративистская партия;Corporatist Party;;;;;;;;;;;;x;;;;;;;;;;;;;;;;;;;;;;;;
UU1600_JAS_cyber_autonomism;Партия киберавтономистов;Cyber-Autonomist Party;;;;;;;;;;;;x;;;;;;;;;;;;;;;;;;;;;;;;
UU1600_JAM_syndicalism;Синдикалистская партия;Syndicalist Party;;;;;;;;;;;;x;;;;;;;;;;;;;;;;;;;;;;;;
UU1600_JAM_militarism;Партия милитаристов;Militarist Party;;;;;;;;;;;;x;;;;;;;;;;;;;;;;;;;;;;;;
UU1600_JAM_ecologism;Экологическая партия;Ecologist Party;;;;;;;;;;;;x;;;;;;;;;;;;;;;;;;;;;;;;
UU1600_JAM_corporatism;Корпоративистская партия;Corporatist Party;;;;;;;;;;;;x;;;;;;;;;;;;;;;;;;;;;;;;
UU1600_JAM_cyber_autonomism;Партия киберавтономистов;Cyber-Autonomist Party;;;;;;;;;;;;x;;;;;;;;;;;;;;;;;;;;;;;;
UU1600_JAN_syndicalism;Синдикалистская партия;Syndicalist Party;;;;;;;;;;;;x;;;;;;;;;;;;;;;;;;;;;;;;
UU1600_JAN_militarism;Партия милитаристов;Militarist Party;;;;;;;;;;;;x;;;;;;;;;;;;;;;;;;;;;;;;
UU1600_JAN_ecologism;Экологическая партия;Ecologist Party;;;;;;;;;;;;x;;;;;;;;;;;;;;;;;;;;;;;;
UU1600_JAN_corporatism;Корпоративистская партия;Corporatist Party;;;;;;;;;;;;x;;;;;;;;;;;;;;;;;;;;;;;;
UU1600_JAN_cyber_autonomism;Партия киберавтономистов;Cyber-Autonomist Party;;;;;;;;;;;;x;;;;;;;;;;;;;;;;;;;;;;;;
UU1600_JAP_syndicalism;Синдикалистская партия;Syndicalist Party;;;;;;;;;;;;x;;;;;;;;;;;;;;;;;;;;;;;;
UU1600_JAP_militarism;Партия милитаристов;Militarist Party;;;;;;;;;;;;x;;;;;;;;;;;;;;;;;;;;;;;;
UU1600_JAP_ecologism;Экологическая партия;Ecologist Party;;;;;;;;;;;;x;;;;;;;;;;;;;;;;;;;;;;;;
UU1600_JAP_corporatism;Корпоративистская партия;Corporatist Party;;;;;;;;;;;;x;;;;;;;;;;;;;;;;;;;;;;;;
UU1600_JAP_cyber_autonomism;Партия киберавтономистов;Cyber-Autonomist Party;;;;;;;;;;;;x;;;;;;;;;;;;;;;;;;;;;;;;
UU1600_JAV_syndicalism;Синдикалистская партия;Syndicalist Party;;;;;;;;;;;;x;;;;;;;;;;;;;;;;;;;;;;;;
UU1600_JAV_militarism;Партия милитаристов;Militarist Party;;;;;;;;;;;;x;;;;;;;;;;;;;;;;;;;;;;;;
UU1600_JAV_ecologism;Экологическая партия;Ecologist Party;;;;;;;;;;;;x;;;;;;;;;;;;;;;;;;;;;;;;
UU1600_JAV_corporatism;Корпоративистская партия;Corporatist Party;;;;;;;;;;;;x;;;;;;;;;;;;;;;;;;;;;;;;
UU1600_JAV_cyber_autonomism;Партия киберавтономистов;Cyber-Autonomist Party;;;;;;;;;;;;x;;;;;;;;;;;;;;;;;;;;;;;;
UU1600_MJZ_syndicalism;Синдикалистская партия;Syndicalist Party;;;;;;;;;;;;x;;;;;;;;;;;;;;;;;;;;;;;;
UU1600_MJZ_militarism;Партия милитаристов;Militarist Party;;;;;;;;;;;;x;;;;;;;;;;;;;;;;;;;;;;;;
UU1600_MJZ_ecologism;Экологическая партия;Ecologist Party;;;;;;;;;;;;x;;;;;;;;;;;;;;;;;;;;;;;;
UU1600_MJZ_corporatism;Корпоративистская партия;Corporatist Party;;;;;;;;;;;;x;;;;;;;;;;;;;;;;;;;;;;;;
UU1600_MJZ_cyber_autonomism;Партия киберавтономистов;Cyber-Autonomist Party;;;;;;;;;;;;x;;;;;;;;;;;;;;;;;;;;;;;;
UU1600_JOD_syndicalism;Синдикалистская партия;Syndicalist Party;;;;;;;;;;;;x;;;;;;;;;;;;;;;;;;;;;;;;
UU1600_JOD_militarism;Партия милитаристов;Militarist Party;;;;;;;;;;;;x;;;;;;;;;;;;;;;;;;;;;;;;
UU1600_JOD_ecologism;Экологическая партия;Ecologist Party;;;;;;;;;;;;x;;;;;;;;;;;;;;;;;;;;;;;;
UU1600_JOD_corporatism;Корпоративистская партия;Corporatist Party;;;;;;;;;;;;x;;;;;;;;;;;;;;;;;;;;;;;;
UU1600_JOD_cyber_autonomism;Партия киберавтономистов;Cyber-Autonomist Party;;;;;;;;;;;;x;;;;;;;;;;;;;;;;;;;;;;;;
UU1600_JOH_syndicalism;Синдикалистская партия;Syndicalist Party;;;;;;;;;;;;x;;;;;;;;;;;;;;;;;;;;;;;;
UU1600_JOH_militarism;Партия милитаристов;Militarist Party;;;;;;;;;;;;x;;;;;;;;;;;;;;;;;;;;;;;;
UU1600_JOH_ecologism;Экологическая партия;Ecologist Party;;;;;;;;;;;;x;;;;;;;;;;;;;;;;;;;;;;;;
UU1600_JOH_corporatism;Корпоративистская партия;Corporatist Party;;;;;;;;;;;;x;;;;;;;;;;;;;;;;;;;;;;;;
UU1600_JOH_cyber_autonomism;Партия киберавтономистов;Cyber-Autonomist Party;;;;;;;;;;;;x;;;;;;;;;;;;;;;;;;;;;;;;
UU1600_JOR_syndicalism;Синдикалистская партия;Syndicalist Party;;;;;;;;;;;;x;;;;;;;;;;;;;;;;;;;;;;;;
UU1600_JOR_militarism;Партия милитаристов;Militarist Party;;;;;;;;;;;;x;;;;;;;;;;;;;;;;;;;;;;;;
UU1600_JOR_ecologism;Экологическая партия;Ecologist Party;;;;;;;;;;;;x;;;;;;;;;;;;;;;;;;;;;;;;
UU1600_JOR_corporatism;Корпоративистская партия;Corporatist Party;;;;;;;;;;;;x;;;;;;;;;;;;;;;;;;;;;;;;
UU1600_JOR_cyber_autonomism;Партия киберавтономистов;Cyber-Autonomist Party;;;;;;;;;;;;x;;;;;;;;;;;;;;;;;;;;;;;;
UU1600_KAG_syndicalism;Синдикалистская партия;Syndicalist Party;;;;;;;;;;;;x;;;;;;;;;;;;;;;;;;;;;;;;
UU1600_KAG_militarism;Партия милитаристов;Militarist Party;;;;;;;;;;;;x;;;;;;;;;;;;;;;;;;;;;;;;
UU1600_KAG_ecologism;Экологическая партия;Ecologist Party;;;;;;;;;;;;x;;;;;;;;;;;;;;;;;;;;;;;;
UU1600_KAG_corporatism;Корпоративистская партия;Corporatist Party;;;;;;;;;;;;x;;;;;;;;;;;;;;;;;;;;;;;;
UU1600_KAG_cyber_autonomism;Партия киберавтономистов;Cyber-Autonomist Party;;;;;;;;;;;;x;;;;;;;;;;;;;;;;;;;;;;;;
UU1600_KAL_syndicalism;Синдикалистская партия;Syndicalist Party;;;;;;;;;;;;x;;;;;;;;;;;;;;;;;;;;;;;;
UU1600_KAL_militarism;Партия милитаристов;Militarist Party;;;;;;;;;;;;x;;;;;;;;;;;;;;;;;;;;;;;;
UU1600_KAL_ecologism;Экологическая партия;Ecologist Party;;;;;;;;;;;;x;;;;;;;;;;;;;;;;;;;;;;;;
UU1600_KAL_corporatism;Корпоративистская партия;Corporatist Party;;;;;;;;;;;;x;;;;;;;;;;;;;;;;;;;;;;;;
UU1600_KAL_cyber_autonomism;Партия киберавтономистов;Cyber-Autonomist Party;;;;;;;;;;;;x;;;;;;;;;;;;;;;;;;;;;;;;
UU1600_KAS_syndicalism;Синдикалистская партия;Syndicalist Party;;;;;;;;;;;;x;;;;;;;;;;;;;;;;;;;;;;;;
UU1600_KAS_militarism;Партия милитаристов;Militarist Party;;;;;;;;;;;;x;;;;;;;;;;;;;;;;;;;;;;;;
UU1600_KAS_ecologism;Экологическая партия;Ecologist Party;;;;;;;;;;;;x;;;;;;;;;;;;;;;;;;;;;;;;
UU1600_KAS_corporatism;Корпоративистская партия;Corporatist Party;;;;;;;;;;;;x;;;;;;;;;;;;;;;;;;;;;;;;
UU1600_KAS_cyber_autonomism;Партия киберавтономистов;Cyber-Autonomist Party;;;;;;;;;;;;x;;;;;;;;;;;;;;;;;;;;;;;;
UU1600_KAZ_syndicalism;Синдикалистская партия;Syndicalist Party;;;;;;;;;;;;x;;;;;;;;;;;;;;;;;;;;;;;;
UU1600_KAZ_militarism;Партия милитаристов;Militarist Party;;;;;;;;;;;;x;;;;;;;;;;;;;;;;;;;;;;;;
UU1600_KAZ_ecologism;Экологическая партия;Ecologist Party;;;;;;;;;;;;x;;;;;;;;;;;;;;;;;;;;;;;;
UU1600_KAZ_corporatism;Корпоративистская партия;Corporatist Party;;;;;;;;;;;;x;;;;;;;;;;;;;;;;;;;;;;;;
UU1600_KAZ_cyber_autonomism;Партия киберавтономистов;Cyber-Autonomist Party;;;;;;;;;;;;x;;;;;;;;;;;;;;;;;;;;;;;;
UU1600_KNA_syndicalism;Синдикалистская партия;Syndicalist Party;;;;;;;;;;;;x;;;;;;;;;;;;;;;;;;;;;;;;
UU1600_KNA_militarism;Партия милитаристов;Militarist Party;;;;;;;;;;;;x;;;;;;;;;;;;;;;;;;;;;;;;
UU1600_KNA_ecologism;Экологическая партия;Ecologist Party;;;;;;;;;;;;x;;;;;;;;;;;;;;;;;;;;;;;;
UU1600_KNA_corporatism;Корпоративистская партия;Corporatist Party;;;;;;;;;;;;x;;;;;;;;;;;;;;;;;;;;;;;;
UU1600_KNA_cyber_autonomism;Партия киберавтономистов;Cyber-Autonomist Party;;;;;;;;;;;;x;;;;;;;;;;;;;;;;;;;;;;;;
UU1600_KHI_syndicalism;Синдикалистская партия;Syndicalist Party;;;;;;;;;;;;x;;;;;;;;;;;;;;;;;;;;;;;;
UU1600_KHI_militarism;Партия милитаристов;Militarist Party;;;;;;;;;;;;x;;;;;;;;;;;;;;;;;;;;;;;;
UU1600_KHI_ecologism;Экологическая партия;Ecologist Party;;;;;;;;;;;;x;;;;;;;;;;;;;;;;;;;;;;;;
UU1600_KHI_corporatism;Корпоративистская партия;Corporatist Party;;;;;;;;;;;;x;;;;;;;;;;;;;;;;;;;;;;;;
UU1600_KHI_cyber_autonomism;Партия киберавтономистов;Cyber-Autonomist Party;;;;;;;;;;;;x;;;;;;;;;;;;;;;;;;;;;;;;
UU1600_KNI_syndicalism;Синдикалистская партия;Syndicalist Party;;;;;;;;;;;;x;;;;;;;;;;;;;;;;;;;;;;;;
UU1600_KNI_militarism;Партия милитаристов;Militarist Party;;;;;;;;;;;;x;;;;;;;;;;;;;;;;;;;;;;;;
UU1600_KNI_ecologism;Экологическая партия;Ecologist Party;;;;;;;;;;;;x;;;;;;;;;;;;;;;;;;;;;;;;
UU1600_KNI_corporatism;Корпоративистская партия;Corporatist Party;;;;;;;;;;;;x;;;;;;;;;;;;;;;;;;;;;;;;
UU1600_KNI_cyber_autonomism;Партия киберавтономистов;Cyber-Autonomist Party;;;;;;;;;;;;x;;;;;;;;;;;;;;;;;;;;;;;;
UU1600_KRB_syndicalism;Синдикалистская партия;Syndicalist Party;;;;;;;;;;;;x;;;;;;;;;;;;;;;;;;;;;;;;
UU1600_KRB_militarism;Партия милитаристов;Militarist Party;;;;;;;;;;;;x;;;;;;;;;;;;;;;;;;;;;;;;
UU1600_KRB_ecologism;Экологическая партия;Ecologist Party;;;;;;;;;;;;x;;;;;;;;;;;;;;;;;;;;;;;;
UU1600_KRB_corporatism;Корпоративистская партия;Corporatist Party;;;;;;;;;;;;x;;;;;;;;;;;;;;;;;;;;;;;;
UU1600_KRB_cyber_autonomism;Партия киберавтономистов;Cyber-Autonomist Party;;;;;;;;;;;;x;;;;;;;;;;;;;;;;;;;;;;;;
UU1600_KOK_syndicalism;Синдикалистская партия;Syndicalist Party;;;;;;;;;;;;x;;;;;;;;;;;;;;;;;;;;;;;;
UU1600_KOK_militarism;Партия милитаристов;Militarist Party;;;;;;;;;;;;x;;;;;;;;;;;;;;;;;;;;;;;;
UU1600_KOK_ecologism;Экологическая партия;Ecologist Party;;;;;;;;;;;;x;;;;;;;;;;;;;;;;;;;;;;;;
UU1600_KOK_corporatism;Корпоративистская партия;Corporatist Party;;;;;;;;;;;;x;;;;;;;;;;;;;;;;;;;;;;;;
UU1600_KOK_cyber_autonomism;Партия киберавтономистов;Cyber-Autonomist Party;;;;;;;;;;;;x;;;;;;;;;;;;;;;;;;;;;;;;
UU1600_KNG_syndicalism;Синдикалистская партия;Syndicalist Party;;;;;;;;;;;;x;;;;;;;;;;;;;;;;;;;;;;;;
UU1600_KNG_militarism;Партия милитаристов;Militarist Party;;;;;;;;;;;;x;;;;;;;;;;;;;;;;;;;;;;;;
UU1600_KNG_ecologism;Экологическая партия;Ecologist Party;;;;;;;;;;;;x;;;;;;;;;;;;;;;;;;;;;;;;
UU1600_KNG_corporatism;Корпоративистская партия;Corporatist Party;;;;;;;;;;;;x;;;;;;;;;;;;;;;;;;;;;;;;
UU1600_KNG_cyber_autonomism;Партия киберавтономистов;Cyber-Autonomist Party;;;;;;;;;;;;x;;;;;;;;;;;;;;;;;;;;;;;;
UU1600_KON_syndicalism;Синдикалистская партия;Syndicalist Party;;;;;;;;;;;;x;;;;;;;;;;;;;;;;;;;;;;;;
UU1600_KON_militarism;Партия милитаристов;Militarist Party;;;;;;;;;;;;x;;;;;;;;;;;;;;;;;;;;;;;;
UU1600_KON_ecologism;Экологическая партия;Ecologist Party;;;;;;;;;;;;x;;;;;;;;;;;;;;;;;;;;;;;;
UU1600_KON_corporatism;Корпоративистская партия;Corporatist Party;;;;;;;;;;;;x;;;;;;;;;;;;;;;;;;;;;;;;
UU1600_KON_cyber_autonomism;Партия киберавтономистов;Cyber-Autonomist Party;;;;;;;;;;;;x;;;;;;;;;;;;;;;;;;;;;;;;
UU1600_KOR_syndicalism;Синдикалистская партия;Syndicalist Party;;;;;;;;;;;;x;;;;;;;;;;;;;;;;;;;;;;;;
UU1600_KOR_militarism;Партия милитаристов;Militarist Party;;;;;;;;;;;;x;;;;;;;;;;;;;;;;;;;;;;;;
UU1600_KOR_ecologism;Экологическая партия;Ecologist Party;;;;;;;;;;;;x;;;;;;;;;;;;;;;;;;;;;;;;
UU1600_KOR_corporatism;Корпоративистская партия;Corporatist Party;;;;;;;;;;;;x;;;;;;;;;;;;;;;;;;;;;;;;
UU1600_KOR_cyber_autonomism;Партия киберавтономистов;Cyber-Autonomist Party;;;;;;;;;;;;x;;;;;;;;;;;;;;;;;;;;;;;;
UU1600_KOS_syndicalism;Синдикалистская партия;Syndicalist Party;;;;;;;;;;;;x;;;;;;;;;;;;;;;;;;;;;;;;
UU1600_KOS_militarism;Партия милитаристов;Militarist Party;;;;;;;;;;;;x;;;;;;;;;;;;;;;;;;;;;;;;
UU1600_KOS_ecologism;Экологическая партия;Ecologist Party;;;;;;;;;;;;x;;;;;;;;;;;;;;;;;;;;;;;;
UU1600_KOS_corporatism;Корпоративистская партия;Corporatist Party;;;;;;;;;;;;x;;;;;;;;;;;;;;;;;;;;;;;;
UU1600_KOS_cyber_autonomism;Партия киберавтономистов;Cyber-Autonomist Party;;;;;;;;;;;;x;;;;;;;;;;;;;;;;;;;;;;;;
UU1600_KRA_syndicalism;Синдикалистская партия;Syndicalist Party;;;;;;;;;;;;x;;;;;;;;;;;;;;;;;;;;;;;;
UU1600_KRA_militarism;Партия милитаристов;Militarist Party;;;;;;;;;;;;x;;;;;;;;;;;;;;;;;;;;;;;;
UU1600_KRA_ecologism;Экологическая партия;Ecologist Party;;;;;;;;;;;;x;;;;;;;;;;;;;;;;;;;;;;;;
UU1600_KRA_corporatism;Корпоративистская партия;Corporatist Party;;;;;;;;;;;;x;;;;;;;;;;;;;;;;;;;;;;;;
UU1600_KRA_cyber_autonomism;Партия киберавтономистов;Cyber-Autonomist Party;;;;;;;;;;;;x;;;;;;;;;;;;;;;;;;;;;;;;
UU1600_KKK_syndicalism;Синдикалистская партия;Syndicalist Party;;;;;;;;;;;;x;;;;;;;;;;;;;;;;;;;;;;;;
UU1600_KKK_militarism;Партия милитаристов;Militarist Party;;;;;;;;;;;;x;;;;;;;;;;;;;;;;;;;;;;;;
UU1600_KKK_ecologism;Экологическая партия;Ecologist Party;;;;;;;;;;;;x;;;;;;;;;;;;;;;;;;;;;;;;
UU1600_KKK_corporatism;Корпоративистская партия;Corporatist Party;;;;;;;;;;;;x;;;;;;;;;;;;;;;;;;;;;;;;
UU1600_KKK_cyber_autonomism;Партия киберавтономистов;Cyber-Autonomist Party;;;;;;;;;;;;x;;;;;;;;;;;;;;;;;;;;;;;;
UU1600_KUR_syndicalism;Синдикалистская партия;Syndicalist Party;;;;;;;;;;;;x;;;;;;;;;;;;;;;;;;;;;;;;
UU1600_KUR_militarism;Партия милитаристов;Militarist Party;;;;;;;;;;;;x;;;;;;;;;;;;;;;;;;;;;;;;
UU1600_KUR_ecologism;Экологическая партия;Ecologist Party;;;;;;;;;;;;x;;;;;;;;;;;;;;;;;;;;;;;;
UU1600_KUR_corporatism;Корпоративистская партия;Corporatist Party;;;;;;;;;;;;x;;;;;;;;;;;;;;;;;;;;;;;;
UU1600_KUR_cyber_autonomism;Партия киберавтономистов;Cyber-Autonomist Party;;;;;;;;;;;;x;;;;;;;;;;;;;;;;;;;;;;;;
UU1600_KTA_syndicalism;Синдикалистская партия;Syndicalist Party;;;;;;;;;;;;x;;;;;;;;;;;;;;;;;;;;;;;;
UU1600_KTA_militarism;Партия милитаристов;Militarist Party;;;;;;;;;;;;x;;;;;;;;;;;;;;;;;;;;;;;;
UU1600_KTA_ecologism;Экологическая партия;Ecologist Party;;;;;;;;;;;;x;;;;;;;;;;;;;;;;;;;;;;;;
UU1600_KTA_corporatism;Корпоративистская партия;Corporatist Party;;;;;;;;;;;;x;;;;;;;;;;;;;;;;;;;;;;;;
UU1600_KTA_cyber_autonomism;Партия киберавтономистов;Cyber-Autonomist Party;;;;;;;;;;;;x;;;;;;;;;;;;;;;;;;;;;;;;
UU1600_KUT_syndicalism;Синдикалистская партия;Syndicalist Party;;;;;;;;;;;;x;;;;;;;;;;;;;;;;;;;;;;;;
UU1600_KUT_militarism;Партия милитаристов;Militarist Party;;;;;;;;;;;;x;;;;;;;;;;;;;;;;;;;;;;;;
UU1600_KUT_ecologism;Экологическая партия;Ecologist Party;;;;;;;;;;;;x;;;;;;;;;;;;;;;;;;;;;;;;
UU1600_KUT_corporatism;Корпоративистская партия;Corporatist Party;;;;;;;;;;;;x;;;;;;;;;;;;;;;;;;;;;;;;
UU1600_KUT_cyber_autonomism;Партия киберавтономистов;Cyber-Autonomist Party;;;;;;;;;;;;x;;;;;;;;;;;;;;;;;;;;;;;;
UU1600_KUW_syndicalism;Синдикалистская партия;Syndicalist Party;;;;;;;;;;;;x;;;;;;;;;;;;;;;;;;;;;;;;
UU1600_KUW_militarism;Партия милитаристов;Militarist Party;;;;;;;;;;;;x;;;;;;;;;;;;;;;;;;;;;;;;
UU1600_KUW_ecologism;Экологическая партия;Ecologist Party;;;;;;;;;;;;x;;;;;;;;;;;;;;;;;;;;;;;;
UU1600_KUW_corporatism;Корпоративистская партия;Corporatist Party;;;;;;;;;;;;x;;;;;;;;;;;;;;;;;;;;;;;;
UU1600_KUW_cyber_autonomism;Партия киберавтономистов;Cyber-Autonomist Party;;;;;;;;;;;;x;;;;;;;;;;;;;;;;;;;;;;;;
UU1600_KYR_syndicalism;Синдикалистская партия;Syndicalist Party;;;;;;;;;;;;x;;;;;;;;;;;;;;;;;;;;;;;;
UU1600_KYR_militarism;Партия милитаристов;Militarist Party;;;;;;;;;;;;x;;;;;;;;;;;;;;;;;;;;;;;;
UU1600_KYR_ecologism;Экологическая партия;Ecologist Party;;;;;;;;;;;;x;;;;;;;;;;;;;;;;;;;;;;;;
UU1600_KYR_corporatism;Корпоративистская партия;Corporatist Party;;;;;;;;;;;;x;;;;;;;;;;;;;;;;;;;;;;;;
UU1600_KYR_cyber_autonomism;Партия киберавтономистов;Cyber-Autonomist Party;;;;;;;;;;;;x;;;;;;;;;;;;;;;;;;;;;;;;
UU1600_LAP_syndicalism;Синдикалистская партия;Syndicalist Party;;;;;;;;;;;;x;;;;;;;;;;;;;;;;;;;;;;;;
UU1600_LAP_militarism;Партия милитаристов;Militarist Party;;;;;;;;;;;;x;;;;;;;;;;;;;;;;;;;;;;;;
UU1600_LAP_ecologism;Экологическая партия;Ecologist Party;;;;;;;;;;;;x;;;;;;;;;;;;;;;;;;;;;;;;
UU1600_LAP_corporatism;Корпоративистская партия;Corporatist Party;;;;;;;;;;;;x;;;;;;;;;;;;;;;;;;;;;;;;
UU1600_LAP_cyber_autonomism;Партия киберавтономистов;Cyber-Autonomist Party;;;;;;;;;;;;x;;;;;;;;;;;;;;;;;;;;;;;;
UU1600_LAD_syndicalism;Синдикалистская партия;Syndicalist Party;;;;;;;;;;;;x;;;;;;;;;;;;;;;;;;;;;;;;
UU1600_LAD_militarism;Партия милитаристов;Militarist Party;;;;;;;;;;;;x;;;;;;;;;;;;;;;;;;;;;;;;
UU1600_LAD_ecologism;Экологическая партия;Ecologist Party;;;;;;;;;;;;x;;;;;;;;;;;;;;;;;;;;;;;;
UU1600_LAD_corporatism;Корпоративистская партия;Corporatist Party;;;;;;;;;;;;x;;;;;;;;;;;;;;;;;;;;;;;;
UU1600_LAD_cyber_autonomism;Партия киберавтономистов;Cyber-Autonomist Party;;;;;;;;;;;;x;;;;;;;;;;;;;;;;;;;;;;;;
UU1600_LAO_syndicalism;Синдикалистская партия;Syndicalist Party;;;;;;;;;;;;x;;;;;;;;;;;;;;;;;;;;;;;;
UU1600_LAO_militarism;Партия милитаристов;Militarist Party;;;;;;;;;;;;x;;;;;;;;;;;;;;;;;;;;;;;;
UU1600_LAO_ecologism;Экологическая партия;Ecologist Party;;;;;;;;;;;;x;;;;;;;;;;;;;;;;;;;;;;;;
UU1600_LAO_corporatism;Корпоративистская партия;Corporatist Party;;;;;;;;;;;;x;;;;;;;;;;;;;;;;;;;;;;;;
UU1600_LAO_cyber_autonomism;Партия киберавтономистов;Cyber-Autonomist Party;;;;;;;;;;;;x;;;;;;;;;;;;;;;;;;;;;;;;
UU1600_LAT_syndicalism;Синдикалистская партия;Syndicalist Party;;;;;;;;;;;;x;;;;;;;;;;;;;;;;;;;;;;;;
UU1600_LAT_militarism;Партия милитаристов;Militarist Party;;;;;;;;;;;;x;;;;;;;;;;;;;;;;;;;;;;;;
UU1600_LAT_ecologism;Экологическая партия;Ecologist Party;;;;;;;;;;;;x;;;;;;;;;;;;;;;;;;;;;;;;
UU1600_LAT_corporatism;Корпоративистская партия;Corporatist Party;;;;;;;;;;;;x;;;;;;;;;;;;;;;;;;;;;;;;
UU1600_LAT_cyber_autonomism;Партия киберавтономистов;Cyber-Autonomist Party;;;;;;;;;;;;x;;;;;;;;;;;;;;;;;;;;;;;;
UU1600_LEB_syndicalism;Синдикалистская партия;Syndicalist Party;;;;;;;;;;;;x;;;;;;;;;;;;;;;;;;;;;;;;
UU1600_LEB_militarism;Партия милитаристов;Militarist Party;;;;;;;;;;;;x;;;;;;;;;;;;;;;;;;;;;;;;
UU1600_LEB_ecologism;Экологическая партия;Ecologist Party;;;;;;;;;;;;x;;;;;;;;;;;;;;;;;;;;;;;;
UU1600_LEB_corporatism;Корпоративистская партия;Corporatist Party;;;;;;;;;;;;x;;;;;;;;;;;;;;;;;;;;;;;;
UU1600_LEB_cyber_autonomism;Партия киберавтономистов;Cyber-Autonomist Party;;;;;;;;;;;;x;;;;;;;;;;;;;;;;;;;;;;;;
UU1600_LEN_syndicalism;Союз промысловых общин ленапе;Syndicate of the Lenape Communities;;;;;;;;;;;;x;;;;;;;;;;;;;;;;;;;;;;;;
UU1600_LEN_militarism;Стража ленапе;Guard of the Lenape;;;;;;;;;;;;x;;;;;;;;;;;;;;;;;;;;;;;;
UU1600_LEN_ecologism;Хранители земли и рек ленапе;Keepers of the Lenape Lands and Rivers;;;;;;;;;;;;x;;;;;;;;;;;;;;;;;;;;;;;;
UU1600_LEN_corporatism;Собрание ремесленных братств ленапе;Assembly of the Lenape Craft Guilds;;;;;;;;;;;;x;;;;;;;;;;;;;;;;;;;;;;;;
UU1600_LEN_cyber_autonomism;Лига самоуправляемых общин ленапе;League of Self-Governing Lenape Communities;;;;;;;;;;;;x;;;;;;;;;;;;;;;;;;;;;;;;
UU1600_LES_syndicalism;Синдикалистская партия;Syndicalist Party;;;;;;;;;;;;x;;;;;;;;;;;;;;;;;;;;;;;;
UU1600_LES_militarism;Партия милитаристов;Militarist Party;;;;;;;;;;;;x;;;;;;;;;;;;;;;;;;;;;;;;
UU1600_LES_ecologism;Экологическая партия;Ecologist Party;;;;;;;;;;;;x;;;;;;;;;;;;;;;;;;;;;;;;
UU1600_LES_corporatism;Корпоративистская партия;Corporatist Party;;;;;;;;;;;;x;;;;;;;;;;;;;;;;;;;;;;;;
UU1600_LES_cyber_autonomism;Партия киберавтономистов;Cyber-Autonomist Party;;;;;;;;;;;;x;;;;;;;;;;;;;;;;;;;;;;;;
UU1600_LIB_syndicalism;Синдикалистская партия;Syndicalist Party;;;;;;;;;;;;x;;;;;;;;;;;;;;;;;;;;;;;;
UU1600_LIB_militarism;Партия милитаристов;Militarist Party;;;;;;;;;;;;x;;;;;;;;;;;;;;;;;;;;;;;;
UU1600_LIB_ecologism;Экологическая партия;Ecologist Party;;;;;;;;;;;;x;;;;;;;;;;;;;;;;;;;;;;;;
UU1600_LIB_corporatism;Корпоративистская партия;Corporatist Party;;;;;;;;;;;;x;;;;;;;;;;;;;;;;;;;;;;;;
UU1600_LIB_cyber_autonomism;Партия киберавтономистов;Cyber-Autonomist Party;;;;;;;;;;;;x;;;;;;;;;;;;;;;;;;;;;;;;
UU1600_LIE_syndicalism;Синдикалистская партия;Syndicalist Party;;;;;;;;;;;;x;;;;;;;;;;;;;;;;;;;;;;;;
UU1600_LIE_militarism;Партия милитаристов;Militarist Party;;;;;;;;;;;;x;;;;;;;;;;;;;;;;;;;;;;;;
UU1600_LIE_ecologism;Экологическая партия;Ecologist Party;;;;;;;;;;;;x;;;;;;;;;;;;;;;;;;;;;;;;
UU1600_LIE_corporatism;Корпоративистская партия;Corporatist Party;;;;;;;;;;;;x;;;;;;;;;;;;;;;;;;;;;;;;
UU1600_LIE_cyber_autonomism;Партия киберавтономистов;Cyber-Autonomist Party;;;;;;;;;;;;x;;;;;;;;;;;;;;;;;;;;;;;;
UU1600_LIP_syndicalism;Синдикалистская партия;Syndicalist Party;;;;;;;;;;;;x;;;;;;;;;;;;;;;;;;;;;;;;
UU1600_LIP_militarism;Партия милитаристов;Militarist Party;;;;;;;;;;;;x;;;;;;;;;;;;;;;;;;;;;;;;
UU1600_LIP_ecologism;Экологическая партия;Ecologist Party;;;;;;;;;;;;x;;;;;;;;;;;;;;;;;;;;;;;;
UU1600_LIP_corporatism;Корпоративистская партия;Corporatist Party;;;;;;;;;;;;x;;;;;;;;;;;;;;;;;;;;;;;;
UU1600_LIP_cyber_autonomism;Партия киберавтономистов;Cyber-Autonomist Party;;;;;;;;;;;;x;;;;;;;;;;;;;;;;;;;;;;;;
UU1600_LIT_syndicalism;Синдикалистская партия;Syndicalist Party;;;;;;;;;;;;x;;;;;;;;;;;;;;;;;;;;;;;;
UU1600_LIT_militarism;Партия милитаристов;Militarist Party;;;;;;;;;;;;x;;;;;;;;;;;;;;;;;;;;;;;;
UU1600_LIT_ecologism;Экологическая партия;Ecologist Party;;;;;;;;;;;;x;;;;;;;;;;;;;;;;;;;;;;;;
UU1600_LIT_corporatism;Корпоративистская партия;Corporatist Party;;;;;;;;;;;;x;;;;;;;;;;;;;;;;;;;;;;;;
UU1600_LIT_cyber_autonomism;Партия киберавтономистов;Cyber-Autonomist Party;;;;;;;;;;;;x;;;;;;;;;;;;;;;;;;;;;;;;
UU1600_LOA_syndicalism;Синдикалистская партия;Syndicalist Party;;;;;;;;;;;;x;;;;;;;;;;;;;;;;;;;;;;;;
UU1600_LOA_militarism;Партия милитаристов;Militarist Party;;;;;;;;;;;;x;;;;;;;;;;;;;;;;;;;;;;;;
UU1600_LOA_ecologism;Экологическая партия;Ecologist Party;;;;;;;;;;;;x;;;;;;;;;;;;;;;;;;;;;;;;
UU1600_LOA_corporatism;Корпоративистская партия;Corporatist Party;;;;;;;;;;;;x;;;;;;;;;;;;;;;;;;;;;;;;
UU1600_LOA_cyber_autonomism;Партия киберавтономистов;Cyber-Autonomist Party;;;;;;;;;;;;x;;;;;;;;;;;;;;;;;;;;;;;;
UU1600_LOM_syndicalism;Синдикалистская партия;Syndicalist Party;;;;;;;;;;;;x;;;;;;;;;;;;;;;;;;;;;;;;
UU1600_LOM_militarism;Партия милитаристов;Militarist Party;;;;;;;;;;;;x;;;;;;;;;;;;;;;;;;;;;;;;
UU1600_LOM_ecologism;Экологическая партия;Ecologist Party;;;;;;;;;;;;x;;;;;;;;;;;;;;;;;;;;;;;;
UU1600_LOM_corporatism;Корпоративистская партия;Corporatist Party;;;;;;;;;;;;x;;;;;;;;;;;;;;;;;;;;;;;;
UU1600_LOM_cyber_autonomism;Партия киберавтономистов;Cyber-Autonomist Party;;;;;;;;;;;;x;;;;;;;;;;;;;;;;;;;;;;;;
UU1600_LOR_syndicalism;Синдикалистская партия;Syndicalist Party;;;;;;;;;;;;x;;;;;;;;;;;;;;;;;;;;;;;;
UU1600_LOR_militarism;Партия милитаристов;Militarist Party;;;;;;;;;;;;x;;;;;;;;;;;;;;;;;;;;;;;;
UU1600_LOR_ecologism;Экологическая партия;Ecologist Party;;;;;;;;;;;;x;;;;;;;;;;;;;;;;;;;;;;;;
UU1600_LOR_corporatism;Корпоративистская партия;Corporatist Party;;;;;;;;;;;;x;;;;;;;;;;;;;;;;;;;;;;;;
UU1600_LOR_cyber_autonomism;Партия киберавтономистов;Cyber-Autonomist Party;;;;;;;;;;;;x;;;;;;;;;;;;;;;;;;;;;;;;
UU1600_LUA_syndicalism;Синдикалистская партия;Syndicalist Party;;;;;;;;;;;;x;;;;;;;;;;;;;;;;;;;;;;;;
UU1600_LUA_militarism;Партия милитаристов;Militarist Party;;;;;;;;;;;;x;;;;;;;;;;;;;;;;;;;;;;;;
UU1600_LUA_ecologism;Экологическая партия;Ecologist Party;;;;;;;;;;;;x;;;;;;;;;;;;;;;;;;;;;;;;
UU1600_LUA_corporatism;Корпоративистская партия;Corporatist Party;;;;;;;;;;;;x;;;;;;;;;;;;;;;;;;;;;;;;
UU1600_LUA_cyber_autonomism;Партия киберавтономистов;Cyber-Autonomist Party;;;;;;;;;;;;x;;;;;;;;;;;;;;;;;;;;;;;;
UU1600_LUB_syndicalism;Синдикалистская партия;Syndicalist Party;;;;;;;;;;;;x;;;;;;;;;;;;;;;;;;;;;;;;
UU1600_LUB_militarism;Партия милитаристов;Militarist Party;;;;;;;;;;;;x;;;;;;;;;;;;;;;;;;;;;;;;
UU1600_LUB_ecologism;Экологическая партия;Ecologist Party;;;;;;;;;;;;x;;;;;;;;;;;;;;;;;;;;;;;;
UU1600_LUB_corporatism;Корпоративистская партия;Corporatist Party;;;;;;;;;;;;x;;;;;;;;;;;;;;;;;;;;;;;;
UU1600_LUB_cyber_autonomism;Партия киберавтономистов;Cyber-Autonomist Party;;;;;;;;;;;;x;;;;;;;;;;;;;;;;;;;;;;;;
UU1600_LUC_syndicalism;Синдикалистская партия;Syndicalist Party;;;;;;;;;;;;x;;;;;;;;;;;;;;;;;;;;;;;;
UU1600_LUC_militarism;Партия милитаристов;Militarist Party;;;;;;;;;;;;x;;;;;;;;;;;;;;;;;;;;;;;;
UU1600_LUC_ecologism;Экологическая партия;Ecologist Party;;;;;;;;;;;;x;;;;;;;;;;;;;;;;;;;;;;;;
UU1600_LUC_corporatism;Корпоративистская партия;Corporatist Party;;;;;;;;;;;;x;;;;;;;;;;;;;;;;;;;;;;;;
UU1600_LUC_cyber_autonomism;Партия киберавтономистов;Cyber-Autonomist Party;;;;;;;;;;;;x;;;;;;;;;;;;;;;;;;;;;;;;
UU1600_LNG_syndicalism;Синдикалистская партия;Syndicalist Party;;;;;;;;;;;;x;;;;;;;;;;;;;;;;;;;;;;;;
UU1600_LNG_militarism;Партия милитаристов;Militarist Party;;;;;;;;;;;;x;;;;;;;;;;;;;;;;;;;;;;;;
UU1600_LNG_ecologism;Экологическая партия;Ecologist Party;;;;;;;;;;;;x;;;;;;;;;;;;;;;;;;;;;;;;
UU1600_LNG_corporatism;Корпоративистская партия;Corporatist Party;;;;;;;;;;;;x;;;;;;;;;;;;;;;;;;;;;;;;
UU1600_LNG_cyber_autonomism;Партия киберавтономистов;Cyber-Autonomist Party;;;;;;;;;;;;x;;;;;;;;;;;;;;;;;;;;;;;;
UU1600_LUX_syndicalism;Синдикалистская партия;Syndicalist Party;;;;;;;;;;;;x;;;;;;;;;;;;;;;;;;;;;;;;
UU1600_LUX_militarism;Партия милитаристов;Militarist Party;;;;;;;;;;;;x;;;;;;;;;;;;;;;;;;;;;;;;
UU1600_LUX_ecologism;Экологическая партия;Ecologist Party;;;;;;;;;;;;x;;;;;;;;;;;;;;;;;;;;;;;;
UU1600_LUX_corporatism;Корпоративистская партия;Corporatist Party;;;;;;;;;;;;x;;;;;;;;;;;;;;;;;;;;;;;;
UU1600_LUX_cyber_autonomism;Партия киберавтономистов;Cyber-Autonomist Party;;;;;;;;;;;;x;;;;;;;;;;;;;;;;;;;;;;;;
UU1600_LYB_syndicalism;Синдикалистская партия;Syndicalist Party;;;;;;;;;;;;x;;;;;;;;;;;;;;;;;;;;;;;;
UU1600_LYB_militarism;Партия милитаристов;Militarist Party;;;;;;;;;;;;x;;;;;;;;;;;;;;;;;;;;;;;;
UU1600_LYB_ecologism;Экологическая партия;Ecologist Party;;;;;;;;;;;;x;;;;;;;;;;;;;;;;;;;;;;;;
UU1600_LYB_corporatism;Корпоративистская партия;Corporatist Party;;;;;;;;;;;;x;;;;;;;;;;;;;;;;;;;;;;;;
UU1600_LYB_cyber_autonomism;Партия киберавтономистов;Cyber-Autonomist Party;;;;;;;;;;;;x;;;;;;;;;;;;;;;;;;;;;;;;
UU1600_MAC_syndicalism;Синдикалистская партия;Syndicalist Party;;;;;;;;;;;;x;;;;;;;;;;;;;;;;;;;;;;;;
UU1600_MAC_militarism;Партия милитаристов;Militarist Party;;;;;;;;;;;;x;;;;;;;;;;;;;;;;;;;;;;;;
UU1600_MAC_ecologism;Экологическая партия;Ecologist Party;;;;;;;;;;;;x;;;;;;;;;;;;;;;;;;;;;;;;
UU1600_MAC_corporatism;Корпоративистская партия;Corporatist Party;;;;;;;;;;;;x;;;;;;;;;;;;;;;;;;;;;;;;
UU1600_MAC_cyber_autonomism;Партия киберавтономистов;Cyber-Autonomist Party;;;;;;;;;;;;x;;;;;;;;;;;;;;;;;;;;;;;;
UU1600_MAD_syndicalism;Синдикалистская партия;Syndicalist Party;;;;;;;;;;;;x;;;;;;;;;;;;;;;;;;;;;;;;
UU1600_MAD_militarism;Партия милитаристов;Militarist Party;;;;;;;;;;;;x;;;;;;;;;;;;;;;;;;;;;;;;
UU1600_MAD_ecologism;Экологическая партия;Ecologist Party;;;;;;;;;;;;x;;;;;;;;;;;;;;;;;;;;;;;;
UU1600_MAD_corporatism;Корпоративистская партия;Corporatist Party;;;;;;;;;;;;x;;;;;;;;;;;;;;;;;;;;;;;;
UU1600_MAD_cyber_autonomism;Партия киберавтономистов;Cyber-Autonomist Party;;;;;;;;;;;;x;;;;;;;;;;;;;;;;;;;;;;;;
UU1600_MDR_syndicalism;Синдикалистская партия;Syndicalist Party;;;;;;;;;;;;x;;;;;;;;;;;;;;;;;;;;;;;;
UU1600_MDR_militarism;Партия милитаристов;Militarist Party;;;;;;;;;;;;x;;;;;;;;;;;;;;;;;;;;;;;;
UU1600_MDR_ecologism;Экологическая партия;Ecologist Party;;;;;;;;;;;;x;;;;;;;;;;;;;;;;;;;;;;;;
UU1600_MDR_corporatism;Корпоративистская партия;Corporatist Party;;;;;;;;;;;;x;;;;;;;;;;;;;;;;;;;;;;;;
UU1600_MDR_cyber_autonomism;Партия киберавтономистов;Cyber-Autonomist Party;;;;;;;;;;;;x;;;;;;;;;;;;;;;;;;;;;;;;
UU1600_MGG_syndicalism;Синдикалистская партия;Syndicalist Party;;;;;;;;;;;;x;;;;;;;;;;;;;;;;;;;;;;;;
UU1600_MGG_militarism;Партия милитаристов;Militarist Party;;;;;;;;;;;;x;;;;;;;;;;;;;;;;;;;;;;;;
UU1600_MGG_ecologism;Экологическая партия;Ecologist Party;;;;;;;;;;;;x;;;;;;;;;;;;;;;;;;;;;;;;
UU1600_MGG_corporatism;Корпоративистская партия;Corporatist Party;;;;;;;;;;;;x;;;;;;;;;;;;;;;;;;;;;;;;
UU1600_MGG_cyber_autonomism;Партия киберавтономистов;Cyber-Autonomist Party;;;;;;;;;;;;x;;;;;;;;;;;;;;;;;;;;;;;;
UU1600_MGR_syndicalism;Синдикалистская партия;Syndicalist Party;;;;;;;;;;;;x;;;;;;;;;;;;;;;;;;;;;;;;
UU1600_MGR_militarism;Партия милитаристов;Militarist Party;;;;;;;;;;;;x;;;;;;;;;;;;;;;;;;;;;;;;
UU1600_MGR_ecologism;Экологическая партия;Ecologist Party;;;;;;;;;;;;x;;;;;;;;;;;;;;;;;;;;;;;;
UU1600_MGR_corporatism;Корпоративистская партия;Corporatist Party;;;;;;;;;;;;x;;;;;;;;;;;;;;;;;;;;;;;;
UU1600_MGR_cyber_autonomism;Партия киберавтономистов;Cyber-Autonomist Party;;;;;;;;;;;;x;;;;;;;;;;;;;;;;;;;;;;;;
UU1600_MNZ_syndicalism;Синдикалистская партия;Syndicalist Party;;;;;;;;;;;;x;;;;;;;;;;;;;;;;;;;;;;;;
UU1600_MNZ_militarism;Партия милитаристов;Militarist Party;;;;;;;;;;;;x;;;;;;;;;;;;;;;;;;;;;;;;
UU1600_MNZ_ecologism;Экологическая партия;Ecologist Party;;;;;;;;;;;;x;;;;;;;;;;;;;;;;;;;;;;;;
UU1600_MNZ_corporatism;Корпоративистская партия;Corporatist Party;;;;;;;;;;;;x;;;;;;;;;;;;;;;;;;;;;;;;
UU1600_MNZ_cyber_autonomism;Партия киберавтономистов;Cyber-Autonomist Party;;;;;;;;;;;;x;;;;;;;;;;;;;;;;;;;;;;;;
UU1600_MAK_syndicalism;Синдикалистская партия;Syndicalist Party;;;;;;;;;;;;x;;;;;;;;;;;;;;;;;;;;;;;;
UU1600_MAK_militarism;Партия милитаристов;Militarist Party;;;;;;;;;;;;x;;;;;;;;;;;;;;;;;;;;;;;;
UU1600_MAK_ecologism;Экологическая партия;Ecologist Party;;;;;;;;;;;;x;;;;;;;;;;;;;;;;;;;;;;;;
UU1600_MAK_corporatism;Корпоративистская партия;Corporatist Party;;;;;;;;;;;;x;;;;;;;;;;;;;;;;;;;;;;;;
UU1600_MAK_cyber_autonomism;Партия киберавтономистов;Cyber-Autonomist Party;;;;;;;;;;;;x;;;;;;;;;;;;;;;;;;;;;;;;
UU1600_MWI_syndicalism;Синдикалистская партия;Syndicalist Party;;;;;;;;;;;;x;;;;;;;;;;;;;;;;;;;;;;;;
UU1600_MWI_militarism;Партия милитаристов;Militarist Party;;;;;;;;;;;;x;;;;;;;;;;;;;;;;;;;;;;;;
UU1600_MWI_ecologism;Экологическая партия;Ecologist Party;;;;;;;;;;;;x;;;;;;;;;;;;;;;;;;;;;;;;
UU1600_MWI_corporatism;Корпоративистская партия;Corporatist Party;;;;;;;;;;;;x;;;;;;;;;;;;;;;;;;;;;;;;
UU1600_MWI_cyber_autonomism;Партия киберавтономистов;Cyber-Autonomist Party;;;;;;;;;;;;x;;;;;;;;;;;;;;;;;;;;;;;;
UU1600_MAL_syndicalism;Синдикалистская партия;Syndicalist Party;;;;;;;;;;;;x;;;;;;;;;;;;;;;;;;;;;;;;
UU1600_MAL_militarism;Партия милитаристов;Militarist Party;;;;;;;;;;;;x;;;;;;;;;;;;;;;;;;;;;;;;
UU1600_MAL_ecologism;Экологическая партия;Ecologist Party;;;;;;;;;;;;x;;;;;;;;;;;;;;;;;;;;;;;;
UU1600_MAL_corporatism;Корпоративистская партия;Corporatist Party;;;;;;;;;;;;x;;;;;;;;;;;;;;;;;;;;;;;;
UU1600_MAL_cyber_autonomism;Партия киберавтономистов;Cyber-Autonomist Party;;;;;;;;;;;;x;;;;;;;;;;;;;;;;;;;;;;;;
UU1600_MLD_syndicalism;Синдикалистская партия;Syndicalist Party;;;;;;;;;;;;x;;;;;;;;;;;;;;;;;;;;;;;;
UU1600_MLD_militarism;Партия милитаристов;Militarist Party;;;;;;;;;;;;x;;;;;;;;;;;;;;;;;;;;;;;;
UU1600_MLD_ecologism;Экологическая партия;Ecologist Party;;;;;;;;;;;;x;;;;;;;;;;;;;;;;;;;;;;;;
UU1600_MLD_corporatism;Корпоративистская партия;Corporatist Party;;;;;;;;;;;;x;;;;;;;;;;;;;;;;;;;;;;;;
UU1600_MLD_cyber_autonomism;Партия киберавтономистов;Cyber-Autonomist Party;;;;;;;;;;;;x;;;;;;;;;;;;;;;;;;;;;;;;
UU1600_MLI_syndicalism;Синдикалистская партия;Syndicalist Party;;;;;;;;;;;;x;;;;;;;;;;;;;;;;;;;;;;;;
UU1600_MLI_militarism;Партия милитаристов;Militarist Party;;;;;;;;;;;;x;;;;;;;;;;;;;;;;;;;;;;;;
UU1600_MLI_ecologism;Экологическая партия;Ecologist Party;;;;;;;;;;;;x;;;;;;;;;;;;;;;;;;;;;;;;
UU1600_MLI_corporatism;Корпоративистская партия;Corporatist Party;;;;;;;;;;;;x;;;;;;;;;;;;;;;;;;;;;;;;
UU1600_MLI_cyber_autonomism;Партия киберавтономистов;Cyber-Autonomist Party;;;;;;;;;;;;x;;;;;;;;;;;;;;;;;;;;;;;;
UU1600_MLT_syndicalism;Синдикалистская партия;Syndicalist Party;;;;;;;;;;;;x;;;;;;;;;;;;;;;;;;;;;;;;
UU1600_MLT_militarism;Партия милитаристов;Militarist Party;;;;;;;;;;;;x;;;;;;;;;;;;;;;;;;;;;;;;
UU1600_MLT_ecologism;Экологическая партия;Ecologist Party;;;;;;;;;;;;x;;;;;;;;;;;;;;;;;;;;;;;;
UU1600_MLT_corporatism;Корпоративистская партия;Corporatist Party;;;;;;;;;;;;x;;;;;;;;;;;;;;;;;;;;;;;;
UU1600_MLT_cyber_autonomism;Партия киберавтономистов;Cyber-Autonomist Party;;;;;;;;;;;;x;;;;;;;;;;;;;;;;;;;;;;;;
UU1600_MLK_syndicalism;Синдикалистская партия;Syndicalist Party;;;;;;;;;;;;x;;;;;;;;;;;;;;;;;;;;;;;;
UU1600_MLK_militarism;Партия милитаристов;Militarist Party;;;;;;;;;;;;x;;;;;;;;;;;;;;;;;;;;;;;;
UU1600_MLK_ecologism;Экологическая партия;Ecologist Party;;;;;;;;;;;;x;;;;;;;;;;;;;;;;;;;;;;;;
UU1600_MLK_corporatism;Корпоративистская партия;Corporatist Party;;;;;;;;;;;;x;;;;;;;;;;;;;;;;;;;;;;;;
UU1600_MLK_cyber_autonomism;Партия киберавтономистов;Cyber-Autonomist Party;;;;;;;;;;;;x;;;;;;;;;;;;;;;;;;;;;;;;
UU1600_MCK_syndicalism;Синдикалистская партия;Syndicalist Party;;;;;;;;;;;;x;;;;;;;;;;;;;;;;;;;;;;;;
UU1600_MCK_militarism;Партия милитаристов;Militarist Party;;;;;;;;;;;;x;;;;;;;;;;;;;;;;;;;;;;;;
UU1600_MCK_ecologism;Экологическая партия;Ecologist Party;;;;;;;;;;;;x;;;;;;;;;;;;;;;;;;;;;;;;
UU1600_MCK_corporatism;Корпоративистская партия;Corporatist Party;;;;;;;;;;;;x;;;;;;;;;;;;;;;;;;;;;;;;
UU1600_MCK_cyber_autonomism;Партия киберавтономистов;Cyber-Autonomist Party;;;;;;;;;;;;x;;;;;;;;;;;;;;;;;;;;;;;;
UU1600_MAN_syndicalism;Синдикалистская партия;Syndicalist Party;;;;;;;;;;;;x;;;;;;;;;;;;;;;;;;;;;;;;
UU1600_MAN_militarism;Партия милитаристов;Militarist Party;;;;;;;;;;;;x;;;;;;;;;;;;;;;;;;;;;;;;
UU1600_MAN_ecologism;Экологическая партия;Ecologist Party;;;;;;;;;;;;x;;;;;;;;;;;;;;;;;;;;;;;;
UU1600_MAN_corporatism;Корпоративистская партия;Corporatist Party;;;;;;;;;;;;x;;;;;;;;;;;;;;;;;;;;;;;;
UU1600_MAN_cyber_autonomism;Партия киберавтономистов;Cyber-Autonomist Party;;;;;;;;;;;;x;;;;;;;;;;;;;;;;;;;;;;;;
UU1600_MRT_syndicalism;Синдикалистская партия;Syndicalist Party;;;;;;;;;;;;x;;;;;;;;;;;;;;;;;;;;;;;;
UU1600_MRT_militarism;Партия милитаристов;Militarist Party;;;;;;;;;;;;x;;;;;;;;;;;;;;;;;;;;;;;;
UU1600_MRT_ecologism;Экологическая партия;Ecologist Party;;;;;;;;;;;;x;;;;;;;;;;;;;;;;;;;;;;;;
UU1600_MRT_corporatism;Корпоративистская партия;Corporatist Party;;;;;;;;;;;;x;;;;;;;;;;;;;;;;;;;;;;;;
UU1600_MRT_cyber_autonomism;Партия киберавтономистов;Cyber-Autonomist Party;;;;;;;;;;;;x;;;;;;;;;;;;;;;;;;;;;;;;
UU1600_MAR_syndicalism;Синдикалистская партия;Syndicalist Party;;;;;;;;;;;;x;;;;;;;;;;;;;;;;;;;;;;;;
UU1600_MAR_militarism;Партия милитаристов;Militarist Party;;;;;;;;;;;;x;;;;;;;;;;;;;;;;;;;;;;;;
UU1600_MAR_ecologism;Экологическая партия;Ecologist Party;;;;;;;;;;;;x;;;;;;;;;;;;;;;;;;;;;;;;
UU1600_MAR_corporatism;Корпоративистская партия;Corporatist Party;;;;;;;;;;;;x;;;;;;;;;;;;;;;;;;;;;;;;
UU1600_MAR_cyber_autonomism;Партия киберавтономистов;Cyber-Autonomist Party;;;;;;;;;;;;x;;;;;;;;;;;;;;;;;;;;;;;;
UU1600_MRI_syndicalism;Синдикалистская партия;Syndicalist Party;;;;;;;;;;;;x;;;;;;;;;;;;;;;;;;;;;;;;
UU1600_MRI_militarism;Партия милитаристов;Militarist Party;;;;;;;;;;;;x;;;;;;;;;;;;;;;;;;;;;;;;
UU1600_MRI_ecologism;Экологическая партия;Ecologist Party;;;;;;;;;;;;x;;;;;;;;;;;;;;;;;;;;;;;;
UU1600_MRI_corporatism;Корпоративистская партия;Corporatist Party;;;;;;;;;;;;x;;;;;;;;;;;;;;;;;;;;;;;;
UU1600_MRI_cyber_autonomism;Партия киберавтономистов;Cyber-Autonomist Party;;;;;;;;;;;;x;;;;;;;;;;;;;;;;;;;;;;;;
UU1600_MTR_syndicalism;Синдикалистская партия;Syndicalist Party;;;;;;;;;;;;x;;;;;;;;;;;;;;;;;;;;;;;;
UU1600_MTR_militarism;Партия милитаристов;Militarist Party;;;;;;;;;;;;x;;;;;;;;;;;;;;;;;;;;;;;;
UU1600_MTR_ecologism;Экологическая партия;Ecologist Party;;;;;;;;;;;;x;;;;;;;;;;;;;;;;;;;;;;;;
UU1600_MTR_corporatism;Корпоративистская партия;Corporatist Party;;;;;;;;;;;;x;;;;;;;;;;;;;;;;;;;;;;;;
UU1600_MTR_cyber_autonomism;Партия киберавтономистов;Cyber-Autonomist Party;;;;;;;;;;;;x;;;;;;;;;;;;;;;;;;;;;;;;
UU1600_MAU_syndicalism;Синдикалистская партия;Syndicalist Party;;;;;;;;;;;;x;;;;;;;;;;;;;;;;;;;;;;;;
UU1600_MAU_militarism;Партия милитаристов;Militarist Party;;;;;;;;;;;;x;;;;;;;;;;;;;;;;;;;;;;;;
UU1600_MAU_ecologism;Экологическая партия;Ecologist Party;;;;;;;;;;;;x;;;;;;;;;;;;;;;;;;;;;;;;
UU1600_MAU_corporatism;Корпоративистская партия;Corporatist Party;;;;;;;;;;;;x;;;;;;;;;;;;;;;;;;;;;;;;
UU1600_MAU_cyber_autonomism;Партия киберавтономистов;Cyber-Autonomist Party;;;;;;;;;;;;x;;;;;;;;;;;;;;;;;;;;;;;;
UU1600_MYA_syndicalism;Союз промысловых общин майя;Syndicate of the Maya Communities;;;;;;;;;;;;x;;;;;;;;;;;;;;;;;;;;;;;;
UU1600_MYA_militarism;Стража майя;Guard of the Maya;;;;;;;;;;;;x;;;;;;;;;;;;;;;;;;;;;;;;
UU1600_MYA_ecologism;Хранители земли и рек майя;Keepers of the Maya Lands and Rivers;;;;;;;;;;;;x;;;;;;;;;;;;;;;;;;;;;;;;
UU1600_MYA_corporatism;Собрание ремесленных братств майя;Assembly of the Maya Craft Guilds;;;;;;;;;;;;x;;;;;;;;;;;;;;;;;;;;;;;;
UU1600_MYA_cyber_autonomism;Лига самоуправляемых общин майя;League of Self-Governing Maya Communities;;;;;;;;;;;;x;;;;;;;;;;;;;;;;;;;;;;;;
UU1600_MEC_syndicalism;Синдикалистская партия;Syndicalist Party;;;;;;;;;;;;x;;;;;;;;;;;;;;;;;;;;;;;;
UU1600_MEC_militarism;Партия милитаристов;Militarist Party;;;;;;;;;;;;x;;;;;;;;;;;;;;;;;;;;;;;;
UU1600_MEC_ecologism;Экологическая партия;Ecologist Party;;;;;;;;;;;;x;;;;;;;;;;;;;;;;;;;;;;;;
UU1600_MEC_corporatism;Корпоративистская партия;Corporatist Party;;;;;;;;;;;;x;;;;;;;;;;;;;;;;;;;;;;;;
UU1600_MEC_cyber_autonomism;Партия киберавтономистов;Cyber-Autonomist Party;;;;;;;;;;;;x;;;;;;;;;;;;;;;;;;;;;;;;
UU1600_MNJ_syndicalism;Синдикалистская партия;Syndicalist Party;;;;;;;;;;;;x;;;;;;;;;;;;;;;;;;;;;;;;
UU1600_MNJ_militarism;Партия милитаристов;Militarist Party;;;;;;;;;;;;x;;;;;;;;;;;;;;;;;;;;;;;;
UU1600_MNJ_ecologism;Экологическая партия;Ecologist Party;;;;;;;;;;;;x;;;;;;;;;;;;;;;;;;;;;;;;
UU1600_MNJ_corporatism;Корпоративистская партия;Corporatist Party;;;;;;;;;;;;x;;;;;;;;;;;;;;;;;;;;;;;;
UU1600_MNJ_cyber_autonomism;Партия киберавтономистов;Cyber-Autonomist Party;;;;;;;;;;;;x;;;;;;;;;;;;;;;;;;;;;;;;
UU1600_MER_syndicalism;Синдикалистская партия;Syndicalist Party;;;;;;;;;;;;x;;;;;;;;;;;;;;;;;;;;;;;;
UU1600_MER_militarism;Партия милитаристов;Militarist Party;;;;;;;;;;;;x;;;;;;;;;;;;;;;;;;;;;;;;
UU1600_MER_ecologism;Экологическая партия;Ecologist Party;;;;;;;;;;;;x;;;;;;;;;;;;;;;;;;;;;;;;
UU1600_MER_corporatism;Корпоративистская партия;Corporatist Party;;;;;;;;;;;;x;;;;;;;;;;;;;;;;;;;;;;;;
UU1600_MER_cyber_autonomism;Партия киберавтономистов;Cyber-Autonomist Party;;;;;;;;;;;;x;;;;;;;;;;;;;;;;;;;;;;;;
UU1600_MTC_syndicalism;Союз промысловых общин метисов;Syndicate of the Metis Communities;;;;;;;;;;;;x;;;;;;;;;;;;;;;;;;;;;;;;
UU1600_MTC_militarism;Стража метисов;Guard of the Metis;;;;;;;;;;;;x;;;;;;;;;;;;;;;;;;;;;;;;
UU1600_MTC_ecologism;Хранители земли и рек метисов;Keepers of the Metis Lands and Rivers;;;;;;;;;;;;x;;;;;;;;;;;;;;;;;;;;;;;;
UU1600_MTC_corporatism;Собрание ремесленных братств метисов;Assembly of the Metis Craft Guilds;;;;;;;;;;;;x;;;;;;;;;;;;;;;;;;;;;;;;
UU1600_MTC_cyber_autonomism;Лига самоуправляемых общин метисов;League of Self-Governing Metis Communities;;;;;;;;;;;;x;;;;;;;;;;;;;;;;;;;;;;;;
UU1600_MEW_syndicalism;Синдикалистская партия;Syndicalist Party;;;;;;;;;;;;x;;;;;;;;;;;;;;;;;;;;;;;;
UU1600_MEW_militarism;Партия милитаристов;Militarist Party;;;;;;;;;;;;x;;;;;;;;;;;;;;;;;;;;;;;;
UU1600_MEW_ecologism;Экологическая партия;Ecologist Party;;;;;;;;;;;;x;;;;;;;;;;;;;;;;;;;;;;;;
UU1600_MEW_corporatism;Корпоративистская партия;Corporatist Party;;;;;;;;;;;;x;;;;;;;;;;;;;;;;;;;;;;;;
UU1600_MEW_cyber_autonomism;Партия киберавтономистов;Cyber-Autonomist Party;;;;;;;;;;;;x;;;;;;;;;;;;;;;;;;;;;;;;
UU1600_MEX_syndicalism;Синдикалистская партия;Syndicalist Party;;;;;;;;;;;;x;;;;;;;;;;;;;;;;;;;;;;;;
UU1600_MEX_militarism;Партия милитаристов;Militarist Party;;;;;;;;;;;;x;;;;;;;;;;;;;;;;;;;;;;;;
UU1600_MEX_ecologism;Экологическая партия;Ecologist Party;;;;;;;;;;;;x;;;;;;;;;;;;;;;;;;;;;;;;
UU1600_MEX_corporatism;Корпоративистская партия;Corporatist Party;;;;;;;;;;;;x;;;;;;;;;;;;;;;;;;;;;;;;
UU1600_MEX_cyber_autonomism;Партия киберавтономистов;Cyber-Autonomist Party;;;;;;;;;;;;x;;;;;;;;;;;;;;;;;;;;;;;;
UU1600_MCM_syndicalism;Союз промысловых общин микмаков;Syndicate of the Mi'kmaq Communities;;;;;;;;;;;;x;;;;;;;;;;;;;;;;;;;;;;;;
UU1600_MCM_militarism;Стража микмаков;Guard of the Mi'kmaq;;;;;;;;;;;;x;;;;;;;;;;;;;;;;;;;;;;;;
UU1600_MCM_ecologism;Хранители земли и рек микмаков;Keepers of the Mi'kmaq Lands and Rivers;;;;;;;;;;;;x;;;;;;;;;;;;;;;;;;;;;;;;
UU1600_MCM_corporatism;Собрание ремесленных братств микмаков;Assembly of the Mi'kmaq Craft Guilds;;;;;;;;;;;;x;;;;;;;;;;;;;;;;;;;;;;;;
UU1600_MCM_cyber_autonomism;Лига самоуправляемых общин микмаков;League of Self-Governing Mi'kmaq Communities;;;;;;;;;;;;x;;;;;;;;;;;;;;;;;;;;;;;;
UU1600_MND_syndicalism;Синдикалистская партия;Syndicalist Party;;;;;;;;;;;;x;;;;;;;;;;;;;;;;;;;;;;;;
UU1600_MND_militarism;Партия милитаристов;Militarist Party;;;;;;;;;;;;x;;;;;;;;;;;;;;;;;;;;;;;;
UU1600_MND_ecologism;Экологическая партия;Ecologist Party;;;;;;;;;;;;x;;;;;;;;;;;;;;;;;;;;;;;;
UU1600_MND_corporatism;Корпоративистская партия;Corporatist Party;;;;;;;;;;;;x;;;;;;;;;;;;;;;;;;;;;;;;
UU1600_MND_cyber_autonomism;Партия киберавтономистов;Cyber-Autonomist Party;;;;;;;;;;;;x;;;;;;;;;;;;;;;;;;;;;;;;
UU1600_MNG_syndicalism;Синдикалистская партия;Syndicalist Party;;;;;;;;;;;;x;;;;;;;;;;;;;;;;;;;;;;;;
UU1600_MNG_militarism;Партия милитаристов;Militarist Party;;;;;;;;;;;;x;;;;;;;;;;;;;;;;;;;;;;;;
UU1600_MNG_ecologism;Экологическая партия;Ecologist Party;;;;;;;;;;;;x;;;;;;;;;;;;;;;;;;;;;;;;
UU1600_MNG_corporatism;Корпоративистская партия;Corporatist Party;;;;;;;;;;;;x;;;;;;;;;;;;;;;;;;;;;;;;
UU1600_MNG_cyber_autonomism;Партия киберавтономистов;Cyber-Autonomist Party;;;;;;;;;;;;x;;;;;;;;;;;;;;;;;;;;;;;;
UU1600_MOD_syndicalism;Синдикалистская партия;Syndicalist Party;;;;;;;;;;;;x;;;;;;;;;;;;;;;;;;;;;;;;
UU1600_MOD_militarism;Партия милитаристов;Militarist Party;;;;;;;;;;;;x;;;;;;;;;;;;;;;;;;;;;;;;
UU1600_MOD_ecologism;Экологическая партия;Ecologist Party;;;;;;;;;;;;x;;;;;;;;;;;;;;;;;;;;;;;;
UU1600_MOD_corporatism;Корпоративистская партия;Corporatist Party;;;;;;;;;;;;x;;;;;;;;;;;;;;;;;;;;;;;;
UU1600_MOD_cyber_autonomism;Партия киберавтономистов;Cyber-Autonomist Party;;;;;;;;;;;;x;;;;;;;;;;;;;;;;;;;;;;;;
UU1600_MOL_syndicalism;Синдикалистская партия;Syndicalist Party;;;;;;;;;;;;x;;;;;;;;;;;;;;;;;;;;;;;;
UU1600_MOL_militarism;Партия милитаристов;Militarist Party;;;;;;;;;;;;x;;;;;;;;;;;;;;;;;;;;;;;;
UU1600_MOL_ecologism;Экологическая партия;Ecologist Party;;;;;;;;;;;;x;;;;;;;;;;;;;;;;;;;;;;;;
UU1600_MOL_corporatism;Корпоративистская партия;Corporatist Party;;;;;;;;;;;;x;;;;;;;;;;;;;;;;;;;;;;;;
UU1600_MOL_cyber_autonomism;Партия киберавтономистов;Cyber-Autonomist Party;;;;;;;;;;;;x;;;;;;;;;;;;;;;;;;;;;;;;
UU1600_MGL_syndicalism;Синдикалистская партия;Syndicalist Party;;;;;;;;;;;;x;;;;;;;;;;;;;;;;;;;;;;;;
UU1600_MGL_militarism;Партия милитаристов;Militarist Party;;;;;;;;;;;;x;;;;;;;;;;;;;;;;;;;;;;;;
UU1600_MGL_ecologism;Экологическая партия;Ecologist Party;;;;;;;;;;;;x;;;;;;;;;;;;;;;;;;;;;;;;
UU1600_MGL_corporatism;Корпоративистская партия;Corporatist Party;;;;;;;;;;;;x;;;;;;;;;;;;;;;;;;;;;;;;
UU1600_MGL_cyber_autonomism;Партия киберавтономистов;Cyber-Autonomist Party;;;;;;;;;;;;x;;;;;;;;;;;;;;;;;;;;;;;;
UU1600_MON_syndicalism;Синдикалистская партия;Syndicalist Party;;;;;;;;;;;;x;;;;;;;;;;;;;;;;;;;;;;;;
UU1600_MON_militarism;Партия милитаристов;Militarist Party;;;;;;;;;;;;x;;;;;;;;;;;;;;;;;;;;;;;;
UU1600_MON_ecologism;Экологическая партия;Ecologist Party;;;;;;;;;;;;x;;;;;;;;;;;;;;;;;;;;;;;;
UU1600_MON_corporatism;Корпоративистская партия;Corporatist Party;;;;;;;;;;;;x;;;;;;;;;;;;;;;;;;;;;;;;
UU1600_MON_cyber_autonomism;Партия киберавтономистов;Cyber-Autonomist Party;;;;;;;;;;;;x;;;;;;;;;;;;;;;;;;;;;;;;
UU1600_MOO_syndicalism;Синдикалистская партия;Syndicalist Party;;;;;;;;;;;;x;;;;;;;;;;;;;;;;;;;;;;;;
UU1600_MOO_militarism;Партия милитаристов;Militarist Party;;;;;;;;;;;;x;;;;;;;;;;;;;;;;;;;;;;;;
UU1600_MOO_ecologism;Экологическая партия;Ecologist Party;;;;;;;;;;;;x;;;;;;;;;;;;;;;;;;;;;;;;
UU1600_MOO_corporatism;Корпоративистская партия;Corporatist Party;;;;;;;;;;;;x;;;;;;;;;;;;;;;;;;;;;;;;
UU1600_MOO_cyber_autonomism;Партия киберавтономистов;Cyber-Autonomist Party;;;;;;;;;;;;x;;;;;;;;;;;;;;;;;;;;;;;;
UU1600_MOR_syndicalism;Синдикалистская партия;Syndicalist Party;;;;;;;;;;;;x;;;;;;;;;;;;;;;;;;;;;;;;
UU1600_MOR_militarism;Партия милитаристов;Militarist Party;;;;;;;;;;;;x;;;;;;;;;;;;;;;;;;;;;;;;
UU1600_MOR_ecologism;Экологическая партия;Ecologist Party;;;;;;;;;;;;x;;;;;;;;;;;;;;;;;;;;;;;;
UU1600_MOR_corporatism;Корпоративистская партия;Corporatist Party;;;;;;;;;;;;x;;;;;;;;;;;;;;;;;;;;;;;;
UU1600_MOR_cyber_autonomism;Партия киберавтономистов;Cyber-Autonomist Party;;;;;;;;;;;;x;;;;;;;;;;;;;;;;;;;;;;;;
UU1600_MOS_syndicalism;Синдикалистская партия;Syndicalist Party;;;;;;;;;;;;x;;;;;;;;;;;;;;;;;;;;;;;;
UU1600_MOS_militarism;Партия милитаристов;Militarist Party;;;;;;;;;;;;x;;;;;;;;;;;;;;;;;;;;;;;;
UU1600_MOS_ecologism;Экологическая партия;Ecologist Party;;;;;;;;;;;;x;;;;;;;;;;;;;;;;;;;;;;;;
UU1600_MOS_corporatism;Корпоративистская партия;Corporatist Party;;;;;;;;;;;;x;;;;;;;;;;;;;;;;;;;;;;;;
UU1600_MOS_cyber_autonomism;Партия киберавтономистов;Cyber-Autonomist Party;;;;;;;;;;;;x;;;;;;;;;;;;;;;;;;;;;;;;
UU1600_MOZ_syndicalism;Синдикалистская партия;Syndicalist Party;;;;;;;;;;;;x;;;;;;;;;;;;;;;;;;;;;;;;
UU1600_MOZ_militarism;Партия милитаристов;Militarist Party;;;;;;;;;;;;x;;;;;;;;;;;;;;;;;;;;;;;;
UU1600_MOZ_ecologism;Экологическая партия;Ecologist Party;;;;;;;;;;;;x;;;;;;;;;;;;;;;;;;;;;;;;
UU1600_MOZ_corporatism;Корпоративистская партия;Corporatist Party;;;;;;;;;;;;x;;;;;;;;;;;;;;;;;;;;;;;;
UU1600_MOZ_cyber_autonomism;Партия киберавтономистов;Cyber-Autonomist Party;;;;;;;;;;;;x;;;;;;;;;;;;;;;;;;;;;;;;
UU1600_MUG_syndicalism;Синдикалистская партия;Syndicalist Party;;;;;;;;;;;;x;;;;;;;;;;;;;;;;;;;;;;;;
UU1600_MUG_militarism;Партия милитаристов;Militarist Party;;;;;;;;;;;;x;;;;;;;;;;;;;;;;;;;;;;;;
UU1600_MUG_ecologism;Экологическая партия;Ecologist Party;;;;;;;;;;;;x;;;;;;;;;;;;;;;;;;;;;;;;
UU1600_MUG_corporatism;Корпоративистская партия;Corporatist Party;;;;;;;;;;;;x;;;;;;;;;;;;;;;;;;;;;;;;
UU1600_MUG_cyber_autonomism;Партия киберавтономистов;Cyber-Autonomist Party;;;;;;;;;;;;x;;;;;;;;;;;;;;;;;;;;;;;;
UU1600_MUN_syndicalism;Синдикалистская партия;Syndicalist Party;;;;;;;;;;;;x;;;;;;;;;;;;;;;;;;;;;;;;
UU1600_MUN_militarism;Партия милитаристов;Militarist Party;;;;;;;;;;;;x;;;;;;;;;;;;;;;;;;;;;;;;
UU1600_MUN_ecologism;Экологическая партия;Ecologist Party;;;;;;;;;;;;x;;;;;;;;;;;;;;;;;;;;;;;;
UU1600_MUN_corporatism;Корпоративистская партия;Corporatist Party;;;;;;;;;;;;x;;;;;;;;;;;;;;;;;;;;;;;;
UU1600_MUN_cyber_autonomism;Партия киберавтономистов;Cyber-Autonomist Party;;;;;;;;;;;;x;;;;;;;;;;;;;;;;;;;;;;;;
UU1600_MUT_syndicalism;Синдикалистская партия;Syndicalist Party;;;;;;;;;;;;x;;;;;;;;;;;;;;;;;;;;;;;;
UU1600_MUT_militarism;Партия милитаристов;Militarist Party;;;;;;;;;;;;x;;;;;;;;;;;;;;;;;;;;;;;;
UU1600_MUT_ecologism;Экологическая партия;Ecologist Party;;;;;;;;;;;;x;;;;;;;;;;;;;;;;;;;;;;;;
UU1600_MUT_corporatism;Корпоративистская партия;Corporatist Party;;;;;;;;;;;;x;;;;;;;;;;;;;;;;;;;;;;;;
UU1600_MUT_cyber_autonomism;Партия киберавтономистов;Cyber-Autonomist Party;;;;;;;;;;;;x;;;;;;;;;;;;;;;;;;;;;;;;
UU1600_MYS_syndicalism;Синдикалистская партия;Syndicalist Party;;;;;;;;;;;;x;;;;;;;;;;;;;;;;;;;;;;;;
UU1600_MYS_militarism;Партия милитаристов;Militarist Party;;;;;;;;;;;;x;;;;;;;;;;;;;;;;;;;;;;;;
UU1600_MYS_ecologism;Экологическая партия;Ecologist Party;;;;;;;;;;;;x;;;;;;;;;;;;;;;;;;;;;;;;
UU1600_MYS_corporatism;Корпоративистская партия;Corporatist Party;;;;;;;;;;;;x;;;;;;;;;;;;;;;;;;;;;;;;
UU1600_MYS_cyber_autonomism;Партия киберавтономистов;Cyber-Autonomist Party;;;;;;;;;;;;x;;;;;;;;;;;;;;;;;;;;;;;;
UU1600_NAG_syndicalism;Синдикалистская партия;Syndicalist Party;;;;;;;;;;;;x;;;;;;;;;;;;;;;;;;;;;;;;
UU1600_NAG_militarism;Партия милитаристов;Militarist Party;;;;;;;;;;;;x;;;;;;;;;;;;;;;;;;;;;;;;
UU1600_NAG_ecologism;Экологическая партия;Ecologist Party;;;;;;;;;;;;x;;;;;;;;;;;;;;;;;;;;;;;;
UU1600_NAG_corporatism;Корпоративистская партия;Corporatist Party;;;;;;;;;;;;x;;;;;;;;;;;;;;;;;;;;;;;;
UU1600_NAG_cyber_autonomism;Партия киберавтономистов;Cyber-Autonomist Party;;;;;;;;;;;;x;;;;;;;;;;;;;;;;;;;;;;;;
UU1600_NMB_syndicalism;Синдикалистская партия;Syndicalist Party;;;;;;;;;;;;x;;;;;;;;;;;;;;;;;;;;;;;;
UU1600_NMB_militarism;Партия милитаристов;Militarist Party;;;;;;;;;;;;x;;;;;;;;;;;;;;;;;;;;;;;;
UU1600_NMB_ecologism;Экологическая партия;Ecologist Party;;;;;;;;;;;;x;;;;;;;;;;;;;;;;;;;;;;;;
UU1600_NMB_corporatism;Корпоративистская партия;Corporatist Party;;;;;;;;;;;;x;;;;;;;;;;;;;;;;;;;;;;;;
UU1600_NMB_cyber_autonomism;Партия киберавтономистов;Cyber-Autonomist Party;;;;;;;;;;;;x;;;;;;;;;;;;;;;;;;;;;;;;
UU1600_NAP_syndicalism;Синдикалистская партия;Syndicalist Party;;;;;;;;;;;;x;;;;;;;;;;;;;;;;;;;;;;;;
UU1600_NAP_militarism;Партия милитаристов;Militarist Party;;;;;;;;;;;;x;;;;;;;;;;;;;;;;;;;;;;;;
UU1600_NAP_ecologism;Экологическая партия;Ecologist Party;;;;;;;;;;;;x;;;;;;;;;;;;;;;;;;;;;;;;
UU1600_NAP_corporatism;Корпоративистская партия;Corporatist Party;;;;;;;;;;;;x;;;;;;;;;;;;;;;;;;;;;;;;
UU1600_NAP_cyber_autonomism;Партия киберавтономистов;Cyber-Autonomist Party;;;;;;;;;;;;x;;;;;;;;;;;;;;;;;;;;;;;;
UU1600_NAS_syndicalism;Синдикалистская партия;Syndicalist Party;;;;;;;;;;;;x;;;;;;;;;;;;;;;;;;;;;;;;
UU1600_NAS_militarism;Партия милитаристов;Militarist Party;;;;;;;;;;;;x;;;;;;;;;;;;;;;;;;;;;;;;
UU1600_NAS_ecologism;Экологическая партия;Ecologist Party;;;;;;;;;;;;x;;;;;;;;;;;;;;;;;;;;;;;;
UU1600_NAS_corporatism;Корпоративистская партия;Corporatist Party;;;;;;;;;;;;x;;;;;;;;;;;;;;;;;;;;;;;;
UU1600_NAS_cyber_autonomism;Партия киберавтономистов;Cyber-Autonomist Party;;;;;;;;;;;;x;;;;;;;;;;;;;;;;;;;;;;;;
UU1600_NAL_syndicalism;Синдикалистская партия;Syndicalist Party;;;;;;;;;;;;x;;;;;;;;;;;;;;;;;;;;;;;;
UU1600_NAL_militarism;Партия милитаристов;Militarist Party;;;;;;;;;;;;x;;;;;;;;;;;;;;;;;;;;;;;;
UU1600_NAL_ecologism;Экологическая партия;Ecologist Party;;;;;;;;;;;;x;;;;;;;;;;;;;;;;;;;;;;;;
UU1600_NAL_corporatism;Корпоративистская партия;Corporatist Party;;;;;;;;;;;;x;;;;;;;;;;;;;;;;;;;;;;;;
UU1600_NAL_cyber_autonomism;Партия киберавтономистов;Cyber-Autonomist Party;;;;;;;;;;;;x;;;;;;;;;;;;;;;;;;;;;;;;
UU1600_NCN_syndicalism;Синдикалистская партия;Syndicalist Party;;;;;;;;;;;;x;;;;;;;;;;;;;;;;;;;;;;;;
UU1600_NCN_militarism;Партия милитаристов;Militarist Party;;;;;;;;;;;;x;;;;;;;;;;;;;;;;;;;;;;;;
UU1600_NCN_ecologism;Экологическая партия;Ecologist Party;;;;;;;;;;;;x;;;;;;;;;;;;;;;;;;;;;;;;
UU1600_NCN_corporatism;Корпоративистская партия;Corporatist Party;;;;;;;;;;;;x;;;;;;;;;;;;;;;;;;;;;;;;
UU1600_NCN_cyber_autonomism;Партия киберавтономистов;Cyber-Autonomist Party;;;;;;;;;;;;x;;;;;;;;;;;;;;;;;;;;;;;;
UU1600_NBR_syndicalism;Синдикалистская партия;Syndicalist Party;;;;;;;;;;;;x;;;;;;;;;;;;;;;;;;;;;;;;
UU1600_NBR_militarism;Партия милитаристов;Militarist Party;;;;;;;;;;;;x;;;;;;;;;;;;;;;;;;;;;;;;
UU1600_NBR_ecologism;Экологическая партия;Ecologist Party;;;;;;;;;;;;x;;;;;;;;;;;;;;;;;;;;;;;;
UU1600_NBR_corporatism;Корпоративистская партия;Corporatist Party;;;;;;;;;;;;x;;;;;;;;;;;;;;;;;;;;;;;;
UU1600_NBR_cyber_autonomism;Партия киберавтономистов;Cyber-Autonomist Party;;;;;;;;;;;;x;;;;;;;;;;;;;;;;;;;;;;;;
UU1600_NEJ_syndicalism;Синдикалистская партия;Syndicalist Party;;;;;;;;;;;;x;;;;;;;;;;;;;;;;;;;;;;;;
UU1600_NEJ_militarism;Партия милитаристов;Militarist Party;;;;;;;;;;;;x;;;;;;;;;;;;;;;;;;;;;;;;
UU1600_NEJ_ecologism;Экологическая партия;Ecologist Party;;;;;;;;;;;;x;;;;;;;;;;;;;;;;;;;;;;;;
UU1600_NEJ_corporatism;Корпоративистская партия;Corporatist Party;;;;;;;;;;;;x;;;;;;;;;;;;;;;;;;;;;;;;
UU1600_NEJ_cyber_autonomism;Партия киберавтономистов;Cyber-Autonomist Party;;;;;;;;;;;;x;;;;;;;;;;;;;;;;;;;;;;;;
UU1600_NEP_syndicalism;Синдикалистская партия;Syndicalist Party;;;;;;;;;;;;x;;;;;;;;;;;;;;;;;;;;;;;;
UU1600_NEP_militarism;Партия милитаристов;Militarist Party;;;;;;;;;;;;x;;;;;;;;;;;;;;;;;;;;;;;;
UU1600_NEP_ecologism;Экологическая партия;Ecologist Party;;;;;;;;;;;;x;;;;;;;;;;;;;;;;;;;;;;;;
UU1600_NEP_corporatism;Корпоративистская партия;Corporatist Party;;;;;;;;;;;;x;;;;;;;;;;;;;;;;;;;;;;;;
UU1600_NEP_cyber_autonomism;Партия киберавтономистов;Cyber-Autonomist Party;;;;;;;;;;;;x;;;;;;;;;;;;;;;;;;;;;;;;
UU1600_NET_syndicalism;Синдикалистская партия;Syndicalist Party;;;;;;;;;;;;x;;;;;;;;;;;;;;;;;;;;;;;;
UU1600_NET_militarism;Партия милитаристов;Militarist Party;;;;;;;;;;;;x;;;;;;;;;;;;;;;;;;;;;;;;
UU1600_NET_ecologism;Экологическая партия;Ecologist Party;;;;;;;;;;;;x;;;;;;;;;;;;;;;;;;;;;;;;
UU1600_NET_corporatism;Корпоративистская партия;Corporatist Party;;;;;;;;;;;;x;;;;;;;;;;;;;;;;;;;;;;;;
UU1600_NET_cyber_autonomism;Партия киберавтономистов;Cyber-Autonomist Party;;;;;;;;;;;;x;;;;;;;;;;;;;;;;;;;;;;;;
UU1600_NBN_syndicalism;Синдикалистская партия;Syndicalist Party;;;;;;;;;;;;x;;;;;;;;;;;;;;;;;;;;;;;;
UU1600_NBN_militarism;Партия милитаристов;Militarist Party;;;;;;;;;;;;x;;;;;;;;;;;;;;;;;;;;;;;;
UU1600_NBN_ecologism;Экологическая партия;Ecologist Party;;;;;;;;;;;;x;;;;;;;;;;;;;;;;;;;;;;;;
UU1600_NBN_corporatism;Корпоративистская партия;Corporatist Party;;;;;;;;;;;;x;;;;;;;;;;;;;;;;;;;;;;;;
UU1600_NBN_cyber_autonomism;Партия киберавтономистов;Cyber-Autonomist Party;;;;;;;;;;;;x;;;;;;;;;;;;;;;;;;;;;;;;
UU1600_NEN_syndicalism;Синдикалистская партия;Syndicalist Party;;;;;;;;;;;;x;;;;;;;;;;;;;;;;;;;;;;;;
UU1600_NEN_militarism;Партия милитаристов;Militarist Party;;;;;;;;;;;;x;;;;;;;;;;;;;;;;;;;;;;;;
UU1600_NEN_ecologism;Экологическая партия;Ecologist Party;;;;;;;;;;;;x;;;;;;;;;;;;;;;;;;;;;;;;
UU1600_NEN_corporatism;Корпоративистская партия;Corporatist Party;;;;;;;;;;;;x;;;;;;;;;;;;;;;;;;;;;;;;
UU1600_NEN_cyber_autonomism;Партия киберавтономистов;Cyber-Autonomist Party;;;;;;;;;;;;x;;;;;;;;;;;;;;;;;;;;;;;;
UU1600_NZL_syndicalism;Синдикалистская партия;Syndicalist Party;;;;;;;;;;;;x;;;;;;;;;;;;;;;;;;;;;;;;
UU1600_NZL_militarism;Партия милитаристов;Militarist Party;;;;;;;;;;;;x;;;;;;;;;;;;;;;;;;;;;;;;
UU1600_NZL_ecologism;Экологическая партия;Ecologist Party;;;;;;;;;;;;x;;;;;;;;;;;;;;;;;;;;;;;;
UU1600_NZL_corporatism;Корпоративистская партия;Corporatist Party;;;;;;;;;;;;x;;;;;;;;;;;;;;;;;;;;;;;;
UU1600_NZL_cyber_autonomism;Партия киберавтономистов;Cyber-Autonomist Party;;;;;;;;;;;;x;;;;;;;;;;;;;;;;;;;;;;;;
UU1600_NEW_syndicalism;Синдикалистская партия;Syndicalist Party;;;;;;;;;;;;x;;;;;;;;;;;;;;;;;;;;;;;;
UU1600_NEW_militarism;Партия милитаристов;Militarist Party;;;;;;;;;;;;x;;;;;;;;;;;;;;;;;;;;;;;;
UU1600_NEW_ecologism;Экологическая партия;Ecologist Party;;;;;;;;;;;;x;;;;;;;;;;;;;;;;;;;;;;;;
UU1600_NEW_corporatism;Корпоративистская партия;Corporatist Party;;;;;;;;;;;;x;;;;;;;;;;;;;;;;;;;;;;;;
UU1600_NEW_cyber_autonomism;Партия киберавтономистов;Cyber-Autonomist Party;;;;;;;;;;;;x;;;;;;;;;;;;;;;;;;;;;;;;
UU1600_NIC_syndicalism;Синдикалистская партия;Syndicalist Party;;;;;;;;;;;;x;;;;;;;;;;;;;;;;;;;;;;;;
UU1600_NIC_militarism;Партия милитаристов;Militarist Party;;;;;;;;;;;;x;;;;;;;;;;;;;;;;;;;;;;;;
UU1600_NIC_ecologism;Экологическая партия;Ecologist Party;;;;;;;;;;;;x;;;;;;;;;;;;;;;;;;;;;;;;
UU1600_NIC_corporatism;Корпоративистская партия;Corporatist Party;;;;;;;;;;;;x;;;;;;;;;;;;;;;;;;;;;;;;
UU1600_NIC_cyber_autonomism;Партия киберавтономистов;Cyber-Autonomist Party;;;;;;;;;;;;x;;;;;;;;;;;;;;;;;;;;;;;;
UU1600_NGR_syndicalism;Синдикалистская партия;Syndicalist Party;;;;;;;;;;;;x;;;;;;;;;;;;;;;;;;;;;;;;
UU1600_NGR_militarism;Партия милитаристов;Militarist Party;;;;;;;;;;;;x;;;;;;;;;;;;;;;;;;;;;;;;
UU1600_NGR_ecologism;Экологическая партия;Ecologist Party;;;;;;;;;;;;x;;;;;;;;;;;;;;;;;;;;;;;;
UU1600_NGR_corporatism;Корпоративистская партия;Corporatist Party;;;;;;;;;;;;x;;;;;;;;;;;;;;;;;;;;;;;;
UU1600_NGR_cyber_autonomism;Партия киберавтономистов;Cyber-Autonomist Party;;;;;;;;;;;;x;;;;;;;;;;;;;;;;;;;;;;;;
UU1600_NGA_syndicalism;Синдикалистская партия;Syndicalist Party;;;;;;;;;;;;x;;;;;;;;;;;;;;;;;;;;;;;;
UU1600_NGA_militarism;Партия милитаристов;Militarist Party;;;;;;;;;;;;x;;;;;;;;;;;;;;;;;;;;;;;;
UU1600_NGA_ecologism;Экологическая партия;Ecologist Party;;;;;;;;;;;;x;;;;;;;;;;;;;;;;;;;;;;;;
UU1600_NGA_corporatism;Корпоративистская партия;Corporatist Party;;;;;;;;;;;;x;;;;;;;;;;;;;;;;;;;;;;;;
UU1600_NGA_cyber_autonomism;Партия киберавтономистов;Cyber-Autonomist Party;;;;;;;;;;;;x;;;;;;;;;;;;;;;;;;;;;;;;
UU1600_NGF_syndicalism;Синдикалистская партия;Syndicalist Party;;;;;;;;;;;;x;;;;;;;;;;;;;;;;;;;;;;;;
UU1600_NGF_militarism;Партия милитаристов;Militarist Party;;;;;;;;;;;;x;;;;;;;;;;;;;;;;;;;;;;;;
UU1600_NGF_ecologism;Экологическая партия;Ecologist Party;;;;;;;;;;;;x;;;;;;;;;;;;;;;;;;;;;;;;
UU1600_NGF_corporatism;Корпоративистская партия;Corporatist Party;;;;;;;;;;;;x;;;;;;;;;;;;;;;;;;;;;;;;
UU1600_NGF_cyber_autonomism;Партия киберавтономистов;Cyber-Autonomist Party;;;;;;;;;;;;x;;;;;;;;;;;;;;;;;;;;;;;;
UU1600_NKA_syndicalism;Синдикалистская партия;Syndicalist Party;;;;;;;;;;;;x;;;;;;;;;;;;;;;;;;;;;;;;
UU1600_NKA_militarism;Партия милитаристов;Militarist Party;;;;;;;;;;;;x;;;;;;;;;;;;;;;;;;;;;;;;
UU1600_NKA_ecologism;Экологическая партия;Ecologist Party;;;;;;;;;;;;x;;;;;;;;;;;;;;;;;;;;;;;;
UU1600_NKA_corporatism;Корпоративистская партия;Corporatist Party;;;;;;;;;;;;x;;;;;;;;;;;;;;;;;;;;;;;;
UU1600_NKA_cyber_autonomism;Партия киберавтономистов;Cyber-Autonomist Party;;;;;;;;;;;;x;;;;;;;;;;;;;;;;;;;;;;;;
UU1600_NRI_syndicalism;Синдикалистская партия;Syndicalist Party;;;;;;;;;;;;x;;;;;;;;;;;;;;;;;;;;;;;;
UU1600_NRI_militarism;Партия милитаристов;Militarist Party;;;;;;;;;;;;x;;;;;;;;;;;;;;;;;;;;;;;;
UU1600_NRI_ecologism;Экологическая партия;Ecologist Party;;;;;;;;;;;;x;;;;;;;;;;;;;;;;;;;;;;;;
UU1600_NRI_corporatism;Корпоративистская партия;Corporatist Party;;;;;;;;;;;;x;;;;;;;;;;;;;;;;;;;;;;;;
UU1600_NRI_cyber_autonomism;Партия киберавтономистов;Cyber-Autonomist Party;;;;;;;;;;;;x;;;;;;;;;;;;;;;;;;;;;;;;
UU1600_NRT_syndicalism;Синдикалистская партия;Syndicalist Party;;;;;;;;;;;;x;;;;;;;;;;;;;;;;;;;;;;;;
UU1600_NRT_militarism;Партия милитаристов;Militarist Party;;;;;;;;;;;;x;;;;;;;;;;;;;;;;;;;;;;;;
UU1600_NRT_ecologism;Экологическая партия;Ecologist Party;;;;;;;;;;;;x;;;;;;;;;;;;;;;;;;;;;;;;
UU1600_NRT_corporatism;Корпоративистская партия;Corporatist Party;;;;;;;;;;;;x;;;;;;;;;;;;;;;;;;;;;;;;
UU1600_NRT_cyber_autonomism;Партия киберавтономистов;Cyber-Autonomist Party;;;;;;;;;;;;x;;;;;;;;;;;;;;;;;;;;;;;;
UU1600_NOR_syndicalism;Синдикалистская партия;Syndicalist Party;;;;;;;;;;;;x;;;;;;;;;;;;;;;;;;;;;;;;
UU1600_NOR_militarism;Партия милитаристов;Militarist Party;;;;;;;;;;;;x;;;;;;;;;;;;;;;;;;;;;;;;
UU1600_NOR_ecologism;Экологическая партия;Ecologist Party;;;;;;;;;;;;x;;;;;;;;;;;;;;;;;;;;;;;;
UU1600_NOR_corporatism;Корпоративистская партия;Corporatist Party;;;;;;;;;;;;x;;;;;;;;;;;;;;;;;;;;;;;;
UU1600_NOR_cyber_autonomism;Партия киберавтономистов;Cyber-Autonomist Party;;;;;;;;;;;;x;;;;;;;;;;;;;;;;;;;;;;;;
UU1600_KNR_syndicalism;Синдикалистская партия;Syndicalist Party;;;;;;;;;;;;x;;;;;;;;;;;;;;;;;;;;;;;;
UU1600_KNR_militarism;Партия милитаристов;Militarist Party;;;;;;;;;;;;x;;;;;;;;;;;;;;;;;;;;;;;;
UU1600_KNR_ecologism;Экологическая партия;Ecologist Party;;;;;;;;;;;;x;;;;;;;;;;;;;;;;;;;;;;;;
UU1600_KNR_corporatism;Корпоративистская партия;Corporatist Party;;;;;;;;;;;;x;;;;;;;;;;;;;;;;;;;;;;;;
UU1600_KNR_cyber_autonomism;Партия киберавтономистов;Cyber-Autonomist Party;;;;;;;;;;;;x;;;;;;;;;;;;;;;;;;;;;;;;
UU1600_NRM_syndicalism;Синдикалистская партия;Syndicalist Party;;;;;;;;;;;;x;;;;;;;;;;;;;;;;;;;;;;;;
UU1600_NRM_militarism;Партия милитаристов;Militarist Party;;;;;;;;;;;;x;;;;;;;;;;;;;;;;;;;;;;;;
UU1600_NRM_ecologism;Экологическая партия;Ecologist Party;;;;;;;;;;;;x;;;;;;;;;;;;;;;;;;;;;;;;
UU1600_NRM_corporatism;Корпоративистская партия;Corporatist Party;;;;;;;;;;;;x;;;;;;;;;;;;;;;;;;;;;;;;
UU1600_NRM_cyber_autonomism;Партия киберавтономистов;Cyber-Autonomist Party;;;;;;;;;;;;x;;;;;;;;;;;;;;;;;;;;;;;;
UU1600_OIR_syndicalism;Синдикалистская партия;Syndicalist Party;;;;;;;;;;;;x;;;;;;;;;;;;;;;;;;;;;;;;
UU1600_OIR_militarism;Партия милитаристов;Militarist Party;;;;;;;;;;;;x;;;;;;;;;;;;;;;;;;;;;;;;
UU1600_OIR_ecologism;Экологическая партия;Ecologist Party;;;;;;;;;;;;x;;;;;;;;;;;;;;;;;;;;;;;;
UU1600_OIR_corporatism;Корпоративистская партия;Corporatist Party;;;;;;;;;;;;x;;;;;;;;;;;;;;;;;;;;;;;;
UU1600_OIR_cyber_autonomism;Партия киберавтономистов;Cyber-Autonomist Party;;;;;;;;;;;;x;;;;;;;;;;;;;;;;;;;;;;;;
UU1600_OLD_syndicalism;Синдикалистская партия;Syndicalist Party;;;;;;;;;;;;x;;;;;;;;;;;;;;;;;;;;;;;;
UU1600_OLD_militarism;Партия милитаристов;Militarist Party;;;;;;;;;;;;x;;;;;;;;;;;;;;;;;;;;;;;;
UU1600_OLD_ecologism;Экологическая партия;Ecologist Party;;;;;;;;;;;;x;;;;;;;;;;;;;;;;;;;;;;;;
UU1600_OLD_corporatism;Корпоративистская партия;Corporatist Party;;;;;;;;;;;;x;;;;;;;;;;;;;;;;;;;;;;;;
UU1600_OLD_cyber_autonomism;Партия киберавтономистов;Cyber-Autonomist Party;;;;;;;;;;;;x;;;;;;;;;;;;;;;;;;;;;;;;
UU1600_OMA_syndicalism;Синдикалистская партия;Syndicalist Party;;;;;;;;;;;;x;;;;;;;;;;;;;;;;;;;;;;;;
UU1600_OMA_militarism;Партия милитаристов;Militarist Party;;;;;;;;;;;;x;;;;;;;;;;;;;;;;;;;;;;;;
UU1600_OMA_ecologism;Экологическая партия;Ecologist Party;;;;;;;;;;;;x;;;;;;;;;;;;;;;;;;;;;;;;
UU1600_OMA_corporatism;Корпоративистская партия;Corporatist Party;;;;;;;;;;;;x;;;;;;;;;;;;;;;;;;;;;;;;
UU1600_OMA_cyber_autonomism;Партия киберавтономистов;Cyber-Autonomist Party;;;;;;;;;;;;x;;;;;;;;;;;;;;;;;;;;;;;;
UU1600_ONT_syndicalism;Синдикалистская партия;Syndicalist Party;;;;;;;;;;;;x;;;;;;;;;;;;;;;;;;;;;;;;
UU1600_ONT_militarism;Партия милитаристов;Militarist Party;;;;;;;;;;;;x;;;;;;;;;;;;;;;;;;;;;;;;
UU1600_ONT_ecologism;Экологическая партия;Ecologist Party;;;;;;;;;;;;x;;;;;;;;;;;;;;;;;;;;;;;;
UU1600_ONT_corporatism;Корпоративистская партия;Corporatist Party;;;;;;;;;;;;x;;;;;;;;;;;;;;;;;;;;;;;;
UU1600_ONT_cyber_autonomism;Партия киберавтономистов;Cyber-Autonomist Party;;;;;;;;;;;;x;;;;;;;;;;;;;;;;;;;;;;;;
UU1600_ORA_syndicalism;Синдикалистская партия;Syndicalist Party;;;;;;;;;;;;x;;;;;;;;;;;;;;;;;;;;;;;;
UU1600_ORA_militarism;Партия милитаристов;Militarist Party;;;;;;;;;;;;x;;;;;;;;;;;;;;;;;;;;;;;;
UU1600_ORA_ecologism;Экологическая партия;Ecologist Party;;;;;;;;;;;;x;;;;;;;;;;;;;;;;;;;;;;;;
UU1600_ORA_corporatism;Корпоративистская партия;Corporatist Party;;;;;;;;;;;;x;;;;;;;;;;;;;;;;;;;;;;;;
UU1600_ORA_cyber_autonomism;Партия киберавтономистов;Cyber-Autonomist Party;;;;;;;;;;;;x;;;;;;;;;;;;;;;;;;;;;;;;
UU1600_ORI_syndicalism;Синдикалистская партия;Syndicalist Party;;;;;;;;;;;;x;;;;;;;;;;;;;;;;;;;;;;;;
UU1600_ORI_militarism;Партия милитаристов;Militarist Party;;;;;;;;;;;;x;;;;;;;;;;;;;;;;;;;;;;;;
UU1600_ORI_ecologism;Экологическая партия;Ecologist Party;;;;;;;;;;;;x;;;;;;;;;;;;;;;;;;;;;;;;
UU1600_ORI_corporatism;Корпоративистская партия;Corporatist Party;;;;;;;;;;;;x;;;;;;;;;;;;;;;;;;;;;;;;
UU1600_ORI_cyber_autonomism;Партия киберавтономистов;Cyber-Autonomist Party;;;;;;;;;;;;x;;;;;;;;;;;;;;;;;;;;;;;;
UU1600_OSN_syndicalism;Синдикалистская партия;Syndicalist Party;;;;;;;;;;;;x;;;;;;;;;;;;;;;;;;;;;;;;
UU1600_OSN_militarism;Партия милитаристов;Militarist Party;;;;;;;;;;;;x;;;;;;;;;;;;;;;;;;;;;;;;
UU1600_OSN_ecologism;Экологическая партия;Ecologist Party;;;;;;;;;;;;x;;;;;;;;;;;;;;;;;;;;;;;;
UU1600_OSN_corporatism;Корпоративистская партия;Corporatist Party;;;;;;;;;;;;x;;;;;;;;;;;;;;;;;;;;;;;;
UU1600_OSN_cyber_autonomism;Партия киберавтономистов;Cyber-Autonomist Party;;;;;;;;;;;;x;;;;;;;;;;;;;;;;;;;;;;;;
UU1600_TUR_syndicalism;Синдикалистская партия;Syndicalist Party;;;;;;;;;;;;x;;;;;;;;;;;;;;;;;;;;;;;;
UU1600_TUR_militarism;Партия милитаристов;Militarist Party;;;;;;;;;;;;x;;;;;;;;;;;;;;;;;;;;;;;;
UU1600_TUR_ecologism;Экологическая партия;Ecologist Party;;;;;;;;;;;;x;;;;;;;;;;;;;;;;;;;;;;;;
UU1600_TUR_corporatism;Корпоративистская партия;Corporatist Party;;;;;;;;;;;;x;;;;;;;;;;;;;;;;;;;;;;;;
UU1600_TUR_cyber_autonomism;Партия киберавтономистов;Cyber-Autonomist Party;;;;;;;;;;;;x;;;;;;;;;;;;;;;;;;;;;;;;
UU1600_OYO_syndicalism;Синдикалистская партия;Syndicalist Party;;;;;;;;;;;;x;;;;;;;;;;;;;;;;;;;;;;;;
UU1600_OYO_militarism;Партия милитаристов;Militarist Party;;;;;;;;;;;;x;;;;;;;;;;;;;;;;;;;;;;;;
UU1600_OYO_ecologism;Экологическая партия;Ecologist Party;;;;;;;;;;;;x;;;;;;;;;;;;;;;;;;;;;;;;
UU1600_OYO_corporatism;Корпоративистская партия;Corporatist Party;;;;;;;;;;;;x;;;;;;;;;;;;;;;;;;;;;;;;
UU1600_OYO_cyber_autonomism;Партия киберавтономистов;Cyber-Autonomist Party;;;;;;;;;;;;x;;;;;;;;;;;;;;;;;;;;;;;;
UU1600_PRM_syndicalism;Синдикалистская партия;Syndicalist Party;;;;;;;;;;;;x;;;;;;;;;;;;;;;;;;;;;;;;
UU1600_PRM_militarism;Партия милитаристов;Militarist Party;;;;;;;;;;;;x;;;;;;;;;;;;;;;;;;;;;;;;
UU1600_PRM_ecologism;Экологическая партия;Ecologist Party;;;;;;;;;;;;x;;;;;;;;;;;;;;;;;;;;;;;;
UU1600_PRM_corporatism;Корпоративистская партия;Corporatist Party;;;;;;;;;;;;x;;;;;;;;;;;;;;;;;;;;;;;;
UU1600_PRM_cyber_autonomism;Партия киберавтономистов;Cyber-Autonomist Party;;;;;;;;;;;;x;;;;;;;;;;;;;;;;;;;;;;;;
UU1600_PSC_syndicalism;Синдикалистская партия;Syndicalist Party;;;;;;;;;;;;x;;;;;;;;;;;;;;;;;;;;;;;;
UU1600_PSC_militarism;Партия милитаристов;Militarist Party;;;;;;;;;;;;x;;;;;;;;;;;;;;;;;;;;;;;;
UU1600_PSC_ecologism;Экологическая партия;Ecologist Party;;;;;;;;;;;;x;;;;;;;;;;;;;;;;;;;;;;;;
UU1600_PSC_corporatism;Корпоративистская партия;Corporatist Party;;;;;;;;;;;;x;;;;;;;;;;;;;;;;;;;;;;;;
UU1600_PSC_cyber_autonomism;Партия киберавтономистов;Cyber-Autonomist Party;;;;;;;;;;;;x;;;;;;;;;;;;;;;;;;;;;;;;
UU1600_PAK_syndicalism;Синдикалистская партия;Syndicalist Party;;;;;;;;;;;;x;;;;;;;;;;;;;;;;;;;;;;;;
UU1600_PAK_militarism;Партия милитаристов;Militarist Party;;;;;;;;;;;;x;;;;;;;;;;;;;;;;;;;;;;;;
UU1600_PAK_ecologism;Экологическая партия;Ecologist Party;;;;;;;;;;;;x;;;;;;;;;;;;;;;;;;;;;;;;
UU1600_PAK_corporatism;Корпоративистская партия;Corporatist Party;;;;;;;;;;;;x;;;;;;;;;;;;;;;;;;;;;;;;
UU1600_PAK_cyber_autonomism;Партия киберавтономистов;Cyber-Autonomist Party;;;;;;;;;;;;x;;;;;;;;;;;;;;;;;;;;;;;;
UU1600_PLT_syndicalism;Синдикалистская партия;Syndicalist Party;;;;;;;;;;;;x;;;;;;;;;;;;;;;;;;;;;;;;
UU1600_PLT_militarism;Партия милитаристов;Militarist Party;;;;;;;;;;;;x;;;;;;;;;;;;;;;;;;;;;;;;
UU1600_PLT_ecologism;Экологическая партия;Ecologist Party;;;;;;;;;;;;x;;;;;;;;;;;;;;;;;;;;;;;;
UU1600_PLT_corporatism;Корпоративистская партия;Corporatist Party;;;;;;;;;;;;x;;;;;;;;;;;;;;;;;;;;;;;;
UU1600_PLT_cyber_autonomism;Партия киберавтономистов;Cyber-Autonomist Party;;;;;;;;;;;;x;;;;;;;;;;;;;;;;;;;;;;;;
UU1600_PAL_syndicalism;Синдикалистская партия;Syndicalist Party;;;;;;;;;;;;x;;;;;;;;;;;;;;;;;;;;;;;;
UU1600_PAL_militarism;Партия милитаристов;Militarist Party;;;;;;;;;;;;x;;;;;;;;;;;;;;;;;;;;;;;;
UU1600_PAL_ecologism;Экологическая партия;Ecologist Party;;;;;;;;;;;;x;;;;;;;;;;;;;;;;;;;;;;;;
UU1600_PAL_corporatism;Корпоративистская партия;Corporatist Party;;;;;;;;;;;;x;;;;;;;;;;;;;;;;;;;;;;;;
UU1600_PAL_cyber_autonomism;Партия киберавтономистов;Cyber-Autonomist Party;;;;;;;;;;;;x;;;;;;;;;;;;;;;;;;;;;;;;
UU1600_PNM_syndicalism;Синдикалистская партия;Syndicalist Party;;;;;;;;;;;;x;;;;;;;;;;;;;;;;;;;;;;;;
UU1600_PNM_militarism;Партия милитаристов;Militarist Party;;;;;;;;;;;;x;;;;;;;;;;;;;;;;;;;;;;;;
UU1600_PNM_ecologism;Экологическая партия;Ecologist Party;;;;;;;;;;;;x;;;;;;;;;;;;;;;;;;;;;;;;
UU1600_PNM_corporatism;Корпоративистская партия;Corporatist Party;;;;;;;;;;;;x;;;;;;;;;;;;;;;;;;;;;;;;
UU1600_PNM_cyber_autonomism;Партия киберавтономистов;Cyber-Autonomist Party;;;;;;;;;;;;x;;;;;;;;;;;;;;;;;;;;;;;;
UU1600_PAN_syndicalism;Синдикалистская партия;Syndicalist Party;;;;;;;;;;;;x;;;;;;;;;;;;;;;;;;;;;;;;
UU1600_PAN_militarism;Партия милитаристов;Militarist Party;;;;;;;;;;;;x;;;;;;;;;;;;;;;;;;;;;;;;
UU1600_PAN_ecologism;Экологическая партия;Ecologist Party;;;;;;;;;;;;x;;;;;;;;;;;;;;;;;;;;;;;;
UU1600_PAN_corporatism;Корпоративистская партия;Corporatist Party;;;;;;;;;;;;x;;;;;;;;;;;;;;;;;;;;;;;;
UU1600_PAN_cyber_autonomism;Партия киберавтономистов;Cyber-Autonomist Party;;;;;;;;;;;;x;;;;;;;;;;;;;;;;;;;;;;;;
UU1600_PAP_syndicalism;Синдикалистская партия;Syndicalist Party;;;;;;;;;;;;x;;;;;;;;;;;;;;;;;;;;;;;;
UU1600_PAP_militarism;Партия милитаристов;Militarist Party;;;;;;;;;;;;x;;;;;;;;;;;;;;;;;;;;;;;;
UU1600_PAP_ecologism;Экологическая партия;Ecologist Party;;;;;;;;;;;;x;;;;;;;;;;;;;;;;;;;;;;;;
UU1600_PAP_corporatism;Корпоративистская партия;Corporatist Party;;;;;;;;;;;;x;;;;;;;;;;;;;;;;;;;;;;;;
UU1600_PAP_cyber_autonomism;Партия киберавтономистов;Cyber-Autonomist Party;;;;;;;;;;;;x;;;;;;;;;;;;;;;;;;;;;;;;
UU1600_PNG_syndicalism;Синдикалистская партия;Syndicalist Party;;;;;;;;;;;;x;;;;;;;;;;;;;;;;;;;;;;;;
UU1600_PNG_militarism;Партия милитаристов;Militarist Party;;;;;;;;;;;;x;;;;;;;;;;;;;;;;;;;;;;;;
UU1600_PNG_ecologism;Экологическая партия;Ecologist Party;;;;;;;;;;;;x;;;;;;;;;;;;;;;;;;;;;;;;
UU1600_PNG_corporatism;Корпоративистская партия;Corporatist Party;;;;;;;;;;;;x;;;;;;;;;;;;;;;;;;;;;;;;
UU1600_PNG_cyber_autonomism;Партия киберавтономистов;Cyber-Autonomist Party;;;;;;;;;;;;x;;;;;;;;;;;;;;;;;;;;;;;;
UU1600_PRG_syndicalism;Синдикалистская партия;Syndicalist Party;;;;;;;;;;;;x;;;;;;;;;;;;;;;;;;;;;;;;
UU1600_PRG_militarism;Партия милитаристов;Militarist Party;;;;;;;;;;;;x;;;;;;;;;;;;;;;;;;;;;;;;
UU1600_PRG_ecologism;Экологическая партия;Ecologist Party;;;;;;;;;;;;x;;;;;;;;;;;;;;;;;;;;;;;;
UU1600_PRG_corporatism;Корпоративистская партия;Corporatist Party;;;;;;;;;;;;x;;;;;;;;;;;;;;;;;;;;;;;;
UU1600_PRG_cyber_autonomism;Партия киберавтономистов;Cyber-Autonomist Party;;;;;;;;;;;;x;;;;;;;;;;;;;;;;;;;;;;;;
UU1600_PAR_syndicalism;Синдикалистская партия;Syndicalist Party;;;;;;;;;;;;x;;;;;;;;;;;;;;;;;;;;;;;;
UU1600_PAR_militarism;Партия милитаристов;Militarist Party;;;;;;;;;;;;x;;;;;;;;;;;;;;;;;;;;;;;;
UU1600_PAR_ecologism;Экологическая партия;Ecologist Party;;;;;;;;;;;;x;;;;;;;;;;;;;;;;;;;;;;;;
UU1600_PAR_corporatism;Корпоративистская партия;Corporatist Party;;;;;;;;;;;;x;;;;;;;;;;;;;;;;;;;;;;;;
UU1600_PAR_cyber_autonomism;Партия киберавтономистов;Cyber-Autonomist Party;;;;;;;;;;;;x;;;;;;;;;;;;;;;;;;;;;;;;
UU1600_PEG_syndicalism;Синдикалистская партия;Syndicalist Party;;;;;;;;;;;;x;;;;;;;;;;;;;;;;;;;;;;;;
UU1600_PEG_militarism;Партия милитаристов;Militarist Party;;;;;;;;;;;;x;;;;;;;;;;;;;;;;;;;;;;;;
UU1600_PEG_ecologism;Экологическая партия;Ecologist Party;;;;;;;;;;;;x;;;;;;;;;;;;;;;;;;;;;;;;
UU1600_PEG_corporatism;Корпоративистская партия;Corporatist Party;;;;;;;;;;;;x;;;;;;;;;;;;;;;;;;;;;;;;
UU1600_PEG_cyber_autonomism;Партия киберавтономистов;Cyber-Autonomist Party;;;;;;;;;;;;x;;;;;;;;;;;;;;;;;;;;;;;;
UU1600_PER_syndicalism;Синдикалистская партия;Syndicalist Party;;;;;;;;;;;;x;;;;;;;;;;;;;;;;;;;;;;;;
UU1600_PER_militarism;Партия милитаристов;Militarist Party;;;;;;;;;;;;x;;;;;;;;;;;;;;;;;;;;;;;;
UU1600_PER_ecologism;Экологическая партия;Ecologist Party;;;;;;;;;;;;x;;;;;;;;;;;;;;;;;;;;;;;;
UU1600_PER_corporatism;Корпоративистская партия;Corporatist Party;;;;;;;;;;;;x;;;;;;;;;;;;;;;;;;;;;;;;
UU1600_PER_cyber_autonomism;Партия киберавтономистов;Cyber-Autonomist Party;;;;;;;;;;;;x;;;;;;;;;;;;;;;;;;;;;;;;
UU1600_PBC_syndicalism;Синдикалистская партия;Syndicalist Party;;;;;;;;;;;;x;;;;;;;;;;;;;;;;;;;;;;;;
UU1600_PBC_militarism;Партия милитаристов;Militarist Party;;;;;;;;;;;;x;;;;;;;;;;;;;;;;;;;;;;;;
UU1600_PBC_ecologism;Экологическая партия;Ecologist Party;;;;;;;;;;;;x;;;;;;;;;;;;;;;;;;;;;;;;
UU1600_PBC_corporatism;Корпоративистская партия;Corporatist Party;;;;;;;;;;;;x;;;;;;;;;;;;;;;;;;;;;;;;
UU1600_PBC_cyber_autonomism;Партия киберавтономистов;Cyber-Autonomist Party;;;;;;;;;;;;x;;;;;;;;;;;;;;;;;;;;;;;;
UU1600_PEU_syndicalism;Синдикалистская партия;Syndicalist Party;;;;;;;;;;;;x;;;;;;;;;;;;;;;;;;;;;;;;
UU1600_PEU_militarism;Партия милитаристов;Militarist Party;;;;;;;;;;;;x;;;;;;;;;;;;;;;;;;;;;;;;
UU1600_PEU_ecologism;Экологическая партия;Ecologist Party;;;;;;;;;;;;x;;;;;;;;;;;;;;;;;;;;;;;;
UU1600_PEU_corporatism;Корпоративистская партия;Corporatist Party;;;;;;;;;;;;x;;;;;;;;;;;;;;;;;;;;;;;;
UU1600_PEU_cyber_autonomism;Партия киберавтономистов;Cyber-Autonomist Party;;;;;;;;;;;;x;;;;;;;;;;;;;;;;;;;;;;;;
UU1600_PHI_syndicalism;Синдикалистская партия;Syndicalist Party;;;;;;;;;;;;x;;;;;;;;;;;;;;;;;;;;;;;;
UU1600_PHI_militarism;Партия милитаристов;Militarist Party;;;;;;;;;;;;x;;;;;;;;;;;;;;;;;;;;;;;;
UU1600_PHI_ecologism;Экологическая партия;Ecologist Party;;;;;;;;;;;;x;;;;;;;;;;;;;;;;;;;;;;;;
UU1600_PHI_corporatism;Корпоративистская партия;Corporatist Party;;;;;;;;;;;;x;;;;;;;;;;;;;;;;;;;;;;;;
UU1600_PHI_cyber_autonomism;Партия киберавтономистов;Cyber-Autonomist Party;;;;;;;;;;;;x;;;;;;;;;;;;;;;;;;;;;;;;
UU1600_PLC_syndicalism;Синдикалистская партия;Syndicalist Party;;;;;;;;;;;;x;;;;;;;;;;;;;;;;;;;;;;;;
UU1600_PLC_militarism;Партия милитаристов;Militarist Party;;;;;;;;;;;;x;;;;;;;;;;;;;;;;;;;;;;;;
UU1600_PLC_ecologism;Экологическая партия;Ecologist Party;;;;;;;;;;;;x;;;;;;;;;;;;;;;;;;;;;;;;
UU1600_PLC_corporatism;Корпоративистская партия;Corporatist Party;;;;;;;;;;;;x;;;;;;;;;;;;;;;;;;;;;;;;
UU1600_PLC_cyber_autonomism;Партия киберавтономистов;Cyber-Autonomist Party;;;;;;;;;;;;x;;;;;;;;;;;;;;;;;;;;;;;;
UU1600_POL_syndicalism;Синдикалистская партия;Syndicalist Party;;;;;;;;;;;;x;;;;;;;;;;;;;;;;;;;;;;;;
UU1600_POL_militarism;Партия милитаристов;Militarist Party;;;;;;;;;;;;x;;;;;;;;;;;;;;;;;;;;;;;;
UU1600_POL_ecologism;Экологическая партия;Ecologist Party;;;;;;;;;;;;x;;;;;;;;;;;;;;;;;;;;;;;;
UU1600_POL_corporatism;Корпоративистская партия;Corporatist Party;;;;;;;;;;;;x;;;;;;;;;;;;;;;;;;;;;;;;
UU1600_POL_cyber_autonomism;Партия киберавтономистов;Cyber-Autonomist Party;;;;;;;;;;;;x;;;;;;;;;;;;;;;;;;;;;;;;
UU1600_PMR_syndicalism;Синдикалистская партия;Syndicalist Party;;;;;;;;;;;;x;;;;;;;;;;;;;;;;;;;;;;;;
UU1600_PMR_militarism;Партия милитаристов;Militarist Party;;;;;;;;;;;;x;;;;;;;;;;;;;;;;;;;;;;;;
UU1600_PMR_ecologism;Экологическая партия;Ecologist Party;;;;;;;;;;;;x;;;;;;;;;;;;;;;;;;;;;;;;
UU1600_PMR_corporatism;Корпоративистская партия;Corporatist Party;;;;;;;;;;;;x;;;;;;;;;;;;;;;;;;;;;;;;
UU1600_PMR_cyber_autonomism;Партия киберавтономистов;Cyber-Autonomist Party;;;;;;;;;;;;x;;;;;;;;;;;;;;;;;;;;;;;;
UU1600_PML_syndicalism;Синдикалистская партия;Syndicalist Party;;;;;;;;;;;;x;;;;;;;;;;;;;;;;;;;;;;;;
UU1600_PML_militarism;Партия милитаристов;Militarist Party;;;;;;;;;;;;x;;;;;;;;;;;;;;;;;;;;;;;;
UU1600_PML_ecologism;Экологическая партия;Ecologist Party;;;;;;;;;;;;x;;;;;;;;;;;;;;;;;;;;;;;;
UU1600_PML_corporatism;Корпоративистская партия;Corporatist Party;;;;;;;;;;;;x;;;;;;;;;;;;;;;;;;;;;;;;
UU1600_PML_cyber_autonomism;Партия киберавтономистов;Cyber-Autonomist Party;;;;;;;;;;;;x;;;;;;;;;;;;;;;;;;;;;;;;
UU1600_PTK_syndicalism;Синдикалистская партия;Syndicalist Party;;;;;;;;;;;;x;;;;;;;;;;;;;;;;;;;;;;;;
UU1600_PTK_militarism;Партия милитаристов;Militarist Party;;;;;;;;;;;;x;;;;;;;;;;;;;;;;;;;;;;;;
UU1600_PTK_ecologism;Экологическая партия;Ecologist Party;;;;;;;;;;;;x;;;;;;;;;;;;;;;;;;;;;;;;
UU1600_PTK_corporatism;Корпоративистская партия;Corporatist Party;;;;;;;;;;;;x;;;;;;;;;;;;;;;;;;;;;;;;
UU1600_PTK_cyber_autonomism;Партия киберавтономистов;Cyber-Autonomist Party;;;;;;;;;;;;x;;;;;;;;;;;;;;;;;;;;;;;;
UU1600_POR_syndicalism;Синдикалистская партия;Syndicalist Party;;;;;;;;;;;;x;;;;;;;;;;;;;;;;;;;;;;;;
UU1600_POR_militarism;Партия милитаристов;Militarist Party;;;;;;;;;;;;x;;;;;;;;;;;;;;;;;;;;;;;;
UU1600_POR_ecologism;Экологическая партия;Ecologist Party;;;;;;;;;;;;x;;;;;;;;;;;;;;;;;;;;;;;;
UU1600_POR_corporatism;Корпоративистская партия;Corporatist Party;;;;;;;;;;;;x;;;;;;;;;;;;;;;;;;;;;;;;
UU1600_POR_cyber_autonomism;Партия киберавтономистов;Cyber-Autonomist Party;;;;;;;;;;;;x;;;;;;;;;;;;;;;;;;;;;;;;
UU1600_POW_syndicalism;Союз промысловых общин поватанов;Syndicate of the Powhatan Communities;;;;;;;;;;;;x;;;;;;;;;;;;;;;;;;;;;;;;
UU1600_POW_militarism;Стража поватанов;Guard of the Powhatan;;;;;;;;;;;;x;;;;;;;;;;;;;;;;;;;;;;;;
UU1600_POW_ecologism;Хранители земли и рек поватанов;Keepers of the Powhatan Lands and Rivers;;;;;;;;;;;;x;;;;;;;;;;;;;;;;;;;;;;;;
UU1600_POW_corporatism;Собрание ремесленных братств поватанов;Assembly of the Powhatan Craft Guilds;;;;;;;;;;;;x;;;;;;;;;;;;;;;;;;;;;;;;
UU1600_POW_cyber_autonomism;Лига самоуправляемых общин поватанов;League of Self-Governing Powhatan Communities;;;;;;;;;;;;x;;;;;;;;;;;;;;;;;;;;;;;;
UU1600_PZN_syndicalism;Синдикалистская партия;Syndicalist Party;;;;;;;;;;;;x;;;;;;;;;;;;;;;;;;;;;;;;
UU1600_PZN_militarism;Партия милитаристов;Militarist Party;;;;;;;;;;;;x;;;;;;;;;;;;;;;;;;;;;;;;
UU1600_PZN_ecologism;Экологическая партия;Ecologist Party;;;;;;;;;;;;x;;;;;;;;;;;;;;;;;;;;;;;;
UU1600_PZN_corporatism;Корпоративистская партия;Corporatist Party;;;;;;;;;;;;x;;;;;;;;;;;;;;;;;;;;;;;;
UU1600_PZN_cyber_autonomism;Партия киберавтономистов;Cyber-Autonomist Party;;;;;;;;;;;;x;;;;;;;;;;;;;;;;;;;;;;;;
UU1600_PRU_syndicalism;Синдикалистская партия;Syndicalist Party;;;;;;;;;;;;x;;;;;;;;;;;;;;;;;;;;;;;;
UU1600_PRU_militarism;Партия милитаристов;Militarist Party;;;;;;;;;;;;x;;;;;;;;;;;;;;;;;;;;;;;;
UU1600_PRU_ecologism;Экологическая партия;Ecologist Party;;;;;;;;;;;;x;;;;;;;;;;;;;;;;;;;;;;;;
UU1600_PRU_corporatism;Корпоративистская партия;Corporatist Party;;;;;;;;;;;;x;;;;;;;;;;;;;;;;;;;;;;;;
UU1600_PRU_cyber_autonomism;Партия киберавтономистов;Cyber-Autonomist Party;;;;;;;;;;;;x;;;;;;;;;;;;;;;;;;;;;;;;
UU1600_PUE_syndicalism;Синдикалистская партия;Syndicalist Party;;;;;;;;;;;;x;;;;;;;;;;;;;;;;;;;;;;;;
UU1600_PUE_militarism;Партия милитаристов;Militarist Party;;;;;;;;;;;;x;;;;;;;;;;;;;;;;;;;;;;;;
UU1600_PUE_ecologism;Экологическая партия;Ecologist Party;;;;;;;;;;;;x;;;;;;;;;;;;;;;;;;;;;;;;
UU1600_PUE_corporatism;Корпоративистская партия;Corporatist Party;;;;;;;;;;;;x;;;;;;;;;;;;;;;;;;;;;;;;
UU1600_PUE_cyber_autonomism;Партия киберавтономистов;Cyber-Autonomist Party;;;;;;;;;;;;x;;;;;;;;;;;;;;;;;;;;;;;;
UU1600_QAT_syndicalism;Синдикалистская партия;Syndicalist Party;;;;;;;;;;;;x;;;;;;;;;;;;;;;;;;;;;;;;
UU1600_QAT_militarism;Партия милитаристов;Militarist Party;;;;;;;;;;;;x;;;;;;;;;;;;;;;;;;;;;;;;
UU1600_QAT_ecologism;Экологическая партия;Ecologist Party;;;;;;;;;;;;x;;;;;;;;;;;;;;;;;;;;;;;;
UU1600_QAT_corporatism;Корпоративистская партия;Corporatist Party;;;;;;;;;;;;x;;;;;;;;;;;;;;;;;;;;;;;;
UU1600_QAT_cyber_autonomism;Партия киберавтономистов;Cyber-Autonomist Party;;;;;;;;;;;;x;;;;;;;;;;;;;;;;;;;;;;;;
UU1600_QUE_syndicalism;Синдикалистская партия;Syndicalist Party;;;;;;;;;;;;x;;;;;;;;;;;;;;;;;;;;;;;;
UU1600_QUE_militarism;Партия милитаристов;Militarist Party;;;;;;;;;;;;x;;;;;;;;;;;;;;;;;;;;;;;;
UU1600_QUE_ecologism;Экологическая партия;Ecologist Party;;;;;;;;;;;;x;;;;;;;;;;;;;;;;;;;;;;;;
UU1600_QUE_corporatism;Корпоративистская партия;Corporatist Party;;;;;;;;;;;;x;;;;;;;;;;;;;;;;;;;;;;;;
UU1600_QUE_cyber_autonomism;Партия киберавтономистов;Cyber-Autonomist Party;;;;;;;;;;;;x;;;;;;;;;;;;;;;;;;;;;;;;
UU1600_QUI_syndicalism;Союз промысловых общин квиннипиаков;Syndicate of the Quinnipiac Communities;;;;;;;;;;;;x;;;;;;;;;;;;;;;;;;;;;;;;
UU1600_QUI_militarism;Стража квиннипиаков;Guard of the Quinnipiac;;;;;;;;;;;;x;;;;;;;;;;;;;;;;;;;;;;;;
UU1600_QUI_ecologism;Хранители земли и рек квиннипиаков;Keepers of the Quinnipiac Lands and Rivers;;;;;;;;;;;;x;;;;;;;;;;;;;;;;;;;;;;;;
UU1600_QUI_corporatism;Собрание ремесленных братств квиннипиаков;Assembly of the Quinnipiac Craft Guilds;;;;;;;;;;;;x;;;;;;;;;;;;;;;;;;;;;;;;
UU1600_QUI_cyber_autonomism;Лига самоуправляемых общин квиннипиаков;League of Self-Governing Quinnipiac Communities;;;;;;;;;;;;x;;;;;;;;;;;;;;;;;;;;;;;;
UU1600_RGN_syndicalism;Синдикалистская партия;Syndicalist Party;;;;;;;;;;;;x;;;;;;;;;;;;;;;;;;;;;;;;
UU1600_RGN_militarism;Партия милитаристов;Militarist Party;;;;;;;;;;;;x;;;;;;;;;;;;;;;;;;;;;;;;
UU1600_RGN_ecologism;Экологическая партия;Ecologist Party;;;;;;;;;;;;x;;;;;;;;;;;;;;;;;;;;;;;;
UU1600_RGN_corporatism;Корпоративистская партия;Corporatist Party;;;;;;;;;;;;x;;;;;;;;;;;;;;;;;;;;;;;;
UU1600_RGN_cyber_autonomism;Партия киберавтономистов;Cyber-Autonomist Party;;;;;;;;;;;;x;;;;;;;;;;;;;;;;;;;;;;;;
UU1600_ROC_syndicalism;Синдикалистская партия;Syndicalist Party;;;;;;;;;;;;x;;;;;;;;;;;;;;;;;;;;;;;;
UU1600_ROC_militarism;Партия милитаристов;Militarist Party;;;;;;;;;;;;x;;;;;;;;;;;;;;;;;;;;;;;;
UU1600_ROC_ecologism;Экологическая партия;Ecologist Party;;;;;;;;;;;;x;;;;;;;;;;;;;;;;;;;;;;;;
UU1600_ROC_corporatism;Корпоративистская партия;Corporatist Party;;;;;;;;;;;;x;;;;;;;;;;;;;;;;;;;;;;;;
UU1600_ROC_cyber_autonomism;Партия киберавтономистов;Cyber-Autonomist Party;;;;;;;;;;;;x;;;;;;;;;;;;;;;;;;;;;;;;
UU1600_ROM_syndicalism;Синдикалистская партия;Syndicalist Party;;;;;;;;;;;;x;;;;;;;;;;;;;;;;;;;;;;;;
UU1600_ROM_militarism;Партия милитаристов;Militarist Party;;;;;;;;;;;;x;;;;;;;;;;;;;;;;;;;;;;;;
UU1600_ROM_ecologism;Экологическая партия;Ecologist Party;;;;;;;;;;;;x;;;;;;;;;;;;;;;;;;;;;;;;
UU1600_ROM_corporatism;Корпоративистская партия;Corporatist Party;;;;;;;;;;;;x;;;;;;;;;;;;;;;;;;;;;;;;
UU1600_ROM_cyber_autonomism;Партия киберавтономистов;Cyber-Autonomist Party;;;;;;;;;;;;x;;;;;;;;;;;;;;;;;;;;;;;;
UU1600_RME_syndicalism;Синдикалистская партия;Syndicalist Party;;;;;;;;;;;;x;;;;;;;;;;;;;;;;;;;;;;;;
UU1600_RME_militarism;Партия милитаристов;Militarist Party;;;;;;;;;;;;x;;;;;;;;;;;;;;;;;;;;;;;;
UU1600_RME_ecologism;Экологическая партия;Ecologist Party;;;;;;;;;;;;x;;;;;;;;;;;;;;;;;;;;;;;;
UU1600_RME_corporatism;Корпоративистская партия;Corporatist Party;;;;;;;;;;;;x;;;;;;;;;;;;;;;;;;;;;;;;
UU1600_RME_cyber_autonomism;Партия киберавтономистов;Cyber-Autonomist Party;;;;;;;;;;;;x;;;;;;;;;;;;;;;;;;;;;;;;
UU1600_RUS_syndicalism;Синдикалистская партия;Syndicalist Party;;;;;;;;;;;;x;;;;;;;;;;;;;;;;;;;;;;;;
UU1600_RUS_militarism;Партия милитаристов;Militarist Party;;;;;;;;;;;;x;;;;;;;;;;;;;;;;;;;;;;;;
UU1600_RUS_ecologism;Экологическая партия;Ecologist Party;;;;;;;;;;;;x;;;;;;;;;;;;;;;;;;;;;;;;
UU1600_RUS_corporatism;Корпоративистская партия;Corporatist Party;;;;;;;;;;;;x;;;;;;;;;;;;;;;;;;;;;;;;
UU1600_RUS_cyber_autonomism;Партия киберавтономистов;Cyber-Autonomist Party;;;;;;;;;;;;x;;;;;;;;;;;;;;;;;;;;;;;;
UU1600_RUT_syndicalism;Синдикалистская партия;Syndicalist Party;;;;;;;;;;;;x;;;;;;;;;;;;;;;;;;;;;;;;
UU1600_RUT_militarism;Партия милитаристов;Militarist Party;;;;;;;;;;;;x;;;;;;;;;;;;;;;;;;;;;;;;
UU1600_RUT_ecologism;Экологическая партия;Ecologist Party;;;;;;;;;;;;x;;;;;;;;;;;;;;;;;;;;;;;;
UU1600_RUT_corporatism;Корпоративистская партия;Corporatist Party;;;;;;;;;;;;x;;;;;;;;;;;;;;;;;;;;;;;;
UU1600_RUT_cyber_autonomism;Партия киберавтономистов;Cyber-Autonomist Party;;;;;;;;;;;;x;;;;;;;;;;;;;;;;;;;;;;;;
UU1600_RWA_syndicalism;Синдикалистская партия;Syndicalist Party;;;;;;;;;;;;x;;;;;;;;;;;;;;;;;;;;;;;;
UU1600_RWA_militarism;Партия милитаристов;Militarist Party;;;;;;;;;;;;x;;;;;;;;;;;;;;;;;;;;;;;;
UU1600_RWA_ecologism;Экологическая партия;Ecologist Party;;;;;;;;;;;;x;;;;;;;;;;;;;;;;;;;;;;;;
UU1600_RWA_corporatism;Корпоративистская партия;Corporatist Party;;;;;;;;;;;;x;;;;;;;;;;;;;;;;;;;;;;;;
UU1600_RWA_cyber_autonomism;Партия киберавтономистов;Cyber-Autonomist Party;;;;;;;;;;;;x;;;;;;;;;;;;;;;;;;;;;;;;
UU1600_RYU_syndicalism;Синдикалистская партия;Syndicalist Party;;;;;;;;;;;;x;;;;;;;;;;;;;;;;;;;;;;;;
UU1600_RYU_militarism;Партия милитаристов;Militarist Party;;;;;;;;;;;;x;;;;;;;;;;;;;;;;;;;;;;;;
UU1600_RYU_ecologism;Экологическая партия;Ecologist Party;;;;;;;;;;;;x;;;;;;;;;;;;;;;;;;;;;;;;
UU1600_RYU_corporatism;Корпоративистская партия;Corporatist Party;;;;;;;;;;;;x;;;;;;;;;;;;;;;;;;;;;;;;
UU1600_RYU_cyber_autonomism;Партия киберавтономистов;Cyber-Autonomist Party;;;;;;;;;;;;x;;;;;;;;;;;;;;;;;;;;;;;;
UU1600_STP_syndicalism;Синдикалистская партия;Syndicalist Party;;;;;;;;;;;;x;;;;;;;;;;;;;;;;;;;;;;;;
UU1600_STP_militarism;Партия милитаристов;Militarist Party;;;;;;;;;;;;x;;;;;;;;;;;;;;;;;;;;;;;;
UU1600_STP_ecologism;Экологическая партия;Ecologist Party;;;;;;;;;;;;x;;;;;;;;;;;;;;;;;;;;;;;;
UU1600_STP_corporatism;Корпоративистская партия;Corporatist Party;;;;;;;;;;;;x;;;;;;;;;;;;;;;;;;;;;;;;
UU1600_STP_cyber_autonomism;Партия киберавтономистов;Cyber-Autonomist Party;;;;;;;;;;;;x;;;;;;;;;;;;;;;;;;;;;;;;
UU1600_SAR_syndicalism;Синдикалистская партия;Syndicalist Party;;;;;;;;;;;;x;;;;;;;;;;;;;;;;;;;;;;;;
UU1600_SAR_militarism;Партия милитаристов;Militarist Party;;;;;;;;;;;;x;;;;;;;;;;;;;;;;;;;;;;;;
UU1600_SAR_ecologism;Экологическая партия;Ecologist Party;;;;;;;;;;;;x;;;;;;;;;;;;;;;;;;;;;;;;
UU1600_SAR_corporatism;Корпоративистская партия;Corporatist Party;;;;;;;;;;;;x;;;;;;;;;;;;;;;;;;;;;;;;
UU1600_SAR_cyber_autonomism;Партия киберавтономистов;Cyber-Autonomist Party;;;;;;;;;;;;x;;;;;;;;;;;;;;;;;;;;;;;;
UU1600_SDA_syndicalism;Синдикалистская партия;Syndicalist Party;;;;;;;;;;;;x;;;;;;;;;;;;;;;;;;;;;;;;
UU1600_SDA_militarism;Партия милитаристов;Militarist Party;;;;;;;;;;;;x;;;;;;;;;;;;;;;;;;;;;;;;
UU1600_SDA_ecologism;Экологическая партия;Ecologist Party;;;;;;;;;;;;x;;;;;;;;;;;;;;;;;;;;;;;;
UU1600_SDA_corporatism;Корпоративистская партия;Corporatist Party;;;;;;;;;;;;x;;;;;;;;;;;;;;;;;;;;;;;;
UU1600_SDA_cyber_autonomism;Партия киберавтономистов;Cyber-Autonomist Party;;;;;;;;;;;;x;;;;;;;;;;;;;;;;;;;;;;;;
UU1600_SAT_syndicalism;Синдикалистская партия;Syndicalist Party;;;;;;;;;;;;x;;;;;;;;;;;;;;;;;;;;;;;;
UU1600_SAT_militarism;Партия милитаристов;Militarist Party;;;;;;;;;;;;x;;;;;;;;;;;;;;;;;;;;;;;;
UU1600_SAT_ecologism;Экологическая партия;Ecologist Party;;;;;;;;;;;;x;;;;;;;;;;;;;;;;;;;;;;;;
UU1600_SAT_corporatism;Корпоративистская партия;Corporatist Party;;;;;;;;;;;;x;;;;;;;;;;;;;;;;;;;;;;;;
UU1600_SAT_cyber_autonomism;Партия киберавтономистов;Cyber-Autonomist Party;;;;;;;;;;;;x;;;;;;;;;;;;;;;;;;;;;;;;
UU1600_SAU_syndicalism;Синдикалистская партия;Syndicalist Party;;;;;;;;;;;;x;;;;;;;;;;;;;;;;;;;;;;;;
UU1600_SAU_militarism;Партия милитаристов;Militarist Party;;;;;;;;;;;;x;;;;;;;;;;;;;;;;;;;;;;;;
UU1600_SAU_ecologism;Экологическая партия;Ecologist Party;;;;;;;;;;;;x;;;;;;;;;;;;;;;;;;;;;;;;
UU1600_SAU_corporatism;Корпоративистская партия;Corporatist Party;;;;;;;;;;;;x;;;;;;;;;;;;;;;;;;;;;;;;
UU1600_SAU_cyber_autonomism;Партия киберавтономистов;Cyber-Autonomist Party;;;;;;;;;;;;x;;;;;;;;;;;;;;;;;;;;;;;;
UU1600_SAV_syndicalism;Синдикалистская партия;Syndicalist Party;;;;;;;;;;;;x;;;;;;;;;;;;;;;;;;;;;;;;
UU1600_SAV_militarism;Партия милитаристов;Militarist Party;;;;;;;;;;;;x;;;;;;;;;;;;;;;;;;;;;;;;
UU1600_SAV_ecologism;Экологическая партия;Ecologist Party;;;;;;;;;;;;x;;;;;;;;;;;;;;;;;;;;;;;;
UU1600_SAV_corporatism;Корпоративистская партия;Corporatist Party;;;;;;;;;;;;x;;;;;;;;;;;;;;;;;;;;;;;;
UU1600_SAV_cyber_autonomism;Партия киберавтономистов;Cyber-Autonomist Party;;;;;;;;;;;;x;;;;;;;;;;;;;;;;;;;;;;;;
UU1600_COB_syndicalism;Синдикалистская партия;Syndicalist Party;;;;;;;;;;;;x;;;;;;;;;;;;;;;;;;;;;;;;
UU1600_COB_militarism;Партия милитаристов;Militarist Party;;;;;;;;;;;;x;;;;;;;;;;;;;;;;;;;;;;;;
UU1600_COB_ecologism;Экологическая партия;Ecologist Party;;;;;;;;;;;;x;;;;;;;;;;;;;;;;;;;;;;;;
UU1600_COB_corporatism;Корпоративистская партия;Corporatist Party;;;;;;;;;;;;x;;;;;;;;;;;;;;;;;;;;;;;;
UU1600_COB_cyber_autonomism;Партия киберавтономистов;Cyber-Autonomist Party;;;;;;;;;;;;x;;;;;;;;;;;;;;;;;;;;;;;;
UU1600_SXL_syndicalism;Синдикалистская партия;Syndicalist Party;;;;;;;;;;;;x;;;;;;;;;;;;;;;;;;;;;;;;
UU1600_SXL_militarism;Партия милитаристов;Militarist Party;;;;;;;;;;;;x;;;;;;;;;;;;;;;;;;;;;;;;
UU1600_SXL_ecologism;Экологическая партия;Ecologist Party;;;;;;;;;;;;x;;;;;;;;;;;;;;;;;;;;;;;;
UU1600_SXL_corporatism;Корпоративистская партия;Corporatist Party;;;;;;;;;;;;x;;;;;;;;;;;;;;;;;;;;;;;;
UU1600_SXL_cyber_autonomism;Партия киберавтономистов;Cyber-Autonomist Party;;;;;;;;;;;;x;;;;;;;;;;;;;;;;;;;;;;;;
UU1600_MEI_syndicalism;Синдикалистская партия;Syndicalist Party;;;;;;;;;;;;x;;;;;;;;;;;;;;;;;;;;;;;;
UU1600_MEI_militarism;Партия милитаристов;Militarist Party;;;;;;;;;;;;x;;;;;;;;;;;;;;;;;;;;;;;;
UU1600_MEI_ecologism;Экологическая партия;Ecologist Party;;;;;;;;;;;;x;;;;;;;;;;;;;;;;;;;;;;;;
UU1600_MEI_corporatism;Корпоративистская партия;Corporatist Party;;;;;;;;;;;;x;;;;;;;;;;;;;;;;;;;;;;;;
UU1600_MEI_cyber_autonomism;Партия киберавтономистов;Cyber-Autonomist Party;;;;;;;;;;;;x;;;;;;;;;;;;;;;;;;;;;;;;
UU1600_WEI_syndicalism;Синдикалистская партия;Syndicalist Party;;;;;;;;;;;;x;;;;;;;;;;;;;;;;;;;;;;;;
UU1600_WEI_militarism;Партия милитаристов;Militarist Party;;;;;;;;;;;;x;;;;;;;;;;;;;;;;;;;;;;;;
UU1600_WEI_ecologism;Экологическая партия;Ecologist Party;;;;;;;;;;;;x;;;;;;;;;;;;;;;;;;;;;;;;
UU1600_WEI_corporatism;Корпоративистская партия;Corporatist Party;;;;;;;;;;;;x;;;;;;;;;;;;;;;;;;;;;;;;
UU1600_WEI_cyber_autonomism;Партия киберавтономистов;Cyber-Autonomist Party;;;;;;;;;;;;x;;;;;;;;;;;;;;;;;;;;;;;;
UU1600_SAX_syndicalism;Синдикалистская партия;Syndicalist Party;;;;;;;;;;;;x;;;;;;;;;;;;;;;;;;;;;;;;
UU1600_SAX_militarism;Партия милитаристов;Militarist Party;;;;;;;;;;;;x;;;;;;;;;;;;;;;;;;;;;;;;
UU1600_SAX_ecologism;Экологическая партия;Ecologist Party;;;;;;;;;;;;x;;;;;;;;;;;;;;;;;;;;;;;;
UU1600_SAX_corporatism;Корпоративистская партия;Corporatist Party;;;;;;;;;;;;x;;;;;;;;;;;;;;;;;;;;;;;;
UU1600_SAX_cyber_autonomism;Партия киберавтономистов;Cyber-Autonomist Party;;;;;;;;;;;;x;;;;;;;;;;;;;;;;;;;;;;;;
UU1600_SCA_syndicalism;Синдикалистская партия;Syndicalist Party;;;;;;;;;;;;x;;;;;;;;;;;;;;;;;;;;;;;;
UU1600_SCA_militarism;Партия милитаристов;Militarist Party;;;;;;;;;;;;x;;;;;;;;;;;;;;;;;;;;;;;;
UU1600_SCA_ecologism;Экологическая партия;Ecologist Party;;;;;;;;;;;;x;;;;;;;;;;;;;;;;;;;;;;;;
UU1600_SCA_corporatism;Корпоративистская партия;Corporatist Party;;;;;;;;;;;;x;;;;;;;;;;;;;;;;;;;;;;;;
UU1600_SCA_cyber_autonomism;Партия киберавтономистов;Cyber-Autonomist Party;;;;;;;;;;;;x;;;;;;;;;;;;;;;;;;;;;;;;
UU1600_SCH_syndicalism;Синдикалистская партия;Syndicalist Party;;;;;;;;;;;;x;;;;;;;;;;;;;;;;;;;;;;;;
UU1600_SCH_militarism;Партия милитаристов;Militarist Party;;;;;;;;;;;;x;;;;;;;;;;;;;;;;;;;;;;;;
UU1600_SCH_ecologism;Экологическая партия;Ecologist Party;;;;;;;;;;;;x;;;;;;;;;;;;;;;;;;;;;;;;
UU1600_SCH_corporatism;Корпоративистская партия;Corporatist Party;;;;;;;;;;;;x;;;;;;;;;;;;;;;;;;;;;;;;
UU1600_SCH_cyber_autonomism;Партия киберавтономистов;Cyber-Autonomist Party;;;;;;;;;;;;x;;;;;;;;;;;;;;;;;;;;;;;;
UU1600_SCO_syndicalism;Синдикалистская партия;Syndicalist Party;;;;;;;;;;;;x;;;;;;;;;;;;;;;;;;;;;;;;
UU1600_SCO_militarism;Партия милитаристов;Militarist Party;;;;;;;;;;;;x;;;;;;;;;;;;;;;;;;;;;;;;
UU1600_SCO_ecologism;Экологическая партия;Ecologist Party;;;;;;;;;;;;x;;;;;;;;;;;;;;;;;;;;;;;;
UU1600_SCO_corporatism;Корпоративистская партия;Corporatist Party;;;;;;;;;;;;x;;;;;;;;;;;;;;;;;;;;;;;;
UU1600_SCO_cyber_autonomism;Партия киберавтономистов;Cyber-Autonomist Party;;;;;;;;;;;;x;;;;;;;;;;;;;;;;;;;;;;;;
UU1600_SEG_syndicalism;Синдикалистская партия;Syndicalist Party;;;;;;;;;;;;x;;;;;;;;;;;;;;;;;;;;;;;;
UU1600_SEG_militarism;Партия милитаристов;Militarist Party;;;;;;;;;;;;x;;;;;;;;;;;;;;;;;;;;;;;;
UU1600_SEG_ecologism;Экологическая партия;Ecologist Party;;;;;;;;;;;;x;;;;;;;;;;;;;;;;;;;;;;;;
UU1600_SEG_corporatism;Корпоративистская партия;Corporatist Party;;;;;;;;;;;;x;;;;;;;;;;;;;;;;;;;;;;;;
UU1600_SEG_cyber_autonomism;Партия киберавтономистов;Cyber-Autonomist Party;;;;;;;;;;;;x;;;;;;;;;;;;;;;;;;;;;;;;
UU1600_SEN_syndicalism;Синдикалистская партия;Syndicalist Party;;;;;;;;;;;;x;;;;;;;;;;;;;;;;;;;;;;;;
UU1600_SEN_militarism;Партия милитаристов;Militarist Party;;;;;;;;;;;;x;;;;;;;;;;;;;;;;;;;;;;;;
UU1600_SEN_ecologism;Экологическая партия;Ecologist Party;;;;;;;;;;;;x;;;;;;;;;;;;;;;;;;;;;;;;
UU1600_SEN_corporatism;Корпоративистская партия;Corporatist Party;;;;;;;;;;;;x;;;;;;;;;;;;;;;;;;;;;;;;
UU1600_SEN_cyber_autonomism;Партия киберавтономистов;Cyber-Autonomist Party;;;;;;;;;;;;x;;;;;;;;;;;;;;;;;;;;;;;;
UU1600_SNL_syndicalism;Синдикалистская партия;Syndicalist Party;;;;;;;;;;;;x;;;;;;;;;;;;;;;;;;;;;;;;
UU1600_SNL_militarism;Партия милитаристов;Militarist Party;;;;;;;;;;;;x;;;;;;;;;;;;;;;;;;;;;;;;
UU1600_SNL_ecologism;Экологическая партия;Ecologist Party;;;;;;;;;;;;x;;;;;;;;;;;;;;;;;;;;;;;;
UU1600_SNL_corporatism;Корпоративистская партия;Corporatist Party;;;;;;;;;;;;x;;;;;;;;;;;;;;;;;;;;;;;;
UU1600_SNL_cyber_autonomism;Партия киберавтономистов;Cyber-Autonomist Party;;;;;;;;;;;;x;;;;;;;;;;;;;;;;;;;;;;;;
UU1600_SER_syndicalism;Синдикалистская партия;Syndicalist Party;;;;;;;;;;;;x;;;;;;;;;;;;;;;;;;;;;;;;
UU1600_SER_militarism;Партия милитаристов;Militarist Party;;;;;;;;;;;;x;;;;;;;;;;;;;;;;;;;;;;;;
UU1600_SER_ecologism;Экологическая партия;Ecologist Party;;;;;;;;;;;;x;;;;;;;;;;;;;;;;;;;;;;;;
UU1600_SER_corporatism;Корпоративистская партия;Corporatist Party;;;;;;;;;;;;x;;;;;;;;;;;;;;;;;;;;;;;;
UU1600_SER_cyber_autonomism;Партия киберавтономистов;Cyber-Autonomist Party;;;;;;;;;;;;x;;;;;;;;;;;;;;;;;;;;;;;;
UU1600_SYC_syndicalism;Синдикалистская партия;Syndicalist Party;;;;;;;;;;;;x;;;;;;;;;;;;;;;;;;;;;;;;
UU1600_SYC_militarism;Партия милитаристов;Militarist Party;;;;;;;;;;;;x;;;;;;;;;;;;;;;;;;;;;;;;
UU1600_SYC_ecologism;Экологическая партия;Ecologist Party;;;;;;;;;;;;x;;;;;;;;;;;;;;;;;;;;;;;;
UU1600_SYC_corporatism;Корпоративистская партия;Corporatist Party;;;;;;;;;;;;x;;;;;;;;;;;;;;;;;;;;;;;;
UU1600_SYC_cyber_autonomism;Партия киберавтономистов;Cyber-Autonomist Party;;;;;;;;;;;;x;;;;;;;;;;;;;;;;;;;;;;;;
UU1600_SXI_syndicalism;Синдикалистская партия;Syndicalist Party;;;;;;;;;;;;x;;;;;;;;;;;;;;;;;;;;;;;;
UU1600_SXI_militarism;Партия милитаристов;Militarist Party;;;;;;;;;;;;x;;;;;;;;;;;;;;;;;;;;;;;;
UU1600_SXI_ecologism;Экологическая партия;Ecologist Party;;;;;;;;;;;;x;;;;;;;;;;;;;;;;;;;;;;;;
UU1600_SXI_corporatism;Корпоративистская партия;Corporatist Party;;;;;;;;;;;;x;;;;;;;;;;;;;;;;;;;;;;;;
UU1600_SXI_cyber_autonomism;Партия киберавтономистов;Cyber-Autonomist Party;;;;;;;;;;;;x;;;;;;;;;;;;;;;;;;;;;;;;
UU1600_SHI_syndicalism;Синдикалистская партия;Syndicalist Party;;;;;;;;;;;;x;;;;;;;;;;;;;;;;;;;;;;;;
UU1600_SHI_militarism;Партия милитаристов;Militarist Party;;;;;;;;;;;;x;;;;;;;;;;;;;;;;;;;;;;;;
UU1600_SHI_ecologism;Экологическая партия;Ecologist Party;;;;;;;;;;;;x;;;;;;;;;;;;;;;;;;;;;;;;
UU1600_SHI_corporatism;Корпоративистская партия;Corporatist Party;;;;;;;;;;;;x;;;;;;;;;;;;;;;;;;;;;;;;
UU1600_SHI_cyber_autonomism;Партия киберавтономистов;Cyber-Autonomist Party;;;;;;;;;;;;x;;;;;;;;;;;;;;;;;;;;;;;;
UU1600_TKG_syndicalism;Синдикалистская партия;Syndicalist Party;;;;;;;;;;;;x;;;;;;;;;;;;;;;;;;;;;;;;
UU1600_TKG_militarism;Партия милитаристов;Militarist Party;;;;;;;;;;;;x;;;;;;;;;;;;;;;;;;;;;;;;
UU1600_TKG_ecologism;Экологическая партия;Ecologist Party;;;;;;;;;;;;x;;;;;;;;;;;;;;;;;;;;;;;;
UU1600_TKG_corporatism;Корпоративистская партия;Corporatist Party;;;;;;;;;;;;x;;;;;;;;;;;;;;;;;;;;;;;;
UU1600_TKG_cyber_autonomism;Партия киберавтономистов;Cyber-Autonomist Party;;;;;;;;;;;;x;;;;;;;;;;;;;;;;;;;;;;;;
UU1600_SIA_syndicalism;Синдикалистская партия;Syndicalist Party;;;;;;;;;;;;x;;;;;;;;;;;;;;;;;;;;;;;;
UU1600_SIA_militarism;Партия милитаристов;Militarist Party;;;;;;;;;;;;x;;;;;;;;;;;;;;;;;;;;;;;;
UU1600_SIA_ecologism;Экологическая партия;Ecologist Party;;;;;;;;;;;;x;;;;;;;;;;;;;;;;;;;;;;;;
UU1600_SIA_corporatism;Корпоративистская партия;Corporatist Party;;;;;;;;;;;;x;;;;;;;;;;;;;;;;;;;;;;;;
UU1600_SIA_cyber_autonomism;Партия киберавтономистов;Cyber-Autonomist Party;;;;;;;;;;;;x;;;;;;;;;;;;;;;;;;;;;;;;
UU1600_SZC_syndicalism;Синдикалистская партия;Syndicalist Party;;;;;;;;;;;;x;;;;;;;;;;;;;;;;;;;;;;;;
UU1600_SZC_militarism;Партия милитаристов;Militarist Party;;;;;;;;;;;;x;;;;;;;;;;;;;;;;;;;;;;;;
UU1600_SZC_ecologism;Экологическая партия;Ecologist Party;;;;;;;;;;;;x;;;;;;;;;;;;;;;;;;;;;;;;
UU1600_SZC_corporatism;Корпоративистская партия;Corporatist Party;;;;;;;;;;;;x;;;;;;;;;;;;;;;;;;;;;;;;
UU1600_SZC_cyber_autonomism;Партия киберавтономистов;Cyber-Autonomist Party;;;;;;;;;;;;x;;;;;;;;;;;;;;;;;;;;;;;;
UU1600_SCL_syndicalism;Синдикалистская партия;Syndicalist Party;;;;;;;;;;;;x;;;;;;;;;;;;;;;;;;;;;;;;
UU1600_SCL_militarism;Партия милитаристов;Militarist Party;;;;;;;;;;;;x;;;;;;;;;;;;;;;;;;;;;;;;
UU1600_SCL_ecologism;Экологическая партия;Ecologist Party;;;;;;;;;;;;x;;;;;;;;;;;;;;;;;;;;;;;;
UU1600_SCL_corporatism;Корпоративистская партия;Corporatist Party;;;;;;;;;;;;x;;;;;;;;;;;;;;;;;;;;;;;;
UU1600_SCL_cyber_autonomism;Партия киберавтономистов;Cyber-Autonomist Party;;;;;;;;;;;;x;;;;;;;;;;;;;;;;;;;;;;;;
UU1600_SIE_syndicalism;Синдикалистская партия;Syndicalist Party;;;;;;;;;;;;x;;;;;;;;;;;;;;;;;;;;;;;;
UU1600_SIE_militarism;Партия милитаристов;Militarist Party;;;;;;;;;;;;x;;;;;;;;;;;;;;;;;;;;;;;;
UU1600_SIE_ecologism;Экологическая партия;Ecologist Party;;;;;;;;;;;;x;;;;;;;;;;;;;;;;;;;;;;;;
UU1600_SIE_corporatism;Корпоративистская партия;Corporatist Party;;;;;;;;;;;;x;;;;;;;;;;;;;;;;;;;;;;;;
UU1600_SIE_cyber_autonomism;Партия киберавтономистов;Cyber-Autonomist Party;;;;;;;;;;;;x;;;;;;;;;;;;;;;;;;;;;;;;
UU1600_SRL_syndicalism;Синдикалистская партия;Syndicalist Party;;;;;;;;;;;;x;;;;;;;;;;;;;;;;;;;;;;;;
UU1600_SRL_militarism;Партия милитаристов;Militarist Party;;;;;;;;;;;;x;;;;;;;;;;;;;;;;;;;;;;;;
UU1600_SRL_ecologism;Экологическая партия;Ecologist Party;;;;;;;;;;;;x;;;;;;;;;;;;;;;;;;;;;;;;
UU1600_SRL_corporatism;Корпоративистская партия;Corporatist Party;;;;;;;;;;;;x;;;;;;;;;;;;;;;;;;;;;;;;
UU1600_SRL_cyber_autonomism;Партия киберавтономистов;Cyber-Autonomist Party;;;;;;;;;;;;x;;;;;;;;;;;;;;;;;;;;;;;;
UU1600_SIK_syndicalism;Синдикалистская партия;Syndicalist Party;;;;;;;;;;;;x;;;;;;;;;;;;;;;;;;;;;;;;
UU1600_SIK_militarism;Партия милитаристов;Militarist Party;;;;;;;;;;;;x;;;;;;;;;;;;;;;;;;;;;;;;
UU1600_SIK_ecologism;Экологическая партия;Ecologist Party;;;;;;;;;;;;x;;;;;;;;;;;;;;;;;;;;;;;;
UU1600_SIK_corporatism;Корпоративистская партия;Corporatist Party;;;;;;;;;;;;x;;;;;;;;;;;;;;;;;;;;;;;;
UU1600_SIK_cyber_autonomism;Партия киберавтономистов;Cyber-Autonomist Party;;;;;;;;;;;;x;;;;;;;;;;;;;;;;;;;;;;;;
UU1600_SLS_syndicalism;Синдикалистская партия;Syndicalist Party;;;;;;;;;;;;x;;;;;;;;;;;;;;;;;;;;;;;;
UU1600_SLS_militarism;Партия милитаристов;Militarist Party;;;;;;;;;;;;x;;;;;;;;;;;;;;;;;;;;;;;;
UU1600_SLS_ecologism;Экологическая партия;Ecologist Party;;;;;;;;;;;;x;;;;;;;;;;;;;;;;;;;;;;;;
UU1600_SLS_corporatism;Корпоративистская партия;Corporatist Party;;;;;;;;;;;;x;;;;;;;;;;;;;;;;;;;;;;;;
UU1600_SLS_cyber_autonomism;Партия киберавтономистов;Cyber-Autonomist Party;;;;;;;;;;;;x;;;;;;;;;;;;;;;;;;;;;;;;
UU1600_SIN_syndicalism;Синдикалистская партия;Syndicalist Party;;;;;;;;;;;;x;;;;;;;;;;;;;;;;;;;;;;;;
UU1600_SIN_militarism;Партия милитаристов;Militarist Party;;;;;;;;;;;;x;;;;;;;;;;;;;;;;;;;;;;;;
UU1600_SIN_ecologism;Экологическая партия;Ecologist Party;;;;;;;;;;;;x;;;;;;;;;;;;;;;;;;;;;;;;
UU1600_SIN_corporatism;Корпоративистская партия;Corporatist Party;;;;;;;;;;;;x;;;;;;;;;;;;;;;;;;;;;;;;
UU1600_SIN_cyber_autonomism;Партия киберавтономистов;Cyber-Autonomist Party;;;;;;;;;;;;x;;;;;;;;;;;;;;;;;;;;;;;;
UU1600_SNG_syndicalism;Синдикалистская партия;Syndicalist Party;;;;;;;;;;;;x;;;;;;;;;;;;;;;;;;;;;;;;
UU1600_SNG_militarism;Партия милитаристов;Militarist Party;;;;;;;;;;;;x;;;;;;;;;;;;;;;;;;;;;;;;
UU1600_SNG_ecologism;Экологическая партия;Ecologist Party;;;;;;;;;;;;x;;;;;;;;;;;;;;;;;;;;;;;;
UU1600_SNG_corporatism;Корпоративистская партия;Corporatist Party;;;;;;;;;;;;x;;;;;;;;;;;;;;;;;;;;;;;;
UU1600_SNG_cyber_autonomism;Партия киберавтономистов;Cyber-Autonomist Party;;;;;;;;;;;;x;;;;;;;;;;;;;;;;;;;;;;;;
UU1600_SIX_syndicalism;Союз промысловых общин сиу;Syndicate of the Sioux Communities;;;;;;;;;;;;x;;;;;;;;;;;;;;;;;;;;;;;;
UU1600_SIX_militarism;Стража сиу;Guard of the Sioux;;;;;;;;;;;;x;;;;;;;;;;;;;;;;;;;;;;;;
UU1600_SIX_ecologism;Хранители земли и рек сиу;Keepers of the Sioux Lands and Rivers;;;;;;;;;;;;x;;;;;;;;;;;;;;;;;;;;;;;;
UU1600_SIX_corporatism;Собрание ремесленных братств сиу;Assembly of the Sioux Craft Guilds;;;;;;;;;;;;x;;;;;;;;;;;;;;;;;;;;;;;;
UU1600_SIX_cyber_autonomism;Лига самоуправляемых общин сиу;League of Self-Governing Sioux Communities;;;;;;;;;;;;x;;;;;;;;;;;;;;;;;;;;;;;;
UU1600_SLA_syndicalism;Синдикалистская партия;Syndicalist Party;;;;;;;;;;;;x;;;;;;;;;;;;;;;;;;;;;;;;
UU1600_SLA_militarism;Партия милитаристов;Militarist Party;;;;;;;;;;;;x;;;;;;;;;;;;;;;;;;;;;;;;
UU1600_SLA_ecologism;Экологическая партия;Ecologist Party;;;;;;;;;;;;x;;;;;;;;;;;;;;;;;;;;;;;;
UU1600_SLA_corporatism;Корпоративистская партия;Corporatist Party;;;;;;;;;;;;x;;;;;;;;;;;;;;;;;;;;;;;;
UU1600_SLA_cyber_autonomism;Партия киберавтономистов;Cyber-Autonomist Party;;;;;;;;;;;;x;;;;;;;;;;;;;;;;;;;;;;;;
UU1600_SLV_syndicalism;Синдикалистская партия;Syndicalist Party;;;;;;;;;;;;x;;;;;;;;;;;;;;;;;;;;;;;;
UU1600_SLV_militarism;Партия милитаристов;Militarist Party;;;;;;;;;;;;x;;;;;;;;;;;;;;;;;;;;;;;;
UU1600_SLV_ecologism;Экологическая партия;Ecologist Party;;;;;;;;;;;;x;;;;;;;;;;;;;;;;;;;;;;;;
UU1600_SLV_corporatism;Корпоративистская партия;Corporatist Party;;;;;;;;;;;;x;;;;;;;;;;;;;;;;;;;;;;;;
UU1600_SLV_cyber_autonomism;Партия киберавтономистов;Cyber-Autonomist Party;;;;;;;;;;;;x;;;;;;;;;;;;;;;;;;;;;;;;
UU1600_SLO_syndicalism;Синдикалистская партия;Syndicalist Party;;;;;;;;;;;;x;;;;;;;;;;;;;;;;;;;;;;;;
UU1600_SLO_militarism;Партия милитаристов;Militarist Party;;;;;;;;;;;;x;;;;;;;;;;;;;;;;;;;;;;;;
UU1600_SLO_ecologism;Экологическая партия;Ecologist Party;;;;;;;;;;;;x;;;;;;;;;;;;;;;;;;;;;;;;
UU1600_SLO_corporatism;Корпоративистская партия;Corporatist Party;;;;;;;;;;;;x;;;;;;;;;;;;;;;;;;;;;;;;
UU1600_SLO_cyber_autonomism;Партия киберавтономистов;Cyber-Autonomist Party;;;;;;;;;;;;x;;;;;;;;;;;;;;;;;;;;;;;;
UU1600_SOK_syndicalism;Синдикалистская партия;Syndicalist Party;;;;;;;;;;;;x;;;;;;;;;;;;;;;;;;;;;;;;
UU1600_SOK_militarism;Партия милитаристов;Militarist Party;;;;;;;;;;;;x;;;;;;;;;;;;;;;;;;;;;;;;
UU1600_SOK_ecologism;Экологическая партия;Ecologist Party;;;;;;;;;;;;x;;;;;;;;;;;;;;;;;;;;;;;;
UU1600_SOK_corporatism;Корпоративистская партия;Corporatist Party;;;;;;;;;;;;x;;;;;;;;;;;;;;;;;;;;;;;;
UU1600_SOK_cyber_autonomism;Партия киберавтономистов;Cyber-Autonomist Party;;;;;;;;;;;;x;;;;;;;;;;;;;;;;;;;;;;;;
UU1600_SOM_syndicalism;Синдикалистская партия;Syndicalist Party;;;;;;;;;;;;x;;;;;;;;;;;;;;;;;;;;;;;;
UU1600_SOM_militarism;Партия милитаристов;Militarist Party;;;;;;;;;;;;x;;;;;;;;;;;;;;;;;;;;;;;;
UU1600_SOM_ecologism;Экологическая партия;Ecologist Party;;;;;;;;;;;;x;;;;;;;;;;;;;;;;;;;;;;;;
UU1600_SOM_corporatism;Корпоративистская партия;Corporatist Party;;;;;;;;;;;;x;;;;;;;;;;;;;;;;;;;;;;;;
UU1600_SOM_cyber_autonomism;Партия киберавтономистов;Cyber-Autonomist Party;;;;;;;;;;;;x;;;;;;;;;;;;;;;;;;;;;;;;
UU1600_SAF_syndicalism;Синдикалистская партия;Syndicalist Party;;;;;;;;;;;;x;;;;;;;;;;;;;;;;;;;;;;;;
UU1600_SAF_militarism;Партия милитаристов;Militarist Party;;;;;;;;;;;;x;;;;;;;;;;;;;;;;;;;;;;;;
UU1600_SAF_ecologism;Экологическая партия;Ecologist Party;;;;;;;;;;;;x;;;;;;;;;;;;;;;;;;;;;;;;
UU1600_SAF_corporatism;Корпоративистская партия;Corporatist Party;;;;;;;;;;;;x;;;;;;;;;;;;;;;;;;;;;;;;
UU1600_SAF_cyber_autonomism;Партия киберавтономистов;Cyber-Autonomist Party;;;;;;;;;;;;x;;;;;;;;;;;;;;;;;;;;;;;;
UU1600_SGF_syndicalism;Синдикалистская партия;Syndicalist Party;;;;;;;;;;;;x;;;;;;;;;;;;;;;;;;;;;;;;
UU1600_SGF_militarism;Партия милитаристов;Militarist Party;;;;;;;;;;;;x;;;;;;;;;;;;;;;;;;;;;;;;
UU1600_SGF_ecologism;Экологическая партия;Ecologist Party;;;;;;;;;;;;x;;;;;;;;;;;;;;;;;;;;;;;;
UU1600_SGF_corporatism;Корпоративистская партия;Corporatist Party;;;;;;;;;;;;x;;;;;;;;;;;;;;;;;;;;;;;;
UU1600_SGF_cyber_autonomism;Партия киберавтономистов;Cyber-Autonomist Party;;;;;;;;;;;;x;;;;;;;;;;;;;;;;;;;;;;;;
UU1600_SKA_syndicalism;Синдикалистская партия;Syndicalist Party;;;;;;;;;;;;x;;;;;;;;;;;;;;;;;;;;;;;;
UU1600_SKA_militarism;Партия милитаристов;Militarist Party;;;;;;;;;;;;x;;;;;;;;;;;;;;;;;;;;;;;;
UU1600_SKA_ecologism;Экологическая партия;Ecologist Party;;;;;;;;;;;;x;;;;;;;;;;;;;;;;;;;;;;;;
UU1600_SKA_corporatism;Корпоративистская партия;Corporatist Party;;;;;;;;;;;;x;;;;;;;;;;;;;;;;;;;;;;;;
UU1600_SKA_cyber_autonomism;Партия киберавтономистов;Cyber-Autonomist Party;;;;;;;;;;;;x;;;;;;;;;;;;;;;;;;;;;;;;
UU1600_SSD_syndicalism;Синдикалистская партия;Syndicalist Party;;;;;;;;;;;;x;;;;;;;;;;;;;;;;;;;;;;;;
UU1600_SSD_militarism;Партия милитаристов;Militarist Party;;;;;;;;;;;;x;;;;;;;;;;;;;;;;;;;;;;;;
UU1600_SSD_ecologism;Экологическая партия;Ecologist Party;;;;;;;;;;;;x;;;;;;;;;;;;;;;;;;;;;;;;
UU1600_SSD_corporatism;Корпоративистская партия;Corporatist Party;;;;;;;;;;;;x;;;;;;;;;;;;;;;;;;;;;;;;
UU1600_SSD_cyber_autonomism;Партия киберавтономистов;Cyber-Autonomist Party;;;;;;;;;;;;x;;;;;;;;;;;;;;;;;;;;;;;;
UU1600_SVI_syndicalism;Синдикалистская партия;Syndicalist Party;;;;;;;;;;;;x;;;;;;;;;;;;;;;;;;;;;;;;
UU1600_SVI_militarism;Партия милитаристов;Militarist Party;;;;;;;;;;;;x;;;;;;;;;;;;;;;;;;;;;;;;
UU1600_SVI_ecologism;Экологическая партия;Ecologist Party;;;;;;;;;;;;x;;;;;;;;;;;;;;;;;;;;;;;;
UU1600_SVI_corporatism;Корпоративистская партия;Corporatist Party;;;;;;;;;;;;x;;;;;;;;;;;;;;;;;;;;;;;;
UU1600_SVI_cyber_autonomism;Партия киберавтономистов;Cyber-Autonomist Party;;;;;;;;;;;;x;;;;;;;;;;;;;;;;;;;;;;;;
UU1600_RHO_syndicalism;Синдикалистская партия;Syndicalist Party;;;;;;;;;;;;x;;;;;;;;;;;;;;;;;;;;;;;;
UU1600_RHO_militarism;Партия милитаристов;Militarist Party;;;;;;;;;;;;x;;;;;;;;;;;;;;;;;;;;;;;;
UU1600_RHO_ecologism;Экологическая партия;Ecologist Party;;;;;;;;;;;;x;;;;;;;;;;;;;;;;;;;;;;;;
UU1600_RHO_corporatism;Корпоративистская партия;Corporatist Party;;;;;;;;;;;;x;;;;;;;;;;;;;;;;;;;;;;;;
UU1600_RHO_cyber_autonomism;Партия киберавтономистов;Cyber-Autonomist Party;;;;;;;;;;;;x;;;;;;;;;;;;;;;;;;;;;;;;
UU1600_SPA_syndicalism;Синдикалистская партия;Syndicalist Party;;;;;;;;;;;;x;;;;;;;;;;;;;;;;;;;;;;;;
UU1600_SPA_militarism;Партия милитаристов;Militarist Party;;;;;;;;;;;;x;;;;;;;;;;;;;;;;;;;;;;;;
UU1600_SPA_ecologism;Экологическая партия;Ecologist Party;;;;;;;;;;;;x;;;;;;;;;;;;;;;;;;;;;;;;
UU1600_SPA_corporatism;Корпоративистская партия;Corporatist Party;;;;;;;;;;;;x;;;;;;;;;;;;;;;;;;;;;;;;
UU1600_SPA_cyber_autonomism;Партия киберавтономистов;Cyber-Autonomist Party;;;;;;;;;;;;x;;;;;;;;;;;;;;;;;;;;;;;;
UU1600_STG_syndicalism;Синдикалистская партия;Syndicalist Party;;;;;;;;;;;;x;;;;;;;;;;;;;;;;;;;;;;;;
UU1600_STG_militarism;Партия милитаристов;Militarist Party;;;;;;;;;;;;x;;;;;;;;;;;;;;;;;;;;;;;;
UU1600_STG_ecologism;Экологическая партия;Ecologist Party;;;;;;;;;;;;x;;;;;;;;;;;;;;;;;;;;;;;;
UU1600_STG_corporatism;Корпоративистская партия;Corporatist Party;;;;;;;;;;;;x;;;;;;;;;;;;;;;;;;;;;;;;
UU1600_STG_cyber_autonomism;Партия киберавтономистов;Cyber-Autonomist Party;;;;;;;;;;;;x;;;;;;;;;;;;;;;;;;;;;;;;
UU1600_SUD_syndicalism;Синдикалистская партия;Syndicalist Party;;;;;;;;;;;;x;;;;;;;;;;;;;;;;;;;;;;;;
UU1600_SUD_militarism;Партия милитаристов;Militarist Party;;;;;;;;;;;;x;;;;;;;;;;;;;;;;;;;;;;;;
UU1600_SUD_ecologism;Экологическая партия;Ecologist Party;;;;;;;;;;;;x;;;;;;;;;;;;;;;;;;;;;;;;
UU1600_SUD_corporatism;Корпоративистская партия;Corporatist Party;;;;;;;;;;;;x;;;;;;;;;;;;;;;;;;;;;;;;
UU1600_SUD_cyber_autonomism;Партия киберавтономистов;Cyber-Autonomist Party;;;;;;;;;;;;x;;;;;;;;;;;;;;;;;;;;;;;;
UU1600_SLW_syndicalism;Синдикалистская партия;Syndicalist Party;;;;;;;;;;;;x;;;;;;;;;;;;;;;;;;;;;;;;
UU1600_SLW_militarism;Партия милитаристов;Militarist Party;;;;;;;;;;;;x;;;;;;;;;;;;;;;;;;;;;;;;
UU1600_SLW_ecologism;Экологическая партия;Ecologist Party;;;;;;;;;;;;x;;;;;;;;;;;;;;;;;;;;;;;;
UU1600_SLW_corporatism;Корпоративистская партия;Corporatist Party;;;;;;;;;;;;x;;;;;;;;;;;;;;;;;;;;;;;;
UU1600_SLW_cyber_autonomism;Партия киберавтономистов;Cyber-Autonomist Party;;;;;;;;;;;;x;;;;;;;;;;;;;;;;;;;;;;;;
UU1600_SUR_syndicalism;Синдикалистская партия;Syndicalist Party;;;;;;;;;;;;x;;;;;;;;;;;;;;;;;;;;;;;;
UU1600_SUR_militarism;Партия милитаристов;Militarist Party;;;;;;;;;;;;x;;;;;;;;;;;;;;;;;;;;;;;;
UU1600_SUR_ecologism;Экологическая партия;Ecologist Party;;;;;;;;;;;;x;;;;;;;;;;;;;;;;;;;;;;;;
UU1600_SUR_corporatism;Корпоративистская партия;Corporatist Party;;;;;;;;;;;;x;;;;;;;;;;;;;;;;;;;;;;;;
UU1600_SUR_cyber_autonomism;Партия киберавтономистов;Cyber-Autonomist Party;;;;;;;;;;;;x;;;;;;;;;;;;;;;;;;;;;;;;
UU1600_SQH_syndicalism;Союз промысловых общин саскуэханноков;Syndicate of the Susquehannock Communities;;;;;;;;;;;;x;;;;;;;;;;;;;;;;;;;;;;;;
UU1600_SQH_militarism;Стража саскуэханноков;Guard of the Susquehannock;;;;;;;;;;;;x;;;;;;;;;;;;;;;;;;;;;;;;
UU1600_SQH_ecologism;Хранители земли и рек саскуэханноков;Keepers of the Susquehannock Lands and Rivers;;;;;;;;;;;;x;;;;;;;;;;;;;;;;;;;;;;;;
UU1600_SQH_corporatism;Собрание ремесленных братств саскуэханноков;Assembly of the Susquehannock Craft Guilds;;;;;;;;;;;;x;;;;;;;;;;;;;;;;;;;;;;;;
UU1600_SQH_cyber_autonomism;Лига самоуправляемых общин саскуэханноков;League of Self-Governing Susquehannock Communities;;;;;;;;;;;;x;;;;;;;;;;;;;;;;;;;;;;;;
UU1600_SSX_syndicalism;Синдикалистская партия;Syndicalist Party;;;;;;;;;;;;x;;;;;;;;;;;;;;;;;;;;;;;;
UU1600_SSX_militarism;Партия милитаристов;Militarist Party;;;;;;;;;;;;x;;;;;;;;;;;;;;;;;;;;;;;;
UU1600_SSX_ecologism;Экологическая партия;Ecologist Party;;;;;;;;;;;;x;;;;;;;;;;;;;;;;;;;;;;;;
UU1600_SSX_corporatism;Корпоративистская партия;Corporatist Party;;;;;;;;;;;;x;;;;;;;;;;;;;;;;;;;;;;;;
UU1600_SSX_cyber_autonomism;Партия киберавтономистов;Cyber-Autonomist Party;;;;;;;;;;;;x;;;;;;;;;;;;;;;;;;;;;;;;
UU1600_SWZ_syndicalism;Синдикалистская партия;Syndicalist Party;;;;;;;;;;;;x;;;;;;;;;;;;;;;;;;;;;;;;
UU1600_SWZ_militarism;Партия милитаристов;Militarist Party;;;;;;;;;;;;x;;;;;;;;;;;;;;;;;;;;;;;;
UU1600_SWZ_ecologism;Экологическая партия;Ecologist Party;;;;;;;;;;;;x;;;;;;;;;;;;;;;;;;;;;;;;
UU1600_SWZ_corporatism;Корпоративистская партия;Corporatist Party;;;;;;;;;;;;x;;;;;;;;;;;;;;;;;;;;;;;;
UU1600_SWZ_cyber_autonomism;Партия киберавтономистов;Cyber-Autonomist Party;;;;;;;;;;;;x;;;;;;;;;;;;;;;;;;;;;;;;
UU1600_SWN_syndicalism;Синдикалистская партия;Syndicalist Party;;;;;;;;;;;;x;;;;;;;;;;;;;;;;;;;;;;;;
UU1600_SWN_militarism;Партия милитаристов;Militarist Party;;;;;;;;;;;;x;;;;;;;;;;;;;;;;;;;;;;;;
UU1600_SWN_ecologism;Экологическая партия;Ecologist Party;;;;;;;;;;;;x;;;;;;;;;;;;;;;;;;;;;;;;
UU1600_SWN_corporatism;Корпоративистская партия;Corporatist Party;;;;;;;;;;;;x;;;;;;;;;;;;;;;;;;;;;;;;
UU1600_SWN_cyber_autonomism;Партия киберавтономистов;Cyber-Autonomist Party;;;;;;;;;;;;x;;;;;;;;;;;;;;;;;;;;;;;;
UU1600_SWE_syndicalism;Синдикалистская партия;Syndicalist Party;;;;;;;;;;;;x;;;;;;;;;;;;;;;;;;;;;;;;
UU1600_SWE_militarism;Партия милитаристов;Militarist Party;;;;;;;;;;;;x;;;;;;;;;;;;;;;;;;;;;;;;
UU1600_SWE_ecologism;Экологическая партия;Ecologist Party;;;;;;;;;;;;x;;;;;;;;;;;;;;;;;;;;;;;;
UU1600_SWE_corporatism;Корпоративистская партия;Corporatist Party;;;;;;;;;;;;x;;;;;;;;;;;;;;;;;;;;;;;;
UU1600_SWE_cyber_autonomism;Партия киберавтономистов;Cyber-Autonomist Party;;;;;;;;;;;;x;;;;;;;;;;;;;;;;;;;;;;;;
UU1600_SWI_syndicalism;Синдикалистская партия;Syndicalist Party;;;;;;;;;;;;x;;;;;;;;;;;;;;;;;;;;;;;;
UU1600_SWI_militarism;Партия милитаристов;Militarist Party;;;;;;;;;;;;x;;;;;;;;;;;;;;;;;;;;;;;;
UU1600_SWI_ecologism;Экологическая партия;Ecologist Party;;;;;;;;;;;;x;;;;;;;;;;;;;;;;;;;;;;;;
UU1600_SWI_corporatism;Корпоративистская партия;Corporatist Party;;;;;;;;;;;;x;;;;;;;;;;;;;;;;;;;;;;;;
UU1600_SWI_cyber_autonomism;Партия киберавтономистов;Cyber-Autonomist Party;;;;;;;;;;;;x;;;;;;;;;;;;;;;;;;;;;;;;
UU1600_SYR_syndicalism;Синдикалистская партия;Syndicalist Party;;;;;;;;;;;;x;;;;;;;;;;;;;;;;;;;;;;;;
UU1600_SYR_militarism;Партия милитаристов;Militarist Party;;;;;;;;;;;;x;;;;;;;;;;;;;;;;;;;;;;;;
UU1600_SYR_ecologism;Экологическая партия;Ecologist Party;;;;;;;;;;;;x;;;;;;;;;;;;;;;;;;;;;;;;
UU1600_SYR_corporatism;Корпоративистская партия;Corporatist Party;;;;;;;;;;;;x;;;;;;;;;;;;;;;;;;;;;;;;
UU1600_SYR_cyber_autonomism;Партия киберавтономистов;Cyber-Autonomist Party;;;;;;;;;;;;x;;;;;;;;;;;;;;;;;;;;;;;;
UU1600_TPG_syndicalism;Синдикалистская партия;Syndicalist Party;;;;;;;;;;;;x;;;;;;;;;;;;;;;;;;;;;;;;
UU1600_TPG_militarism;Партия милитаристов;Militarist Party;;;;;;;;;;;;x;;;;;;;;;;;;;;;;;;;;;;;;
UU1600_TPG_ecologism;Экологическая партия;Ecologist Party;;;;;;;;;;;;x;;;;;;;;;;;;;;;;;;;;;;;;
UU1600_TPG_corporatism;Корпоративистская партия;Corporatist Party;;;;;;;;;;;;x;;;;;;;;;;;;;;;;;;;;;;;;
UU1600_TPG_cyber_autonomism;Партия киберавтономистов;Cyber-Autonomist Party;;;;;;;;;;;;x;;;;;;;;;;;;;;;;;;;;;;;;
UU1600_TAI_syndicalism;Синдикалистская партия;Syndicalist Party;;;;;;;;;;;;x;;;;;;;;;;;;;;;;;;;;;;;;
UU1600_TAI_militarism;Партия милитаристов;Militarist Party;;;;;;;;;;;;x;;;;;;;;;;;;;;;;;;;;;;;;
UU1600_TAI_ecologism;Экологическая партия;Ecologist Party;;;;;;;;;;;;x;;;;;;;;;;;;;;;;;;;;;;;;
UU1600_TAI_corporatism;Корпоративистская партия;Corporatist Party;;;;;;;;;;;;x;;;;;;;;;;;;;;;;;;;;;;;;
UU1600_TAI_cyber_autonomism;Партия киберавтономистов;Cyber-Autonomist Party;;;;;;;;;;;;x;;;;;;;;;;;;;;;;;;;;;;;;
UU1600_TAJ_syndicalism;Синдикалистская партия;Syndicalist Party;;;;;;;;;;;;x;;;;;;;;;;;;;;;;;;;;;;;;
UU1600_TAJ_militarism;Партия милитаристов;Militarist Party;;;;;;;;;;;;x;;;;;;;;;;;;;;;;;;;;;;;;
UU1600_TAJ_ecologism;Экологическая партия;Ecologist Party;;;;;;;;;;;;x;;;;;;;;;;;;;;;;;;;;;;;;
UU1600_TAJ_corporatism;Корпоративистская партия;Corporatist Party;;;;;;;;;;;;x;;;;;;;;;;;;;;;;;;;;;;;;
UU1600_TAJ_cyber_autonomism;Партия киберавтономистов;Cyber-Autonomist Party;;;;;;;;;;;;x;;;;;;;;;;;;;;;;;;;;;;;;
UU1600_TNT_syndicalism;Синдикалистская партия;Syndicalist Party;;;;;;;;;;;;x;;;;;;;;;;;;;;;;;;;;;;;;
UU1600_TNT_militarism;Партия милитаристов;Militarist Party;;;;;;;;;;;;x;;;;;;;;;;;;;;;;;;;;;;;;
UU1600_TNT_ecologism;Экологическая партия;Ecologist Party;;;;;;;;;;;;x;;;;;;;;;;;;;;;;;;;;;;;;
UU1600_TNT_corporatism;Корпоративистская партия;Corporatist Party;;;;;;;;;;;;x;;;;;;;;;;;;;;;;;;;;;;;;
UU1600_TNT_cyber_autonomism;Партия киберавтономистов;Cyber-Autonomist Party;;;;;;;;;;;;x;;;;;;;;;;;;;;;;;;;;;;;;
UU1600_TZN_syndicalism;Синдикалистская партия;Syndicalist Party;;;;;;;;;;;;x;;;;;;;;;;;;;;;;;;;;;;;;
UU1600_TZN_militarism;Партия милитаристов;Militarist Party;;;;;;;;;;;;x;;;;;;;;;;;;;;;;;;;;;;;;
UU1600_TZN_ecologism;Экологическая партия;Ecologist Party;;;;;;;;;;;;x;;;;;;;;;;;;;;;;;;;;;;;;
UU1600_TZN_corporatism;Корпоративистская партия;Corporatist Party;;;;;;;;;;;;x;;;;;;;;;;;;;;;;;;;;;;;;
UU1600_TZN_cyber_autonomism;Партия киберавтономистов;Cyber-Autonomist Party;;;;;;;;;;;;x;;;;;;;;;;;;;;;;;;;;;;;;
UU1600_TEX_syndicalism;Синдикалистская партия;Syndicalist Party;;;;;;;;;;;;x;;;;;;;;;;;;;;;;;;;;;;;;
UU1600_TEX_militarism;Партия милитаристов;Militarist Party;;;;;;;;;;;;x;;;;;;;;;;;;;;;;;;;;;;;;
UU1600_TEX_ecologism;Экологическая партия;Ecologist Party;;;;;;;;;;;;x;;;;;;;;;;;;;;;;;;;;;;;;
UU1600_TEX_corporatism;Корпоративистская партия;Corporatist Party;;;;;;;;;;;;x;;;;;;;;;;;;;;;;;;;;;;;;
UU1600_TEX_cyber_autonomism;Партия киберавтономистов;Cyber-Autonomist Party;;;;;;;;;;;;x;;;;;;;;;;;;;;;;;;;;;;;;
UU1600_THA_syndicalism;Синдикалистская партия;Syndicalist Party;;;;;;;;;;;;x;;;;;;;;;;;;;;;;;;;;;;;;
UU1600_THA_militarism;Партия милитаристов;Militarist Party;;;;;;;;;;;;x;;;;;;;;;;;;;;;;;;;;;;;;
UU1600_THA_ecologism;Экологическая партия;Ecologist Party;;;;;;;;;;;;x;;;;;;;;;;;;;;;;;;;;;;;;
UU1600_THA_corporatism;Корпоративистская партия;Corporatist Party;;;;;;;;;;;;x;;;;;;;;;;;;;;;;;;;;;;;;
UU1600_THA_cyber_autonomism;Партия киберавтономистов;Cyber-Autonomist Party;;;;;;;;;;;;x;;;;;;;;;;;;;;;;;;;;;;;;
UU1600_THC_syndicalism;Синдикалистская партия;Syndicalist Party;;;;;;;;;;;;x;;;;;;;;;;;;;;;;;;;;;;;;
UU1600_THC_militarism;Партия милитаристов;Militarist Party;;;;;;;;;;;;x;;;;;;;;;;;;;;;;;;;;;;;;
UU1600_THC_ecologism;Экологическая партия;Ecologist Party;;;;;;;;;;;;x;;;;;;;;;;;;;;;;;;;;;;;;
UU1600_THC_corporatism;Корпоративистская партия;Corporatist Party;;;;;;;;;;;;x;;;;;;;;;;;;;;;;;;;;;;;;
UU1600_THC_cyber_autonomism;Партия киберавтономистов;Cyber-Autonomist Party;;;;;;;;;;;;x;;;;;;;;;;;;;;;;;;;;;;;;
UU1600_TIB_syndicalism;Синдикалистская партия;Syndicalist Party;;;;;;;;;;;;x;;;;;;;;;;;;;;;;;;;;;;;;
UU1600_TIB_militarism;Партия милитаристов;Militarist Party;;;;;;;;;;;;x;;;;;;;;;;;;;;;;;;;;;;;;
UU1600_TIB_ecologism;Экологическая партия;Ecologist Party;;;;;;;;;;;;x;;;;;;;;;;;;;;;;;;;;;;;;
UU1600_TIB_corporatism;Корпоративистская партия;Corporatist Party;;;;;;;;;;;;x;;;;;;;;;;;;;;;;;;;;;;;;
UU1600_TIB_cyber_autonomism;Партия киберавтономистов;Cyber-Autonomist Party;;;;;;;;;;;;x;;;;;;;;;;;;;;;;;;;;;;;;
UU1600_TBK_syndicalism;Синдикалистская партия;Syndicalist Party;;;;;;;;;;;;x;;;;;;;;;;;;;;;;;;;;;;;;
UU1600_TBK_militarism;Партия милитаристов;Militarist Party;;;;;;;;;;;;x;;;;;;;;;;;;;;;;;;;;;;;;
UU1600_TBK_ecologism;Экологическая партия;Ecologist Party;;;;;;;;;;;;x;;;;;;;;;;;;;;;;;;;;;;;;
UU1600_TBK_corporatism;Корпоративистская партия;Corporatist Party;;;;;;;;;;;;x;;;;;;;;;;;;;;;;;;;;;;;;
UU1600_TBK_cyber_autonomism;Партия киберавтономистов;Cyber-Autonomist Party;;;;;;;;;;;;x;;;;;;;;;;;;;;;;;;;;;;;;
UU1600_TOG_syndicalism;Синдикалистская партия;Syndicalist Party;;;;;;;;;;;;x;;;;;;;;;;;;;;;;;;;;;;;;
UU1600_TOG_militarism;Партия милитаристов;Militarist Party;;;;;;;;;;;;x;;;;;;;;;;;;;;;;;;;;;;;;
UU1600_TOG_ecologism;Экологическая партия;Ecologist Party;;;;;;;;;;;;x;;;;;;;;;;;;;;;;;;;;;;;;
UU1600_TOG_corporatism;Корпоративистская партия;Corporatist Party;;;;;;;;;;;;x;;;;;;;;;;;;;;;;;;;;;;;;
UU1600_TOG_cyber_autonomism;Партия киберавтономистов;Cyber-Autonomist Party;;;;;;;;;;;;x;;;;;;;;;;;;;;;;;;;;;;;;
UU1600_TOO_syndicalism;Синдикалистская партия;Syndicalist Party;;;;;;;;;;;;x;;;;;;;;;;;;;;;;;;;;;;;;
UU1600_TOO_militarism;Партия милитаристов;Militarist Party;;;;;;;;;;;;x;;;;;;;;;;;;;;;;;;;;;;;;
UU1600_TOO_ecologism;Экологическая партия;Ecologist Party;;;;;;;;;;;;x;;;;;;;;;;;;;;;;;;;;;;;;
UU1600_TOO_corporatism;Корпоративистская партия;Corporatist Party;;;;;;;;;;;;x;;;;;;;;;;;;;;;;;;;;;;;;
UU1600_TOO_cyber_autonomism;Партия киберавтономистов;Cyber-Autonomist Party;;;;;;;;;;;;x;;;;;;;;;;;;;;;;;;;;;;;;
UU1600_TOS_syndicalism;Синдикалистская партия;Syndicalist Party;;;;;;;;;;;;x;;;;;;;;;;;;;;;;;;;;;;;;
UU1600_TOS_militarism;Партия милитаристов;Militarist Party;;;;;;;;;;;;x;;;;;;;;;;;;;;;;;;;;;;;;
UU1600_TOS_ecologism;Экологическая партия;Ecologist Party;;;;;;;;;;;;x;;;;;;;;;;;;;;;;;;;;;;;;
UU1600_TOS_corporatism;Корпоративистская партия;Corporatist Party;;;;;;;;;;;;x;;;;;;;;;;;;;;;;;;;;;;;;
UU1600_TOS_cyber_autonomism;Партия киберавтономистов;Cyber-Autonomist Party;;;;;;;;;;;;x;;;;;;;;;;;;;;;;;;;;;;;;
UU1600_TRN_syndicalism;Синдикалистская партия;Syndicalist Party;;;;;;;;;;;;x;;;;;;;;;;;;;;;;;;;;;;;;
UU1600_TRN_militarism;Партия милитаристов;Militarist Party;;;;;;;;;;;;x;;;;;;;;;;;;;;;;;;;;;;;;
UU1600_TRN_ecologism;Экологическая партия;Ecologist Party;;;;;;;;;;;;x;;;;;;;;;;;;;;;;;;;;;;;;
UU1600_TRN_corporatism;Корпоративистская партия;Corporatist Party;;;;;;;;;;;;x;;;;;;;;;;;;;;;;;;;;;;;;
UU1600_TRN_cyber_autonomism;Партия киберавтономистов;Cyber-Autonomist Party;;;;;;;;;;;;x;;;;;;;;;;;;;;;;;;;;;;;;
UU1600_TRA_syndicalism;Синдикалистская партия;Syndicalist Party;;;;;;;;;;;;x;;;;;;;;;;;;;;;;;;;;;;;;
UU1600_TRA_militarism;Партия милитаристов;Militarist Party;;;;;;;;;;;;x;;;;;;;;;;;;;;;;;;;;;;;;
UU1600_TRA_ecologism;Экологическая партия;Ecologist Party;;;;;;;;;;;;x;;;;;;;;;;;;;;;;;;;;;;;;
UU1600_TRA_corporatism;Корпоративистская партия;Corporatist Party;;;;;;;;;;;;x;;;;;;;;;;;;;;;;;;;;;;;;
UU1600_TRA_cyber_autonomism;Партия киберавтономистов;Cyber-Autonomist Party;;;;;;;;;;;;x;;;;;;;;;;;;;;;;;;;;;;;;
UU1600_TRT_syndicalism;Синдикалистская партия;Syndicalist Party;;;;;;;;;;;;x;;;;;;;;;;;;;;;;;;;;;;;;
UU1600_TRT_militarism;Партия милитаристов;Militarist Party;;;;;;;;;;;;x;;;;;;;;;;;;;;;;;;;;;;;;
UU1600_TRT_ecologism;Экологическая партия;Ecologist Party;;;;;;;;;;;;x;;;;;;;;;;;;;;;;;;;;;;;;
UU1600_TRT_corporatism;Корпоративистская партия;Corporatist Party;;;;;;;;;;;;x;;;;;;;;;;;;;;;;;;;;;;;;
UU1600_TRT_cyber_autonomism;Партия киберавтономистов;Cyber-Autonomist Party;;;;;;;;;;;;x;;;;;;;;;;;;;;;;;;;;;;;;
UU1600_TRR_syndicalism;Синдикалистская партия;Syndicalist Party;;;;;;;;;;;;x;;;;;;;;;;;;;;;;;;;;;;;;
UU1600_TRR_militarism;Партия милитаристов;Militarist Party;;;;;;;;;;;;x;;;;;;;;;;;;;;;;;;;;;;;;
UU1600_TRR_ecologism;Экологическая партия;Ecologist Party;;;;;;;;;;;;x;;;;;;;;;;;;;;;;;;;;;;;;
UU1600_TRR_corporatism;Корпоративистская партия;Corporatist Party;;;;;;;;;;;;x;;;;;;;;;;;;;;;;;;;;;;;;
UU1600_TRR_cyber_autonomism;Партия киберавтономистов;Cyber-Autonomist Party;;;;;;;;;;;;x;;;;;;;;;;;;;;;;;;;;;;;;
UU1600_TRE_syndicalism;Синдикалистская партия;Syndicalist Party;;;;;;;;;;;;x;;;;;;;;;;;;;;;;;;;;;;;;
UU1600_TRE_militarism;Партия милитаристов;Militarist Party;;;;;;;;;;;;x;;;;;;;;;;;;;;;;;;;;;;;;
UU1600_TRE_ecologism;Экологическая партия;Ecologist Party;;;;;;;;;;;;x;;;;;;;;;;;;;;;;;;;;;;;;
UU1600_TRE_corporatism;Корпоративистская партия;Corporatist Party;;;;;;;;;;;;x;;;;;;;;;;;;;;;;;;;;;;;;
UU1600_TRE_cyber_autonomism;Партия киберавтономистов;Cyber-Autonomist Party;;;;;;;;;;;;x;;;;;;;;;;;;;;;;;;;;;;;;
UU1600_TTB_syndicalism;Синдикалистская партия;Syndicalist Party;;;;;;;;;;;;x;;;;;;;;;;;;;;;;;;;;;;;;
UU1600_TTB_militarism;Партия милитаристов;Militarist Party;;;;;;;;;;;;x;;;;;;;;;;;;;;;;;;;;;;;;
UU1600_TTB_ecologism;Экологическая партия;Ecologist Party;;;;;;;;;;;;x;;;;;;;;;;;;;;;;;;;;;;;;
UU1600_TTB_corporatism;Корпоративистская партия;Corporatist Party;;;;;;;;;;;;x;;;;;;;;;;;;;;;;;;;;;;;;
UU1600_TTB_cyber_autonomism;Партия киберавтономистов;Cyber-Autonomist Party;;;;;;;;;;;;x;;;;;;;;;;;;;;;;;;;;;;;;
UU1600_TRI_syndicalism;Синдикалистская партия;Syndicalist Party;;;;;;;;;;;;x;;;;;;;;;;;;;;;;;;;;;;;;
UU1600_TRI_militarism;Партия милитаристов;Militarist Party;;;;;;;;;;;;x;;;;;;;;;;;;;;;;;;;;;;;;
UU1600_TRI_ecologism;Экологическая партия;Ecologist Party;;;;;;;;;;;;x;;;;;;;;;;;;;;;;;;;;;;;;
UU1600_TRI_corporatism;Корпоративистская партия;Corporatist Party;;;;;;;;;;;;x;;;;;;;;;;;;;;;;;;;;;;;;
UU1600_TRI_cyber_autonomism;Партия киберавтономистов;Cyber-Autonomist Party;;;;;;;;;;;;x;;;;;;;;;;;;;;;;;;;;;;;;
UU1600_TUN_syndicalism;Синдикалистская партия;Syndicalist Party;;;;;;;;;;;;x;;;;;;;;;;;;;;;;;;;;;;;;
UU1600_TUN_militarism;Партия милитаристов;Militarist Party;;;;;;;;;;;;x;;;;;;;;;;;;;;;;;;;;;;;;
UU1600_TUN_ecologism;Экологическая партия;Ecologist Party;;;;;;;;;;;;x;;;;;;;;;;;;;;;;;;;;;;;;
UU1600_TUN_corporatism;Корпоративистская партия;Corporatist Party;;;;;;;;;;;;x;;;;;;;;;;;;;;;;;;;;;;;;
UU1600_TUN_cyber_autonomism;Партия киберавтономистов;Cyber-Autonomist Party;;;;;;;;;;;;x;;;;;;;;;;;;;;;;;;;;;;;;
UU1600_TRK_syndicalism;Синдикалистская партия;Syndicalist Party;;;;;;;;;;;;x;;;;;;;;;;;;;;;;;;;;;;;;
UU1600_TRK_militarism;Партия милитаристов;Militarist Party;;;;;;;;;;;;x;;;;;;;;;;;;;;;;;;;;;;;;
UU1600_TRK_ecologism;Экологическая партия;Ecologist Party;;;;;;;;;;;;x;;;;;;;;;;;;;;;;;;;;;;;;
UU1600_TRK_corporatism;Корпоративистская партия;Corporatist Party;;;;;;;;;;;;x;;;;;;;;;;;;;;;;;;;;;;;;
UU1600_TRK_cyber_autonomism;Партия киберавтономистов;Cyber-Autonomist Party;;;;;;;;;;;;x;;;;;;;;;;;;;;;;;;;;;;;;
UU1600_TRM_syndicalism;Синдикалистская партия;Syndicalist Party;;;;;;;;;;;;x;;;;;;;;;;;;;;;;;;;;;;;;
UU1600_TRM_militarism;Партия милитаристов;Militarist Party;;;;;;;;;;;;x;;;;;;;;;;;;;;;;;;;;;;;;
UU1600_TRM_ecologism;Экологическая партия;Ecologist Party;;;;;;;;;;;;x;;;;;;;;;;;;;;;;;;;;;;;;
UU1600_TRM_corporatism;Корпоративистская партия;Corporatist Party;;;;;;;;;;;;x;;;;;;;;;;;;;;;;;;;;;;;;
UU1600_TRM_cyber_autonomism;Партия киберавтономистов;Cyber-Autonomist Party;;;;;;;;;;;;x;;;;;;;;;;;;;;;;;;;;;;;;
UU1600_TUS_syndicalism;Синдикалистская партия;Syndicalist Party;;;;;;;;;;;;x;;;;;;;;;;;;;;;;;;;;;;;;
UU1600_TUS_militarism;Партия милитаристов;Militarist Party;;;;;;;;;;;;x;;;;;;;;;;;;;;;;;;;;;;;;
UU1600_TUS_ecologism;Экологическая партия;Ecologist Party;;;;;;;;;;;;x;;;;;;;;;;;;;;;;;;;;;;;;
UU1600_TUS_corporatism;Корпоративистская партия;Corporatist Party;;;;;;;;;;;;x;;;;;;;;;;;;;;;;;;;;;;;;
UU1600_TUS_cyber_autonomism;Партия киберавтономистов;Cyber-Autonomist Party;;;;;;;;;;;;x;;;;;;;;;;;;;;;;;;;;;;;;
UU1600_SIC_syndicalism;Синдикалистская партия;Syndicalist Party;;;;;;;;;;;;x;;;;;;;;;;;;;;;;;;;;;;;;
UU1600_SIC_militarism;Партия милитаристов;Militarist Party;;;;;;;;;;;;x;;;;;;;;;;;;;;;;;;;;;;;;
UU1600_SIC_ecologism;Экологическая партия;Ecologist Party;;;;;;;;;;;;x;;;;;;;;;;;;;;;;;;;;;;;;
UU1600_SIC_corporatism;Корпоративистская партия;Corporatist Party;;;;;;;;;;;;x;;;;;;;;;;;;;;;;;;;;;;;;
UU1600_SIC_cyber_autonomism;Партия киберавтономистов;Cyber-Autonomist Party;;;;;;;;;;;;x;;;;;;;;;;;;;;;;;;;;;;;;
UU1600_UCS_syndicalism;Синдикалистская партия;Syndicalist Party;;;;;;;;;;;;x;;;;;;;;;;;;;;;;;;;;;;;;
UU1600_UCS_militarism;Партия милитаристов;Militarist Party;;;;;;;;;;;;x;;;;;;;;;;;;;;;;;;;;;;;;
UU1600_UCS_ecologism;Экологическая партия;Ecologist Party;;;;;;;;;;;;x;;;;;;;;;;;;;;;;;;;;;;;;
UU1600_UCS_corporatism;Корпоративистская партия;Corporatist Party;;;;;;;;;;;;x;;;;;;;;;;;;;;;;;;;;;;;;
UU1600_UCS_cyber_autonomism;Партия киберавтономистов;Cyber-Autonomist Party;;;;;;;;;;;;x;;;;;;;;;;;;;;;;;;;;;;;;
UU1600_UGA_syndicalism;Синдикалистская партия;Syndicalist Party;;;;;;;;;;;;x;;;;;;;;;;;;;;;;;;;;;;;;
UU1600_UGA_militarism;Партия милитаристов;Militarist Party;;;;;;;;;;;;x;;;;;;;;;;;;;;;;;;;;;;;;
UU1600_UGA_ecologism;Экологическая партия;Ecologist Party;;;;;;;;;;;;x;;;;;;;;;;;;;;;;;;;;;;;;
UU1600_UGA_corporatism;Корпоративистская партия;Corporatist Party;;;;;;;;;;;;x;;;;;;;;;;;;;;;;;;;;;;;;
UU1600_UGA_cyber_autonomism;Партия киберавтономистов;Cyber-Autonomist Party;;;;;;;;;;;;x;;;;;;;;;;;;;;;;;;;;;;;;
UU1600_UKR_syndicalism;Синдикалистская партия;Syndicalist Party;;;;;;;;;;;;x;;;;;;;;;;;;;;;;;;;;;;;;
UU1600_UKR_militarism;Партия милитаристов;Militarist Party;;;;;;;;;;;;x;;;;;;;;;;;;;;;;;;;;;;;;
UU1600_UKR_ecologism;Экологическая партия;Ecologist Party;;;;;;;;;;;;x;;;;;;;;;;;;;;;;;;;;;;;;
UU1600_UKR_corporatism;Корпоративистская партия;Corporatist Party;;;;;;;;;;;;x;;;;;;;;;;;;;;;;;;;;;;;;
UU1600_UKR_cyber_autonomism;Партия киберавтономистов;Cyber-Autonomist Party;;;;;;;;;;;;x;;;;;;;;;;;;;;;;;;;;;;;;
UU1600_ULM_syndicalism;Синдикалистская партия;Syndicalist Party;;;;;;;;;;;;x;;;;;;;;;;;;;;;;;;;;;;;;
UU1600_ULM_militarism;Партия милитаристов;Militarist Party;;;;;;;;;;;;x;;;;;;;;;;;;;;;;;;;;;;;;
UU1600_ULM_ecologism;Экологическая партия;Ecologist Party;;;;;;;;;;;;x;;;;;;;;;;;;;;;;;;;;;;;;
UU1600_ULM_corporatism;Корпоративистская партия;Corporatist Party;;;;;;;;;;;;x;;;;;;;;;;;;;;;;;;;;;;;;
UU1600_ULM_cyber_autonomism;Партия киберавтономистов;Cyber-Autonomist Party;;;;;;;;;;;;x;;;;;;;;;;;;;;;;;;;;;;;;
UU1600_ULA_syndicalism;Синдикалистская партия;Syndicalist Party;;;;;;;;;;;;x;;;;;;;;;;;;;;;;;;;;;;;;
UU1600_ULA_militarism;Партия милитаристов;Militarist Party;;;;;;;;;;;;x;;;;;;;;;;;;;;;;;;;;;;;;
UU1600_ULA_ecologism;Экологическая партия;Ecologist Party;;;;;;;;;;;;x;;;;;;;;;;;;;;;;;;;;;;;;
UU1600_ULA_corporatism;Корпоративистская партия;Corporatist Party;;;;;;;;;;;;x;;;;;;;;;;;;;;;;;;;;;;;;
UU1600_ULA_cyber_autonomism;Партия киберавтономистов;Cyber-Autonomist Party;;;;;;;;;;;;x;;;;;;;;;;;;;;;;;;;;;;;;
UU1600_UAR_syndicalism;Синдикалистская партия;Syndicalist Party;;;;;;;;;;;;x;;;;;;;;;;;;;;;;;;;;;;;;
UU1600_UAR_militarism;Партия милитаристов;Militarist Party;;;;;;;;;;;;x;;;;;;;;;;;;;;;;;;;;;;;;
UU1600_UAR_ecologism;Экологическая партия;Ecologist Party;;;;;;;;;;;;x;;;;;;;;;;;;;;;;;;;;;;;;
UU1600_UAR_corporatism;Корпоративистская партия;Corporatist Party;;;;;;;;;;;;x;;;;;;;;;;;;;;;;;;;;;;;;
UU1600_UAR_cyber_autonomism;Партия киберавтономистов;Cyber-Autonomist Party;;;;;;;;;;;;x;;;;;;;;;;;;;;;;;;;;;;;;
UU1600_UBD_syndicalism;Синдикалистская партия;Syndicalist Party;;;;;;;;;;;;x;;;;;;;;;;;;;;;;;;;;;;;;
UU1600_UBD_militarism;Партия милитаристов;Militarist Party;;;;;;;;;;;;x;;;;;;;;;;;;;;;;;;;;;;;;
UU1600_UBD_ecologism;Экологическая партия;Ecologist Party;;;;;;;;;;;;x;;;;;;;;;;;;;;;;;;;;;;;;
UU1600_UBD_corporatism;Корпоративистская партия;Corporatist Party;;;;;;;;;;;;x;;;;;;;;;;;;;;;;;;;;;;;;
UU1600_UBD_cyber_autonomism;Партия киберавтономистов;Cyber-Autonomist Party;;;;;;;;;;;;x;;;;;;;;;;;;;;;;;;;;;;;;
UU1600_ENG_syndicalism;Синдикалистская партия;Syndicalist Party;;;;;;;;;;;;x;;;;;;;;;;;;;;;;;;;;;;;;
UU1600_ENG_militarism;Партия милитаристов;Militarist Party;;;;;;;;;;;;x;;;;;;;;;;;;;;;;;;;;;;;;
UU1600_ENG_ecologism;Экологическая партия;Ecologist Party;;;;;;;;;;;;x;;;;;;;;;;;;;;;;;;;;;;;;
UU1600_ENG_corporatism;Корпоративистская партия;Corporatist Party;;;;;;;;;;;;x;;;;;;;;;;;;;;;;;;;;;;;;
UU1600_ENG_cyber_autonomism;Партия киберавтономистов;Cyber-Autonomist Party;;;;;;;;;;;;x;;;;;;;;;;;;;;;;;;;;;;;;
UU1600_UCA_syndicalism;Синдикалистская партия;Syndicalist Party;;;;;;;;;;;;x;;;;;;;;;;;;;;;;;;;;;;;;
UU1600_UCA_militarism;Партия милитаристов;Militarist Party;;;;;;;;;;;;x;;;;;;;;;;;;;;;;;;;;;;;;
UU1600_UCA_ecologism;Экологическая партия;Ecologist Party;;;;;;;;;;;;x;;;;;;;;;;;;;;;;;;;;;;;;
UU1600_UCA_corporatism;Корпоративистская партия;Corporatist Party;;;;;;;;;;;;x;;;;;;;;;;;;;;;;;;;;;;;;
UU1600_UCA_cyber_autonomism;Партия киберавтономистов;Cyber-Autonomist Party;;;;;;;;;;;;x;;;;;;;;;;;;;;;;;;;;;;;;
UU1600_URU_syndicalism;Синдикалистская партия;Syndicalist Party;;;;;;;;;;;;x;;;;;;;;;;;;;;;;;;;;;;;;
UU1600_URU_militarism;Партия милитаристов;Militarist Party;;;;;;;;;;;;x;;;;;;;;;;;;;;;;;;;;;;;;
UU1600_URU_ecologism;Экологическая партия;Ecologist Party;;;;;;;;;;;;x;;;;;;;;;;;;;;;;;;;;;;;;
UU1600_URU_corporatism;Корпоративистская партия;Corporatist Party;;;;;;;;;;;;x;;;;;;;;;;;;;;;;;;;;;;;;
UU1600_URU_cyber_autonomism;Партия киберавтономистов;Cyber-Autonomist Party;;;;;;;;;;;;x;;;;;;;;;;;;;;;;;;;;;;;;
UU1600_USA_syndicalism;Синдикалистская партия;Syndicalist Party;;;;;;;;;;;;x;;;;;;;;;;;;;;;;;;;;;;;;
UU1600_USA_militarism;Партия милитаристов;Militarist Party;;;;;;;;;;;;x;;;;;;;;;;;;;;;;;;;;;;;;
UU1600_USA_ecologism;Экологическая партия;Ecologist Party;;;;;;;;;;;;x;;;;;;;;;;;;;;;;;;;;;;;;
UU1600_USA_corporatism;Корпоративистская партия;Corporatist Party;;;;;;;;;;;;x;;;;;;;;;;;;;;;;;;;;;;;;
UU1600_USA_cyber_autonomism;Партия киберавтономистов;Cyber-Autonomist Party;;;;;;;;;;;;x;;;;;;;;;;;;;;;;;;;;;;;;
UU1600_UZB_syndicalism;Синдикалистская партия;Syndicalist Party;;;;;;;;;;;;x;;;;;;;;;;;;;;;;;;;;;;;;
UU1600_UZB_militarism;Партия милитаристов;Militarist Party;;;;;;;;;;;;x;;;;;;;;;;;;;;;;;;;;;;;;
UU1600_UZB_ecologism;Экологическая партия;Ecologist Party;;;;;;;;;;;;x;;;;;;;;;;;;;;;;;;;;;;;;
UU1600_UZB_corporatism;Корпоративистская партия;Corporatist Party;;;;;;;;;;;;x;;;;;;;;;;;;;;;;;;;;;;;;
UU1600_UZB_cyber_autonomism;Партия киберавтономистов;Cyber-Autonomist Party;;;;;;;;;;;;x;;;;;;;;;;;;;;;;;;;;;;;;
UU1600_VNZ_syndicalism;Синдикалистская партия;Syndicalist Party;;;;;;;;;;;;x;;;;;;;;;;;;;;;;;;;;;;;;
UU1600_VNZ_militarism;Партия милитаристов;Militarist Party;;;;;;;;;;;;x;;;;;;;;;;;;;;;;;;;;;;;;
UU1600_VNZ_ecologism;Экологическая партия;Ecologist Party;;;;;;;;;;;;x;;;;;;;;;;;;;;;;;;;;;;;;
UU1600_VNZ_corporatism;Корпоративистская партия;Corporatist Party;;;;;;;;;;;;x;;;;;;;;;;;;;;;;;;;;;;;;
UU1600_VNZ_cyber_autonomism;Партия киберавтономистов;Cyber-Autonomist Party;;;;;;;;;;;;x;;;;;;;;;;;;;;;;;;;;;;;;
UU1600_VEN_syndicalism;Синдикалистская партия;Syndicalist Party;;;;;;;;;;;;x;;;;;;;;;;;;;;;;;;;;;;;;
UU1600_VEN_militarism;Партия милитаристов;Militarist Party;;;;;;;;;;;;x;;;;;;;;;;;;;;;;;;;;;;;;
UU1600_VEN_ecologism;Экологическая партия;Ecologist Party;;;;;;;;;;;;x;;;;;;;;;;;;;;;;;;;;;;;;
UU1600_VEN_corporatism;Корпоративистская партия;Corporatist Party;;;;;;;;;;;;x;;;;;;;;;;;;;;;;;;;;;;;;
UU1600_VEN_cyber_autonomism;Партия киберавтономистов;Cyber-Autonomist Party;;;;;;;;;;;;x;;;;;;;;;;;;;;;;;;;;;;;;
UU1600_VER_syndicalism;Синдикалистская партия;Syndicalist Party;;;;;;;;;;;;x;;;;;;;;;;;;;;;;;;;;;;;;
UU1600_VER_militarism;Партия милитаристов;Militarist Party;;;;;;;;;;;;x;;;;;;;;;;;;;;;;;;;;;;;;
UU1600_VER_ecologism;Экологическая партия;Ecologist Party;;;;;;;;;;;;x;;;;;;;;;;;;;;;;;;;;;;;;
UU1600_VER_corporatism;Корпоративистская партия;Corporatist Party;;;;;;;;;;;;x;;;;;;;;;;;;;;;;;;;;;;;;
UU1600_VER_cyber_autonomism;Партия киберавтономистов;Cyber-Autonomist Party;;;;;;;;;;;;x;;;;;;;;;;;;;;;;;;;;;;;;
UU1600_WLD_syndicalism;Синдикалистская партия;Syndicalist Party;;;;;;;;;;;;x;;;;;;;;;;;;;;;;;;;;;;;;
UU1600_WLD_militarism;Партия милитаристов;Militarist Party;;;;;;;;;;;;x;;;;;;;;;;;;;;;;;;;;;;;;
UU1600_WLD_ecologism;Экологическая партия;Ecologist Party;;;;;;;;;;;;x;;;;;;;;;;;;;;;;;;;;;;;;
UU1600_WLD_corporatism;Корпоративистская партия;Corporatist Party;;;;;;;;;;;;x;;;;;;;;;;;;;;;;;;;;;;;;
UU1600_WLD_cyber_autonomism;Партия киберавтономистов;Cyber-Autonomist Party;;;;;;;;;;;;x;;;;;;;;;;;;;;;;;;;;;;;;
UU1600_WLS_syndicalism;Синдикалистская партия;Syndicalist Party;;;;;;;;;;;;x;;;;;;;;;;;;;;;;;;;;;;;;
UU1600_WLS_militarism;Партия милитаристов;Militarist Party;;;;;;;;;;;;x;;;;;;;;;;;;;;;;;;;;;;;;
UU1600_WLS_ecologism;Экологическая партия;Ecologist Party;;;;;;;;;;;;x;;;;;;;;;;;;;;;;;;;;;;;;
UU1600_WLS_corporatism;Корпоративистская партия;Corporatist Party;;;;;;;;;;;;x;;;;;;;;;;;;;;;;;;;;;;;;
UU1600_WLS_cyber_autonomism;Партия киберавтономистов;Cyber-Autonomist Party;;;;;;;;;;;;x;;;;;;;;;;;;;;;;;;;;;;;;
UU1600_WAL_syndicalism;Синдикалистская партия;Syndicalist Party;;;;;;;;;;;;x;;;;;;;;;;;;;;;;;;;;;;;;
UU1600_WAL_militarism;Партия милитаристов;Militarist Party;;;;;;;;;;;;x;;;;;;;;;;;;;;;;;;;;;;;;
UU1600_WAL_ecologism;Экологическая партия;Ecologist Party;;;;;;;;;;;;x;;;;;;;;;;;;;;;;;;;;;;;;
UU1600_WAL_corporatism;Корпоративистская партия;Corporatist Party;;;;;;;;;;;;x;;;;;;;;;;;;;;;;;;;;;;;;
UU1600_WAL_cyber_autonomism;Партия киберавтономистов;Cyber-Autonomist Party;;;;;;;;;;;;x;;;;;;;;;;;;;;;;;;;;;;;;
UU1600_WLL_syndicalism;Синдикалистская партия;Syndicalist Party;;;;;;;;;;;;x;;;;;;;;;;;;;;;;;;;;;;;;
UU1600_WLL_militarism;Партия милитаристов;Militarist Party;;;;;;;;;;;;x;;;;;;;;;;;;;;;;;;;;;;;;
UU1600_WLL_ecologism;Экологическая партия;Ecologist Party;;;;;;;;;;;;x;;;;;;;;;;;;;;;;;;;;;;;;
UU1600_WLL_corporatism;Корпоративистская партия;Corporatist Party;;;;;;;;;;;;x;;;;;;;;;;;;;;;;;;;;;;;;
UU1600_WLL_cyber_autonomism;Партия киберавтономистов;Cyber-Autonomist Party;;;;;;;;;;;;x;;;;;;;;;;;;;;;;;;;;;;;;
UU1600_WRI_syndicalism;Синдикалистская партия;Syndicalist Party;;;;;;;;;;;;x;;;;;;;;;;;;;;;;;;;;;;;;
UU1600_WRI_militarism;Партия милитаристов;Militarist Party;;;;;;;;;;;;x;;;;;;;;;;;;;;;;;;;;;;;;
UU1600_WRI_ecologism;Экологическая партия;Ecologist Party;;;;;;;;;;;;x;;;;;;;;;;;;;;;;;;;;;;;;
UU1600_WRI_corporatism;Корпоративистская партия;Corporatist Party;;;;;;;;;;;;x;;;;;;;;;;;;;;;;;;;;;;;;
UU1600_WRI_cyber_autonomism;Партия киберавтономистов;Cyber-Autonomist Party;;;;;;;;;;;;x;;;;;;;;;;;;;;;;;;;;;;;;
UU1600_WSX_syndicalism;Синдикалистская партия;Syndicalist Party;;;;;;;;;;;;x;;;;;;;;;;;;;;;;;;;;;;;;
UU1600_WSX_militarism;Партия милитаристов;Militarist Party;;;;;;;;;;;;x;;;;;;;;;;;;;;;;;;;;;;;;
UU1600_WSX_ecologism;Экологическая партия;Ecologist Party;;;;;;;;;;;;x;;;;;;;;;;;;;;;;;;;;;;;;
UU1600_WSX_corporatism;Корпоративистская партия;Corporatist Party;;;;;;;;;;;;x;;;;;;;;;;;;;;;;;;;;;;;;
UU1600_WSX_cyber_autonomism;Партия киберавтономистов;Cyber-Autonomist Party;;;;;;;;;;;;x;;;;;;;;;;;;;;;;;;;;;;;;
UU1600_WES_syndicalism;Синдикалистская партия;Syndicalist Party;;;;;;;;;;;;x;;;;;;;;;;;;;;;;;;;;;;;;
UU1600_WES_militarism;Партия милитаристов;Militarist Party;;;;;;;;;;;;x;;;;;;;;;;;;;;;;;;;;;;;;
UU1600_WES_ecologism;Экологическая партия;Ecologist Party;;;;;;;;;;;;x;;;;;;;;;;;;;;;;;;;;;;;;
UU1600_WES_corporatism;Корпоративистская партия;Corporatist Party;;;;;;;;;;;;x;;;;;;;;;;;;;;;;;;;;;;;;
UU1600_WES_cyber_autonomism;Партия киберавтономистов;Cyber-Autonomist Party;;;;;;;;;;;;x;;;;;;;;;;;;;;;;;;;;;;;;
UU1600_WIA_syndicalism;Синдикалистская партия;Syndicalist Party;;;;;;;;;;;;x;;;;;;;;;;;;;;;;;;;;;;;;
UU1600_WIA_militarism;Партия милитаристов;Militarist Party;;;;;;;;;;;;x;;;;;;;;;;;;;;;;;;;;;;;;
UU1600_WIA_ecologism;Экологическая партия;Ecologist Party;;;;;;;;;;;;x;;;;;;;;;;;;;;;;;;;;;;;;
UU1600_WIA_corporatism;Корпоративистская партия;Corporatist Party;;;;;;;;;;;;x;;;;;;;;;;;;;;;;;;;;;;;;
UU1600_WIA_cyber_autonomism;Партия киберавтономистов;Cyber-Autonomist Party;;;;;;;;;;;;x;;;;;;;;;;;;;;;;;;;;;;;;
UU1600_WOL_syndicalism;Синдикалистская партия;Syndicalist Party;;;;;;;;;;;;x;;;;;;;;;;;;;;;;;;;;;;;;
UU1600_WOL_militarism;Партия милитаристов;Militarist Party;;;;;;;;;;;;x;;;;;;;;;;;;;;;;;;;;;;;;
UU1600_WOL_ecologism;Экологическая партия;Ecologist Party;;;;;;;;;;;;x;;;;;;;;;;;;;;;;;;;;;;;;
UU1600_WOL_corporatism;Корпоративистская партия;Corporatist Party;;;;;;;;;;;;x;;;;;;;;;;;;;;;;;;;;;;;;
UU1600_WOL_cyber_autonomism;Партия киберавтономистов;Cyber-Autonomist Party;;;;;;;;;;;;x;;;;;;;;;;;;;;;;;;;;;;;;
UU1600_WUR_syndicalism;Синдикалистская партия;Syndicalist Party;;;;;;;;;;;;x;;;;;;;;;;;;;;;;;;;;;;;;
UU1600_WUR_militarism;Партия милитаристов;Militarist Party;;;;;;;;;;;;x;;;;;;;;;;;;;;;;;;;;;;;;
UU1600_WUR_ecologism;Экологическая партия;Ecologist Party;;;;;;;;;;;;x;;;;;;;;;;;;;;;;;;;;;;;;
UU1600_WUR_corporatism;Корпоративистская партия;Corporatist Party;;;;;;;;;;;;x;;;;;;;;;;;;;;;;;;;;;;;;
UU1600_WUR_cyber_autonomism;Партия киберавтономистов;Cyber-Autonomist Party;;;;;;;;;;;;x;;;;;;;;;;;;;;;;;;;;;;;;
UU1600_WUZ_syndicalism;Синдикалистская партия;Syndicalist Party;;;;;;;;;;;;x;;;;;;;;;;;;;;;;;;;;;;;;
UU1600_WUZ_militarism;Партия милитаристов;Militarist Party;;;;;;;;;;;;x;;;;;;;;;;;;;;;;;;;;;;;;
UU1600_WUZ_ecologism;Экологическая партия;Ecologist Party;;;;;;;;;;;;x;;;;;;;;;;;;;;;;;;;;;;;;
UU1600_WUZ_corporatism;Корпоративистская партия;Corporatist Party;;;;;;;;;;;;x;;;;;;;;;;;;;;;;;;;;;;;;
UU1600_WUZ_cyber_autonomism;Партия киберавтономистов;Cyber-Autonomist Party;;;;;;;;;;;;x;;;;;;;;;;;;;;;;;;;;;;;;
UU1600_XBI_syndicalism;Синдикалистская партия;Syndicalist Party;;;;;;;;;;;;x;;;;;;;;;;;;;;;;;;;;;;;;
UU1600_XBI_militarism;Партия милитаристов;Militarist Party;;;;;;;;;;;;x;;;;;;;;;;;;;;;;;;;;;;;;
UU1600_XBI_ecologism;Экологическая партия;Ecologist Party;;;;;;;;;;;;x;;;;;;;;;;;;;;;;;;;;;;;;
UU1600_XBI_corporatism;Корпоративистская партия;Corporatist Party;;;;;;;;;;;;x;;;;;;;;;;;;;;;;;;;;;;;;
UU1600_XBI_cyber_autonomism;Партия киберавтономистов;Cyber-Autonomist Party;;;;;;;;;;;;x;;;;;;;;;;;;;;;;;;;;;;;;
UU1600_XIN_syndicalism;Синдикалистская партия;Syndicalist Party;;;;;;;;;;;;x;;;;;;;;;;;;;;;;;;;;;;;;
UU1600_XIN_militarism;Партия милитаристов;Militarist Party;;;;;;;;;;;;x;;;;;;;;;;;;;;;;;;;;;;;;
UU1600_XIN_ecologism;Экологическая партия;Ecologist Party;;;;;;;;;;;;x;;;;;;;;;;;;;;;;;;;;;;;;
UU1600_XIN_corporatism;Корпоративистская партия;Corporatist Party;;;;;;;;;;;;x;;;;;;;;;;;;;;;;;;;;;;;;
UU1600_XIN_cyber_autonomism;Партия киберавтономистов;Cyber-Autonomist Party;;;;;;;;;;;;x;;;;;;;;;;;;;;;;;;;;;;;;
UU1600_YEM_syndicalism;Синдикалистская партия;Syndicalist Party;;;;;;;;;;;;x;;;;;;;;;;;;;;;;;;;;;;;;
UU1600_YEM_militarism;Партия милитаристов;Militarist Party;;;;;;;;;;;;x;;;;;;;;;;;;;;;;;;;;;;;;
UU1600_YEM_ecologism;Экологическая партия;Ecologist Party;;;;;;;;;;;;x;;;;;;;;;;;;;;;;;;;;;;;;
UU1600_YEM_corporatism;Корпоративистская партия;Corporatist Party;;;;;;;;;;;;x;;;;;;;;;;;;;;;;;;;;;;;;
UU1600_YEM_cyber_autonomism;Партия киберавтономистов;Cyber-Autonomist Party;;;;;;;;;;;;x;;;;;;;;;;;;;;;;;;;;;;;;
UU1600_MYR_syndicalism;Синдикалистская партия;Syndicalist Party;;;;;;;;;;;;x;;;;;;;;;;;;;;;;;;;;;;;;
UU1600_MYR_militarism;Партия милитаристов;Militarist Party;;;;;;;;;;;;x;;;;;;;;;;;;;;;;;;;;;;;;
UU1600_MYR_ecologism;Экологическая партия;Ecologist Party;;;;;;;;;;;;x;;;;;;;;;;;;;;;;;;;;;;;;
UU1600_MYR_corporatism;Корпоративистская партия;Corporatist Party;;;;;;;;;;;;x;;;;;;;;;;;;;;;;;;;;;;;;
UU1600_MYR_cyber_autonomism;Партия киберавтономистов;Cyber-Autonomist Party;;;;;;;;;;;;x;;;;;;;;;;;;;;;;;;;;;;;;
UU1600_YZW_syndicalism;Синдикалистская партия;Syndicalist Party;;;;;;;;;;;;x;;;;;;;;;;;;;;;;;;;;;;;;
UU1600_YZW_militarism;Партия милитаристов;Militarist Party;;;;;;;;;;;;x;;;;;;;;;;;;;;;;;;;;;;;;
UU1600_YZW_ecologism;Экологическая партия;Ecologist Party;;;;;;;;;;;;x;;;;;;;;;;;;;;;;;;;;;;;;
UU1600_YZW_corporatism;Корпоративистская партия;Corporatist Party;;;;;;;;;;;;x;;;;;;;;;;;;;;;;;;;;;;;;
UU1600_YZW_cyber_autonomism;Партия киберавтономистов;Cyber-Autonomist Party;;;;;;;;;;;;x;;;;;;;;;;;;;;;;;;;;;;;;
UU1600_YUG_syndicalism;Синдикалистская партия;Syndicalist Party;;;;;;;;;;;;x;;;;;;;;;;;;;;;;;;;;;;;;
UU1600_YUG_militarism;Партия милитаристов;Militarist Party;;;;;;;;;;;;x;;;;;;;;;;;;;;;;;;;;;;;;
UU1600_YUG_ecologism;Экологическая партия;Ecologist Party;;;;;;;;;;;;x;;;;;;;;;;;;;;;;;;;;;;;;
UU1600_YUG_corporatism;Корпоративистская партия;Corporatist Party;;;;;;;;;;;;x;;;;;;;;;;;;;;;;;;;;;;;;
UU1600_YUG_cyber_autonomism;Партия киберавтономистов;Cyber-Autonomist Party;;;;;;;;;;;;x;;;;;;;;;;;;;;;;;;;;;;;;
UU1600_YNN_syndicalism;Синдикалистская партия;Syndicalist Party;;;;;;;;;;;;x;;;;;;;;;;;;;;;;;;;;;;;;
UU1600_YNN_militarism;Партия милитаристов;Militarist Party;;;;;;;;;;;;x;;;;;;;;;;;;;;;;;;;;;;;;
UU1600_YNN_ecologism;Экологическая партия;Ecologist Party;;;;;;;;;;;;x;;;;;;;;;;;;;;;;;;;;;;;;
UU1600_YNN_corporatism;Корпоративистская партия;Corporatist Party;;;;;;;;;;;;x;;;;;;;;;;;;;;;;;;;;;;;;
UU1600_YNN_cyber_autonomism;Партия киберавтономистов;Cyber-Autonomist Party;;;;;;;;;;;;x;;;;;;;;;;;;;;;;;;;;;;;;
UU1600_ZAM_syndicalism;Синдикалистская партия;Syndicalist Party;;;;;;;;;;;;x;;;;;;;;;;;;;;;;;;;;;;;;
UU1600_ZAM_militarism;Партия милитаристов;Militarist Party;;;;;;;;;;;;x;;;;;;;;;;;;;;;;;;;;;;;;
UU1600_ZAM_ecologism;Экологическая партия;Ecologist Party;;;;;;;;;;;;x;;;;;;;;;;;;;;;;;;;;;;;;
UU1600_ZAM_corporatism;Корпоративистская партия;Corporatist Party;;;;;;;;;;;;x;;;;;;;;;;;;;;;;;;;;;;;;
UU1600_ZAM_cyber_autonomism;Партия киберавтономистов;Cyber-Autonomist Party;;;;;;;;;;;;x;;;;;;;;;;;;;;;;;;;;;;;;
UU1600_ZAN_syndicalism;Синдикалистская партия;Syndicalist Party;;;;;;;;;;;;x;;;;;;;;;;;;;;;;;;;;;;;;
UU1600_ZAN_militarism;Партия милитаристов;Militarist Party;;;;;;;;;;;;x;;;;;;;;;;;;;;;;;;;;;;;;
UU1600_ZAN_ecologism;Экологическая партия;Ecologist Party;;;;;;;;;;;;x;;;;;;;;;;;;;;;;;;;;;;;;
UU1600_ZAN_corporatism;Корпоративистская партия;Corporatist Party;;;;;;;;;;;;x;;;;;;;;;;;;;;;;;;;;;;;;
UU1600_ZAN_cyber_autonomism;Партия киберавтономистов;Cyber-Autonomist Party;;;;;;;;;;;;x;;;;;;;;;;;;;;;;;;;;;;;;
UU1600_ZHI_syndicalism;Синдикалистская партия;Syndicalist Party;;;;;;;;;;;;x;;;;;;;;;;;;;;;;;;;;;;;;
UU1600_ZHI_militarism;Партия милитаристов;Militarist Party;;;;;;;;;;;;x;;;;;;;;;;;;;;;;;;;;;;;;
UU1600_ZHI_ecologism;Экологическая партия;Ecologist Party;;;;;;;;;;;;x;;;;;;;;;;;;;;;;;;;;;;;;
UU1600_ZHI_corporatism;Корпоративистская партия;Corporatist Party;;;;;;;;;;;;x;;;;;;;;;;;;;;;;;;;;;;;;
UU1600_ZHI_cyber_autonomism;Партия киберавтономистов;Cyber-Autonomist Party;;;;;;;;;;;;x;;;;;;;;;;;;;;;;;;;;;;;;
UU1600_ZIM_syndicalism;Синдикалистская партия;Syndicalist Party;;;;;;;;;;;;x;;;;;;;;;;;;;;;;;;;;;;;;
UU1600_ZIM_militarism;Партия милитаристов;Militarist Party;;;;;;;;;;;;x;;;;;;;;;;;;;;;;;;;;;;;;
UU1600_ZIM_ecologism;Экологическая партия;Ecologist Party;;;;;;;;;;;;x;;;;;;;;;;;;;;;;;;;;;;;;
UU1600_ZIM_corporatism;Корпоративистская партия;Corporatist Party;;;;;;;;;;;;x;;;;;;;;;;;;;;;;;;;;;;;;
UU1600_ZIM_cyber_autonomism;Партия киберавтономистов;Cyber-Autonomist Party;;;;;;;;;;;;x;;;;;;;;;;;;;;;;;;;;;;;;
UU1600_ZUL_syndicalism;Синдикалистская партия;Syndicalist Party;;;;;;;;;;;;x;;;;;;;;;;;;;;;;;;;;;;;;
UU1600_ZUL_militarism;Партия милитаристов;Militarist Party;;;;;;;;;;;;x;;;;;;;;;;;;;;;;;;;;;;;;
UU1600_ZUL_ecologism;Экологическая партия;Ecologist Party;;;;;;;;;;;;x;;;;;;;;;;;;;;;;;;;;;;;;
UU1600_ZUL_corporatism;Корпоративистская партия;Corporatist Party;;;;;;;;;;;;x;;;;;;;;;;;;;;;;;;;;;;;;
UU1600_ZUL_cyber_autonomism;Партия киберавтономистов;Cyber-Autonomist Party;;;;;;;;;;;;x;;;;;;;;;;;;;;;;;;;;;;;;
