ABU_anarcho_liberal;Радикальная фракция;Faction radicale;Die radikale Fraktion;;La faccion radical;;;;;;;;;x;;;;;;;;;;;;;;;;;;;;;;;;
ABU_communist;Коммунистическая фракция;Faction communiste;Die kommunistische Fraktion;;La faccion comunista;;;;;;;;;x;;;;;;;;;;;;;;;;;;;;;;;;
ABU_conservative;Совет шейхов;Conseil des Cheikhs;Scheichrat;;Consejo de jeques;;;;;;;;;x;;;;;;;;;;;;;;;;;;;;;;;;
ABU_conservative_2;Труциальные шейхи;Sheiks Trucial;Befriedete Scheichs;;Jeques truciales;;;;;;;;;x;;;;;;;;;;;;;;;;;;;;;;;;
ABU_fascist;Фашистская фракция;Faction fasciste;Die faschistische Fraktion;;La faccion fascista;;;;;;;;;x;;;;;;;;;;;;;;;;;;;;;;;;
ABU_liberal;Либеральная фракция;Faction liberale;Die liberale Fraktion;;La faccion liberal;;;;;;;;;x;;;;;;;;;;;;;;;;;;;;;;;;
ABU_reactionary;Националистическая фракция;Faction nationaliste;Die nationalistische Fraktion;;La faccion nacionalista;;;;;;;;;x;;;;;;;;;;;;;;;;;;;;;;;;
ABU_socialist;Социалистическая фракция;Faction socialiste;Die sozialistische Fraktion;;La faccion socialista;;;;;;;;;x;;;;;;;;;;;;;;;;;;;;;;;;
AFG_anarcho_liberal;Радикальная фракция;Faction radicale;Die radikale Fraktion;;La faccion radical;;;;;;;;;x;;;;;;;;;;;;;;;;;;;;;;;;
AFG_communist;Народно-демократическая партия Афганистана;;;;;;;;;;;;;x;;;;;;;;;;;;;;;;;;;;;;;;
AFG_conservative;Фракция Амира;Faction Amir;Amir-Fraktion;;Faccion Amir;;;;;;;;;x;;;;;;;;;;;;;;;;;;;;;;;;
AFG_fascist;Фашистская фракция;Faction fasciste;Die faschistische Fraktion;;La faccion fascista;;;;;;;;;x;;;;;;;;;;;;;;;;;;;;;;;;
AFG_liberal;Фракция Пашаха;Faction Pashah;Pascha-Fraktion;;Faccion Baja;;;;;;;;;x;;;;;;;;;;;;;;;;;;;;;;;;
AFG_liberal_2;Либеральная фракция;Faction liberale;Die liberale Fraktion;;La faccion liberal;;;;;;;;;x;;;;;;;;;;;;;;;;;;;;;;;;
AFG_reactionary;Националистическая фракция;Faction nationaliste;Die nationalistische Fraktion;;La faccion nacionalista;;;;;;;;;x;;;;;;;;;;;;;;;;;;;;;;;;
AFG_socialist;Социалистическая фракция;Faction socialiste;Die sozialistische Fraktion;;La faccion socialista;;;;;;;;;x;;;;;;;;;;;;;;;;;;;;;;;;
AJU_anarcho_liberal_93;Радикальные либералы;Radical Liberals;Radical Liberals;;;;;;;;;;;x;;;;;;;;;;;;;;;;;;;;;;;;
AJU_communist_86;коммунисты;Communists;Communists;;;;;;;;;;;x;;;;;;;;;;;;;;;;;;;;;;;;
AJU_conservative_92;Консерваторы;Conservatives;Conservatives;;;;;;;;;;;x;;;;;;;;;;;;;;;;;;;;;;;;
AJU_fascist_72;Фашисты;Fascists;Fascists;;;;;;;;;;;x;;;;;;;;;;;;;;;;;;;;;;;;
AJU_liberal_79;либералы;Liberals;Liberals;;;;;;;;;;;x;;;;;;;;;;;;;;;;;;;;;;;;
AJU_liberal_87;Национал-либералы;National Liberals;National Liberals;;;;;;;;;;;x;;;;;;;;;;;;;;;;;;;;;;;;
AJU_reactionary_84;Монархическое лидерство;Monarchy Leadership;Monarchy Leadership;;;;;;;;;;;x;;;;;;;;;;;;;;;;;;;;;;;;
AJU_socialist_85;Социалисты;Socialists;Socialists;;;;;;;;;;;x;;;;;;;;;;;;;;;;;;;;;;;;
AJU_socialist_99;Национал-социалисты;National Socialists;National Socialists;;;;;;;;;;;x;;;;;;;;;;;;;;;;;;;;;;;;
ALB_anarcho_liberal;Радикальная фракция;Faction radicale;Die radikale Fraktion;;La faccion radical;;;;;;;;;x;;;;;;;;;;;;;;;;;;;;;;;;
ALB_communist;Коммунистическая фракция;Faction communiste;Die kommunistische Fraktion;;La faccion comunista;;;;;;;;;x;;;;;;;;;;;;;;;;;;;;;;;;
ALB_conservative;Фракция Паши;Faction Pasha;Pascha-Fraktion;;Faccion baja;;;;;;;;;x;;;;;;;;;;;;;;;;;;;;;;;;
ALB_conservative_2;Королевская фракция;Faction royale;Konigsfraktion;;Faccion real;;;;;;;;;x;;;;;;;;;;;;;;;;;;;;;;;;
ALB_fascist;Фашистская фракция;Faction fasciste;Die faschistische Fraktion;;La faccion fascista;;;;;;;;;x;;;;;;;;;;;;;;;;;;;;;;;;
ALB_liberal;Национальная Ассамблея;Assemblee nationale;Nationalversammlung;;Asamblea Nacional;;;;;;;;;x;;;;;;;;;;;;;;;;;;;;;;;;
ALB_liberal_2;Либеральная фракция;Faction liberale;Die liberale Fraktion;;La faccion liberal;;;;;;;;;x;;;;;;;;;;;;;;;;;;;;;;;;
ALB_reactionary;Пирзенская лига;Ligue de Pirzen;Liga von Prizren;;Liga de Pilzen;;;;;;;;;x;;;;;;;;;;;;;;;;;;;;;;;;
ALB_reactionary_2;Националистическая фракция;Faction nationaliste;Die nationalistische Fraktion;;La faccion nacionalista;;;;;;;;;x;;;;;;;;;;;;;;;;;;;;;;;;
ALB_socialist;Социалистическая фракция;Faction socialiste;Die sozialistische Fraktion;;La faccion socialista;;;;;;;;;x;;;;;;;;;;;;;;;;;;;;;;;;
ALD_anarcho_liberal;Радикальная фракция;Faction radicale;Die radikale Fraktion;;La faccion radical;;;;;;;;;x;;;;;;;;;;;;;;;;;;;;;;;;
ALD_communist;Коммунистическая фракция;Faction communiste;Die kommunistische Fraktion;;La faccion comunista;;;;;;;;;x;;;;;;;;;;;;;;;;;;;;;;;;
ALD_conservative;Фракция Бея;Faction Bey;Bey-Fraktion;;Faccion bey;;;;;;;;;x;;;;;;;;;;;;;;;;;;;;;;;;
ALD_fascist;Фашистская фракция;Faction fasciste;Die faschistische Fraktion;;La faccion fascista;;;;;;;;;x;;;;;;;;;;;;;;;;;;;;;;;;
ALD_liberal;Conceil Gйnйral;Conseil general;Conseil General;;Conceil General;;;;;;;;;x;;;;;;;;;;;;;;;;;;;;;;;;
ALD_liberal_2;Молодежь Алжира;Jeunesse algerienne;Jeunesse Algerienne;;Jeunesse Algerienne;;;;;;;;;x;;;;;;;;;;;;;;;;;;;;;;;;
ALD_liberal_3;Либеральная фракция;Faction liberale;Die liberale Fraktion;;La faccion liberal;;;;;;;;;x;;;;;;;;;;;;;;;;;;;;;;;;
ALD_reactionary;Фракция Амира;Faction Amir;Amir-Fraktion;;Faccion Amir;;;;;;;;;x;;;;;;;;;;;;;;;;;;;;;;;;
ALD_reactionary_2;Националистическая фракция;Faction nationaliste;Die nationalistische Fraktion;;La faccion nacionalista;;;;;;;;;x;;;;;;;;;;;;;;;;;;;;;;;;
ALD_socialist;Социалистическая фракция;Faction socialiste;Die sozialistische Fraktion;;La faccion socialista;;;;;;;;;x;;;;;;;;;;;;;;;;;;;;;;;;
ANH_anarcho_liberal;Радикальная рабочая партия;Arbeiterpartie radical;Radikale Arbeiterpartei;;Radical Arbeiterpartie;;;;;;;;;x;;;;;;;;;;;;;;;;;;;;;;;;
ANH_communist;Коммунистическая рабочая партия;Arbeiterpartie communiste;Kommunistische Arbeiterpartei;;Communist Arbeiterpartie;;;;;;;;;x;;;;;;;;;;;;;;;;;;;;;;;;
ANH_conservative;Партия Центра;Zentrumspartei;Zentrumspartei;;Zentrumspartei;;;;;;;;;x;;;;;;;;;;;;;;;;;;;;;;;;
ANH_conservative_2;Консервативная партия;Konservative Partei;Konservative Partei;;Konservative Partei;;;;;;;;;x;;;;;;;;;;;;;;;;;;;;;;;;
ANH_conservative_3;Христианско-социальная рабочая партия;Christsoz. Arbeiterpartei;Christsoz. Arbeiterpartei;;Christsoz. Arbeiterpartei;;;;;;;;;x;;;;;;;;;;;;;;;;;;;;;;;;
ANH_fascist;НСДП;NSDP;NSDP;;NSDP;;;;;;;;;x;;;;;;;;;;;;;;;;;;;;;;;;
ANH_liberal;Либералдем. Партия;Liberaldem. Partei;Liberaldem. Partei;;Liberaldem. Partei;;;;;;;;;x;;;;;;;;;;;;;;;;;;;;;;;;
ANH_liberal_2;Национал-либералы;Nationalliberale ;Nationalliberale ;;Nationalliberale ;;;;;;;;;x;;;;;;;;;;;;;;;;;;;;;;;;
ANH_liberal_3;Свободная партия;Freisinnige Partei;Freisinnige Partei;;Freisinnige Partei;;;;;;;;;x;;;;;;;;;;;;;;;;;;;;;;;;
ANH_reactionary;Национальная партия;Nationale Partei;Nationale Partei;;Nationale Partei;;;;;;;;;x;;;;;;;;;;;;;;;;;;;;;;;;
ANH_socialist;Немецкий рабочий союз;Deutscher Arbeiterverein;Deutscher Arbeiterverein;;Deutscher Arbeiterverein;;;;;;;;;x;;;;;;;;;;;;;;;;;;;;;;;;
ANH_socialist_2; Социал-демократическая партия.;Sozialdem. Arbeiterpartei ;Sozialdem. Arbeiterpartei ;;Sozialdem. Arbeiterpartei ;;;;;;;;;x;;;;;;;;;;;;;;;;;;;;;;;;
ANH_socialist_3; Социальная.Раб.партия;Sozial. Arbeiterpartei ;Sozial. Arbeiterpartei ;;Sozial. Arbeiterpartei ;;;;;;;;;x;;;;;;;;;;;;;;;;;;;;;;;;
ANN_anarcho_liberal;Вьетнам Куанг Фук Хай;Viet Nam Quang Phuc Hoi;Viet Nam Quang Phuc Hoi;;Viet Nam Quang Phuc Hoi;;;;;;;;;x;;;;;;;;;;;;;;;;;;;;;;;;
ANN_anarcho_liberal_2;Радикальная партия;Parti radical;Die radikale Partei;;El Partido Radical;;;;;;;;;x;;;;;;;;;;;;;;;;;;;;;;;;
ANN_communist;Коммунистическая партия;Parti communiste;Die kommunistische Partei;;El Partido Comunista;;;;;;;;;x;;;;;;;;;;;;;;;;;;;;;;;;
ANN_conservative;Нгуен дань тщґ;Nguyen danh tuґ;Nguyen danh tuґ;;Nguyen danh tuґ;;;;;;;;;x;;;;;;;;;;;;;;;;;;;;;;;;
ANN_fascist;Фашистская партия;Parti fasciste;Die faschistische Partei;;El Partido Fascista;;;;;;;;;x;;;;;;;;;;;;;;;;;;;;;;;;
ANN_liberal;Кан Вуонг;Can Vuong;Can Vuong;;Can Vuong;;;;;;;;;x;;;;;;;;;;;;;;;;;;;;;;;;
ANN_liberal_2;Зуй Твн Хфй;Duy Tan Hoi;Duy Tan Hoi;;Duy Tan Hoi;;;;;;;;;x;;;;;;;;;;;;;;;;;;;;;;;;
ANN_liberal_3;Либеральная партия;Parti liberal;Die liberale Partei;;El Partido Liberal;;;;;;;;;x;;;;;;;;;;;;;;;;;;;;;;;;
ANN_liberal_4;Либеральная партия;Parti liberal;Die liberale Partei;;El Partido Liberal;;;;;;;;;x;;;;;;;;;;;;;;;;;;;;;;;;
ANN_reactionary;Националистическая партия;Parti nationaliste;Die nationalistische Partei;;El Partido Nacionalista;;;;;;;;;x;;;;;;;;;;;;;;;;;;;;;;;;
ANN_socialist;Социалистическая партия;Parti socialiste;Die sozialistische Partei;;El Partido Socialista;;;;;;;;;x;;;;;;;;;;;;;;;;;;;;;;;;
APC_anarcho_liberal;Союз вольных общин апачей;Free Communities of the Apache;Partido Federalista;;;Partido Federalista;;;;;;;;x;;;;;;;;;;;;;;;;;;;;;;;;
APC_communist;Община общей земли апачей;Common Land Community of the Apache;Partido Communist;;;Partido Comunista;;;;;;;;x;;;;;;;;;;;;;;;;;;;;;;;;
APC_conservative;Совет старейшин апачей;Council of Elders of the Apache;Partido Conservador;;;Partido Conservador;;;;;;;;x;;;;;;;;;;;;;;;;;;;;;;;;
APC_fascist;Движение единства апачей;Unity Movement of the Apache;Partido Fascist;;;Partido Fascista;;;;;;;;x;;;;;;;;;;;;;;;;;;;;;;;;
APC_liberal;Торговая лига апачей;Trade League of the Apache;Partido Liberal;;;Partido Liberal;;;;;;;;x;;;;;;;;;;;;;;;;;;;;;;;;
APC_reactionary;Хранители традиций апачей;Keepers of Apache Traditions;Partido Imperialista;;;Partido Imperialista;;;;;;;;x;;;;;;;;;;;;;;;;;;;;;;;;
APC_socialist;Союз общинных мастеров апачей;Guild of Community Crafts of the Apache;Partido Socialist;;;Partido Socialista;;;;;;;;x;;;;;;;;;;;;;;;;;;;;;;;;
ARA_anarcho_liberals;Анархо-либералы;Anarcho-liberaux;Anarcho-Liberale;;;;;;;;;;;x;;;;;;;;;;;;;;;;;;;;;;;;
ARA_communist;коммунисты;Communistes;Kommunisten;;;;;;;;;;;x;;;;;;;;;;;;;;;;;;;;;;;;
ARA_conservative;Консерваторы;Conservateurs;Konservative;;;;;;;;;;;x;;;;;;;;;;;;;;;;;;;;;;;;
ARA_fascist;Национал-социалистическая партия;Parti national-socialiste;Faschisten;;;;;;;;;;;x;;;;;;;;;;;;;;;;;;;;;;;;
ARA_liberal;либералы;Liberaux;Liberale;;;;;;;;;;;x;;;;;;;;;;;;;;;;;;;;;;;;
ARA_reactionary;Реакционеры;Reactionnaires;Reaktionare;;;;;;;;;;;x;;;;;;;;;;;;;;;;;;;;;;;;
ARA_socialist;Социалисты;Socialistes;Sozialisten;;;;;;;;;;;x;;;;;;;;;;;;;;;;;;;;;;;;
ARG_anarcho_liberal;Радикальная партия;Partido radical;Partido Radical;;Partido Radical;;;;;;;;;x;;;;;;;;;;;;;;;;;;;;;;;;
ARG_communist;Партидо коммуниста;Partido communiste;Partido Communist;;Partido Comunista;;;;;;;;;x;;;;;;;;;;;;;;;;;;;;;;;;
ARG_conservative;Федеральная партия;Partido Federal;Partido Federal;;Partido Federal;;;;;;;;;x;;;;;;;;;;;;;;;;;;;;;;;;
ARG_conservative_2;Национальная партия;Partido Nacional;Partido Nacional;;Partido Nacional;;;;;;;;;x;;;;;;;;;;;;;;;;;;;;;;;;
ARG_conservative_3;Национальная автономия;Autonomista Nacional;Autonomista Nacional;;Autonomista Nacional;;;;;;;;;x;;;;;;;;;;;;;;;;;;;;;;;;
ARG_conservative_4;Партия автономии;Partido Autonomista;Partido Autonomista;;Partido Autonomista;;;;;;;;;x;;;;;;;;;;;;;;;;;;;;;;;;
ARG_conservative_5;Национальный гражданский союз;Union Civica Nacional;Union Civica Nacional;;Union Civica Nacional;;;;;;;;;x;;;;;;;;;;;;;;;;;;;;;;;;
ARG_fascist;Фашистская партия;Partido fasciste;Partido Fascist;;Partido Fascista;;;;;;;;;x;;;;;;;;;;;;;;;;;;;;;;;;
ARG_liberal;Либеральная партия;Partido Liberal;Partido Liberal;;Partido Liberal;;;;;;;;;x;;;;;;;;;;;;;;;;;;;;;;;;
ARG_liberal_2;Унитарная партия;Partido Unitario;Partido Unitario;;Partido Unitario;;;;;;;;;x;;;;;;;;;;;;;;;;;;;;;;;;
ARG_liberal_3;Uniуn Civica;Union Civica;Union Civica;;Union Civica;;;;;;;;;x;;;;;;;;;;;;;;;;;;;;;;;;
ARG_liberal_4;Радикальный Гражданский Союз;Union Civica Radical;Union Civica Radical;;Union Civica Radical;;;;;;;;;x;;;;;;;;;;;;;;;;;;;;;;;;
ARG_reactionary;Реакционная партия;Partido reactionnaire;Partido Reactionary;;Partido Reaccionario;;;;;;;;;x;;;;;;;;;;;;;;;;;;;;;;;;
ARG_socialist;Социалистическая партия;Partido Socialista;Partido Socialista;;Partido Socialista;;;;;;;;;x;;;;;;;;;;;;;;;;;;;;;;;;
ARM_anarcho_liberal;Радикальная фракция;Faction radicale;Die radikale Fraktion;;La faccion radical;;;;;;;;;x;;;;;;;;;;;;;;;;;;;;;;;;
ARM_communist;Коммунистическая фракция;Faction communiste;Die kommunistische Fraktion;;La faccion comunista;;;;;;;;;x;;;;;;;;;;;;;;;;;;;;;;;;
ARM_conservative;Фракция Бея;Faction Bey;Bey-Fraktion;;Faccion bey;;;;;;;;;x;;;;;;;;;;;;;;;;;;;;;;;;
ARM_conservative_2;Арменаканцы;Armenakans;Armenakans;;Armenakans;;;;;;;;;x;;;;;;;;;;;;;;;;;;;;;;;;
ARM_fascist;Фашистская фракция;Faction fasciste;Die faschistische Fraktion;;La faccion fascista;;;;;;;;;x;;;;;;;;;;;;;;;;;;;;;;;;
ARM_liberal;Тоутте Шерепа;Toughte Sherepa;Toughte Sherepa;;Toughte Sherepa;;;;;;;;;x;;;;;;;;;;;;;;;;;;;;;;;;
ARM_liberal_2;Либеральная фракция;Faction liberale;Die liberale Fraktion;;La faccion liberal;;;;;;;;;x;;;;;;;;;;;;;;;;;;;;;;;;
ARM_liberal_3;Либеральная фракция;Faction liberale;Die liberale Fraktion;;La faccion liberal;;;;;;;;;x;;;;;;;;;;;;;;;;;;;;;;;;
ARM_reactionary;Националистическая фракция;Faction nationaliste;Die nationalistische Fraktion;;La faccion nacionalista;;;;;;;;;x;;;;;;;;;;;;;;;;;;;;;;;;
ARM_socialist;Гнчакцы;Hnchakians;Hnchakians;;Hnchakians;;;;;;;;;x;;;;;;;;;;;;;;;;;;;;;;;;
ARM_socialist_2;Дашнакцутюнк;Dashnaktsutiunk;Dashnaktsutiunk;;Dashnaktsutiunk;;;;;;;;;x;;;;;;;;;;;;;;;;;;;;;;;;
AST_anarcho_liberal;Радикальная Партия;Parti radical;Radical Party;;Partido Radical;;;;;;;;;x;;;;;;;;;;;;;;;;;;;;;;;;
AST_communist;Коммунистическая партия Австралии;Parti communiste australien;Communist Party Australia;;Partido Comunista Australiano;;;;;;;;;x;;;;;;;;;;;;;;;;;;;;;;;;
AST_conservative;Протекционистская партия;Parti protectionniste;Protectionist Party;;Partido Proteccionista;;;;;;;;;x;;;;;;;;;;;;;;;;;;;;;;;;
AST_conservative_2;Партия страны;Parti national;Country Party;;Partido Nacional;;;;;;;;;x;;;;;;;;;;;;;;;;;;;;;;;;
AST_fascist;Фашистская партия;Parti fasciste;Fascist Party;;Partido Fascista;;;;;;;;;x;;;;;;;;;;;;;;;;;;;;;;;;
AST_liberal;Партия свободной торговли;Parti du libre echange;Free Trade Party;;Partido del Libre Comercio;;;;;;;;;x;;;;;;;;;;;;;;;;;;;;;;;;
AST_liberal_2;Либеральная партия;Parti liberal;Liberal Party;;Partido Liberal;;;;;;;;;x;;;;;;;;;;;;;;;;;;;;;;;;
AST_reactionary;Националистическая партия;Parti nationaliste;Nationalist Party;;Partido Nacionalista;;;;;;;;;x;;;;;;;;;;;;;;;;;;;;;;;;
AST_socialist;Австралийская лейбористская партия;Parti travailliste australien;Australian Labour Party;;Partido Laborista Australiano;;;;;;;;;x;;;;;;;;;;;;;;;;;;;;;;;;
ATJ_anarcho_liberal;Радикальная фракция;Faction radicale;Die radikale Fraktion;;La Faccion Radical;;;;;;;;;x;;;;;;;;;;;;;;;;;;;;;;;;
ATJ_communist;Коммунистическая фракция;Faction communiste;Die kommunistische Fraktion;;La Faccion Comunista;;;;;;;;;x;;;;;;;;;;;;;;;;;;;;;;;;
ATJ_conservative;Королевская фракция;Faction royale;Konigsfraktion;;Faccion real;;;;;;;;;x;;;;;;;;;;;;;;;;;;;;;;;;
ATJ_fascist;Фашистская фракция;Faction fasciste;Die faschistische Fraktion;;La Faccion Fascista;;;;;;;;;x;;;;;;;;;;;;;;;;;;;;;;;;
ATJ_liberal;Либеральная фракция;Faction liberale;Die liberale Fraktion;;La Faccion Liberal;;;;;;;;;x;;;;;;;;;;;;;;;;;;;;;;;;
ATJ_reactionary;Националистическая фракция;Faction nationaliste;Die nationalistische Fraktion;;La Faccion Nacionalista;;;;;;;;;x;;;;;;;;;;;;;;;;;;;;;;;;
ATJ_socialist;Социалистическая фракция;Faction socialiste;Die sozialistische Fraktion;;La Faccion Socialista;;;;;;;;;x;;;;;;;;;;;;;;;;;;;;;;;;
AUS_anarcho_liberal;Радикальная Партия;Parti radical;Radical Party;;Partido Radical;;;;;;;;;x;;;;;;;;;;;;;;;;;;;;;;;;
AUS_communist;коммунисты;Communistes;Communists;;Comunistas;;;;;;;;;x;;;;;;;;;;;;;;;;;;;;;;;;
AUS_conservative;Фракция Меттерниха;Faction de Metternich;Metternich-Fraktion;;Faccion de Metternich;;;;;;;;;x;;;;;;;;;;;;;;;;;;;;;;;;
AUS_conservative_2;Фракция Коловрата;Faction de Kolovrat;Kolovrat-Fraktion;;Faccion de Kolovrat;;;;;;;;;x;;;;;;;;;;;;;;;;;;;;;;;;
AUS_conservative_3;Фракция Баха;Faction de Bach;Bach's Faction;;Faccion de Bach;;;;;;;;;x;;;;;;;;;;;;;;;;;;;;;;;;
AUS_conservative_4;Железное Кольцо;Iron Ring;The Iron Ring;;El Anillo de Hierro;;;;;;;;;x;;;;;;;;;;;;;;;;;;;;;;;;
AUS_conservative_5;Консерваторы;Conservateurs;Conservatives;;Conservadores;;;;;;;;;x;;;;;;;;;;;;;;;;;;;;;;;;
AUS_fascist;Немецкая национал-социалистическая рабочая партия;DNSAP;DNSAP;;DNSAP;;;;;;;;;x;;;;;;;;;;;;;;;;;;;;;;;;
AUS_liberal;Федералисты;Federalistes;Foderalisten;;Federalistas;;;;;;;;;x;;;;;;;;;;;;;;;;;;;;;;;;
AUS_liberal_2;Великие собственники-федералисты;Grands proprietaires federalistes;Federalist Great Proprietors;;Grandes Propietarios Federalistas;;;;;;;;;x;;;;;;;;;;;;;;;;;;;;;;;;
AUS_reactionary;Неоабсолютисты;Neo-absolutistes;Neo-Absolutisten;;Neoabsolutistas;;;;;;;;;x;;;;;;;;;;;;;;;;;;;;;;;;
AUS_reactionary_2;Немецкие радикалы;Radicaux allemands;German Radicals;;Radicales alemanes;;;;;;;;;x;;;;;;;;;;;;;;;;;;;;;;;;
AUS_socialist;Радикалы;Radicaux;Radikale;;Radicales;;;;;;;;;x;;;;;;;;;;;;;;;;;;;;;;;;
AUS_socialist_2;Социалисты;Socialistes;Socialists;;Socialistas;;;;;;;;;x;;;;;;;;;;;;;;;;;;;;;;;;
AUS_socialist_3;Социал-демократическая партия;Parti social-democrate;Social Democratic Party;;Partido Socialdemocrata;;;;;;;;;x;;;;;;;;;;;;;;;;;;;;;;;;
AWA_anarcho_liberal;Радикальная фракция;Faction radicale;Die radikale Fraktion;;La faccion radical;;;;;;;;;x;;;;;;;;;;;;;;;;;;;;;;;;
AWA_communist;Коммунистическая фракция;Faction communiste;Die kommunistische Fraktion;;La faccion comunista;;;;;;;;;x;;;;;;;;;;;;;;;;;;;;;;;;
AWA_conservative;Королевская фракция;Faction royale;Konigsfraktion;;Faccion real;;;;;;;;;x;;;;;;;;;;;;;;;;;;;;;;;;
AWA_fascist;Фашистская фракция;Faction fasciste;Die faschistische Fraktion;;La faccion fascista;;;;;;;;;x;;;;;;;;;;;;;;;;;;;;;;;;
AWA_liberal;Либеральная фракция;Faction liberale;Die liberale Fraktion;;La faccion liberal;;;;;;;;;x;;;;;;;;;;;;;;;;;;;;;;;;
AWA_reactionary;Националистическая фракция;Faction nationaliste;Die nationalistische Fraktion;;La faccion nacionalista;;;;;;;;;x;;;;;;;;;;;;;;;;;;;;;;;;
AWA_socialist;Социалистическая фракция;Faction socialiste;Die sozialistische Fraktion;;La faccion socialista;;;;;;;;;x;;;;;;;;;;;;;;;;;;;;;;;;
AZB_anarcho_liberal;Партия Свободы;Parti de la liberte;Freiheitspartei;;Partido Libertario;;;;;;;;;x;;;;;;;;;;;;;;;;;;;;;;;;
AZB_communist;Партия большевиков;Parti bolchevique;Bolschewistische Partei ;;Partido Bolchevique;;;;;;;;;x;;;;;;;;;;;;;;;;;;;;;;;;
AZB_conservative;Иттихад;Ittihad;Ittihad;;Ittihad;;;;;;;;;x;;;;;;;;;;;;;;;;;;;;;;;;
AZB_fascist;Национальный Фронт;Front national;Nationale Front;;Frente Nacional;;;;;;;;;x;;;;;;;;;;;;;;;;;;;;;;;;
AZB_liberal;Мусават;Musavat;Musavat;;Musavat;;;;;;;;;x;;;;;;;;;;;;;;;;;;;;;;;;
AZB_reactionary;Националистическая партия;Parti nationaliste;Nationalistische Partei;;Partido Nacionalista;;;;;;;;;x;;;;;;;;;;;;;;;;;;;;;;;;
AZB_socialist;Мусульманская социал-демократическая партия;Parti social-democrate musulman;Muslimische sozialdemokratische Partei;;Partido Democratico Social Musulman;;;;;;;;;x;;;;;;;;;;;;;;;;;;;;;;;;
BAD_anarcho_liberal;Радикальная рабочая партия;Arbeiterpartei radical;Radikale Arbeiterpartei;;Radical Arbeiterpartei;;;;;;;;;x;;;;;;;;;;;;;;;;;;;;;;;;
BAD_communist;Коммунистическая рабочая партия;Arbeiterpartei communiste;Kommunistische Arbeiterpartei;;Communist Arbeiterpartei;;;;;;;;;x;;;;;;;;;;;;;;;;;;;;;;;;
BAD_conservative;Партия Центра;Zentrumspartei;Zentrumspartei;;Zentrumspartei;;;;;;;;;x;;;;;;;;;;;;;;;;;;;;;;;;
BAD_conservative_2;Консервативная партия;Konservative Partei;Konservative Partei;;Konservative Partei;;;;;;;;;x;;;;;;;;;;;;;;;;;;;;;;;;
BAD_conservative_3;Христианско-социальная рабочая партия;Christsoz. Arbeiterpartei;Christsoz. Arbeiterpartei;;Christsoz. Arbeiterpartei;;;;;;;;;x;;;;;;;;;;;;;;;;;;;;;;;;
BAD_fascist;НСДП;NSDP;NSDP;;NSDP;;;;;;;;;x;;;;;;;;;;;;;;;;;;;;;;;;
BAD_liberal;Либералдем. Партия;Liberaldem. Partei;Liberaldem. Partei;;Liberaldem. Partei;;;;;;;;;x;;;;;;;;;;;;;;;;;;;;;;;;
BAD_liberal_2;Национал-либералы;Nationalliberale ;Nationalliberale ;;Nationalliberale ;;;;;;;;;x;;;;;;;;;;;;;;;;;;;;;;;;
BAD_liberal_3;Свободная партия;Freisinnige Partei;Freisinnige Partei;;Freisinnige Partei;;;;;;;;;x;;;;;;;;;;;;;;;;;;;;;;;;
BAD_reactionary;Национальная партия;Nationale Partei;Nationale Partei;;Nationale Partei;;;;;;;;;x;;;;;;;;;;;;;;;;;;;;;;;;
BAD_socialist;Немецкий рабочий союз;Deutscher Arbeiterverein;Deutscher Arbeiterverein;;Deutscher Arbeiterverein;;;;;;;;;x;;;;;;;;;;;;;;;;;;;;;;;;
BAD_socialist_2; Социал-демократическая партия.;Sozialdem. Arbeiterpartei ;Sozialdem. Arbeiterpartei ;;Sozialdem. Arbeiterpartei ;;;;;;;;;x;;;;;;;;;;;;;;;;;;;;;;;;
BAD_socialist_3; Социальная.Раб.партия;Sozial. Arbeiterpartei ;Sozial. Arbeiterpartei ;;Sozial. Arbeiterpartei ;;;;;;;;;x;;;;;;;;;;;;;;;;;;;;;;;;
BAL_anarcho_liberal;Радикальная фракция;Faction radicale;Die radikale Fraktion;;La faccion radical;;;;;;;;;x;;;;;;;;;;;;;;;;;;;;;;;;
BAL_communist;Коммунистическая фракция;Faction communiste;Die kommunistische Fraktion;;La faccion comunista;;;;;;;;;x;;;;;;;;;;;;;;;;;;;;;;;;
BAL_conservative;Королевская фракция;Faction royale;Konigsfraktion;;Faccion real;;;;;;;;;x;;;;;;;;;;;;;;;;;;;;;;;;
BAL_fascist;Фашистская фракция;Faction fasciste;Die faschistische Fraktion;;La faccion fascista;;;;;;;;;x;;;;;;;;;;;;;;;;;;;;;;;;
BAL_liberal;Либеральная фракция;Faction liberale;Die liberale Fraktion;;La faccion liberal;;;;;;;;;x;;;;;;;;;;;;;;;;;;;;;;;;
BAL_reactionary;Националистическая фракция;Faction nationaliste;Die nationalistische Fraktion;;La faccion nacionalista;;;;;;;;;x;;;;;;;;;;;;;;;;;;;;;;;;
BAL_socialist;Социалистическая фракция;Faction socialiste;Die sozialistische Fraktion;;La faccion socialista;;;;;;;;;x;;;;;;;;;;;;;;;;;;;;;;;;
BAS_anarcho_liberal;Радикальная фракция;Faction radicale;Die radikale Fraktion;;La faccion radical;;;;;;;;;x;;;;;;;;;;;;;;;;;;;;;;;;
BAS_communist;Коммунистическая фракция;Faction communiste;Die kommunistische Fraktion;;La faccion comunista;;;;;;;;;x;;;;;;;;;;;;;;;;;;;;;;;;
BAS_conservative;Королевская фракция;Faction royale;Konigsfraktion;;Faccion real;;;;;;;;;x;;;;;;;;;;;;;;;;;;;;;;;;
BAS_fascist;Фашистская фракция;Faction fasciste;Die faschistische Fraktion;;La faccion fascista;;;;;;;;;x;;;;;;;;;;;;;;;;;;;;;;;;
BAS_liberal;Либеральная фракция;Faction liberale;Die liberale Fraktion;;La faccion liberal;;;;;;;;;x;;;;;;;;;;;;;;;;;;;;;;;;
BAS_reactionary;Националистическая фракция;Faction nationaliste;Die nationalistische Fraktion;;La faccion nacionalista;;;;;;;;;x;;;;;;;;;;;;;;;;;;;;;;;;
BAS_socialist;Социалистическая фракция;Faction socialiste;Die sozialistische Fraktion;;La faccion socialista;;;;;;;;;x;;;;;;;;;;;;;;;;;;;;;;;;
BAV_anarcho_liberal;Радикальная рабочая партия;Arbeiterpartei radical;Radikale Arbeiterpartei;;Radical Abeiterpartei;;;;;;;;;x;;;;;;;;;;;;;;;;;;;;;;;;
BAV_communist;Коммунистическая фракция;Faction communiste;Die kommunistische Fraktion;;La faccion comunista;;;;;;;;;x;;;;;;;;;;;;;;;;;;;;;;;;
BAV_conservative;Партия Центра;Zentrumspartei;Zentrumspartei;;Zentrumspartei;;;;;;;;;x;;;;;;;;;;;;;;;;;;;;;;;;
BAV_conservative_2;Консервативная партия;Konservative Partei;Konservative Partei;;Konservative Partei;;;;;;;;;x;;;;;;;;;;;;;;;;;;;;;;;;
BAV_conservative_3;Христианско-социальная рабочая партия;Christsoz. Arbeiterpartei;Christsoz. Arbeiterpartei;;Christsoz. Arbeiterpartei;;;;;;;;;x;;;;;;;;;;;;;;;;;;;;;;;;
BAV_fascist;НСДП;NSDP;NSDP;;NSDP;;;;;;;;;x;;;;;;;;;;;;;;;;;;;;;;;;
BAV_liberal;Либералдем. Партия;Liberaldem. Partei;Liberaldem. Partei;;Liberaldem. Partei;;;;;;;;;x;;;;;;;;;;;;;;;;;;;;;;;;
BAV_liberal_2;Национал-либералы;Nationalliberale ;Nationalliberale ;;Nationalliberale ;;;;;;;;;x;;;;;;;;;;;;;;;;;;;;;;;;
BAV_liberal_3;Свободная партия;Freisinnige Partei;Freisinnige Partei;;Freisinnige Partei;;;;;;;;;x;;;;;;;;;;;;;;;;;;;;;;;;
BAV_reactionary;Национальная партия;Nationale Partei;Nationale Partei;;Nationale Partei;;;;;;;;;x;;;;;;;;;;;;;;;;;;;;;;;;
BAV_socialist;Немецкий рабочий союз;Deutscher Arbeiterverein;Deutscher Arbeiterverein;;Deutscher Arbeiterverein;;;;;;;;;x;;;;;;;;;;;;;;;;;;;;;;;;
BAV_socialist_2; Социал-демократическая партия.;Sozialdem. Arbeiterpartei ;Sozialdem. Arbeiterpartei ;;Sozialdem. Arbeiterpartei ;;;;;;;;;x;;;;;;;;;;;;;;;;;;;;;;;;
BAV_socialist_3; Социальная.Раб.партия;Sozial. Arbeiterpartei ;Sozial. Arbeiterpartei ;;Sozial. Arbeiterpartei ;;;;;;;;;x;;;;;;;;;;;;;;;;;;;;;;;;
BDB_liberal;Либералдем. Партия;Liberaldem. Partei;Liberaldem. Partei;;Liberaldem. Partei;;;;;;;;;x;;;;;;;;;;;;;;;;;;;;;;;;
BDB_conservative;Партия Центра;Zentrumspartei;Zentrumspartei;;Zentrumspartei;;;;;;;;;x;;;;;;;;;;;;;;;;;;;;;;;;
BDB_liberal_2;Национал-либералы;Nationalliberale ;Nationalliberale ;;Nationalliberale ;;;;;;;;;x;;;;;;;;;;;;;;;;;;;;;;;;
BDB_liberal_3;Свободная партия;Freisinnige Partei;Freisinnige Partei;;Freisinnige Partei;;;;;;;;;x;;;;;;;;;;;;;;;;;;;;;;;;
BDB_socialist;Немецкий рабочий союз;Deutscher Arbeiterverein;Deutscher Arbeiterverein;;Deutscher Arbeiterverein;;;;;;;;;x;;;;;;;;;;;;;;;;;;;;;;;;
BDB_socialist_2; Социал-демократическая партия.;Sozialdem. Arbeiterpartei ;Sozialdem. Arbeiterpartei ;;Sozialdem. Arbeiterpartei ;;;;;;;;;x;;;;;;;;;;;;;;;;;;;;;;;;
BDB_socialist_3; Социальная.Раб.партия;Sozial. Arbeiterpartei ;Sozial. Arbeiterpartei ;;Sozial. Arbeiterpartei ;;;;;;;;;x;;;;;;;;;;;;;;;;;;;;;;;;
BDB_reactionary;Национальная партия;Nationale Partei;Nationale Partei;;Nationale Partei;;;;;;;;;x;;;;;;;;;;;;;;;;;;;;;;;;
BDB_conservative_2;Консервативная партия;Konservative Partei;Konservative Partei;;Konservative Partei;;;;;;;;;x;;;;;;;;;;;;;;;;;;;;;;;;
BDB_conservative_3;Христианско-социальная рабочая партия;Christsoz. Arbeiterpartei;Christsoz. Arbeiterpartei;;Christsoz. Arbeiterpartei;;;;;;;;;x;;;;;;;;;;;;;;;;;;;;;;;;
BDB_anarcho_liberal;Радикальная рабочая партия;Arbeiterpartei radical;Radikale Arbeiterpartei;;Radical Arbeiterpartei;;;;;;;;;x;;;;;;;;;;;;;;;;;;;;;;;;
BDB_communist;Коммунистическая рабочая партия;Arbeiterpartei communiste;Kommunistische Arbeiterpartei;;Communist Arbeiterpartei;;;;;;;;;x;;;;;;;;;;;;;;;;;;;;;;;;
BDB_fascist;НСБД;NSBD;NSBD;;NSBD;;;;;;;;;x;;;;;;;;;;;;;;;;;;;;;;;;
BEL_anarcho_liberal;Радикальная партия;Partij radical;Radical Partij;;Radical Partij;;;;;;;;;x;;;;;;;;;;;;;;;;;;;;;;;;
BEL_communist;Коммунистическая партия;Partij communiste;Communist Partij;;Communist Partji;;;;;;;;;x;;;;;;;;;;;;;;;;;;;;;;;;
BEL_conservative;Католическая партия;Katholieke Partij;Katholieke Partij;;Katholieke Partij;;;;;;;;;x;;;;;;;;;;;;;;;;;;;;;;;;
BEL_conservative_2;Кристине Фолкспарти;Christene Volkspartij;Christene Volkspartij;;Christene Volkspartij;;;;;;;;;x;;;;;;;;;;;;;;;;;;;;;;;;
BEL_conservative_3;Встреча Партий;Meeting Partij;Meeting Partij;;Meeting Partij;;;;;;;;;x;;;;;;;;;;;;;;;;;;;;;;;;
BEL_fascist;Фашистская партия;Partij fasciste;Fascist Partij;;Fascist Partji;;;;;;;;;x;;;;;;;;;;;;;;;;;;;;;;;;
BEL_liberal;Либеральная партия;Liberale Partij;Liberale Partij;;Liberale Partij;;;;;;;;;x;;;;;;;;;;;;;;;;;;;;;;;;
BEL_reactionary;Националистическая партия;Partij nationaliste;Nationalist Partij;;Nationalist Partij;;;;;;;;;x;;;;;;;;;;;;;;;;;;;;;;;;
BEL_socialist;Бельгийская рабочая партия;Belgische Werklieden Partij;Belgische Werklieden Partij;;Belgische Werklieden Partij;;;;;;;;;x;;;;;;;;;;;;;;;;;;;;;;;;
BER_anarcho_liberal;Радикальная фракция;Faction radicale;Die radikale Fraktion;;La faccion radical;;;;;;;;;x;;;;;;;;;;;;;;;;;;;;;;;;
BER_communist;Коммунистическая фракция;Faction communiste;Die kommunistische Fraktion;;La faccion comunista;;;;;;;;;x;;;;;;;;;;;;;;;;;;;;;;;;
BER_conservative;Королевская фракция;Faction royale;Konigsfraktion;;Faccion real;;;;;;;;;x;;;;;;;;;;;;;;;;;;;;;;;;
BER_fascist;Фашистская фракция;Faction fasciste;Die faschistische Fraktion;;La faccion fascista;;;;;;;;;x;;;;;;;;;;;;;;;;;;;;;;;;
BER_liberal;Либеральная фракция;Faction liberale;Die liberale Fraktion;;La faccion liberal;;;;;;;;;x;;;;;;;;;;;;;;;;;;;;;;;;
BER_reactionary;Националистическая фракция;Faction nationaliste;Die nationalistische Fraktion;;La faccion nacionalista;;;;;;;;;x;;;;;;;;;;;;;;;;;;;;;;;;
BER_socialist;Социалистическая фракция;Faction socialiste;Die sozialistische Fraktion;;La faccion socialista;;;;;;;;;x;;;;;;;;;;;;;;;;;;;;;;;;
BHO_anarcho_liberal;Радикальная фракция;Faction radicale;Die radikale Fraktion;;La faccion radical;;;;;;;;;x;;;;;;;;;;;;;;;;;;;;;;;;
BHO_communist;Коммунистическая фракция;Faction communiste;Die kommunistische Fraktion;;La faccion comunista;;;;;;;;;x;;;;;;;;;;;;;;;;;;;;;;;;
BHO_conservative;Королевская фракция;Faction royale;Konigsfraktion;;Faccion real;;;;;;;;;x;;;;;;;;;;;;;;;;;;;;;;;;
BHO_fascist;Фашистская фракция;Faction fasciste;Die faschistische Fraktion;;La faccion fascista;;;;;;;;;x;;;;;;;;;;;;;;;;;;;;;;;;
BHO_liberal;Либеральная фракция;Faction liberale;Die liberale Fraktion;;La faccion liberal;;;;;;;;;x;;;;;;;;;;;;;;;;;;;;;;;;
BHO_reactionary;Националистическая фракция;Faction nationaliste;Die nationalistische Fraktion;;La faccion nacionalista;;;;;;;;;x;;;;;;;;;;;;;;;;;;;;;;;;
BHO_socialist;Социалистическая фракция;Faction socialiste;Die sozialistische Fraktion;;La faccion socialista;;;;;;;;;x;;;;;;;;;;;;;;;;;;;;;;;;
BHP_anarcho_liberal;Либертарианская партия;Partido Federalista;Partido Federalista;;;Partido Federalista;;;;;;;;x;;;;;;;;;;;;;;;;;;;;;;;;
BHP_communist;Коммунистическая партия;Partido communiste;Partido Communist;;;Partido Comunista;;;;;;;;x;;;;;;;;;;;;;;;;;;;;;;;;
BHP_conservative;Консервативная партия;Partido Conservador;Partido Conservador;;;Partido Conservador;;;;;;;;x;;;;;;;;;;;;;;;;;;;;;;;;
BHP_fascist;Фашистская партия;Partido fasciste;Partido Fascist;;;Partido Fascista;;;;;;;;x;;;;;;;;;;;;;;;;;;;;;;;;
BHP_liberal;Либеральная партия;Partido Liberal;Partido Liberal;;;Partido Liberal;;;;;;;;x;;;;;;;;;;;;;;;;;;;;;;;;
BHP_reactionary;Радикальная Партия;Partido Imperialista;Partido Imperialista;;;Partido Imperialista;;;;;;;;x;;;;;;;;;;;;;;;;;;;;;;;;
BHP_socialist;Социалистическая партия;Partido socialiste;Partido Socialist;;;Partido Socialista;;;;;;;;x;;;;;;;;;;;;;;;;;;;;;;;;
BHR_anarcho_liberal;Аль Анаркилиберали;;;;;;;;;;;;;x;;;;;;;;;;;;;;;;;;;;;;;;
BHR_communist;Аль-Хизб аш-Шуюи аль-Урдуни;;;;;;;;;;;;;x;;;;;;;;;;;;;;;;;;;;;;;;
BHR_conservative;Хизб аль-Васат аль-Ислами;;;;;;;;;;;;;x;;;;;;;;;;;;;;;;;;;;;;;;
BHR_conservative_2;Хизб аль-Васат аль-Ислами;;;;;;;;;;;;;x;;;;;;;;;;;;;;;;;;;;;;;;
BHR_fascist;Хизб аль-Мустакбаль;;;;;;;;;;;;;x;;;;;;;;;;;;;;;;;;;;;;;;
BHR_liberal;Ясари-д-ад-Димакрати аль-Урдуни;;;;;;;;;;;;;x;;;;;;;;;;;;;;;;;;;;;;;;
BHR_reactionary;Хизб аль-Хашемия аль-Урдуни;;;;;;;;;;;;;x;;;;;;;;;;;;;;;;;;;;;;;;
BHR_socialist;Хизб аль-Баас аль-Иштираки аль-Урдуни;;;;;;;;;;;;;x;;;;;;;;;;;;;;;;;;;;;;;;
BHU_anarcho_liberal;Радикальная фракция;Faction radicale;Die radikale Fraktion;;La faccion radical;;;;;;;;;x;;;;;;;;;;;;;;;;;;;;;;;;
BHU_communist;Коммунистическая фракция;Faction communiste;Die kommunistische Fraktion;;La faccion comunista;;;;;;;;;x;;;;;;;;;;;;;;;;;;;;;;;;
BHU_conservative;Королевская фракция;Faction royale;Konigsfraktion;;Faccion real;;;;;;;;;x;;;;;;;;;;;;;;;;;;;;;;;;
BHU_fascist;Фашистская фракция;Faction fasciste;Die faschistische Fraktion;;La faccion fascista;;;;;;;;;x;;;;;;;;;;;;;;;;;;;;;;;;
BHU_liberal;Либеральная фракция;Faction liberale;Die liberale Fraktion;;La faccion liberal;;;;;;;;;x;;;;;;;;;;;;;;;;;;;;;;;;
BHU_reactionary;Националистическая фракция;Faction nationaliste;Die nationalistische Fraktion;;La faccion nacionalista;;;;;;;;;x;;;;;;;;;;;;;;;;;;;;;;;;
BHU_socialist;Социалистическая фракция;Faction socialiste;Die sozialistische Fraktion;;La faccion socialista;;;;;;;;;x;;;;;;;;;;;;;;;;;;;;;;;;
BIK_anarcho_liberal;Радикальная фракция;Faction radicale;Die radikale Fraktion;;La faccion radical;;;;;;;;;x;;;;;;;;;;;;;;;;;;;;;;;;
BIK_communist;Коммунистическая фракция;Faction communiste;Die kommunistische Fraktion;;La faccion comunista;;;;;;;;;x;;;;;;;;;;;;;;;;;;;;;;;;
BIK_conservative;Королевская фракция;Faction royale;Konigsfraktion;;Faccion real;;;;;;;;;x;;;;;;;;;;;;;;;;;;;;;;;;
BIK_fascist;Фашистская фракция;Faction fasciste;Die faschistische Fraktion;;La faccion fascista;;;;;;;;;x;;;;;;;;;;;;;;;;;;;;;;;;
BIK_liberal;Либеральная фракция;Faction liberale;Die liberale Fraktion;;La faccion liberal;;;;;;;;;x;;;;;;;;;;;;;;;;;;;;;;;;
BIK_reactionary;Националистическая фракция;Faction nationaliste;Die nationalistische Fraktion;;La faccion nacionalista;;;;;;;;;x;;;;;;;;;;;;;;;;;;;;;;;;
BIK_socialist;Социалистическая фракция;Faction socialiste;Die sozialistische Fraktion;;La faccion socialista;;;;;;;;;x;;;;;;;;;;;;;;;;;;;;;;;;
BLZ_anarcho_liberal;Либертарианская партия;Arbeiterpartei radical;Radikale Arbeiterpartei;;Radical Arbeiterpartei;;;;;;;;;x;;;;;;;;;;;;;;;;;;;;;;;;
BLZ_communist;Коммунистическая партия;Arbeiterpartei communiste;Kommunistische Arbeiterpartei;;Communist Arbeiterpartei;;;;;;;;;x;;;;;;;;;;;;;;;;;;;;;;;;
BLZ_conservative;Объединенная демократическая партия;Zentrumspartei;Zentrumspartei;;Zentrumspartei;;;;;;;;;x;;;;;;;;;;;;;;;;;;;;;;;;
BLZ_fascist;Фашистская партия;NSBD;NSBD;;NSBD;;;;;;;;;x;;;;;;;;;;;;;;;;;;;;;;;;
BLZ_liberal;Народная объединённая партия;Liberaldem. Partei;Liberaldem. Partei;;Liberaldem. Partei;;;;;;;;;x;;;;;;;;;;;;;;;;;;;;;;;;
BLZ_reactionary;Радикальная Партия;Nationale Partei;Nationale Partei;;Nationale Partei;;;;;;;;;x;;;;;;;;;;;;;;;;;;;;;;;;
BLZ_socialist;Социалистическая партия;Deutscher Arbeiterverein;Deutscher Arbeiterverein;;Deutscher Arbeiterverein;;;;;;;;;x;;;;;;;;;;;;;;;;;;;;;;;;
BOE_anarcho_liberal;Конфедеративная партия;x;;;;;;;;;;;;;;;;;;;;;;;;;;;;;;;;;;;;
BOE_communist;Коммунистическая партия;x;;;;;;;;;;;;;;;;;;;;;;;;;;;;;;;;;;;;
BOE_conservative;Партия Voortrekker;x;;;;;;;;;;;;;;;;;;;;;;;;;;;;;;;;;;;;
BOE_conservative_2;Юнионистская партия;x;;;;;;;;;;;;;;;;;;;;;;;;;;;;;;;;;;;;
BOE_fascist;Альянс за новое государство;x;;;;;;;;;;;;;;;;;;;;;;;;;;;;;;;;;;;;
BOE_liberal;Демократическая партия;x;;;;;;;;;;;;;;;;;;;;;;;;;;;;;;;;;;;;
BOE_reactionary;Африканерская партия;x;;;;;;;;;;;;;;;;;;;;;;;;;;;;;;;;;;;;
BOE_socialist;Партийные Эллс;x;;;;;;;;;;;;;;;;;;;;;;;;;;;;;;;;;;;;
BOH_anarcho_liberal;Радикальная фракция;Faction radicale;Die radikale Fraktion;;La faccion radical;;;;;;;;;x;;;;;;;;;;;;;;;;;;;;;;;;
BOH_communist;Коммунистическая фракция;Faction communiste;Die kommunistische Fraktion;;La faccion comunista;;;;;;;;;x;;;;;;;;;;;;;;;;;;;;;;;;
BOH_conservative;Королевская фракция;Faction royale;Konigsfraktion;;Faccion real;;;;;;;;;x;;;;;;;;;;;;;;;;;;;;;;;;
BOH_fascist;Фашистская фракция;Faction fasciste;Die faschistische Fraktion;;La faccion fascista;;;;;;;;;x;;;;;;;;;;;;;;;;;;;;;;;;
BOH_liberal;Либеральная фракция;Faction liberale;Die liberale Fraktion;;La faccion liberal;;;;;;;;;x;;;;;;;;;;;;;;;;;;;;;;;;
BOH_reactionary;Националистическая фракция;Faction nationaliste;Die nationalistische Fraktion;;La faccion nacionalista;;;;;;;;;x;;;;;;;;;;;;;;;;;;;;;;;;
BOH_socialist;Социалистическая фракция;Faction socialiste;Die sozialistische Fraktion;;La faccion socialista;;;;;;;;;x;;;;;;;;;;;;;;;;;;;;;;;;
BOL_anarcho_liberal;Радикальная партия;Partido Radical;Partido Radical;;Partido Radical;;;;;;;;;x;;;;;;;;;;;;;;;;;;;;;;;;
BOL_communist;Партидо коммуниста;Partido communiste;Partido Communist;;Partido Comunista;;;;;;;;;x;;;;;;;;;;;;;;;;;;;;;;;;
BOL_conservative;Партия консерваторов;Partido conservateur;Partido Conservador;;Partido Conservador;;;;;;;;;x;;;;;;;;;;;;;;;;;;;;;;;;
BOL_fascist;Фашистская партия;Partido fasciste;Partido Fascist;;Partido Fascista;;;;;;;;;x;;;;;;;;;;;;;;;;;;;;;;;;
BOL_liberal;Либеральная партия;Partido liberal;Partido Liberal;;Partido Liberal;;;;;;;;;x;;;;;;;;;;;;;;;;;;;;;;;;
BOL_liberal_2;Партидо Популиста;Partido populaire;Partido Populista;;Partido Populista;;;;;;;;;x;;;;;;;;;;;;;;;;;;;;;;;;
BOL_reactionary;Националистическая партия;Partido nationaliste;Partido Nationalist;;Partido Nacionalista;;;;;;;;;x;;;;;;;;;;;;;;;;;;;;;;;;
BOL_socialist;Социалистическая партия;Partido socialiste;Partido Socialist;;Partido Socialista;;;;;;;;;x;;;;;;;;;;;;;;;;;;;;;;;;
BOS_anarcho_liberal;Радикальная фракция;Faction radicale;Die radikale Fraktion;;La faccion radical;;;;;;;;;x;;;;;;;;;;;;;;;;;;;;;;;;
BOS_communist;Коммунистическая фракция;Faction communiste;Die kommunistische Fraktion;;La faccion comunista;;;;;;;;;x;;;;;;;;;;;;;;;;;;;;;;;;
BOS_conservative;Королевская фракция;Faction royale;Konigsfraktion;;Faccion real;;;;;;;;;x;;;;;;;;;;;;;;;;;;;;;;;;
BOS_fascist;Фашистская фракция;Faction fasciste;Die faschistische Fraktion;;La faccion fascista;;;;;;;;;x;;;;;;;;;;;;;;;;;;;;;;;;
BOS_liberal;Либеральная фракция;Faction liberale;Die liberale Fraktion;;La faccion liberal;;;;;;;;;x;;;;;;;;;;;;;;;;;;;;;;;;
BOS_reactionary;Националистическая фракция;Faction nationaliste;Die nationalistische Fraktion;;La faccion nacionalista;;;;;;;;;x;;;;;;;;;;;;;;;;;;;;;;;;
BOS_socialist;Социалистическая фракция;Faction socialiste;Die sozialistische Fraktion;;La faccion socialista;;;;;;;;;x;;;;;;;;;;;;;;;;;;;;;;;;
BRA_anarcho_liberal;Радикальная рабочая партия;Arbeiterpartei radical;Radikale Arbeiterpartei;;Radical Arbeiterpartei;;;;;;;;;x;;;;;;;;;;;;;;;;;;;;;;;;
BRA_communist;Коммунистическая рабочая партия;Arbeiterpartei communiste;Kommunistische Arbeiterpartei;;Communist Arbeiterpartei;;;;;;;;;x;;;;;;;;;;;;;;;;;;;;;;;;
BRA_conservative;Партия Центра;Zentrumspartei;Zentrumspartei;;Zentrumspartei;;;;;;;;;x;;;;;;;;;;;;;;;;;;;;;;;;
BRA_conservative_2;Консервативная партия;Konservative Partei;Konservative Partei;;Konservative Partei;;;;;;;;;x;;;;;;;;;;;;;;;;;;;;;;;;
BRA_conservative_3;Христианско-социальная рабочая партия;Christsoz. Arbeiterpartei;Christsoz. Arbeiterpartei;;Christsoz. Arbeiterpartei;;;;;;;;;x;;;;;;;;;;;;;;;;;;;;;;;;
BRA_fascist;НСДП;NSDP;NSDP;;NSDP;;;;;;;;;x;;;;;;;;;;;;;;;;;;;;;;;;
BRA_liberal;Либералдем. Партия;Liberaldem. Partei;Liberaldem. Partei;;Liberaldem. Partei;;;;;;;;;x;;;;;;;;;;;;;;;;;;;;;;;;
BRA_liberal_2;Национал-либералы;Nationalliberale ;Nationalliberale ;;Nationalliberale ;;;;;;;;;x;;;;;;;;;;;;;;;;;;;;;;;;
BRA_liberal_3;Свободная партия;Freisinnige Partei;Freisinnige Partei;;Freisinnige Partei;;;;;;;;;x;;;;;;;;;;;;;;;;;;;;;;;;
BRA_reactionary;Национальная партия;Nationale Partei;Nationale Partei;;Nationale Partei;;;;;;;;;x;;;;;;;;;;;;;;;;;;;;;;;;
BRA_socialist;Немецкий рабочий союз;Deutscher Arbeiterverein;Deutscher Arbeiterverein;;Deutscher Arbeiterverein;;;;;;;;;x;;;;;;;;;;;;;;;;;;;;;;;;
BRA_socialist_2; Социал-демократическая партия.;Sozialdem. Arbeiterpartei ;Sozialdem. Arbeiterpartei ;;Sozialdem. Arbeiterpartei ;;;;;;;;;x;;;;;;;;;;;;;;;;;;;;;;;;
BRA_socialist_3; Социальная.Раб.партия;Sozial. Arbeiterpartei ;Sozial. Arbeiterpartei ;;Sozial. Arbeiterpartei ;;;;;;;;;x;;;;;;;;;;;;;;;;;;;;;;;;
BRE_anarcho_liberal;Радикальная рабочая партия;Arbeiterpartei radical;Radikale Arbeiterpartei;;Radical Arbeiterpartei;;;;;;;;;x;;;;;;;;;;;;;;;;;;;;;;;;
BRE_communist;Коммунистическая рабочая партия;Arbeiterpartei communiste;Kommunistische Arbeiterpartei;;Communist Arbeiterpartei;;;;;;;;;x;;;;;;;;;;;;;;;;;;;;;;;;
BRE_conservative;Партия Центра;Zentrumspartei;Zentrumspartei;;Zentrumspartei;;;;;;;;;x;;;;;;;;;;;;;;;;;;;;;;;;
BRE_conservative_2;Консервативная партия;Konservative Partei;Konservative Partei;;Konservative Partei;;;;;;;;;x;;;;;;;;;;;;;;;;;;;;;;;;
BRE_conservative_3;Христианско-социальная рабочая партия;Christsoz. Arbeiterpartei;Christsoz. Arbeiterpartei;;Christsoz. Arbeiterpartei;;;;;;;;;x;;;;;;;;;;;;;;;;;;;;;;;;
BRE_fascist;НСДП;NSDP;NSDP;;NSDP;;;;;;;;;x;;;;;;;;;;;;;;;;;;;;;;;;
BRE_liberal;Либералдем. Партия;Liberaldem. Partei;Liberaldem. Partei;;Liberaldem. Partei;;;;;;;;;x;;;;;;;;;;;;;;;;;;;;;;;;
BRE_liberal_2;Национал-либералы;Nationalliberale ;Nationalliberale ;;Nationalliberale ;;;;;;;;;x;;;;;;;;;;;;;;;;;;;;;;;;
BRE_liberal_3;Свободная партия;Freisinnige Partei;Freisinnige Partei;;Freisinnige Partei;;;;;;;;;x;;;;;;;;;;;;;;;;;;;;;;;;
BRE_reactionary;Национальная партия;Nationale Partei;Nationale Partei;;Nationale Partei;;;;;;;;;x;;;;;;;;;;;;;;;;;;;;;;;;
BRE_socialist;Немецкий рабочий союз;Deutscher Arbeiterverein;Deutscher Arbeiterverein;;Deutscher Arbeiterverein;;;;;;;;;x;;;;;;;;;;;;;;;;;;;;;;;;
BRE_socialist_2; Социал-демократическая партия.;Sozialdem. Arbeiterpartei ;Sozialdem. Arbeiterpartei ;;Sozialdem. Arbeiterpartei ;;;;;;;;;x;;;;;;;;;;;;;;;;;;;;;;;;
BRE_socialist_3; Социальная.Раб.партия;Sozial. Arbeiterpartei ;Sozial. Arbeiterpartei ;;Sozial. Arbeiterpartei ;;;;;;;;;x;;;;;;;;;;;;;;;;;;;;;;;;
BRU_anarcho_liberal;Радикальная фракция;Faction radicale;Die radikale Fraktion;;La faccion radical;;;;;;;;;x;;;;;;;;;;;;;;;;;;;;;;;;
BRU_communist;Коммунистическая фракция;Faction communiste;Die kommunistische Fraktion;;La faccion comunista;;;;;;;;;x;;;;;;;;;;;;;;;;;;;;;;;;
BRU_conservative;Королевская фракция;Faction royale;Konigsfraktion;;Faccion real;;;;;;;;;x;;;;;;;;;;;;;;;;;;;;;;;;
BRU_fascist;Фашистская фракция;Faction fasciste;Die faschistische Fraktion;;La faccion fascista;;;;;;;;;x;;;;;;;;;;;;;;;;;;;;;;;;
BRU_liberal;Либеральная фракция;Faction liberale;Die liberale Fraktion;;La faccion liberal;;;;;;;;;x;;;;;;;;;;;;;;;;;;;;;;;;
BRU_reactionary;Националистическая фракция;Faction nationaliste;Die nationalistische Fraktion;;La faccion nacionalista;;;;;;;;;x;;;;;;;;;;;;;;;;;;;;;;;;
BRU_socialist;Социалистическая фракция;Faction socialiste;Die sozialistische Fraktion;;La faccion socialista;;;;;;;;;x;;;;;;;;;;;;;;;;;;;;;;;;
BRZ_anarcho_liberal;Радикальная партия;Partido Radical;Partido Radical;;Partido Radical;;;;;;;;;x;;;;;;;;;;;;;;;;;;;;;;;;
BRZ_communist;Партидо коммуниста;Partido communiste;Partido Communist;;Partido Comunista;;;;;;;;;x;;;;;;;;;;;;;;;;;;;;;;;;
BRZ_conservative;Партия консерваторов;Partido Conservador;Partido Conservador;;Partido Conservador;;;;;;;;;x;;;;;;;;;;;;;;;;;;;;;;;;
BRZ_conservative_2;Партия Паулиста;Partido Paulista;Partido Paulista;;Partido Paulista;;;;;;;;;x;;;;;;;;;;;;;;;;;;;;;;;;
BRZ_fascist;Фашистская партия;Partido fasciste;Partido Fascist;;Partido Fascista;;;;;;;;;x;;;;;;;;;;;;;;;;;;;;;;;;
BRZ_liberal;Либеральная партия;Partido Liberal;Partido Liberal;;Partido Liberal;;;;;;;;;x;;;;;;;;;;;;;;;;;;;;;;;;
BRZ_liberal_2;Партия Кариока;Partido Carioca;Partido Carioca;;Partido Carioca;;;;;;;;;x;;;;;;;;;;;;;;;;;;;;;;;;
BRZ_reactionary;Партия Карамуру;Partido Caramuru;Partido Caramuru;;Partido Caramuru;;;;;;;;;x;;;;;;;;;;;;;;;;;;;;;;;;
BRZ_socialist;Социалистическая партия;Partido socialiste;Partido Socialist;;Partido Socialista;;;;;;;;;x;;;;;;;;;;;;;;;;;;;;;;;;
BUK_anarcho_liberal;Радикальная фракция;Faction radicale;Die radikale Fraktion;;La faccion radical;;;;;;;;;x;;;;;;;;;;;;;;;;;;;;;;;;
BUK_communist;Коммунистическая фракция;Faction communiste;Die kommunistische Fraktion;;La faccion comunista;;;;;;;;;x;;;;;;;;;;;;;;;;;;;;;;;;
BUK_conservative;Королевская фракция;Faction royale;Konigsfraktion;;Faccion real;;;;;;;;;x;;;;;;;;;;;;;;;;;;;;;;;;
BUK_fascist;Фашистская фракция;Faction fasciste;Die faschistische Fraktion;;La faccion fascista;;;;;;;;;x;;;;;;;;;;;;;;;;;;;;;;;;
BUK_liberal;Либеральная фракция;Faction liberale;Die liberale Fraktion;;La faccion liberal;;;;;;;;;x;;;;;;;;;;;;;;;;;;;;;;;;
BUK_reactionary;Националистическая фракция;Faction nationaliste;Die nationalistische Fraktion;;La faccion nacionalista;;;;;;;;;x;;;;;;;;;;;;;;;;;;;;;;;;
BUK_socialist;Социалистическая фракция;Faction socialiste;Die sozialistische Fraktion;;La faccion socialista;;;;;;;;;x;;;;;;;;;;;;;;;;;;;;;;;;
BUL_anarcho_liberal;Радикальный;Radical;Radikal;;Radical;;;;;;;;;x;;;;;;;;;;;;;;;;;;;;;;;;
BUL_communist;коммунист;Communiste;Kommunistisch;;Comunista;;;;;;;;;x;;;;;;;;;;;;;;;;;;;;;;;;
BUL_conservative;Консервативный;Conservateur;Konservativ;;Conservadora;;;;;;;;;x;;;;;;;;;;;;;;;;;;;;;;;;
BUL_fascist;фашистский;Fasciste;Faschistisch;;Fascista;;;;;;;;;x;;;;;;;;;;;;;;;;;;;;;;;;
BUL_liberal;либеральный;Liberal;Liberal;;Liberal;;;;;;;;;x;;;;;;;;;;;;;;;;;;;;;;;;
BUL_reactionary;Националист;Nationaliste;Nationalistisch;;Nacionalista;;;;;;;;;x;;;;;;;;;;;;;;;;;;;;;;;;
BUL_socialist;Социалистический;Socialiste;Sozialistisch;;Socialista;;;;;;;;;x;;;;;;;;;;;;;;;;;;;;;;;;
BUN_anarcho_liberal;Радикальная фракция;Faction radicale;Die radikale Fraktion;;La faccion radical;;;;;;;;;x;;;;;;;;;;;;;;;;;;;;;;;;
BUN_communist;Коммунистическая фракция;Faction communiste;Die kommunistische Fraktion;;La faccion comunista;;;;;;;;;x;;;;;;;;;;;;;;;;;;;;;;;;
BUN_conservative;Королевская фракция;Faction royale;Konigsfraktion;;Faccion real;;;;;;;;;x;;;;;;;;;;;;;;;;;;;;;;;;
BUN_fascist;Фашистская фракция;Faction fasciste;Die faschistische Fraktion;;La faccion fascista;;;;;;;;;x;;;;;;;;;;;;;;;;;;;;;;;;
BUN_liberal;Либеральная фракция;Faction liberale;Die liberale Fraktion;;La faccion liberal;;;;;;;;;x;;;;;;;;;;;;;;;;;;;;;;;;
BUN_reactionary;Националистическая фракция;Faction nationaliste;Die nationalistische Fraktion;;La faccion nacionalista;;;;;;;;;x;;;;;;;;;;;;;;;;;;;;;;;;
BUN_socialist;Социалистическая фракция;Faction socialiste;Die sozialistische Fraktion;;La faccion socialista;;;;;;;;;x;;;;;;;;;;;;;;;;;;;;;;;;
BUR_anarcho_liberal;Радикальная фракция;Faction radicale;Die radikale Fraktion;;La faccion radical;;;;;;;;;x;;;;;;;;;;;;;;;;;;;;;;;;
BUR_communist;Коммунистическая фракция;Faction communiste;Die kommunistische Fraktion;;La faccion comunista;;;;;;;;;x;;;;;;;;;;;;;;;;;;;;;;;;
BUR_conservative;Королевская фракция;Faction royale;Konigsfraktion;;Faccion real;;;;;;;;;x;;;;;;;;;;;;;;;;;;;;;;;;
BUR_fascist;Фашистская фракция;Faction fasciste;Die faschistische Fraktion;;La faccion fascista;;;;;;;;;x;;;;;;;;;;;;;;;;;;;;;;;;
BUR_liberal;Либеральная фракция;Faction liberale;Die liberale Fraktion;;La faccion liberal;;;;;;;;;x;;;;;;;;;;;;;;;;;;;;;;;;
BUR_reactionary;Националистическая фракция;Faction nationaliste;Die nationalistische Fraktion;;La faccion nacionalista;;;;;;;;;x;;;;;;;;;;;;;;;;;;;;;;;;
BUR_socialist;Социалистическая фракция;Faction socialiste;Die sozialistische Fraktion;;La faccion socialista;;;;;;;;;x;;;;;;;;;;;;;;;;;;;;;;;;
BYE_anarcho_liberals;Анархо-либералы;Anarcho-liberaux;Anarcho-Liberale;;;;;;;;;;;x;;;;;;;;;;;;;;;;;;;;;;;;
BYE_communist;Большевики;Bolcheviques;Bolschewiki;;;;;;;;;;;x;;;;;;;;;;;;;;;;;;;;;;;;
BYE_conservative;Консерваторы;Conservateurs;Konservative;;;;;;;;;;;x;;;;;;;;;;;;;;;;;;;;;;;;
BYE_fascist;Национал-социалистическая партия;Parti national-socialiste;Fasischten;;;;;;;;;;;x;;;;;;;;;;;;;;;;;;;;;;;;
BYE_liberal;либералы;Liberaux;Liberale;;;;;;;;;;;x;;;;;;;;;;;;;;;;;;;;;;;;
BYE_reactionary;Реакционеры;Reactionnaires;Reaktionare;;;;;;;;;;;x;;;;;;;;;;;;;;;;;;;;;;;;
BYE_socialist;Белорусское Социалистическое Собрание;Assemblee bielorusse socialiste;Weissrussische Sozialistische Hramada;;;;;;;;;;;x;;;;;;;;;;;;;;;;;;;;;;;;
BYZ_anarcho_liberal;Неотеристикон Кимма;Neoteristikon Komma;Neoteristikon Komma;;Neoteristikon Komma;;;;;;;;x;;;;;;;;;;;;;;;;;;;;;;;;;
BYZ_communist;Коммунистика Кумма Византис;Kommounistiko Komma Byzantos;Kommounistiko Komma Byzantos;;Kommounistiko Komma Byzantos;;;;;;;;x;;;;;;;;;;;;;;;;;;;;;;;;;
BYZ_conservative;Комма Этникофронон;Komma Ethnikofronon;Komma Ethnikofronon;;Komma Ethnikofronon;;;;;;;;x;;;;;;;;;;;;;;;;;;;;;;;;;
BYZ_fascist;Кимма тон Элеутерофровон;Komma ton Eleutherofrovon;Komma ton Eleutherofrovon;;Komma ton Eleutherofrovon;;;;;;;;x;;;;;;;;;;;;;;;;;;;;;;;;;
BYZ_liberal;Кимма Филелефтерон;Komma Fileleftheron;Komma Fileleftheron;;Komma Fileleftheron;;;;;;;;x;;;;;;;;;;;;;;;;;;;;;;;;;
BYZ_reactionary;Кимма Палеологс;Komma Paleologos;Komma Paleologos;;Komma Paleologos;;;;;;;;x;;;;;;;;;;;;;;;;;;;;;;;;;
BYZ_socialist;Социалистическая Кумма Византийская;Sosialistiko Komma Byzantos;Sosialistiko Komma Byzantos;;Sosialistiko Komma Byzantos;;;;;;;;x;;;;;;;;;;;;;;;;;;;;;;;;;
CAL_anarcho_liberal;Демократический;Democratique;Democratic;;Democratico;;;;;;;;;x;;;;;;;;;;;;;;;;;;;;;;;;
CAL_anarcho_liberal_2;Популистский;Populiste;Populist;;Populista;;;;;;;;;x;;;;;;;;;;;;;;;;;;;;;;;;
CAL_communist;коммунист;Communistes;Communist;;Comunista;;;;;;;;;x;;;;;;;;;;;;;;;;;;;;;;;;
CAL_conservative;Демократическая партия;Parti democrate;Demokratische Partei;;Partido Democrata;;;;;;;;;x;;;;;;;;;;;;;;;;;;;;;;;;
CAL_fascist;фашистский;Fasciste;Fascist;;Fascista;;;;;;;;;x;;;;;;;;;;;;;;;;;;;;;;;;
CAL_liberal;Свобода;Liberte;Liberty;;Libertad;;;;;;;;;x;;;;;;;;;;;;;;;;;;;;;;;;
CAL_liberal_2;Бесплатная почва;Sol libre;Free Soil;;Tierra Libre;;;;;;;;;x;;;;;;;;;;;;;;;;;;;;;;;;
CAL_liberal_3;Прогрессивный;Progressiste;Progressive;;Progresista;;;;;;;;;x;;;;;;;;;;;;;;;;;;;;;;;;
CAL_reactionary;Медвежий империалист;Imperialiste ursine;Ursine Imperialist;;Imperialista osuno;;;;;;;;;x;;;;;;;;;;;;;;;;;;;;;;;;
CAL_socialist;Радикальный;Radical;Radical;;Radical;;;;;;;;;x;;;;;;;;;;;;;;;;;;;;;;;;
CAM_anarcho_liberal;Радикальная фракция;Faction radicale;Die radikale Fraktion;;La faccion radical;;;;;;;;;x;;;;;;;;;;;;;;;;;;;;;;;;
CAM_communist;Коммунистическая фракция;Faction communiste;Die kommunistische Fraktion;;La faccion comunista;;;;;;;;;x;;;;;;;;;;;;;;;;;;;;;;;;
CAM_conservative;Королевская фракция;Faction royale;Konigsfraktion;;Faccion real;;;;;;;;;x;;;;;;;;;;;;;;;;;;;;;;;;
CAM_fascist;Фашистская фракция;Faction fasciste;Die faschistische Fraktion;;La faccion fascista;;;;;;;;;x;;;;;;;;;;;;;;;;;;;;;;;;
CAM_liberal;Либеральная фракция;Faction liberale;Die liberale Fraktion;;La faccion liberal;;;;;;;;;x;;;;;;;;;;;;;;;;;;;;;;;;
CAM_reactionary;Националистическая фракция;Faction nationaliste;Die nationalistische Fraktion;;La faccion nacionalista;;;;;;;;;x;;;;;;;;;;;;;;;;;;;;;;;;
CAM_socialist;Социалистическая фракция;Faction socialiste;Die sozialistische Fraktion;;La faccion socialista;;;;;;;;;x;;;;;;;;;;;;;;;;;;;;;;;;
CAN_anarcho_liberal;Либертарианская партия;Parti radical;Radical Party;;Partido Radical;;;;;;;;;x;;;;;;;;;;;;;;;;;;;;;;;;
CAN_communist;Коммунистическая партия;Parti communiste;Communist Party;;Partido Comunista;;;;;;;;;x;;;;;;;;;;;;;;;;;;;;;;;;
CAN_conservative;Консервативная партия;Parti conservateur;Conservative Party;;Partido conservador;;;;;;;;;x;;;;;;;;;;;;;;;;;;;;;;;;
CAN_fascist;Партия национального единства;;;;;;;;;;;;;;;;;;;;;;;;;;;;;;;;;;;;;x
CAN_liberal;Либеральная партия;Parti liberal;Liberale Partei;;Partido Liberal;;;;;;;;;x;;;;;;;;;;;;;;;;;;;;;;;;
CAN_reactionary;Монархическая партия;Parti nationaliste;Nationalist Party;;Partido Nacionalista;;;;;;;;;x;;;;;;;;;;;;;;;;;;;;;;;;
CAN_socialist;Социалистическая партия;Parti socialiste;Socialist Party;;Partido Socialista;;;;;;;;;x;;;;;;;;;;;;;;;;;;;;;;;;
CAT_anarcho_liberal;Uniу Catalanista;Unio Catalanista;Unio Catalanista;;Unio Catalanista;;;;;;;;;x;;;;;;;;;;;;;;;;;;;;;;;;
CAT_communist;Коммунист Каталонии;Communiste de Catalana;Communist de Catalana;;Comunista de Catalunya;;;;;;;;;x;;;;;;;;;;;;;;;;;;;;;;;;
CAT_conservative;Renaixenза Catal?Renaixenза Catal?Renaixenза Catal?;Renaixenca Catala;Renaixenca Catala;;Renaixenca Catala;;;;;;;;;x;;;;;;;;;;;;;;;;;;;;;;;;
CAT_conservative_2;Регионалист Каталонии;Regionalista Catalana;Regionalista Catalana;;Regionalista de Catalunya;;;;;;;;;x;;;;;;;;;;;;;;;;;;;;;;;;
CAT_fascist;Фашист Каталонии;Fasciste de Catalana;Fascist de Catalana;;Fascista de Catalunya;;;;;;;;;x;;;;;;;;;;;;;;;;;;;;;;;;
CAT_liberal;Центр Катала;Centre Catala;Centre Catala;;Centre Catala;;;;;;;;;x;;;;;;;;;;;;;;;;;;;;;;;;
CAT_liberal_2;Каталонское Солидаритед;Solidaritat Catalana;Solidaritat Catalana;;Solidaritat Catalana;;;;;;;;;x;;;;;;;;;;;;;;;;;;;;;;;;
CAT_liberal_3;Партийная Радикальная Республика;Partit Radical Republica;Partit Radical Republica;;Partit Radical Republica;;;;;;;;;x;;;;;;;;;;;;;;;;;;;;;;;;
CAT_reactionary;Националист Каталонии;Nationaliste de Catalana;Nationalist de Catalana;;Nationalist de Catalana;;;;;;;;;x;;;;;;;;;;;;;;;;;;;;;;;;
CAT_socialist;Социалисты Каталонии;Socialistes de Catalunya;Socialistes de Catalunya;;Socialistes de Catalunya;;;;;;;;;x;;;;;;;;;;;;;;;;;;;;;;;;
CHE_anarcho_liberal;Союз вольных общин чероки;Free Communities of the Cherokee;Radical Party;;Partido Radical;;;;;;;;;x;;;;;;;;;;;;;;;;;;;;;;;;
CHE_communist;Община общей земли чероки;Common Land Community of the Cherokee;Communist Party;;Partido Comunista;;;;;;;;;x;;;;;;;;;;;;;;;;;;;;;;;;
CHE_conservative;Совет старейшин чероки;Council of Elders of the Cherokee;Traditional Party;;Partido Tradicional;;;;;;;;;x;;;;;;;;;;;;;;;;;;;;;;;;
CHE_conservative_2;Совет старейшин чероки II;Council of Elders of the Cherokee II;National Party;;Partido Nacional;;;;;;;;;x;;;;;;;;;;;;;;;;;;;;;;;;
CHE_fascist;Движение единства чероки;Unity Movement of the Cherokee;Fascist Party;;Partido Fascista;;;;;;;;;x;;;;;;;;;;;;;;;;;;;;;;;;
CHE_liberal;Торговая лига чероки;Trade League of the Cherokee;Keetoowah Society;;Sociedad de Keetoowah ;;;;;;;;;x;;;;;;;;;;;;;;;;;;;;;;;;
CHE_reactionary;Хранители традиций чероки;Keepers of Cherokee Traditions;Nationalist Party;;Partido Nacionalista;;;;;;;;;x;;;;;;;;;;;;;;;;;;;;;;;;
CHE_socialist;Союз общинных мастеров чероки;Guild of Community Crafts of the Cherokee;Social Party;;Partido Social;;;;;;;;;x;;;;;;;;;;;;;;;;;;;;;;;;
CHI_anarcho_liberal;республиканцы;Republicains;Republikaner;;Republicanos;;;;;;;;;x;;;;;;;;;;;;;;;;;;;;;;;;
CHI_communist;Коммунистическая партия Китая;Parti communiste chinois;Kommunistische Partei Chinas;;Partido Comunista de China;;;;;;;;;x;;;;;;;;;;;;;;;;;;;;;;;;
CHI_conservative;Имперская Фракция;Faction imperiale;Kaiserliche Fraktion;;Faccion imperial;;;;;;;;;x;;;;;;;;;;;;;;;;;;;;;;;;
CHI_conservative_2;Чжицян;Zhiqiang;Zhiqiang;;Zhiqiang;;;;;;;;;x;;;;;;;;;;;;;;;;;;;;;;;;
CHI_conservative_3;Бэйян;Beiyang;Beiyang;;Beiyang;;;;;;;;;x;;;;;;;;;;;;;;;;;;;;;;;;
CHI_conservative_4;Гоминьдан Чан;Kuomintang Chiang;Kuomintang Chiang;;Kuomintang Chiang;;;;;;;;;x;;;;;;;;;;;;;;;;;;;;;;;;
CHI_fascist;Фашисты;Fascistes;Faschisten;;Fascistas;;;;;;;;;x;;;;;;;;;;;;;;;;;;;;;;;;
CHI_liberal;Реформаторы;Reformateurs;Reformer;;Reformistas;;;;;;;;;x;;;;;;;;;;;;;;;;;;;;;;;;
CHI_liberal_2;Гоминьдановское солнце;Kuomintang Sun;Kuomintang Sun;;Kuomintang Sun;;;;;;;;;x;;;;;;;;;;;;;;;;;;;;;;;;
CHI_liberal_3;Фэн Юйсян;Feng Yuxiang;Feng Yuxiang;;Feng Yuxiang;;;;;;;;;x;;;;;;;;;;;;;;;;;;;;;;;;
CHI_reactionary;Консерваторы;Conservateurs;Konservative;;Conservadores;;;;;;;;;x;;;;;;;;;;;;;;;;;;;;;;;;
CHI_reactionary_2;Юань Ши Кай;Yuan Shi Kai;Yuan Shi Kai;;Yuan Shi Kai;;;;;;;;;x;;;;;;;;;;;;;;;;;;;;;;;;
CHI_socialist;Социалисты;Socialistes;Sozialisten;;Socialistas;;;;;;;;;x;;;;;;;;;;;;;;;;;;;;;;;;
CHL_anarcho_liberal;Радикальная партия;Partido Radical;Partido Radical;;Partido Radical;;;;;;;;;x;;;;;;;;;;;;;;;;;;;;;;;;
CHL_communist;Партидо коммуниста;Partido communiste;Partido Communist;;Partido Comunista;;;;;;;;;x;;;;;;;;;;;;;;;;;;;;;;;;
CHL_conservative;Консерваторы;Conservadores;Conservadores;;Conservadores;;;;;;;;;x;;;;;;;;;;;;;;;;;;;;;;;;
CHL_conservative_2;Партия консерваторов;Partido Conservador;Partido Conservador;;Partido Conservador;;;;;;;;;x;;;;;;;;;;;;;;;;;;;;;;;;
CHL_conservative_3;Национальная партия;Partido Nacional;Partido Nacional;;Partido Nacional;;;;;;;;;x;;;;;;;;;;;;;;;;;;;;;;;;
CHL_fascist;Фашистская партия;Partido fasciste;Partido Fascist;;Partido Fascista;;;;;;;;;x;;;;;;;;;;;;;;;;;;;;;;;;
CHL_liberal;Либералы;Liberales;Liberales;;Liberales;;;;;;;;;x;;;;;;;;;;;;;;;;;;;;;;;;
CHL_liberal_2;Либеральная партия;Partido Liberal;Partido Liberal;;Partido Liberal;;;;;;;;;x;;;;;;;;;;;;;;;;;;;;;;;;
CHL_liberal_3;Альянс Либерал;Alianza Liberal;Alianza Liberal;;Alianza Liberal;;;;;;;;;x;;;;;;;;;;;;;;;;;;;;;;;;
CHL_liberal_4;Liberal Democrбtico;Liberal Democratico;Liberal Democratico;;Liberal Democratico;;;;;;;;;x;;;;;;;;;;;;;;;;;;;;;;;;
CHL_reactionary;Националистическая партия;Partido nationaliste;Partido Nationalist;;Partido Nacionalista;;;;;;;;;x;;;;;;;;;;;;;;;;;;;;;;;;
CHL_socialist;Социалистическая партия;Partido socialiste;Partido Socialist;;Partido Socialista;;;;;;;;;x;;;;;;;;;;;;;;;;;;;;;;;;
CHP;Чьяпас;;;;;Chiapas;;;;;;;;x;;;;;;;;;;;;;;;;;;;;;;;;
CHP_ADJ;Чьяпан;;;;;Chiapaneco;;;;;;;;x;;;;;;;;;;;;;;;;;;;;;;;;
CHP_conservative;Партия консерваторов;Partido Conservador;Partido Conservador;;;Partido Conservador;;;;;;;;x;;;;;;;;;;;;;;;;;;;;;;;;
CHP_liberal;Либеральная партия;Partido Liberal;Partido Liberal;;;Partido Liberal;;;;;;;;x;;;;;;;;;;;;;;;;;;;;;;;;
CHP_anarcho_liberal;Федералистская партия;Partido Federalista;Partido Federalista;;;Partido Federalista;;;;;;;;x;;;;;;;;;;;;;;;;;;;;;;;;
CHP_conservative_2;Партия умеренно либеральная;Partido Moderado Liberal;Partido Moderado Liberal;;;Partido Moderado Liberal;;;;;;;;x;;;;;;;;;;;;;;;;;;;;;;;;
CHP_liberal_2;Партия радикальных либералов;Partido Radical Liberal;Partido Radical Liberal;;;Partido Radical Liberal;;;;;;;;x;;;;;;;;;;;;;;;;;;;;;;;;
CHP_liberal_3;Прогрессивная партия;Partido Progresista;Partido Progresista;;;Partido Progresista;;;;;;;;x;;;;;;;;;;;;;;;;;;;;;;;;
CHP_conservative_3;Партия Конституционалиста;Partido Constitucionalista;Partido Constitucionalista;;;Partido Constitucionalista;;;;;;;;x;;;;;;;;;;;;;;;;;;;;;;;;
CHP_liberal_4;Партия Антиперевыборная;Partido Antireelecionista;Partido Antireelecionista;;;Partido Antireelecionista;;;;;;;;x;;;;;;;;;;;;;;;;;;;;;;;;
CHP_reactionary;Партидо Империалист;Partido Imperialista;Partido Imperialista;;;Partido Imperialista;;;;;;;;x;;;;;;;;;;;;;;;;;;;;;;;;
CHP_socialist;Социалистическая партия;Partido socialiste;Partido Socialist;;;Partido Socialista;;;;;;;;x;;;;;;;;;;;;;;;;;;;;;;;;
CHP_communist;Партидо коммунист;Partido communiste;Partido Communist;;;Partido Comunista;;;;;;;;x;;;;;;;;;;;;;;;;;;;;;;;;
CHP_fascist;Фашистская партия;Partido fasciste;Partido Fascist;;;Partido Fascista;;;;;;;;x;;;;;;;;;;;;;;;;;;;;;;;;
CLM_anarcho_liberal;Федералисты;Federalistas;Federalistas;;Federalistas;;;;;;;;;x;;;;;;;;;;;;;;;;;;;;;;;;
CLM_communist;Партидо коммуниста;Partido communiste;Partido Communist;;Partido Comunista;;;;;;;;;x;;;;;;;;;;;;;;;;;;;;;;;;
CLM_conservative;Партия консерваторов;Partido Conservador;Partido Conservador;;Partido Conservador;;;;;;;;;x;;;;;;;;;;;;;;;;;;;;;;;;
CLM_fascist;Фашистская партия;Partido fasciste;Partido Fascist;;Partido Fascista;;;;;;;;;x;;;;;;;;;;;;;;;;;;;;;;;;
CLM_liberal;Либеральная партия;Partido Liberal;Partido Liberal;;Partido Liberal;;;;;;;;;x;;;;;;;;;;;;;;;;;;;;;;;;
CLM_liberal_2;Национальная партия;Partido Nacional;Partido Nacional;;Partido Nacional;;;;;;;;;x;;;;;;;;;;;;;;;;;;;;;;;;
CLM_reactionary;Националистическая партия;Partido nationaliste;Partido Nationalist;;Partido Nacionalista;;;;;;;;;x;;;;;;;;;;;;;;;;;;;;;;;;
CLM_socialist;Социалистическая партия;Partido socialiste;Partido Socialist;;Partido Socialista;;;;;;;;;x;;;;;;;;;;;;;;;;;;;;;;;;
CLV_anarcho_liberal;Либертарианский фюрер;Partido Federalista;Partido Federalista;;;Partido Federalista;;;;;;;;x;;;;;;;;;;;;;;;;;;;;;;;;
CLV_communist;Kommunistische Fьhrer;Partido communiste;Partido Communist;;;Partido Comunista;;;;;;;;x;;;;;;;;;;;;;;;;;;;;;;;;
CLV_conservative;Консервативный фюрер;Partido Conservador;Partido Conservador;;;Partido Conservador;;;;;;;;x;;;;;;;;;;;;;;;;;;;;;;;;
CLV_fascist;Faschisten Fьhrer;Partido fasciste;Partido Fascist;;;Partido Fascista;;;;;;;;x;;;;;;;;;;;;;;;;;;;;;;;;
CLV_liberal;Либеральный фюрер;Partido Progresista;Partido Progresista;;;Partido Progresista;;;;;;;;x;;;;;;;;;;;;;;;;;;;;;;;;
CLV_reactionary;Радикальный фюрер;Partido Imperialista;Partido Imperialista;;;Partido Imperialista;;;;;;;;x;;;;;;;;;;;;;;;;;;;;;;;;
CLV_socialist;Sozialistische Fьhrer;Partido socialiste;Partido Socialist;;;Partido Socialista;;;;;;;;x;;;;;;;;;;;;;;;;;;;;;;;;
CMC_anarcho_liberal;Союз вольных общин команчей;Free Communities of the Comanche;Partido Federalista;;;Partido Federalista;;;;;;;;x;;;;;;;;;;;;;;;;;;;;;;;;
CMC_communist;Община общей земли команчей;Common Land Community of the Comanche;Partido Communist;;;Partido Comunista;;;;;;;;x;;;;;;;;;;;;;;;;;;;;;;;;
CMC_conservative;Совет старейшин команчей;Council of Elders of the Comanche;Partido Conservador;;;Partido Conservador;;;;;;;;x;;;;;;;;;;;;;;;;;;;;;;;;
CMC_conservative_2;Совет старейшин команчей II;Council of Elders of the Comanche II;Partido Conservador;;;Partido Conservador;;;;;;;;x;;;;;;;;;;;;;;;;;;;;;;;;
CMC_fascist;Движение единства команчей;Unity Movement of the Comanche;Partido Fascist;;;Partido Fascista;;;;;;;;x;;;;;;;;;;;;;;;;;;;;;;;;
CMC_liberal;Торговая лига команчей;Trade League of the Comanche;Partido Liberal;;;Partido Liberal;;;;;;;;x;;;;;;;;;;;;;;;;;;;;;;;;
CMC_reactionary;Хранители традиций команчей;Keepers of Comanche Traditions;Partido Imperialista;;;Partido Imperialista;;;;;;;;x;;;;;;;;;;;;;;;;;;;;;;;;
CMC_socialist;Союз общинных мастеров команчей;Guild of Community Crafts of the Comanche;Partido Socialist;;;Partido Socialista;;;;;;;;x;;;;;;;;;;;;;;;;;;;;;;;;
CNG_anarcho_liberal;Анархо-либеральная партия;Party Anarcho-liberal;Anarcho-liberale Partei;;Partido anarcoliberal;;;;;;;;;x;;;;;;;;;;;;;;;;;;;;;;;;
CNG_communist;Коммунистическая партия;Parti Communiste;Kommunistische Partei;;Partido Comunista;;;;;;;;;x;;;;;;;;;;;;;;;;;;;;;;;;
CNG_conservative;Консервативная партия;Parti Conservateur;Konservative Partei;;Partido Conservador;;;;;;;;;x;;;;;;;;;;;;;;;;;;;;;;;;
CNG_fascist;Фашистская партия;Parti Fasciste;Faschistische Partei;;Partido Fascista;;;;;;;;;x;;;;;;;;;;;;;;;;;;;;;;;;
CNG_liberal;Либеральная партия;Parti Liberal;Liberale Partei;;Partido Liberal;;;;;;;;;x;;;;;;;;;;;;;;;;;;;;;;;;
CNG_reactionary;Реакционная партия;Parti Reactionnaire;Reaktionare Partei;;Partido Reaccionario;;;;;;;;;x;;;;;;;;;;;;;;;;;;;;;;;;
CNG_socialist;Социалистическая партия;Parti Socialiste;Sozialistische Partei;;Partido Socialista;;;;;;;;;x;;;;;;;;;;;;;;;;;;;;;;;;
COA_conservative;Консервативная партия;;;;;;x;;;;;;;;;;;;;;;;;;;;;;;;;;;;;;;
COA_liberal;Либеральная партия;;;;;;x;;;;;;;;;;;;;;;;;;;;;;;;;;;;;;;
COA_reactionary;Националистическая партия;;;;;;x;;;;;;;;;;;;;;;;;;;;;;;;;;;;;;;
COB_anarcho_liberal;Радикальная рабочая партия;Arbeiterpartei radical;Radikale Arbeiterpartei;;Radical Arbeiterpartei;;;;;;;;;x;;;;;;;;;;;;;;;;;;;;;;;;
COB_communist;Коммунистическая рабочая партия;Arbeiterpartei communiste;Kommunistische Arbeiterpartei;;Communist Arbeiterpartei;;;;;;;;;x;;;;;;;;;;;;;;;;;;;;;;;;
COB_conservative;Партия Центра;Zentrumspartei;Zentrumspartei;;Zentrumspartei;;;;;;;;;x;;;;;;;;;;;;;;;;;;;;;;;;
COB_conservative_2;Консервативная партия;Konservative Partei;Konservative Partei;;Konservative Partei;;;;;;;;;x;;;;;;;;;;;;;;;;;;;;;;;;
COB_conservative_3;Христианско-социальная рабочая партия;Christsoz. Arbeiterpartei;Christsoz. Arbeiterpartei;;Christsoz. Arbeiterpartei;;;;;;;;;x;;;;;;;;;;;;;;;;;;;;;;;;
COB_fascist;НСДП;NSDP;NSDP;;NSDP;;;;;;;;;x;;;;;;;;;;;;;;;;;;;;;;;;
COB_liberal;Либералдем. Партия;Liberaldem. Partei;Liberaldem. Partei;;Liberaldem. Partei;;;;;;;;;x;;;;;;;;;;;;;;;;;;;;;;;;
COB_liberal_2;Национал-либералы;Nationalliberale ;Nationalliberale ;;Nationalliberale ;;;;;;;;;x;;;;;;;;;;;;;;;;;;;;;;;;
COB_liberal_3;Свободная партия;Freisinnige Partei;Freisinnige Partei;;Freisinnige Partei;;;;;;;;;x;;;;;;;;;;;;;;;;;;;;;;;;
COB_reactionary;Национальная партия;Nationale Partei;Nationale Partei;;Nationale Partei;;;;;;;;;x;;;;;;;;;;;;;;;;;;;;;;;;
COB_socialist;Немецкий рабочий союз;Deutscher Arbeiterverein;Deutscher Arbeiterverein;;Deutscher Arbeiterverein;;;;;;;;;x;;;;;;;;;;;;;;;;;;;;;;;;
COB_socialist_2; Социал-демократическая партия.;Sozialdem. Arbeiterpartei ;Sozialdem. Arbeiterpartei ;;Sozialdem. Arbeiterpartei ;;;;;;;;;x;;;;;;;;;;;;;;;;;;;;;;;;
COB_socialist_3; Социальная.Раб.партия;Sozial. Arbeiterpartei ;Sozial. Arbeiterpartei ;;Sozial. Arbeiterpartei ;;;;;;;;;x;;;;;;;;;;;;;;;;;;;;;;;;
COL_anarcho_liberal;Радикальная Партия;Parti radical;Radikale Partei;;Partido Radical;;;;;;;;;x;;;;;;;;;;;;;;;;;;;;;;;;
COL_communist;Коммунистическая партия;Parti communiste ;Kommunistische Partei;;Partido Comunista;;;;;;;;;x;;;;;;;;;;;;;;;;;;;;;;;;
COL_conservative;Консервативная партия;Parti conservateur;Konservative Partei;;Partido conservador;;;;;;;;;x;;;;;;;;;;;;;;;;;;;;;;;;
COL_fascist;Фашистская партия;Parti fasciste;Faschistische Partei;;Partido Fascista;;;;;;;;;x;;;;;;;;;;;;;;;;;;;;;;;;
COL_liberal;Либеральная партия;Parti liberal;Liberale Partei;;Partido Liberal;;;;;;;;;x;;;;;;;;;;;;;;;;;;;;;;;;
COL_reactionary;Националистическая партия;Parti nationaliste;Nationalistische Partei;;Partido Nacionalista;;;;;;;;;x;;;;;;;;;;;;;;;;;;;;;;;;
COL_socialist;Социалистическая партия;Parti socialiste;Sozialistische Partei;;Partido Socialista;;;;;;;;;x;;;;;;;;;;;;;;;;;;;;;;;;
COS_anarcho_liberal;Радикальная партия;Partido Radical;Partido Radical;;Partido Radical;;;;;;;;;x;;;;;;;;;;;;;;;;;;;;;;;;
COS_communist;Партидо коммуниста;Partido communiste;Partido Communist;;Partido Comunista;;;;;;;;;x;;;;;;;;;;;;;;;;;;;;;;;;
COS_conservative;Партия консерваторов;Partido Conservador;Partido Conservador;;Partido Conservador;;;;;;;;;x;;;;;;;;;;;;;;;;;;;;;;;;
COS_conservative_2;Партия национального союза;Partido de Union Nacional;Partido de Union Nacional;;Partido de Union Nacional;;;;;;;;;x;;;;;;;;;;;;;;;;;;;;;;;;
COS_fascist;Фашистская партия;Partido fasciste;Partido Fascist;;Partido Fascista;;;;;;;;;x;;;;;;;;;;;;;;;;;;;;;;;;
COS_liberal;Либеральная партия;Partido Liberal;Partido Liberal;;Partido Liberal;;;;;;;;;x;;;;;;;;;;;;;;;;;;;;;;;;
COS_reactionary;Националистическая партия;Partido nationaliste;Partido Nationalist;;Partido Nacionalista;;;;;;;;;x;;;;;;;;;;;;;;;;;;;;;;;;
COS_socialist;Социалистическая партия;Partido socialiste;Partido Socialist;;Partido Socialista;;;;;;;;;x;;;;;;;;;;;;;;;;;;;;;;;;
CRE_anarcho_liberal;Радикальная фракция;Faction radicale;Die radikale Fraktion;;La faccion radical;;;;;;;;;x;;;;;;;;;;;;;;;;;;;;;;;;
CRE_communist;Коммунистическая фракция;Faction communiste;Die kommunistische Fraktion;;La faccion comunista;;;;;;;;;x;;;;;;;;;;;;;;;;;;;;;;;;
CRE_conservative;Королевская фракция;Faction royale;Konigsfraktion;;Faccion real;;;;;;;;;x;;;;;;;;;;;;;;;;;;;;;;;;
CRE_fascist;Фашистская фракция;Faction fasciste;Die faschistische Fraktion;;La faccion fascista;;;;;;;;;x;;;;;;;;;;;;;;;;;;;;;;;;
CRE_liberal;Либеральная фракция;Faction liberale;Die liberale Fraktion;;La faccion liberal;;;;;;;;;x;;;;;;;;;;;;;;;;;;;;;;;;
CRE_reactionary;Националистическая фракция;Faction nationaliste;Die nationalistische Fraktion;;La faccion nacionalista;;;;;;;;;x;;;;;;;;;;;;;;;;;;;;;;;;
CRE_socialist;Социалистическая фракция;Faction socialiste;Die sozialistische Fraktion;;La faccion socialista;;;;;;;;;x;;;;;;;;;;;;;;;;;;;;;;;;
CRI_anarcho_liberal;Радикальная фракция;Faction radicale;Die radikale Fraktion;;La faccion radical;;;;;;;;;x;;;;;;;;;;;;;;;;;;;;;;;;
CRI_communist;Коммунистическая фракция;Faction communiste;Die kommunistische Fraktion;;La faccion comunista;;;;;;;;;x;;;;;;;;;;;;;;;;;;;;;;;;
CRI_conservative;Королевская фракция;Faction royale;Konigsfraktion;;Faccion real;;;;;;;;;x;;;;;;;;;;;;;;;;;;;;;;;;
CRI_fascist;Фашистская фракция;Faction fasciste;Die faschistische Fraktion;;La faccion fascista;;;;;;;;;x;;;;;;;;;;;;;;;;;;;;;;;;
CRI_liberal;Либеральная фракция;Faction liberale;Die liberale Fraktion;;La faccion liberal;;;;;;;;;x;;;;;;;;;;;;;;;;;;;;;;;;
CRI_reactionary;Националистическая фракция;Faction nationaliste;Die nationalistische Fraktion;;La faccion nacionalista;;;;;;;;;x;;;;;;;;;;;;;;;;;;;;;;;;
CRI_socialist;Социалистическая фракция;Faction socialiste;Die sozialistische Fraktion;;La faccion socialista;;;;;;;;;x;;;;;;;;;;;;;;;;;;;;;;;;
CRK_anarcho_liberal;Союз вольных общин криков;Free Communities of the Creek;Partido Federalista;;;Partido Federalista;;;;;;;;x;;;;;;;;;;;;;;;;;;;;;;;;
CRK_communist;Община общей земли криков;Common Land Community of the Creek;Partido Communist;;;Partido Comunista;;;;;;;;x;;;;;;;;;;;;;;;;;;;;;;;;
CRK_conservative;Совет старейшин криков;Council of Elders of the Creek;Partido Conservador;;;Partido Conservador;;;;;;;;x;;;;;;;;;;;;;;;;;;;;;;;;
CRK_conservative_2;Совет старейшин криков II;Council of Elders of the Creek II;Partido Conservador;;;Partido Conservador;;;;;;;;x;;;;;;;;;;;;;;;;;;;;;;;;
CRK_fascist;Движение единства криков;Unity Movement of the Creek;Partido Fascist;;;Partido Fascista;;;;;;;;x;;;;;;;;;;;;;;;;;;;;;;;;
CRK_liberal;Торговая лига криков;Trade League of the Creek;Partido Liberal;;;Partido Liberal;;;;;;;;x;;;;;;;;;;;;;;;;;;;;;;;;
CRK_reactionary;Хранители традиций криков;Keepers of Creek Traditions;Partido Imperialista;;;Partido Imperialista;;;;;;;;x;;;;;;;;;;;;;;;;;;;;;;;;
CRK_socialist;Союз общинных мастеров криков;Guild of Community Crafts of the Creek;Partido Socialist;;;Partido Socialista;;;;;;;;x;;;;;;;;;;;;;;;;;;;;;;;;
CRO_anarcho_liberal;Радикальная фракция;Faction radicale;Die radikale Fraktion;;La faccion radical;;;;;;;;;x;;;;;;;;;;;;;;;;;;;;;;;;
CRO_communist;Коммунистическая фракция;Faction communiste;Die kommunistische Fraktion;;La faccion comunista;;;;;;;;;x;;;;;;;;;;;;;;;;;;;;;;;;
CRO_conservative;Королевская фракция;Faction royale;Konigsfraktion;;Faccion real;;;;;;;;;x;;;;;;;;;;;;;;;;;;;;;;;;
CRO_fascist;Фашистская фракция;Faction fasciste;Die faschistische Fraktion;;La faccion fascista;;;;;;;;;x;;;;;;;;;;;;;;;;;;;;;;;;
CRO_liberal;Либеральная фракция;Faction liberale;Die liberale Fraktion;;La faccion liberal;;;;;;;;;x;;;;;;;;;;;;;;;;;;;;;;;;
CRO_reactionary;Националистическая фракция;Faction nationaliste;Die nationalistische Fraktion;;La faccion nacionalista;;;;;;;;;x;;;;;;;;;;;;;;;;;;;;;;;;
CSA_anarcho_liberal;демократы;Democrates;Democrats;;Democratas;;;;;;;;;x;;;;;;;;;;;;;;;;;;;;;;;;
CSA_communist;коммунисты;Communistes;Communists;;Comunistas;;;;;;;;;x;;;;;;;;;;;;;;;;;;;;;;;;
CSA_conservative;Виги;Whigs;Whigs;;Whigs;;;;;;;;;x;;;;;;;;;;;;;;;;;;;;;;;;
CSA_fascist;Фашисты;Fascistes;Fascists;;Fascistas;;;;;;;;;x;;;;;;;;;;;;;;;;;;;;;;;;
CSA_liberal_3;Популистская партия;Parti populiste;Populist Party;;Partido Populista;;;;;;;;;x;;;;;;;;;;;;;;;;;;;;;;;;
CSA_reactionary;Партия Новая Америка;Nouveau parti americain;New America Party;;Partido de la Nueva America;;;;;;;;;x;;;;;;;;;;;;;;;;;;;;;;;;
CSA_socialist;Братья революции;Freres de la Revolution;Brothers of the Revolution;;Hermanos de la Revolucion;;;;;;;;;x;;;;;;;;;;;;;;;;;;;;;;;;
CRO_socialist;Социалистическая фракция;Faction socialiste;Die sozialistische Fraktion;;La faccion socialista;;;;;;;;;x;;;;;;;;;;;;;;;;;;;;;;;;
CUB_anarcho_liberal;Радикальная партия;Partido Radical;Partido Radical;;Partido Radical;;;;;;;;;x;;;;;;;;;;;;;;;;;;;;;;;;
CUB_communist;Партидо коммуниста;Partido communiste;Partido Communist;;Partido Comunista;;;;;;;;;x;;;;;;;;;;;;;;;;;;;;;;;;
CUB_conservative;Консерваторы;Conservadores;Conservadores;;Conservadores;;;;;;;;;x;;;;;;;;;;;;;;;;;;;;;;;;
CUB_conservative_2;Партидо Модерадо;Partido Moderado;Partido Moderado;;Partido Moderado;;;;;;;;;x;;;;;;;;;;;;;;;;;;;;;;;;
CUB_conservative_3;Партия консерваторов;Partido Conservador;Partido Conservador;;Partido Conservador;;;;;;;;;x;;;;;;;;;;;;;;;;;;;;;;;;
CUB_fascist;Фашистская партия;Partido fasciste;Partido Fascist;;Partido Fascista;;;;;;;;;x;;;;;;;;;;;;;;;;;;;;;;;;
CUB_liberal;Либералы;Liberales;Liberales;;Liberales;;;;;;;;;x;;;;;;;;;;;;;;;;;;;;;;;;
CUB_liberal_2;Кубинский Революционер;Revolucionario Cubano;Revolucionario Cubano;;Revolucionario Cubano;;;;;;;;;x;;;;;;;;;;;;;;;;;;;;;;;;
CUB_liberal_3;Либеральная партия;Partido Liberal;Partido Liberal;;Partido Liberal;;;;;;;;;x;;;;;;;;;;;;;;;;;;;;;;;;
CUB_reactionary;Реалисты;Realistas;Realistas;;Realistas;;;;;;;;;x;;;;;;;;;;;;;;;;;;;;;;;;
CUB_socialist;Социалистическая партия;Partido socialiste;Partido Socialist;;Partido Socialista;;;;;;;;;x;;;;;;;;;;;;;;;;;;;;;;;;
CYP_anarcho_liberal;Радикальная фракция;Faction radicale;Die radikale Fraktion;;La faccion radical;;;;;;;;;x;;;;;;;;;;;;;;;;;;;;;;;;
CYP_communist;Коммунистическая фракция;Faction communiste;Die kommunistische Fraktion;;La faccion comunista;;;;;;;;;x;;;;;;;;;;;;;;;;;;;;;;;;
CYP_conservative;Королевская фракция;Faction royale;Konigsfraktion;;Faccion real;;;;;;;;;x;;;;;;;;;;;;;;;;;;;;;;;;
CYP_fascist;Фашистская фракция;Faction fasciste;Die faschistische Fraktion;;La faccion fascista;;;;;;;;;x;;;;;;;;;;;;;;;;;;;;;;;;
CYP_liberal;Либеральная фракция;Faction liberale;Die liberale Fraktion;;La faccion liberal;;;;;;;;;x;;;;;;;;;;;;;;;;;;;;;;;;
CYP_reactionary;Националистическая фракция;Faction nationaliste;Die nationalistische Fraktion;;La faccion nacionalista;;;;;;;;;x;;;;;;;;;;;;;;;;;;;;;;;;
CYP_socialist;Социалистическая фракция;Faction socialiste;Die sozialistische Fraktion;;La faccion socialista;;;;;;;;;x;;;;;;;;;;;;;;;;;;;;;;;;
CZH_anarcho_liberal;Чешская страна либертарианство;Ceska strana libertarianismus;Ceska Strana Libertarianismus;;Ceska strana libertarianismus;;;;;;;;;x;;;;;;;;;;;;;;;;;;;;;;;;
CZH_communist;КСК;KSC;KSC;;KSC;;;;;;;;;x;;;;;;;;;;;;;;;;;;;;;;;;
CZH_conservative;Чехословацкая народная партия;CSL;CSL;;CSL;;;;;;;;;x;;;;;;;;;;;;;;;;;;;;;;;;
CZH_fascist;КНСП;CNSP;CNSP;;CNSP;;;;;;;;;x;;;;;;;;;;;;;;;;;;;;;;;;
CZH_liberal;РСЗМЛ;RSZML;RSZML;;RSZML;;;;;;;;;x;;;;;;;;;;;;;;;;;;;;;;;;
CZH_reactionary;Чешская национальная демократия;CsND;CsND;;CsND;;;;;;;;;x;;;;;;;;;;;;;;;;;;;;;;;;
CZH_socialist;Чехословацкая социал-демократическая партия;CSSD;CSSD;;CSSD;;;;;;;;;x;;;;;;;;;;;;;;;;;;;;;;;;
DAI_anarcho_liberal;Радикальная фракция;Faction radicale;Die radikale Fraktion;;La faccion radical;;;;;;;;;x;;;;;;;;;;;;;;;;;;;;;;;;
DAI_communist;Коммунистическая фракция;Faction communiste;Die kommunistische Fraktion;;La faccion comunista;;;;;;;;;x;;;;;;;;;;;;;;;;;;;;;;;;
DAI_conservative;Королевская фракция;Faction royale;Konigsfraktion;;Faccion real;;;;;;;;;x;;;;;;;;;;;;;;;;;;;;;;;;
DAI_fascist;Фашистская фракция;Faction fasciste;Die faschistische Fraktion;;La faccion fascista;;;;;;;;;x;;;;;;;;;;;;;;;;;;;;;;;;
DAI_liberal;Либеральная фракция;Faction liberale;Die liberale Fraktion;;La faccion liberal;;;;;;;;;x;;;;;;;;;;;;;;;;;;;;;;;;
DAI_reactionary;Националистическая фракция;Faction nationaliste;Die nationalistische Fraktion;;La faccion nacionalista;;;;;;;;;x;;;;;;;;;;;;;;;;;;;;;;;;
DAI_socialist;Социалистическая фракция;Faction socialiste;Die sozialistische Fraktion;;La faccion socialista;;;;;;;;;x;;;;;;;;;;;;;;;;;;;;;;;;
DAN_anarcho_liberal;Радикальные левые;Radikale-Venstre;Radikale-Venstre;;Radikale-Venstre;;;;;;;;;x;;;;;;;;;;;;;;;;;;;;;;;;
DAN_communist;коммунисты;Communistes;Kommunisten;;Comunistas;;;;;;;;;x;;;;;;;;;;;;;;;;;;;;;;;;
DAN_conservative;Hшjre;Hojre;Hojre;;Hojre;;;;;;;;;x;;;;;;;;;;;;;;;;;;;;;;;;
DAN_fascist;Фашисты;Fascistes;Faschisten;;Fascistas;;;;;;;;;x;;;;;;;;;;;;;;;;;;;;;;;;
DAN_liberal;Венстре;Venstre;Venstre;;Venstre;;;;;;;;;x;;;;;;;;;;;;;;;;;;;;;;;;
DAN_liberal_2;Национально-либеральный;National-liberale;National-liberale;;National-liberale;;;;;;;;;x;;;;;;;;;;;;;;;;;;;;;;;;
DAN_reactionary;Конге Партиет;Konge Partiet;Kongepartiet;;Konge Partiet;;;;;;;;;x;;;;;;;;;;;;;;;;;;;;;;;;
DAN_socialist;Социал-демократы;Socialdemokratiet;Socialdemokratiet;;Socialdemokratiet;;;;;;;;;x;;;;;;;;;;;;;;;;;;;;;;;;
DDR_anarcho_liberal;Либертарианская партия;Partido Federalista;Partido Federalista;;;Partido Federalista;;;;;;;;x;;;;;;;;;;;;;;;;;;;;;;;;
DDR_conservative;Консервативная партия;Partido Conservador;Partido Conservador;;;Partido Conservador;;;;;;;;x;;;;;;;;;;;;;;;;;;;;;;;;
DDR_conservative_2;Консервативная партия;Partido Conservador;Partido Conservador;;;Partido Conservador;;;;;;;;x;;;;;;;;;;;;;;;;;;;;;;;;
DDR_conservative_3;Христианско-социальная партия;Partido Conservador;Partido Conservador;;;Partido Conservador;;;;;;;;x;;;;;;;;;;;;;;;;;;;;;;;;
DDR_communist;Коммунистическая партия;Partido communiste;Partido Communist;;;Partido Comunista;;;;;;;;x;;;;;;;;;;;;;;;;;;;;;;;;
DDR_fascist;Патриотическая партия;Partido fasciste;Partido Fascist;;;Partido Fascista;;;;;;;;x;;;;;;;;;;;;;;;;;;;;;;;;
DDR_liberal;Либеральная партия;Partido Progresista;Partido Progresista;;;Partido Progresista;;;;;;;;x;;;;;;;;;;;;;;;;;;;;;;;;
DDR_liberal_2;Национально-либеральная партия;Partido Progresista;Partido Progresista;;;Partido Progresista;;;;;;;;x;;;;;;;;;;;;;;;;;;;;;;;;
DDR_liberal_3;Свободная партия;Partido Progresista;Partido Progresista;;;Partido Progresista;;;;;;;;x;;;;;;;;;;;;;;;;;;;;;;;;
DDR_reactionary;Народная партия;Partido Imperialista;Partido Imperialista;;;Partido Imperialista;;;;;;;;x;;;;;;;;;;;;;;;;;;;;;;;;
DDR_socialist;Рабочая партия;Partido socialiste;Partido Socialist;;;Partido Socialista;;;;;;;;x;;;;;;;;;;;;;;;;;;;;;;;;
DDR_socialist_2;Социал-демократическая арбайтерпартия;Partido socialiste;Partido Socialist;;;Partido Socialista;;;;;;;;x;;;;;;;;;;;;;;;;;;;;;;;;
DDR_socialist_3;Социалистическая рабочая партия;Partido socialiste;Partido Socialist;;;Partido Socialista;;;;;;;;x;;;;;;;;;;;;;;;;;;;;;;;;
DES_anarcho_liberal;Радикальная Партия;Parti radical;Radical Party;;Partido Radical;;;;;;;;;x;;;;;;;;;;;;;;;;;;;;;;;;
DES_communist;Коммунистическая партия;Parti communiste ;Communist Party;;Partido Comunista;;;;;;;;;x;;;;;;;;;;;;;;;;;;;;;;;;
DES_conservative;Союзная партия;Parti syndical;Union Party;;Partido de la Union;;;;;;;;;x;;;;;;;;;;;;;;;;;;;;;;;;
DES_fascist;Фашистская партия;Parti fasciste;Fascist Party;;Partido Fascista;;;;;;;;;x;;;;;;;;;;;;;;;;;;;;;;;;
DES_liberal;Либеральная партия;Parti liberal;Liberal Party;;Partido Liberal;;;;;;;;;x;;;;;;;;;;;;;;;;;;;;;;;;
DES_reactionary;Партия мормонского народа;Parti des Mormons;Mormon People's Party;;Partido del Pueblo Mormon;;;;;;;;;x;;;;;;;;;;;;;;;;;;;;;;;;
DES_socialist;Социалистическая партия;Parti socialiste;Socialist Party;;Partido Socialista;;;;;;;;;x;;;;;;;;;;;;;;;;;;;;;;;;
DND_anarcho_liberal;Либертарианская фракция;;;;;;;;;;;;;;x;;;;;;;;;;;;;;;;;;;;;;;
DND_communist;Фракция коммунистов;;;;;;;;;;;;;;x;;;;;;;;;;;;;;;;;;;;;;;
DND_conservative;Фракция Аския;;;;;;;;;;;;;;x;;;;;;;;;;;;;;;;;;;;;;;
DND_fascist;Фашистская фракция;;;;;;;;;;;;;;x;;;;;;;;;;;;;;;;;;;;;;;
DND_liberal;Фракция реформ;;;;;;;;;;;;;;x;;;;;;;;;;;;;;;;;;;;;;;
DND_reactionary;Религиозная фракция;;;;;;;;;;;;;;x;;;;;;;;;;;;;;;;;;;;;;;
DND_socialist;Движение за справедливость и равенство;;;;;;;;;;;;;;x;;;;;;;;;;;;;;;;;;;;;;;
DOM_anarcho_liberal;Радикальная партия;Partido Radical;Partido Radical;;Partido Radical;;;;;;;;;x;;;;;;;;;;;;;;;;;;;;;;;;
DOM_communist;Партидо коммуниста;Partido communiste;Partido Communist;;Partido Comunista;;;;;;;;;x;;;;;;;;;;;;;;;;;;;;;;;;
DOM_conservative;Консерваторы;Conservadores;Conservadores;;Conservadores;;;;;;;;;x;;;;;;;;;;;;;;;;;;;;;;;;
DOM_conservative_2;Тринитариос;Trinitarios;Trinitarios;;Trinitarios;;;;;;;;;x;;;;;;;;;;;;;;;;;;;;;;;;
DOM_conservative_3;Партидо Рохо;Partido Rojo;Partido Rojo;;Partido Rojo;;;;;;;;;x;;;;;;;;;;;;;;;;;;;;;;;;
DOM_conservative_4;Оракисты;Horacistas;Horacistas;;Horacistas;;;;;;;;;x;;;;;;;;;;;;;;;;;;;;;;;;
DOM_fascist;Фашистская партия;Partido fasciste;Partido Fascist;;Partido Fascista;;;;;;;;;x;;;;;;;;;;;;;;;;;;;;;;;;
DOM_liberal;Либералы;Liberales;Liberales;;Liberales;;;;;;;;;x;;;;;;;;;;;;;;;;;;;;;;;;
DOM_liberal_2;Партидо Азъл;Partido Azul;Partido Azul;;Partido Azul;;;;;;;;;x;;;;;;;;;;;;;;;;;;;;;;;;
DOM_liberal_3;Партия восстановления;Partido Restaurador;Partido Restaurador;;Partido Restaurador;;;;;;;;;x;;;;;;;;;;;;;;;;;;;;;;;;
DOM_liberal_4;Партидо Верде;Partido Verde;Partido Verde;;Partido Verde;;;;;;;;;x;;;;;;;;;;;;;;;;;;;;;;;;
DOM_liberal_5;Хименистас;Jimenistas;Jimenistas;;Jimenistas;;;;;;;;;x;;;;;;;;;;;;;;;;;;;;;;;;
DOM_reactionary;Националистическая партия;Partido nationaliste;Partido Nationalist;;Partido Nacionalista;;;;;;;;;x;;;;;;;;;;;;;;;;;;;;;;;;
DOM_socialist;Социалистическая партия;Partido socialiste;Partido Socialist;;Partido Socialista;;;;;;;;;x;;;;;;;;;;;;;;;;;;;;;;;;
dominion_anarcho_liberal;Либертарианская партия;;;;;;;;;;x;;;;;;;;;;;;;;;;;;;;;;;;;;;
dominion_communist;Коммунистическая партия;;;;;;;;;;x;;;;;;;;;;;;;;;;;;;;;;;;;;;
dominion_conservative;Консервативная партия;;;;;;;;;;x;;;;;;;;;;;;;;;;;;;;;;;;;;;
dominion_fascist;Фашистская партия;;;;;;;;;;x;;;;;;;;;;;;;;;;;;;;;;;;;;;
dominion_liberal;Либеральная партия;;;;;;;;;;x;;;;;;;;;;;;;;;;;;;;;;;;;;;
dominion_reactionary;Старая гвардия;;Die Alte Garde;;;;;;;;x;;;;;;;;;;;;;;;;;;;;;;;;;;;
dominion_socialist;Социалистическая партия;;Sozialistische Partei;;;;;;;;x;;;;;;;;;;;;;;;;;;;;;;;;;;;
DUR_anarcho_liberal;Хезб-и-Пайванд Мили;x;;;;;;;;;;;;;;;;;;;;;;;;;;;;;;;;;;;;
DUR_communist;Хизб-е Мардум-е Афганистан;x;;;;;;;;;;;;;;;;;;;;;;;;;;;;;;;;;;;;
DUR_conservative;Хезби Джумхори Дуррани;x;;;;;;;;;;;;;;;;;;;;;;;;;;;;;;;;;;;;
DUR_fascist;Хизб ут-Тахрир;x;;;;;;;;;;;;;;;;;;;;;;;;;;;;;;;;;;;;
DUR_liberal;Хизбе Азадихваи Дуррани;x;;;;;;;;;;;;;;;;;;;;;;;;;;;;;;;;;;;;
DUR_reactionary;Хезб-и-Махаз-и-Мили Ислами;x;;;;;;;;;;;;;;;;;;;;;;;;;;;;;;;;;;;;
DUR_socialist;Дуррани Меллат;x;;;;;;;;;;;;;;;;;;;;;;;;;;;;;;;;;;;;
DZG_anarcho_liberal;Радикальная рабочая партия;Arbeiterpartei radical;Radikale Arbeiterpartei;;Radical Arbeiterpartei;;;;;;;;;x;;;;;;;;;;;;;;;;;;;;;;;;
DZG_communist;Коммунистическая партия Арбайтерпарей;Arbeiterparei communiste;Kommunistische Arbeiterpartei;;Communist Arbeiterparei;;;;;;;;;x;;;;;;;;;;;;;;;;;;;;;;;;
DZG_conservative;Партия Центра;Zentrumspartei;Zentrumspartei;;Zentrumspartei;;;;;;;;;x;;;;;;;;;;;;;;;;;;;;;;;;
DZG_conservative_2;Консервативная партия;Konservative Partei;Konservative Partei;;Konservative Partei;;;;;;;;;x;;;;;;;;;;;;;;;;;;;;;;;;
DZG_conservative_3;Христианско-социальная рабочая партия;Christsoz. Arbeiterpartei;Christsoz. Arbeiterpartei;;Christsoz. Arbeiterpartei;;;;;;;;;x;;;;;;;;;;;;;;;;;;;;;;;;
DZG_fascist;НСДП;NSDP;NSDP;;NSDP;;;;;;;;;x;;;;;;;;;;;;;;;;;;;;;;;;
DZG_liberal;Либералдем. Партия;Liberaldem. Partei;Liberaldem. Partei;;Liberaldem. Partei;;;;;;;;;x;;;;;;;;;;;;;;;;;;;;;;;;
DZG_liberal_2;Национал-либералы;Nationalliberale ;Nationalliberale ;;Nationalliberale ;;;;;;;;;x;;;;;;;;;;;;;;;;;;;;;;;;
DZG_liberal_3;Свободная партия;Freisinnige Partei;Freisinnige Partei;;Freisinnige Partei;;;;;;;;;x;;;;;;;;;;;;;;;;;;;;;;;;
DZG_reactionary;Национальная партия;Nationale Partei;Nationale Partei;;Nationale Partei;;;;;;;;;x;;;;;;;;;;;;;;;;;;;;;;;;
DZG_socialist;Немецкий рабочий союз;Deutscher Arbeiterverein;Deutscher Arbeiterverein;;Deutscher Arbeiterverein;;;;;;;;;x;;;;;;;;;;;;;;;;;;;;;;;;
DZG_socialist_2; Социал-демократическая партия.;Sozialdem. Arbeiterpartei ;Sozialdem. Arbeiterpartei ;;Sozialdem. Arbeiterpartei ;;;;;;;;;x;;;;;;;;;;;;;;;;;;;;;;;;
DZG_socialist_3; Социальная.Раб.партия;Sozial. Arbeiterpartei ;Sozial. Arbeiterpartei ;;Sozial. Arbeiterpartei ;;;;;;;;;x;;;;;;;;;;;;;;;;;;;;;;;;
ECU_anarcho_liberal;Радикальная партия;Partido Radical;Partido Radical;;Partido Radical;;;;;;;;;x;;;;;;;;;;;;;;;;;;;;;;;;
ECU_communist;Партидо коммуниста;Partido communiste;Partido Communist;;Partido Comunista;;;;;;;;;x;;;;;;;;;;;;;;;;;;;;;;;;
ECU_conservative;Партия консерваторов;Partido Conservador;Partido Conservador;;Partido Conservador;;;;;;;;;x;;;;;;;;;;;;;;;;;;;;;;;;
ECU_fascist;Фашистская партия;Partido fasciste;Partido Fascist;;Partido Fascista;;;;;;;;;x;;;;;;;;;;;;;;;;;;;;;;;;
ECU_liberal;Либеральная партия;Partido Liberal;Partido Liberal;;Partido Liberal;;;;;;;;;x;;;;;;;;;;;;;;;;;;;;;;;;
ECU_liberal_2;Партия либеральных радикалов;Partido Liberal Radical;Partido Liberal Radical;;Partido Liberal Radical;;;;;;;;;x;;;;;;;;;;;;;;;;;;;;;;;;
ECU_liberal_3;Прогрессивная партия;Partido Progresista;Partido Progresista;;Partido Progresista;;;;;;;;;x;;;;;;;;;;;;;;;;;;;;;;;;
ECU_liberal_4;Республиканский Союз;Union Republicana;Union Republicana;;Union Republicana;;;;;;;;;x;;;;;;;;;;;;;;;;;;;;;;;;
ECU_reactionary;Partido Jesuиtico;Partido Jesuitico;Partido Jesuitico;;Partido Jesuitico;;;;;;;;;x;;;;;;;;;;;;;;;;;;;;;;;;
ECU_socialist;Социалистическая партия;Partido socialiste;Partido Socialist;;Partido Socialista;;;;;;;;;x;;;;;;;;;;;;;;;;;;;;;;;;
EGY_anarcho_liberal;Радикальная фракция;Faction radicale;Radikale Fraktion;;Faccion radical;;;;;;;;;x;;;;;;;;;;;;;;;;;;;;;;;;
EGY_communist;Фракция коммунистов;Faction communiste;Kommunistische Fraktion;;Faccion comunista;;;;;;;;;x;;;;;;;;;;;;;;;;;;;;;;;;
EGY_conservative;Маджлис аш-Шура;Majlis Al-Shura;Majlis Al-Shura;;Majlis Al-Shura;;;;;;;;;x;;;;;;;;;;;;;;;;;;;;;;;;
EGY_conservative_2;аль-Хизб аль-Ватани;al-Hizb al-Watani;al-Hizb al-Watani;;al-Hizb al-Watani;;;;;;;;;x;;;;;;;;;;;;;;;;;;;;;;;;
EGY_fascist;Фашистская фракция;Faction fasciste;Faschistische Faction;;Faccion fascista;;;;;;;;;x;;;;;;;;;;;;;;;;;;;;;;;;
EGY_liberal;Маджлис Шурат Ан-Нувваб;Majlis Shurat Al-Nuwwab;Majlis Shurat Al-Nuwwab;;Majlis Shurat Al-Nuwwab;;;;;;;;;x;;;;;;;;;;;;;;;;;;;;;;;;
EGY_liberal_2;аль-Хизб аль-Умма;al-Hizb al-Umma;al-Hizb al-Umma;;al-Hizb al-Umma;;;;;;;;;x;;;;;;;;;;;;;;;;;;;;;;;;
EGY_reactionary;Фракция Урабистов;Faction urabiste;Urabist Faction;;Faccion urabista;;;;;;;;;x;;;;;;;;;;;;;;;;;;;;;;;;
EGY_socialist;Социалистическая фракция;Faction socialiste;Sozialistische Fraktion;;Faccion socialista;;;;;;;;;x;;;;;;;;;;;;;;;;;;;;;;;;
ELS_anarcho_liberal;Радикальная партия;Partido Radical;Partido Radical;;Partido Radical;;;;;;;;;x;;;;;;;;;;;;;;;;;;;;;;;;
ELS_communist;Партидо коммуниста;Partido communiste;Partido Communist;;Partido Comunista;;;;;;;;;x;;;;;;;;;;;;;;;;;;;;;;;;
ELS_conservative;Партия консерваторов;Partido Conservador;Partido Conservador;;Partido Conservador;;;;;;;;;x;;;;;;;;;;;;;;;;;;;;;;;;
ELS_fascist;Фашистская партия;Partido fasciste;Partido Fascist;;Partido Fascista;;;;;;;;;x;;;;;;;;;;;;;;;;;;;;;;;;
ELS_liberal;Либеральная партия;Partido Liberal;Partido Liberal;;Partido Liberal;;;;;;;;;x;;;;;;;;;;;;;;;;;;;;;;;;
ELS_reactionary;Националистическая партия;Partido nationaliste;Partido Nationalist;;Partido Nacionalista;;;;;;;;;x;;;;;;;;;;;;;;;;;;;;;;;;
ELS_socialist;Социалистическая партия;Partido socialiste;Partido Socialist;;Partido Socialista;;;;;;;;;x;;;;;;;;;;;;;;;;;;;;;;;;
ENG_anarcho_liberal;Радикальная Партия;Parti radical;Radical Party;;Partido Radical;;;;;;;;;x;;;;;;;;;;;;;;;;;;;;;;;;
ENG_communist;Коммунистическая партия;Parti communiste ;Communist Party;;Partido Comunista;;;;;;;;;x;;;;;;;;;;;;;;;;;;;;;;;;
ENG_conservative;Консервативная партия;Parti conservateur;Conservative Party;;Partido conservador;;;;;;;;;x;;;;;;;;;;;;;;;;;;;;;;;;
ENG_fascist;Британский союз фашистов;Union britannique des fascistes;British Union of Fascists;;Union Britanica de Fascistas;;;;;;;;;x;;;;;;;;;;;;;;;;;;;;;;;;
ENG_liberal;Партия вигов;Parti Whig;Whig Party;;Partido Whig;;;;;;;;;x;;;;;;;;;;;;;;;;;;;;;;;;
ENG_liberal_2;Либеральная партия;Parti liberal;Liberal Party;;Partido Liberal;;;;;;;;;x;;;;;;;;;;;;;;;;;;;;;;;;
ENG_reactionary;Консервативная партия;Parti Tory;Tory Party;;Partido Nacionalista;;;;;;;;;x;;;;;;;;;;;;;;;;;;;;;;;;
ENG_socialist;Лейбористская партия;Parti travailliste;Labour Party;;Partido Laborista;;;;;;;;;x;;;;;;;;;;;;;;;;;;;;;;;;
ENL_anarcho_liberal;Анархическая партия;;;;;;x;;;;;;;;;;;;;;;;;;;;;;;;;;;;;;;
ENL_communist;Коммунистическая партия;;;;;;x;;;;;;;;;;;;;;;;;;;;;;;;;;;;;;;
ENL_conservative;Консервативная партия;;;;;;x;;;;;;;;;;;;;;;;;;;;;;;;;;;;;;;
ENL_fascist;Фашистская партия;;;;;;x;;;;;;;;;;;;;;;;;;;;;;;;;;;;;;;
ENL_liberal;Либеральная партия;;;;;;x;;;;;;;;;;;;;;;;;;;;;;;;;;;;;;;
ENL_liberal_2;Либеральная партия;;;;;;x;;;;;;;;;;;;;;;;;;;;;;;;;;;;;;;
ENL_socialist;Лейбористская партия;;;;;;x;;;;;;;;;;;;;;;;;;;;;;;;;;;;;;;
ENL_reactionary;Консервативная партия;;;;;;x;;;;;;;;;;;;;;;;;;;;;;;;;;;;;;;
EST_anarcho_liberal;Радикальная фракция;Faction radicale;Die radikale Fraktion;;La faccion radical;;;;;;;;;x;;;;;;;;;;;;;;;;;;;;;;;;
EST_communist;Коммунистическая фракция;Faction communiste;Die kommunistische Fraktion;;La faccion comunista;;;;;;;;;x;;;;;;;;;;;;;;;;;;;;;;;;
EST_conservative;Королевская фракция;Faction royale;Konigsfraktion;;Faccion real;;;;;;;;;x;;;;;;;;;;;;;;;;;;;;;;;;
EST_fascist;Фашистская фракция;Faction fasciste;Die faschistische Fraktion;;La faccion fascista;;;;;;;;;x;;;;;;;;;;;;;;;;;;;;;;;;
EST_liberal;Либеральная фракция;Faction liberale;Die liberale Fraktion;;La faccion liberal;;;;;;;;;x;;;;;;;;;;;;;;;;;;;;;;;;
EST_reactionary;Националистическая фракция;Faction nationaliste;Die nationalistische Fraktion;;La faccion nacionalista;;;;;;;;;x;;;;;;;;;;;;;;;;;;;;;;;;
EST_socialist;Социалистическая фракция;Faction socialiste;Die sozialistische Fraktion;;La faccion socialista;;;;;;;;;x;;;;;;;;;;;;;;;;;;;;;;;;
ETH_anarcho_liberal;Радикальная фракция;Faction radicale;Die radikale Fraktion;;La faccion radical;;;;;;;;;x;;;;;;;;;;;;;;;;;;;;;;;;
ETH_communist;Коммунистическая фракция;Faction communiste;Die kommunistische Fraktion;;La faccion comunista;;;;;;;;;x;;;;;;;;;;;;;;;;;;;;;;;;
ETH_conservative;Королевская фракция;Faction royale;Konigsfraktion;;Faccion real;;;;;;;;;x;;;;;;;;;;;;;;;;;;;;;;;;
ETH_fascist;Фашистская фракция;Faction fasciste;Die faschistische Fraktion;;La faccion fascista;;;;;;;;;x;;;;;;;;;;;;;;;;;;;;;;;;
ETH_liberal;Либеральная фракция;Faction liberale;Die liberale Fraktion;;La faccion liberal;;;;;;;;;x;;;;;;;;;;;;;;;;;;;;;;;;
ETH_reactionary;Националистическая фракция;Faction nationaliste;Die nationalistische Fraktion;;La faccion nacionalista;;;;;;;;;x;;;;;;;;;;;;;;;;;;;;;;;;
ETH_socialist;Социалистическая фракция;Faction socialiste;Die sozialistische Fraktion;;La faccion socialista;;;;;;;;;x;;;;;;;;;;;;;;;;;;;;;;;;
FIN_anarcho_liberal;Активистский широкий кругозор;Aktivistinen vastustuspuolue;Aktivistinen vastustuspuolue;;Aktivistinen vastustuspuolue;;;;;;;;;x;;;;;;;;;;;;;;;;;;;;;;;;
FIN_communist;Пунакаарти;Punakaarti;Punakaarti;;Punakaarti;;;;;;;;;x;;;;;;;;;;;;;;;;;;;;;;;;
FIN_conservative;Финская партия;Suomalainen puolue;Suomalainen puolue;;Suomalainen puolue;;;;;;;;;x;;;;;;;;;;;;;;;;;;;;;;;;
FIN_conservative_2;Шведская партия;Svenska partiet;Svenska partiet;;Svenska partiet;;;;;;;;;x;;;;;;;;;;;;;;;;;;;;;;;;
FIN_conservative_3;Аграрный союз;Maalaisliitto;Maalaisliitto;;Maalaisliitto;;;;;;;;;x;;;;;;;;;;;;;;;;;;;;;;;;
FIN_conservative_4;Шведская фольклорная партия;Svenska folkpartiet;Svenska folkpartiet;;Svenska folkpartiet;;;;;;;;;x;;;;;;;;;;;;;;;;;;;;;;;;
FIN_fascist;Фашисты;Fascistes;Faschisten;;Fascistas;;;;;;;;;x;;;;;;;;;;;;;;;;;;;;;;;;
FIN_liberal;Младофинская партия;Nuorsuomalaiset;Nuorsuomalaiset;;Nuorsuomalaiset;;;;;;;;;x;;;;;;;;;;;;;;;;;;;;;;;;
FIN_liberal_2;Эдистиспуолу;Edistyspuolue;Edistyspuolue;;Edistyspuolue;;;;;;;;;x;;;;;;;;;;;;;;;;;;;;;;;;
FIN_liberal_3;Либерал;Liberaler;Liberaler;;Liberaler;;;;;;;;;x;;;;;;;;;;;;;;;;;;;;;;;;
FIN_reactionary;Кокоомус;Kokoomus;Kokoomus;;Kokoomus;;;;;;;;;x;;;;;;;;;;;;;;;;;;;;;;;;
FIN_reactionary_2;Викингар;Vikingar;Vikingar;;Vikingar;;;;;;;;;x;;;;;;;;;;;;;;;;;;;;;;;;
FIN_socialist;Социал-демократы;Sosiaalidemokraatit;Sosiaalidemokraatit;;Sosiaalidemokraatit;;;;;;;;;x;;;;;;;;;;;;;;;;;;;;;;;;
FLA_anarcho_liberal;Радикальная партия;Radical Partij;Radical Partij;;Radical Partji;;;;;;;;;x;;;;;;;;;;;;;;;;;;;;;;;;
FLA_communist;Коммунистическая партия;Partij communiste;Communist Partij;;Communist Partji;;;;;;;;;x;;;;;;;;;;;;;;;;;;;;;;;;
FLA_conservative;Католическая партия;Katholieke Partij;Katholieke Partij;;Katholieke Partij;;;;;;;;;x;;;;;;;;;;;;;;;;;;;;;;;;
FLA_conservative_2;Кристине Фолкспарти;Christene Volkspartij;Christene Volkspartij;;Christene Volkspartij;;;;;;;;;x;;;;;;;;;;;;;;;;;;;;;;;;
FLA_fascist;Фашистская партия;Partij fasciste;Fascist Partij;;Fascist Partji;;;;;;;;;x;;;;;;;;;;;;;;;;;;;;;;;;
FLA_liberal;Либеральная партия;Liberale Partij;Liberale Partij;;Liberale Partij;;;;;;;;;x;;;;;;;;;;;;;;;;;;;;;;;;
FLA_reactionary;Националистическая партия;Partij nationaliste;Nationalist Partij;;Nationalist Partij;;;;;;;;;x;;;;;;;;;;;;;;;;;;;;;;;;
FLA_socialist;Рабочая партия;Werkliedenpartij;Werkliedenpartij;;Werkliedenpartij;;;;;;;;;x;;;;;;;;;;;;;;;;;;;;;;;;
FRA_anarcho_liberal;радикальный республиканец;Republicain radical;Republicain radical;;Republicain radical;;;;;;;;;x;;;;;;;;;;;;;;;;;;;;;;;;
FRA_communist;Французская рабочая партия;Parti communiste francais;Parti Ouvrier Francais;;Parti Ouvrier Francais;;;;;;;;;x;;;;;;;;;;;;;;;;;;;;;;;;
FRA_conservative;Rйpublicain modйrй;Republicain modere;Republicain modere;;Republicain modere;;;;;;;;;x;;;;;;;;;;;;;;;;;;;;;;;;
FRA_conservative_2;Rйpublicain;Republicain;Republicain;;Republicain;;;;;;;;;x;;;;;;;;;;;;;;;;;;;;;;;;
FRA_conservative_3;бонапартист;Bonapartiste;Bonapartiste;;Bonapartiste;;;;;;;;;x;;;;;;;;;;;;;;;;;;;;;;;;
FRA_conservative_4;Орлеанист;Orleaniste;Orleaniste;;Orleaniste;;;;;;;;;x;;;;;;;;;;;;;;;;;;;;;;;;
FRA_conservative_5;Роялист;Royaliste;Royaliste;;Royaliste;;;;;;;;;x;;;;;;;;;;;;;;;;;;;;;;;;
FRA_conservative_6;Консул;;;;;;x;;;;;;;;;;;;;;;;;;;;;;;;;;;;;;;
FRA_fascist;Фашисты;Fascistes;Faschisten;;Fascistas;;;;;;;;;x;;;;;;;;;;;;;;;;;;;;;;;;
FRA_liberal;Орлеанист;Orleaniste;Orleaniste;;Orleaniste;;;;;;;;;x;;;;;;;;;;;;;;;;;;;;;;;;
FRA_liberal_2;Либеральный;Liberal;Liberal;;Liberal;;;;;;;;;x;;;;;;;;;;;;;;;;;;;;;;;;
FRA_liberal_3;Оппортунисты;Opportunistes;Opportunistes;;Opportunistes;;;;;;;;;x;;;;;;;;;;;;;;;;;;;;;;;;
FRA_reactionary;Lйgitimiste;Legitimiste;Legitimiste;;Legitimiste;;;;;;;;;x;;;;;;;;;;;;;;;;;;;;;;;;
FRA_reactionary_2;Правый националист;Droite nationaliste;Droite nationaliste;;Droite nationaliste;;;;;;;;;x;;;;;;;;;;;;;;;;;;;;;;;;
FRA_socialist;Rйpublicain dйmocratique;Republicain democratique;Republicain democratique;;Republicain democratique;;;;;;;;;x;;;;;;;;;;;;;;;;;;;;;;;;
FRA_socialist_2;Возможности;Possibilistes;Possibilistes;;Possibilistes;;;;;;;;;x;;;;;;;;;;;;;;;;;;;;;;;;
FRA_socialist_3;СФИО;SFIO;SFIO;;SFIO;;;;;;;;;x;;;;;;;;;;;;;;;;;;;;;;;;
FRM_anarcho_liberal;Радикальная рабочая партия;Arbeiterpartei radical;Radikale Arbeiterpartei;;Radical Arbeiterpartei;;;;;;;;;x;;;;;;;;;;;;;;;;;;;;;;;;
FRM_communist;Коммунистическая рабочая партия;Arbeiterpartei communiste;Kommunistische Arbeiterpartei;;Communist Arbeiterpartei;;;;;;;;;x;;;;;;;;;;;;;;;;;;;;;;;;
FRM_conservative;Партия Центра;Zentrumspartei;Zentrumspartei;;Zentrumspartei;;;;;;;;;x;;;;;;;;;;;;;;;;;;;;;;;;
FRM_conservative_2;Консервативная партия;Konservative Partei;Konservative Partei;;Konservative Partei;;;;;;;;;x;;;;;;;;;;;;;;;;;;;;;;;;
FRM_conservative_3;Христианско-социальная рабочая партия;Christsoz. Arbeiterpartei;Christsoz. Arbeiterpartei;;Christsoz. Arbeiterpartei;;;;;;;;;x;;;;;;;;;;;;;;;;;;;;;;;;
FRM_fascist;НСДП;NSDP;NSDP;;NSDP;;;;;;;;;x;;;;;;;;;;;;;;;;;;;;;;;;
FRM_liberal;Либералдем. Партия;Liberaldem. Partei;Liberaldem. Partei;;Liberaldem. Partei;;;;;;;;;x;;;;;;;;;;;;;;;;;;;;;;;;
FRM_liberal_2;Национал-либералы;Nationalliberale ;Nationalliberale ;;Nationalliberale ;;;;;;;;;x;;;;;;;;;;;;;;;;;;;;;;;;
FRM_liberal_3;Свободная партия;Freisinnige Partei;Freisinnige Partei;;Freisinnige Partei;;;;;;;;;x;;;;;;;;;;;;;;;;;;;;;;;;
FRM_reactionary;Национальная партия;Nationale Partei;Nationale Partei;;Nationale Partei;;;;;;;;;x;;;;;;;;;;;;;;;;;;;;;;;;
FRM_socialist;Немецкий рабочий союз;Deutscher Arbeiterverein;Deutscher Arbeiterverein;;Deutscher Arbeiterverein;;;;;;;;;x;;;;;;;;;;;;;;;;;;;;;;;;
FRM_socialist_2; Социал-демократическая партия.;Sozialdem. Arbeiterpartei ;Sozialdem. Arbeiterpartei ;;Sozialdem. Arbeiterpartei ;;;;;;;;;x;;;;;;;;;;;;;;;;;;;;;;;;
FRM_socialist_3; Социальная.Раб.партия;Sozial. Arbeiterpartei ;Sozial. Arbeiterpartei ;;Sozial. Arbeiterpartei ;;;;;;;;;x;;;;;;;;;;;;;;;;;;;;;;;;
GBU_anarcho_liberal_93;Либертарианская фракция;;;;;;;;;;;;;x;;;;;;;;;;;;;;;;;;;;;;;;
GBU_communist_86;Фракция коммунистов;;;;;;;;;;;;;x;;;;;;;;;;;;;;;;;;;;;;;;
GBU_conservative_92;Фракция Мансаба;;;;;;;;;;;;;x;;;;;;;;;;;;;;;;;;;;;;;;
GBU_fascist_72;Фашистская фракция;;;;;;;;;;;;;x;;;;;;;;;;;;;;;;;;;;;;;;
GBU_liberal_79;Либеральная фракция;;;;;;;;;;;;;x;;;;;;;;;;;;;;;;;;;;;;;;
GBU_liberal_87;Фракция реформ;;;;;;;;;;;;;x;;;;;;;;;;;;;;;;;;;;;;;;
GBU_reactionary_84;Фракция Империи;;;;;;;;;;;;;x;;;;;;;;;;;;;;;;;;;;;;;;
GBU_socialist_85;Социалистическая фракция;;;;;;;;;;;;;x;;;;;;;;;;;;;;;;;;;;;;;;
GBU_socialist_99;Фракция национал-социалистов;;;;;;;;;;;;;x;;;;;;;;;;;;;;;;;;;;;;;;
GCO_anarcho_liberal;Радикальная партия;Parti radical;Partido Radical;;Partido Radical;;;;;;;;;x;;;;;;;;;;;;;;;;;;;;;;;;
GCO_communist;Партидо коммунист;Parti communiste;Partido Communist;;Partido Comunista;;;;;;;;;x;;;;;;;;;;;;;;;;;;;;;;;;
GCO_conservative;Центральная партия;Parti centraliste;Partido Zentralist;;Partido Centralista;;;;;;;;;x;;;;;;;;;;;;;;;;;;;;;;;;
GCO_conservative_2;Новая Центральная Партия;Nouveau parti centraliste;Nuevo Partido Zentralist;;Nuevo Partido Centralista;;;;;;;;;x;;;;;;;;;;;;;;;;;;;;;;;;
GCO_fascist;Фашистская партия;Parti fasciste;Partido Fascist;;Partido Fascista;;;;;;;;;x;;;;;;;;;;;;;;;;;;;;;;;;
GCO_liberal;Федералистская партия;Parti federaliste;Partido Foderalistische;;Partido Federalista;;;;;;;;;x;;;;;;;;;;;;;;;;;;;;;;;;
GCO_liberal_2;Новая Федералистская Партия;Nouveau parti federaliste;Nuevo Partido Foderalistische;;Nuevo Partido Federalista;;;;;;;;;x;;;;;;;;;;;;;;;;;;;;;;;;
GCO_liberal_3;Партия автономии;Parti autonomiste;Partido Autonomist;;Partido Autonomista;;;;;;;;;x;;;;;;;;;;;;;;;;;;;;;;;;
GCO_reactionary;Партия традиционалистов;Parti traditionaliste;Partido Traditionalist;;Partido Traditionalista;;;;;;;;;x;;;;;;;;;;;;;;;;;;;;;;;;
GCO_socialist;Революционная социалистическая партия;Parti revolutionnaire socialiste;Partido Sozialistische Revolutionare;;Partido Revolucionario Socialista;;;;;;;;;x;;;;;;;;;;;;;;;;;;;;;;;;
GEO_anarcho_liberal;Радикальная фракция;Faction radicale;Die radikale Fraktion;;La faccion radical;;;;;;;;;x;;;;;;;;;;;;;;;;;;;;;;;;
GEO_communist;Коммунистическая фракция;Faction communiste;Die kommunistische Fraktion;;La faccion comunista;;;;;;;;;x;;;;;;;;;;;;;;;;;;;;;;;;
GEO_conservative;Королевская фракция;Faction royale;Konigsfraktion;;Faccion real;;;;;;;;;x;;;;;;;;;;;;;;;;;;;;;;;;
GEO_fascist;Фашистская фракция;Faction fasciste;Die faschistische Fraktion;;La faccion fascista;;;;;;;;;x;;;;;;;;;;;;;;;;;;;;;;;;
GEO_liberal;Либеральная фракция;Faction liberale;Die liberale Fraktion;;La faccion liberal;;;;;;;;;x;;;;;;;;;;;;;;;;;;;;;;;;
GEO_reactionary;Националистическая фракция;Faction nationaliste;Die nationalistische Fraktion;;La faccion nacionalista;;;;;;;;;x;;;;;;;;;;;;;;;;;;;;;;;;
GEO_socialist;Социалистическая фракция;Faction socialiste;Die sozialistische Fraktion;;La faccion socialista;;;;;;;;;x;;;;;;;;;;;;;;;;;;;;;;;;
GER_anarcho_liberal;Радикальная рабочая партия;Arbeiterpartei radical;Radikale Arbeiterpartei;;Radical Arbeiterpartei;;;;;;;;;x;;;;;;;;;;;;;;;;;;;;;;;;
GER_communist;Коммунистическая рабочая партия;Arbeiterpartei communiste;Kommunistische Arbeiterpartei;;Communist Arbeiterpartei;;;;;;;;;x;;;;;;;;;;;;;;;;;;;;;;;;
GER_conservative;Партия Центра;Zentrumspartei;Zentrumspartei;;Zentrumspartei;;;;;;;;;x;;;;;;;;;;;;;;;;;;;;;;;;
GER_conservative_2;Консервативная партия;Konservative Partei;Konservative Partei;;Konservative Partei;;;;;;;;;x;;;;;;;;;;;;;;;;;;;;;;;;
GER_conservative_3;Христианско-социальная рабочая партия;Christsoz. Arbeiterpartei;Christsoz. Arbeiterpartei;;Christsoz. Arbeiterpartei;;;;;;;;;x;;;;;;;;;;;;;;;;;;;;;;;;
GER_fascist;НСДП;NSDP;NSDP;;NSDP;;;;;;;;;x;;;;;;;;;;;;;;;;;;;;;;;;
GER_liberal;Либералдем. Партия;Liberaldem. Partei;Liberaldem. Partei;;Liberaldem. Partei;;;;;;;;;x;;;;;;;;;;;;;;;;;;;;;;;;
GER_liberal_2;Национал-либералы;Nationalliberale ;Nationalliberale ;;Nationalliberale ;;;;;;;;;x;;;;;;;;;;;;;;;;;;;;;;;;
GER_liberal_3;Свободная партия;Freisinnige Partei;Freisinnige Partei;;Freisinnige Partei;;;;;;;;;x;;;;;;;;;;;;;;;;;;;;;;;;
GER_reactionary;Национальная партия;Nationale Partei;Nationale Partei;;Nationale Partei;;;;;;;;;x;;;;;;;;;;;;;;;;;;;;;;;;
GER_socialist;Немецкий рабочий союз;Deutscher Arbeiterverein;Deutscher Arbeiterverein;;Deutscher Arbeiterverein;;;;;;;;;x;;;;;;;;;;;;;;;;;;;;;;;;
GER_socialist_2; Социал-демократическая партия.;Sozialdem. Arbeiterpartei ;Sozialdem. Arbeiterpartei ;;Sozialdem. Arbeiterpartei ;;;;;;;;;x;;;;;;;;;;;;;;;;;;;;;;;;
GER_socialist_3; Социальная.Раб.партия;Sozial. Arbeiterpartei ;Sozial. Arbeiterpartei ;;Sozial. Arbeiterpartei ;;;;;;;;;x;;;;;;;;;;;;;;;;;;;;;;;;
GRE_anarcho_liberal;Радикальная фракция;Faction radicale;Radikale Fraktion;;Faccion radical;;;;;;;;;x;;;;;;;;;;;;;;;;;;;;;;;;
GRE_communist;Фракция коммунистов;Faction communiste;Kommunistische Fraktion;;Faccion comunista;;;;;;;;;x;;;;;;;;;;;;;;;;;;;;;;;;
GRE_conservative;Французская фракция;Faction francaise;Franzosische Fraktion;;Faccion francesa;;;;;;;;;x;;;;;;;;;;;;;;;;;;;;;;;;
GRE_conservative_2;Комма Этникофронон;Komma Ethnikofronon;Komma Ethnikofronon;;Komma Ethnikofronon;;;;;;;;;x;;;;;;;;;;;;;;;;;;;;;;;;
GRE_fascist;Фашистская фракция;Faction fasciste;Faschistische Faction;;Faccion fascista;;;;;;;;;x;;;;;;;;;;;;;;;;;;;;;;;;
GRE_liberal;Британская фракция;Faction britannique;Britische Fraktion;;Faccion britanica;;;;;;;;;x;;;;;;;;;;;;;;;;;;;;;;;;
GRE_liberal_2;Неотеристикон Комма;Neoteristikon Komma;Neoteristikon Komma;;Neoteristikon Komma;;;;;;;;;x;;;;;;;;;;;;;;;;;;;;;;;;
GRE_reactionary;Русская Фракция;Faction russe;Russische Fraktion;;Faccion rusa;;;;;;;;;x;;;;;;;;;;;;;;;;;;;;;;;;
GRE_socialist;Социалистическая фракция;Faction socialiste;Sozialistische Fraktion;;Faccion socialista;;;;;;;;;x;;;;;;;;;;;;;;;;;;;;;;;;
GUA_anarcho_liberal;Радикальная партия;Partido Radical;Partido Radical;;Partido Radical;;;;;;;;;x;;;;;;;;;;;;;;;;;;;;;;;;
GUA_communist;Партидо коммуниста;Partido communiste;Partido Communist;;Partido Comunista;;;;;;;;;x;;;;;;;;;;;;;;;;;;;;;;;;
GUA_conservative;Партия консерваторов;Partido Conservador;Partido Conservador;;Partido Conservador;;;;;;;;;x;;;;;;;;;;;;;;;;;;;;;;;;
GUA_fascist;Фашистская партия;Partido fasciste;Partido Fascist;;Partido Fascista;;;;;;;;;x;;;;;;;;;;;;;;;;;;;;;;;;
GUA_liberal;Либеральная партия;Partido Liberal;Partido Liberal;;Partido Liberal;;;;;;;;;x;;;;;;;;;;;;;;;;;;;;;;;;
GUA_reactionary;Националистическая партия;Partido nationaliste;Partido Nationalist;;Partido Nacionalista;;;;;;;;;x;;;;;;;;;;;;;;;;;;;;;;;;
GUA_socialist;Социалистическая партия;Partido socialiste;Partido Socialist;;Partido Socialista;;;;;;;;;x;;;;;;;;;;;;;;;;;;;;;;;;
GUY_anarcho_liberal;Партия единства Гайаны;Partido Federalista;Partido Federalista;;;Partido Federalista;;;;;;;;x;;;;;;;;;;;;;;;;;;;;;;;;
GUY_communist;Народная прогрессивная партия;Partido communiste;Partido Communist;;;Partido Comunista;;;;;;;;x;;;;;;;;;;;;;;;;;;;;;;;;
GUY_conservative;Консервативная партия;Partido Moderado Liberal;Partido Moderado Liberal;;;Partido Moderado Liberal;;;;;;;;x;;;;;;;;;;;;;;;;;;;;;;;;
GUY_fascist;Фашистская партия;NSBD;NSBD;;NSBD;;;;;;;;;x;;;;;;;;;;;;;;;;;;;;;;;;
GUY_liberal;Объединенные силы;Partido Antireelecionista;Partido Antireelecionista;;;Partido Antireelecionista;;;;;;;;x;;;;;;;;;;;;;;;;;;;;;;;;
GUY_reactionary;Радикальная Партия;Partido Imperialista;Partido Imperialista;;;Partido Imperialista;;;;;;;;x;;;;;;;;;;;;;;;;;;;;;;;;
GUY_socialist;Альянс трудящихся;Partido socialiste;Partido Socialist;;;Partido Socialista;;;;;;;;x;;;;;;;;;;;;;;;;;;;;;;;;
GWA_anarcho_liberal;Радикальная фракция;Faction radicale;Die radikale Fraktion;;La faccion radical;;;;;;;;;x;;;;;;;;;;;;;;;;;;;;;;;;
GWA_communist;Коммунистическая фракция;Faction communiste;Die kommunistische Fraktion;;La faccion comunista;;;;;;;;;x;;;;;;;;;;;;;;;;;;;;;;;;
GWA_conservative;Королевская фракция;Faction royale;Konigsfraktion;;Faccion real;;;;;;;;;x;;;;;;;;;;;;;;;;;;;;;;;;
GWA_fascist;Фашистская фракция;Faction fasciste;Die faschistische Fraktion;;La faccion fascista;;;;;;;;;x;;;;;;;;;;;;;;;;;;;;;;;;
GWA_liberal;Либеральная фракция;Faction liberale;Die liberale Fraktion;;La faccion liberal;;;;;;;;;x;;;;;;;;;;;;;;;;;;;;;;;;
GWA_reactionary;Националистическая фракция;Faction nationaliste;Die nationalistische Fraktion;;La faccion nacionalista;;;;;;;;;x;;;;;;;;;;;;;;;;;;;;;;;;
GWA_socialist;Социалистическая фракция;Faction socialiste;Die sozialistische Fraktion;;La faccion socialista;;;;;;;;;x;;;;;;;;;;;;;;;;;;;;;;;;
GXI_anarcho_liberal;Партия Свободы;Parti de la liberte;Freiheitspartei;;Partido Libertario;;;;;;;;;x;;;;;;;;;;;;;;;;;;;;;;;;
GXI_communist;Коммунистическая партия Китая;Parti communiste chinois;Kommunistische Partei China;;Partido Comunista Chino;;;;;;;;;x;;;;;;;;;;;;;;;;;;;;;;;;
GXI_conservative;Фракция Гоминьдана;Faction Kuomintang;Guomintang-Fraktion;;Faccion Kuomintang;;;;;;;;;x;;;;;;;;;;;;;;;;;;;;;;;;
GXI_fascist;Фашистская партия;Parti fasciste;Faschistische Partei;;Partido Fascista;;;;;;;;;x;;;;;;;;;;;;;;;;;;;;;;;;
GXI_liberal;Либеральная партия;Parti liberal;Liberale Partei;;Partido Liberal;;;;;;;;;x;;;;;;;;;;;;;;;;;;;;;;;;
GXI_reactionary;Фракция Ронгтинг;Faction Rongting;Rongting-Fraktion;;Faccion Rongting;;;;;;;;;x;;;;;;;;;;;;;;;;;;;;;;;;
GXI_socialist;Социалистическая партия;Parti socialiste;Sozialistische Partei;;Partido Socialista;;;;;;;;;x;;;;;;;;;;;;;;;;;;;;;;;;
HAI_anarcho_liberal;Радикальная партия;Parti radical;Parti Radical;;Parti Radical;;;;;;;;;x;;;;;;;;;;;;;;;;;;;;;;;;
HAI_communist;Парти коммунистическая;Parti communiste;Parti Communist;;Parti Communist;;;;;;;;;x;;;;;;;;;;;;;;;;;;;;;;;;
HAI_conservative;Либеральная партия;Parti liberal;Parti Liberal;;Parti Liberal;;;;;;;;;x;;;;;;;;;;;;;;;;;;;;;;;;
HAI_fascist;Партийный фашист;Parti fasciste;Parti Fascist;;Parti Fascist;;;;;;;;;x;;;;;;;;;;;;;;;;;;;;;;;;
HAI_liberal;Национальная партия;Parti national;Parti National;;Parti National;;;;;;;;;x;;;;;;;;;;;;;;;;;;;;;;;;
HAI_reactionary;Партия националистов;Parti nationaliste;Parti Nationalist;;Parti Nationalist;;;;;;;;;x;;;;;;;;;;;;;;;;;;;;;;;;
HAI_socialist;Парти социалистическая;Parti socialiste;Parti Socialist;;Parti Socialist;;;;;;;;;x;;;;;;;;;;;;;;;;;;;;;;;;
HAM_anarcho_liberal;Радикальная рабочая партия;Arbeiterpartei radical;Radikale Arbeiterpartei;;Radical Arbeiterpartei;;;;;;;;;x;;;;;;;;;;;;;;;;;;;;;;;;
HAM_communist;Коммунистическая рабочая партия;Arbeiterpartei communiste;Kommunistische Arbeiterpartei;;Communist Arbeiterpartei;;;;;;;;;x;;;;;;;;;;;;;;;;;;;;;;;;
HAM_conservative;Партия Центра;Zentrumspartei;Zentrumspartei;;Zentrumspartei;;;;;;;;;x;;;;;;;;;;;;;;;;;;;;;;;;
HAM_conservative_2;Консервативная партия;Konservative Partei;Konservative Partei;;Konservative Partei;;;;;;;;;x;;;;;;;;;;;;;;;;;;;;;;;;
HAM_conservative_3;Христианско-социальная рабочая партия;Christsoz. Arbeiterpartei;Christsoz. Arbeiterpartei;;Christsoz. Arbeiterpartei;;;;;;;;;x;;;;;;;;;;;;;;;;;;;;;;;;
HAM_fascist;НСДП;NSDP;NSDP;;NSDP;;;;;;;;;x;;;;;;;;;;;;;;;;;;;;;;;;
HAM_liberal;Либералдем. Партия;Liberaldem. Partei;Liberaldem. Partei;;Liberaldem. Partei;;;;;;;;;x;;;;;;;;;;;;;;;;;;;;;;;;
HAM_liberal_2;Национал-либералы;Nationalliberale ;Nationalliberale ;;Nationalliberale ;;;;;;;;;x;;;;;;;;;;;;;;;;;;;;;;;;
HAM_liberal_3;Свободная партия;Freisinnige Partei;Freisinnige Partei;;Freisinnige Partei;;;;;;;;;x;;;;;;;;;;;;;;;;;;;;;;;;
HAM_reactionary;Национальная партия;Nationale Partei;Nationale Partei;;Nationale Partei;;;;;;;;;x;;;;;;;;;;;;;;;;;;;;;;;;
HAM_socialist;Немецкий рабочий союз;Deutscher Arbeiterverein;Deutscher Arbeiterverein;;Deutscher Arbeiterverein;;;;;;;;;x;;;;;;;;;;;;;;;;;;;;;;;;
HAM_socialist_2; Социал-демократическая партия.;Sozialdem. Arbeiterpartei ;Sozialdem. Arbeiterpartei ;;Sozialdem. Arbeiterpartei ;;;;;;;;;x;;;;;;;;;;;;;;;;;;;;;;;;
HAM_socialist_3; Социальная.Раб.партия;Sozial. Arbeiterpartei ;Sozial. Arbeiterpartei ;;Sozial. Arbeiterpartei ;;;;;;;;;x;;;;;;;;;;;;;;;;;;;;;;;;
HAN_anarcho_liberal;Радикальная рабочая партия;Arbeiterpartei radical;Radikale Arbeiterpartei;;Radical Arbeiterpartei;;;;;;;;;x;;;;;;;;;;;;;;;;;;;;;;;;
HAN_communist;Коммунистическая рабочая партия;Arbeiterpartei communiste;Kommunistische Arbeiterpartei;;Communist Arbeiterpartei;;;;;;;;;x;;;;;;;;;;;;;;;;;;;;;;;;
HAN_conservative;Партия Центра;Zentrumspartei;Zentrumspartei;;Zentrumspartei;;;;;;;;;x;;;;;;;;;;;;;;;;;;;;;;;;
HAN_conservative_2;Консервативная партия;Konservative Partei;Konservative Partei;;Konservative Partei;;;;;;;;;x;;;;;;;;;;;;;;;;;;;;;;;;
HAN_conservative_3;Христианско-социальная рабочая партия;Christsoz. Arbeiterpartei;Christsoz. Arbeiterpartei;;Christsoz. Arbeiterpartei;;;;;;;;;x;;;;;;;;;;;;;;;;;;;;;;;;
HAN_fascist;НСДП;NSDP;NSDP;;NSDP;;;;;;;;;x;;;;;;;;;;;;;;;;;;;;;;;;
HAN_liberal;Либералдем. Партия;Liberaldem. Partei;Liberaldem. Partei;;Liberaldem. Partei;;;;;;;;;x;;;;;;;;;;;;;;;;;;;;;;;;
HAN_liberal_2;Национал-либералы;Nationalliberale ;Nationalliberale ;;Nationalliberale ;;;;;;;;;x;;;;;;;;;;;;;;;;;;;;;;;;
HAN_liberal_3;Свободная партия;Freisinnige Partei;Freisinnige Partei;;Freisinnige Partei;;;;;;;;;x;;;;;;;;;;;;;;;;;;;;;;;;
HAN_reactionary;Национальная партия;Nationale Partei;Nationale Partei;;Nationale Partei;;;;;;;;;x;;;;;;;;;;;;;;;;;;;;;;;;
HAN_socialist;Немецкий рабочий союз;Deutscher Arbeiterverein;Deutscher Arbeiterverein;;Deutscher Arbeiterverein;;;;;;;;;x;;;;;;;;;;;;;;;;;;;;;;;;
HAN_socialist_2; Социал-демократическая партия.;Sozialdem. Arbeiterpartei ;Sozialdem. Arbeiterpartei ;;Sozialdem. Arbeiterpartei ;;;;;;;;;x;;;;;;;;;;;;;;;;;;;;;;;;
HAN_socialist_3; Социальная.Раб.партия;Sozial. Arbeiterpartei ;Sozial. Arbeiterpartei ;;Sozial. Arbeiterpartei ;;;;;;;;;x;;;;;;;;;;;;;;;;;;;;;;;;
HAW_anarcho_liberal;Радикалы;Radicaux;Radikale;;Radicales;;;;;;;;;x;;;;;;;;;;;;;;;;;;;;;;;;
HAW_communist;коммунисты;Communistes;Kommunisten;;Comunistas;;;;;;;;;x;;;;;;;;;;;;;;;;;;;;;;;;
HAW_conservative;Роялисты;Royalistes;Royalisten;;Realistas;;;;;;;;;x;;;;;;;;;;;;;;;;;;;;;;;;
HAW_fascist;Фашисты;Fascistes;Faschisten;;Fascistas;;;;;;;;;x;;;;;;;;;;;;;;;;;;;;;;;;
HAW_liberal;Монархисты;Monarchistes;Monarchisten;;Monarquicos;;;;;;;;;x;;;;;;;;;;;;;;;;;;;;;;;;
HAW_liberal_2;Конституционалисты;Constitutionalistes;Konstitutionalisten;;Constitucionalistas;;;;;;;;;x;;;;;;;;;;;;;;;;;;;;;;;;
HAW_reactionary;Националисты;Nationalistes;Nationalisten;;Nacionalistas;;;;;;;;;x;;;;;;;;;;;;;;;;;;;;;;;;
HAW_socialist;Социалисты;Socialistes;Sozialisten;;Socialistas;;;;;;;;;x;;;;;;;;;;;;;;;;;;;;;;;;
HED_anarcho_liberal;Радикальная рабочая партия;Arbeiterpartei radical;Radikale Arbeiterpartei;;Radical Arbeiterpartei;;;;;;;;;x;;;;;;;;;;;;;;;;;;;;;;;;
HED_communist;Коммунистическая рабочая партия;Arbeiterpartei communiste;Kommunistische Arbeiterpartei;;Communist Arbeiterpartei;;;;;;;;;x;;;;;;;;;;;;;;;;;;;;;;;;
HED_conservative;Партия Центра;Zentrumspartei;Zentrumspartei;;Zentrumspartei;;;;;;;;;x;;;;;;;;;;;;;;;;;;;;;;;;
HED_conservative_2;Консервативная партия;Konservative Partei;Konservative Partei;;Konservative Partei;;;;;;;;;x;;;;;;;;;;;;;;;;;;;;;;;;
HED_conservative_3;Христианско-социальная рабочая партия;Christsoz. Arbeiterpartei;Christsoz. Arbeiterpartei;;Christsoz. Arbeiterpartei;;;;;;;;;x;;;;;;;;;;;;;;;;;;;;;;;;
HED_fascist;НСДП;NSDP;NSDP;;NSDP;;;;;;;;;x;;;;;;;;;;;;;;;;;;;;;;;;
HED_liberal;Либералдем. Партия;Liberaldem. Partei;Liberaldem. Partei;;Liberaldem. Partei;;;;;;;;;x;;;;;;;;;;;;;;;;;;;;;;;;
HED_liberal_2;Национал-либералы;Nationalliberale ;Nationalliberale ;;Nationalliberale ;;;;;;;;;x;;;;;;;;;;;;;;;;;;;;;;;;
HED_liberal_3;Свободная партия;Freisinnige Partei;Freisinnige Partei;;Freisinnige Partei;;;;;;;;;x;;;;;;;;;;;;;;;;;;;;;;;;
HED_reactionary;Национальная партия;Nationale Partei;Nationale Partei;;Nationale Partei;;;;;;;;;x;;;;;;;;;;;;;;;;;;;;;;;;
HED_socialist;Немецкий рабочий союз;Deutscher Arbeiterverein;Deutscher Arbeiterverein;;Deutscher Arbeiterverein;;;;;;;;;x;;;;;;;;;;;;;;;;;;;;;;;;
HED_socialist_2; Социал-демократическая партия.;Sozialdem. Arbeiterpartei ;Sozialdem. Arbeiterpartei ;;Sozialdem. Arbeiterpartei ;;;;;;;;;x;;;;;;;;;;;;;;;;;;;;;;;;
HED_socialist_3; Социальная.Раб.партия;Sozial. Arbeiterpartei ;Sozial. Arbeiterpartei ;;Sozial. Arbeiterpartei ;;;;;;;;;x;;;;;;;;;;;;;;;;;;;;;;;;
HEJ_anarcho_liberal;Радикальная фракция;Faction radicale;Die radikale Fraktion;;La Faccion Radical;;;;;;;;;x;;;;;;;;;;;;;;;;;;;;;;;;
HEJ_communist;Коммунистическая фракция;Faction communiste;Die kommunistische Fraktion;;La Faccion Comunista;;;;;;;;;x;;;;;;;;;;;;;;;;;;;;;;;;
HEJ_conservative;Королевская фракция;Faction royale;Konigsfraktion;;Faccion Real;;;;;;;;;x;;;;;;;;;;;;;;;;;;;;;;;;
HEJ_fascist;Фашистская фракция;Faction fasciste;Die faschistische Fraktion;;La Faccion Fascista;;;;;;;;;x;;;;;;;;;;;;;;;;;;;;;;;;
HEJ_liberal;Либеральная фракция;Faction liberale;Die liberale Fraktion;;La Faccion Liberal;;;;;;;;;x;;;;;;;;;;;;;;;;;;;;;;;;
HEJ_reactionary;Националистическая фракция;Faction nationaliste;Die nationalistische Fraktion;;La Faccion Nacionalista;;;;;;;;;x;;;;;;;;;;;;;;;;;;;;;;;;
HEJ_socialist;Социалистическая фракция;Faction socialiste;Die sozialistische Fraktion;;La Faccion Socialista;;;;;;;;;x;;;;;;;;;;;;;;;;;;;;;;;;
HEK_anarcho_liberal;Радикальная рабочая партия;Arbeierpartei radical;Radikale Arbeiterpartei;;Radical Arbeierpartei;;;;;;;;;x;;;;;;;;;;;;;;;;;;;;;;;;
HEK_communist;Коммунистическая рабочая партия;Abeiterpartei communiste;Kommunistische Arbeiterpartei;;Communist Abeiterpartei;;;;;;;;;x;;;;;;;;;;;;;;;;;;;;;;;;
HEK_conservative;Партия Центра;Zentrumspartei;Zentrumspartei;;Zentrumspartei;;;;;;;;;x;;;;;;;;;;;;;;;;;;;;;;;;
HEK_conservative_2;Консервативная партия;Konservative Partei;Konservative Partei;;Konservative Partei;;;;;;;;;x;;;;;;;;;;;;;;;;;;;;;;;;
HEK_conservative_3;Христианско-социальная рабочая партия;Christsoz. Arbeiterpartei;Christsoz. Arbeiterpartei;;Christsoz. Arbeiterpartei;;;;;;;;;x;;;;;;;;;;;;;;;;;;;;;;;;
HEK_fascist;НСДП;NSDP;NSDP;;NSDP;;;;;;;;;x;;;;;;;;;;;;;;;;;;;;;;;;
HEK_liberal;Либералдем. Партия;Liberaldem. Partei;Liberaldem. Partei;;Liberaldem. Partei;;;;;;;;;x;;;;;;;;;;;;;;;;;;;;;;;;
HEK_liberal_2;Национал-либералы;Nationalliberale ;Nationalliberale ;;Nationalliberale ;;;;;;;;;x;;;;;;;;;;;;;;;;;;;;;;;;
HEK_liberal_3;Свободная партия;Freisinnige Partei;Freisinnige Partei;;Freisinnige Partei;;;;;;;;;x;;;;;;;;;;;;;;;;;;;;;;;;
HEK_reactionary;Национальная партия;Nationale Partei;Nationale Partei;;Nationale Partei;;;;;;;;;x;;;;;;;;;;;;;;;;;;;;;;;;
HEK_socialist;Немецкий рабочий союз;Deutscher Arbeiterverein;Deutscher Arbeiterverein;;Deutscher Arbeiterverein;;;;;;;;;x;;;;;;;;;;;;;;;;;;;;;;;;
HEK_socialist_2; Социал-демократическая партия.;Sozialdem. Arbeiterpartei ;Sozialdem. Arbeiterpartei ;;Sozialdem. Arbeiterpartei ;;;;;;;;;x;;;;;;;;;;;;;;;;;;;;;;;;
HEK_socialist_3; Социальная.Раб.партия;Sozial. Arbeiterpartei ;Sozial. Arbeiterpartei ;;Sozial. Arbeiterpartei ;;;;;;;;;x;;;;;;;;;;;;;;;;;;;;;;;;
HLS_anarcho_liberal;Радикальная рабочая партия;Arbeiterpartei radical;Radikale Arbeiterpartei;;Radical Arbeiterpartei;;;;;;;;;x;;;;;;;;;;;;;;;;;;;;;;;;
HLS_communist;Коммунистическая фракция;Faction communiste;Die kommunistische Fraktion;;La Faccion Comunista;;;;;;;;;x;;;;;;;;;;;;;;;;;;;;;;;;
HLS_conservative;Партия Центра;Zentrumspartei;Zentrumspartei;;Zentrumspartei;;;;;;;;;x;;;;;;;;;;;;;;;;;;;;;;;;
HLS_conservative_2;Консервативная партия;Konservative Partei;Konservative Partei;;Konservative Partei;;;;;;;;;x;;;;;;;;;;;;;;;;;;;;;;;;
HLS_conservative_3;Христианско-социальная рабочая партия;Christsoz. Arbeiterpartei;Christsoz. Arbeiterpartei;;Christsoz. Arbeiterpartei;;;;;;;;;x;;;;;;;;;;;;;;;;;;;;;;;;
HLS_fascist;НСДП;NSDP;NSDP;;NSDP;;;;;;;;;x;;;;;;;;;;;;;;;;;;;;;;;;
HLS_liberal;Либералдем. Партия;Liberaldem. Partei;Liberaldem. Partei;;Liberaldem. Partei;;;;;;;;;x;;;;;;;;;;;;;;;;;;;;;;;;
HLS_liberal_2;Национал-либералы;Nationalliberale ;Nationalliberale ;;Nationalliberale ;;;;;;;;;x;;;;;;;;;;;;;;;;;;;;;;;;
HLS_liberal_3;Свободная партия;Freisinnige Partei;Freisinnige Partei;;Freisinnige Partei;;;;;;;;;x;;;;;;;;;;;;;;;;;;;;;;;;
HLS_reactionary;Национальная партия;Nationale Partei;Nationale Partei;;Nationale Partei;;;;;;;;;x;;;;;;;;;;;;;;;;;;;;;;;;
HLS_socialist;Немецкий рабочий союз;Deutscher Arbeiterverein;Deutscher Arbeiterverein;;Deutscher Arbeiterverein;;;;;;;;;x;;;;;;;;;;;;;;;;;;;;;;;;
HLS_socialist_2; Социал-демократическая партия.;Sozialdem. Arbeiterpartei ;Sozialdem. Arbeiterpartei ;;Sozialdem. Arbeiterpartei ;;;;;;;;;x;;;;;;;;;;;;;;;;;;;;;;;;
HLS_socialist_3; Социальная.Раб.партия;Sozial. Arbeiterpartei ;Sozial. Arbeiterpartei ;;Sozial. Arbeiterpartei ;;;;;;;;;x;;;;;;;;;;;;;;;;;;;;;;;;
HND_anarcho_liberal;Партия Свободы;Parti de la liberte;Freiheitspartei;;Partido por la Libertad;;;;;;;;;x;;;;;;;;;;;;;;;;;;;;;;;;
HND_communist;Коммунистическая партия;Parti communiste ;Kommunistische Partei;;Partido Comunista;;;;;;;;;x;;;;;;;;;;;;;;;;;;;;;;;;
HND_conservative;Националистическая партия Конгресса;Parti du congres nationaliste;Nationalistische Kongresspartei;;Partido del Congreso Nacionalista;;;;;;;;;x;;;;;;;;;;;;;;;;;;;;;;;;
HND_fascist;Партия Единства;Parti unitaire;Einheitspartei;;Partido de la Unidad;;;;;;;;;x;;;;;;;;;;;;;;;;;;;;;;;;
HND_liberal;Партия Независимости;Partie de l'independance;Unabhangigkeitspartei;;Partido de la Independencia;;;;;;;;;x;;;;;;;;;;;;;;;;;;;;;;;;
HND_reactionary;Национальный Фронт;Front national;Nationale Front;;Frente Nacional;;;;;;;;;x;;;;;;;;;;;;;;;;;;;;;;;;
HND_socialist;Индийский национальный конгресс;Congres national indien;Indischer Nationalkongress;;Congreso Nacional Indio;;;;;;;;;x;;;;;;;;;;;;;;;;;;;;;;;;
HOL_anarcho_liberal;Антиреволюционная партия;Anti-Revolutionaire Partij;Anti-Revolutionaire Partij;;Anti-Revolutionaire Parti;;;;;;;;;x;;;;;;;;;;;;;;;;;;;;;;;;
HOL_communist;Социал-демократическая связь;Social-Democratische Bond;Social-Democratische Bond;;Social-Democratische Bond;;;;;;;;;x;;;;;;;;;;;;;;;;;;;;;;;;
HOL_communist_2;Коммунистическая партия;Partij communiste;Communist Partij;;Communist Partji;;;;;;;;;x;;;;;;;;;;;;;;;;;;;;;;;;
HOL_conservative;Консерваторы;Conservatieven;Conservatieven;;Conservatieven;;;;;;;;;x;;;;;;;;;;;;;;;;;;;;;;;;
HOL_fascist;Фашистская партия;Partij fasciste;Fascist Partij;;Fascist Partji;;;;;;;;;x;;;;;;;;;;;;;;;;;;;;;;;;
HOL_liberal; Либеральная партия;Liberale Partij ;Liberale Partij ;;Liberale Partij ;;;;;;;;;x;;;;;;;;;;;;;;;;;;;;;;;;
HOL_liberal_2;Либеральный союз;Liberale Unie;Liberale Unie;;Liberale Unie;;;;;;;;;x;;;;;;;;;;;;;;;;;;;;;;;;
HOL_liberal_3;Римско-католическая партия;Rooms-Katholieke ;Rooms-Katholieke ;;Rooms-Katholieke ;;;;;;;;;x;;;;;;;;;;;;;;;;;;;;;;;;
HOL_liberal_4;Христианско-историческая партия;Christelijk Historische;Christelijk Historische;;Christelijk Historische;;;;;;;;;x;;;;;;;;;;;;;;;;;;;;;;;;
HOL_liberal_5;Свободная свобода;Vrije Liberalen;Vrije Liberalen;;Vrije Liberalen;;;;;;;;;x;;;;;;;;;;;;;;;;;;;;;;;;
HOL_reactionary;Националистическая партия;Partij nationaliste;Nationalist Partij;;Nationalist Partij;;;;;;;;;x;;;;;;;;;;;;;;;;;;;;;;;;
HOL_socialist;Социал-демократическая партия;Social-Demo. Partij;Social-Demo. Partij;;Social-Demo. Partij;;;;;;;;;x;;;;;;;;;;;;;;;;;;;;;;;;
HON_anarcho_liberal;Радикальная партия;Partido Radical;Partido Radical;;Partido Radical;;;;;;;;;x;;;;;;;;;;;;;;;;;;;;;;;;
HON_communist;Партидо коммуниста;Partido communiste;Partido Communist;;Partido Comunista;;;;;;;;;x;;;;;;;;;;;;;;;;;;;;;;;;
HON_conservative;Партия консерваторов;Partido Conservador;Partido Conservador;;Partido Conservador;;;;;;;;;x;;;;;;;;;;;;;;;;;;;;;;;;
HON_conservative_2;Национальная партия;Partido Nacional;Partido Nacional;;Partido Nacional;;;;;;;;;x;;;;;;;;;;;;;;;;;;;;;;;;
HON_fascist;Фашистская партия;Partido fasciste;Partido Fascist;;Partido Fascista;;;;;;;;;x;;;;;;;;;;;;;;;;;;;;;;;;
HON_liberal;Либеральная партия;Partido Liberal;Partido Liberal;;Partido Liberal;;;;;;;;;x;;;;;;;;;;;;;;;;;;;;;;;;
HON_liberal_2;Либерал Гондураса;Liberal de Honduras;Liberal de Honduras;;Liberal de Honduras;;;;;;;;;x;;;;;;;;;;;;;;;;;;;;;;;;
HON_reactionary;Националистическая партия;Partido nationaliste;Partido Nationalist;;Partido Nationalista;;;;;;;;;x;;;;;;;;;;;;;;;;;;;;;;;;
HON_socialist;Социалистическая партия;Partido socialiste;Partido Socialist;;Partido Socialista;;;;;;;;;x;;;;;;;;;;;;;;;;;;;;;;;;
HRE_anarcho_liberal;Радикально-либеральный;;;;;;;;;;;;;x;;;;;;;;;;;;;;;;;;;;;;;;
HRE_communist;Коммунистическая рабочая партия;;;;;;;;;;;;;x;;;;;;;;;;;;;;;;;;;;;;;;
HRE_conservative;Христианско-демократическая народная партия;;;;;;;;;;;;;x;;;;;;;;;;;;;;;;;;;;;;;;
HRE_conservative_2;Фракция императорского двора;;;;;;;;;;;;;x;;;;;;;;;;;;;;;;;;;;;;;;
HRE_conservative_3;Консервативная фракция;;;;;;;;;;;;;x;;;;;;;;;;;;;;;;;;;;;;;;
HRE_conservative_4;Консервативная партия;;;;;;;;;;;;;x;;;;;;;;;;;;;;;;;;;;;;;;
HRE_conservative_5;Кристлих-Консервативная партия;;;;;;;;;;;;;x;;;;;;;;;;;;;;;;;;;;;;;;
HRE_fascist;Немецкая социалистическая рабочая и отечественная партия;;;;;;;;;;;;;x;;;;;;;;;;;;;;;;;;;;;;;;
HRE_liberal;Паламентарий;;;;;;;;;;;;;x;;;;;;;;;;;;;;;;;;;;;;;;
HRE_liberal_2;Либералисты;;;;;;;;;;;;;x;;;;;;;;;;;;;;;;;;;;;;;;
HRE_liberal_3;Демократическая свободная партия;;;;;;;;;;;;;x;;;;;;;;;;;;;;;;;;;;;;;;
HRE_liberal_4;Демократическая свободная партия;;;;;;;;;;;;;x;;;;;;;;;;;;;;;;;;;;;;;;
HRE_liberal_5;Немецкая либеральная партия;;;;;;;;;;;;;x;;;;;;;;;;;;;;;;;;;;;;;;
HRE_reactionary;Fьrstentreue Fraktion;;;;;;;;;;;;;x;;;;;;;;;;;;;;;;;;;;;;;;
HRE_reactionary_2;Немецкая национальная фракция;;;;;;;;;;;;;x;;;;;;;;;;;;;;;;;;;;;;;;
HRE_reactionary_3;Отечественная партия;;;;;;;;;;;;;x;;;;;;;;;;;;;;;;;;;;;;;;
HRE_socialist;Социалистическая Народная Партия;;;;;;;;;;;;;x;;;;;;;;;;;;;;;;;;;;;;;;
HRE_socialist_2;Социалистическая деятельность;;;;;;;;;;;;;x;;;;;;;;;;;;;;;;;;;;;;;;
HRE_socialist_3;Социалистическая рабочая партия;;;;;;;;;;;;;x;;;;;;;;;;;;;;;;;;;;;;;;
HRE_socialist_4;Социал-демократическая арбайтерпартия;;;;;;;;;;;;;x;;;;;;;;;;;;;;;;;;;;;;;;
HRE_socialist_5;Свободная Социалистическая Партия;;;;;;;;;;;;;x;;;;;;;;;;;;;;;;;;;;;;;;
HUN_anarcho_liberal;Balkцzep Pбrt;Balkozep Part;Balkozep Part;;Balkozep Part;;;;;;;;;x;;;;;;;;;;;;;;;;;;;;;;;;
HUN_communist;Kommunistбk Magyarorszбgi;Kommunistak Magyarorszagi;Kommunistak Magyarorszagi;;Kommunistak Magyarorszagi;;;;;;;;;x;;;;;;;;;;;;;;;;;;;;;;;;
HUN_conservative;Fьggetlensйgi Pбrt;Fuggetlensegi Part;Fuggetlensegi Part;;Fuggetlensegi Part;;;;;;;;;x;;;;;;;;;;;;;;;;;;;;;;;;
HUN_conservative_2;Католическая народная партия;Parti populaire catholique;Katholische Volkspartei;;Partido Popular Catolico;;;;;;;;;x;;;;;;;;;;;;;;;;;;;;;;;;
HUN_conservative_3;Румынская национальная партия;Parti national roumain;Rumanische Nationalpartei;;Partido Nacional Rumano;;;;;;;;;x;;;;;;;;;;;;;;;;;;;;;;;;
HUN_conservative_4;Хорватская государственная партия;Parti d'Etat croate ;Kroatische Staatspartei;;Partido del Estado Croata ;;;;;;;;;x;;;;;;;;;;;;;;;;;;;;;;;;
HUN_fascist;Ньиласкерестес Прт Хунгариста Мозгалом;Nyilaskeresztes Part Hungarista Mozgalom;Nyilaskeresztes Part Hungarista Mozgalom;;Nyilaskeresztes Part Hungarista Mozgalom;;;;;;;;;x;;;;;;;;;;;;;;;;;;;;;;;;
HUN_liberal;Дебк-парт;Deak-part;Deak-part;;Deak-part;;;;;;;;;x;;;;;;;;;;;;;;;;;;;;;;;;
HUN_liberal_2;Szabadelvy Pбrt;Szabadelvu Part;Szabadelvu Part;;Szabadelvu Part;;;;;;;;;x;;;;;;;;;;;;;;;;;;;;;;;;
HUN_liberal_3;Орсбгос Полгари Радикали;Orszagos Polgari Radikali;Orszagos Polgari Radikali;;Orszagos Polgari Radikali;;;;;;;;;x;;;;;;;;;;;;;;;;;;;;;;;;
HUN_reactionary; Egyesьlt Ellenzйki;Egyesult Ellenzeki ;Egyesult Ellenzeki ;;Egyesult Ellenzeki ;;;;;;;;;x;;;;;;;;;;;;;;;;;;;;;;;;
HUN_reactionary_2; Mйrsйkelt Ellenzйki;Mersekelt Ellenzeki ;Mersekelt Ellenzeki ;;Mersekelt Ellenzeki ;;;;;;;;;x;;;;;;;;;;;;;;;;;;;;;;;;
HUN_socialist; Блталбнос Мункбспбрт;Altalanos Munkaspart ;Altalanos Munkaspart ;;Altalanos Munkaspart ;;;;;;;;;x;;;;;;;;;;;;;;;;;;;;;;;;
HUN_socialist_2;Magyarorszбgi Szociбldem.;Magyarorszagi Szocialdem.;Magyarorszagi Szocialdem.;;Magyarorszagi Szocialdem.;;;;;;;;;x;;;;;;;;;;;;;;;;;;;;;;;;
HUN_socialist_3;Ъjjбszervezett Szociбldem.;Ujjaszervezett Szocialdem.;Ujjaszervezett Szocialdem.;;Ujjaszervezett Szocialdem.;;;;;;;;;x;;;;;;;;;;;;;;;;;;;;;;;;
HUN_socialist_4;Кишгазда Пярт;Kisgazda Part;Kisgazda Part;;Kisgazda Part;;;;;;;;;x;;;;;;;;;;;;;;;;;;;;;;;;
HYD_anarcho_liberal;Радикальная фракция;Faction radicale;Die radikale Fraktion;;La Faccion Radical;;;;;;;;;x;;;;;;;;;;;;;;;;;;;;;;;;
HYD_communist;Коммунистическая фракция;Faction communiste;Die kommunistische Fraktion;;La Faccion Comunista;;;;;;;;;x;;;;;;;;;;;;;;;;;;;;;;;;
HYD_conservative;Королевская фракция;Faction royale;Konigsfraktion;;Faccion Real;;;;;;;;;x;;;;;;;;;;;;;;;;;;;;;;;;
HYD_fascist;Фашистская фракция;Faction fasciste;Die faschistische Fraktion;;La Faccion Fascista;;;;;;;;;x;;;;;;;;;;;;;;;;;;;;;;;;
HYD_liberal;Либеральная фракция;Faction liberale;Die liberale Fraktion;;La Faccion Liberal;;;;;;;;;x;;;;;;;;;;;;;;;;;;;;;;;;
HYD_reactionary;Националистическая фракция;Faction nationaliste;Die nationalistische Fraktion;;La Faccion Nacionalista;;;;;;;;;x;;;;;;;;;;;;;;;;;;;;;;;;
HYD_socialist;Социалистическая фракция;Faction socialiste;Die sozialistische Fraktion;;La Faccion Socialista;;;;;;;;;x;;;;;;;;;;;;;;;;;;;;;;;;
ICL_anarcho_liberal;Лучшая партия;Besti flokkurinn;Besti flokkurinn;;Besti flokkurinn;;;;;;;;x;;;;;;;;;;;;;;;;;;;;;;;;;
ICL_communist;Kommьnistaflokkur Hslands;Kommunistaflokkur Islands;Kommunistaflokkur Islands;;Kommunistaflokkur Islands;;;;;;;;x;;;;;;;;;;;;;;;;;;;;;;;;;
ICL_conservative;Sjбlfstaeddisflokkurinn;Sjalfstaeddisflokkurinn;Sjalfstaeddisflokkurinn;;Sjalfstaeddisflokkurinn;;;;;;;;x;;;;;;;;;;;;;;;;;;;;;;;;;
ICL_fascist;Националистическая партия;Flokkur Thjoeddernissinna;Flokkur Thjoeddernissinna;;Flokkur Thjoeddernissinna;;;;;;;;x;;;;;;;;;;;;;;;;;;;;;;;;;
ICL_liberal;Framsуknarflokkurinn;Framsoknarflokkurinn;Framsoknarflokkurinn;;Framsoknarflokkurinn;;;;;;;;x;;;;;;;;;;;;;;;;;;;;;;;;;
ICL_reactionary;Боргарафлоккуринн;Borgaraflokkurinn;Borgaraflokkurinn;;Borgaraflokkurinn;;;;;;;;x;;;;;;;;;;;;;;;;;;;;;;;;;
ICL_socialist;Народная партия;Althyedduflokkurinn;Alth_edduflokkurinn;;Althyedduflokkurinn;;;;;;;;x;;;;;;;;;;;;;;;;;;;;;;;;;
IND_anarcho_liberal;Радикальная фракция;Faction radicale;The Radical Faction;;La Faccion Radical;;;;;;;;;x;;;;;;;;;;;;;;;;;;;;;;;;
IND_communist;Коммунистическая фракция;Faction communiste;The Communist Faction;;La Faccion Comunista;;;;;;;;;x;;;;;;;;;;;;;;;;;;;;;;;;
IND_conservative;Королевская фракция;Faction royale;Royal Faction;;Faccion Real;;;;;;;;;x;;;;;;;;;;;;;;;;;;;;;;;;
IND_fascist;Фашистская фракция;Faction fasciste;The Fascist Faction;;La Faccion Fascista;;;;;;;;;x;;;;;;;;;;;;;;;;;;;;;;;;
IND_liberal;Либеральная фракция;Faction liberale;The Liberal Faction;;La Faccion Liberal;;;;;;;;;x;;;;;;;;;;;;;;;;;;;;;;;;
IND_reactionary;Националистическая фракция;Faction nationaliste;The Nationalist Faction;;La Faccion Nacionalista;;;;;;;;;x;;;;;;;;;;;;;;;;;;;;;;;;
IND_socialist;Социалистическая фракция;Faction socialiste;The Socialist Faction;;La Faccion Socialista;;;;;;;;;x;;;;;;;;;;;;;;;;;;;;;;;;
ION_anarcho_liberal;Радикальная фракция;Faction radicale;Radikale Fraktion;;Faccion Radical;;;;;;;;;x;;;;;;;;;;;;;;;;;;;;;;;;
ION_communist;Фракция коммунистов;Faction communiste;Kommunistische Fraktion;;Faccion Comunista;;;;;;;;;x;;;;;;;;;;;;;;;;;;;;;;;;
ION_conservative;Британская фракция;Faction britannique;Britische Fraktion;;Faccion Britanica;;;;;;;;;x;;;;;;;;;;;;;;;;;;;;;;;;
ION_conservative_2;Греческая фракция;Faction grecque;Griechische Fraktion;;Faccion Griega;;;;;;;;;x;;;;;;;;;;;;;;;;;;;;;;;;
ION_fascist;Фашистская фракция;Faction fasciste;Faschistische Faction;;Faccion Fascista;;;;;;;;;x;;;;;;;;;;;;;;;;;;;;;;;;
ION_liberal;Итальянская фракция;Faction italienne;Italienische Fraktion;;Faccion Italiana;;;;;;;;;x;;;;;;;;;;;;;;;;;;;;;;;;
ION_reactionary;Фракция националистов;Faction nationaliste;Nationalistische Fraktion;;Faccion Nacionalista;;;;;;;;;x;;;;;;;;;;;;;;;;;;;;;;;;
ION_socialist;Социалистическая фракция;Faction socialiste;Sozialistische Fraktion;;Faccion Socialista;;;;;;;;;x;;;;;;;;;;;;;;;;;;;;;;;;
IRE_anarcho_liberal;Шинн Фейн;Sinn Fein;Sinn Fein;;Sinn Fein;;;;;;;;;x;;;;;;;;;;;;;;;;;;;;;;;;
IRE_communist;Коммунистическая партия;Parti communiste ;Communist Party;;Partido Comunista;;;;;;;;;x;;;;;;;;;;;;;;;;;;;;;;;;
IRE_conservative;Консервативная партия;Parti conservateur;Konservative Partei;;Partido Conservador;;;;;;;;;x;;;;;;;;;;;;;;;;;;;;;;;;
IRE_fascist;Фашистская партия;Parti fasciste;Fascist Party;;Partido Fascista;;;;;;;;;x;;;;;;;;;;;;;;;;;;;;;;;;
IRE_liberal;Партия вигов;Parti Whig;Whig Party;;Partido Whig;;;;;;;;;x;;;;;;;;;;;;;;;;;;;;;;;;
IRE_liberal_2;Репеллеры;Abrogateur;Repealers;;Revocadores;;;;;;;;;x;;;;;;;;;;;;;;;;;;;;;;;;
IRE_liberal_3;Независимая оппозиционная партия;Parti d'opposition independant;Independent Opposition Party;;Partido de la Oposicion Independeiente;;;;;;;;;x;;;;;;;;;;;;;;;;;;;;;;;;
IRE_liberal_4;Либеральная партия;Parti liberal;Liberal Party;;Partido Liberal;;;;;;;;;x;;;;;;;;;;;;;;;;;;;;;;;;
IRE_liberal_5;Либеральная партия;Parti liberal;Liberal Party;;Partido Liberal;;;;;;;;;x;;;;;;;;;;;;;;;;;;;;;;;;
IRE_liberal_6;Ирландская националистическая партия;Parti nationaliste irlandais;Irish Nationalist Party;;Partido Nacionalista Irlandes;;;;;;;;;x;;;;;;;;;;;;;;;;;;;;;;;;
IRE_reactionary;Юнионистская партия;Parti unioniste;Unionist Party;;Partido Unionista;;;;;;;;;x;;;;;;;;;;;;;;;;;;;;;;;;
IRE_socialist;Лейбористская партия;Parti travailliste;Labour Party;;Partido Laborista;;;;;;;;;x;;;;;;;;;;;;;;;;;;;;;;;;
IRO_anarcho_liberal;Союз вольных общин ирокезов;Free Communities of the Haudenosaunee;Partido Federalista;;;Partido Federalista;;;;;;;;x;;;;;;;;;;;;;;;;;;;;;;;;
IRO_communist;Община общей земли ирокезов;Common Land Community of the Haudenosaunee;Partido Communist;;;Partido Comunista;;;;;;;;x;;;;;;;;;;;;;;;;;;;;;;;;
IRO_conservative;Совет старейшин ирокезов;Council of Elders of the Haudenosaunee;Partido Conservador;;;Partido Conservador;;;;;;;;x;;;;;;;;;;;;;;;;;;;;;;;;
IRO_fascist;Движение единства ирокезов;Unity Movement of the Haudenosaunee;Partido Fascist;;;Partido Fascista;;;;;;;;x;;;;;;;;;;;;;;;;;;;;;;;;
IRO_liberal;Торговая лига ирокезов;Trade League of the Haudenosaunee;Partido Liberal;;;Partido Liberal;;;;;;;;x;;;;;;;;;;;;;;;;;;;;;;;;
IRO_reactionary;Хранители традиций ирокезов;Keepers of Haudenosaunee Traditions;Partido Imperialista;;;Partido Imperialista;;;;;;;;x;;;;;;;;;;;;;;;;;;;;;;;;
IRO_socialist;Союз общинных мастеров ирокезов;Guild of Community Crafts of the Haudenosaunee;Partido Socialist;;;Partido Socialista;;;;;;;;x;;;;;;;;;;;;;;;;;;;;;;;;
IRQ_anarcho_liberal;Партия Свободы;Parti de la liberte;Freiheitspartei;;Partido Libertario;;;;;;;;;x;;;;;;;;;;;;;;;;;;;;;;;;
IRQ_communist;Коммунистическая партия;Parti communiste ;Kommunistische Partei;;Partido Comunista;;;;;;;;;x;;;;;;;;;;;;;;;;;;;;;;;;
IRQ_conservative;Консервативная партия;Parti conservateur;Konservative Partei;;Partido Conservador;;;;;;;;;x;;;;;;;;;;;;;;;;;;;;;;;;
IRQ_fascist;Партия Единства;Parti unitaire;Einheitspartei;;Partido de la Unidad;;;;;;;;;x;;;;;;;;;;;;;;;;;;;;;;;;
IRQ_liberal;Либеральная партия;Parti liberal;Liberale Partei;;Partido Liberal;;;;;;;;;x;;;;;;;;;;;;;;;;;;;;;;;;
IRQ_reactionary;Фракция Хашимитов;Faction hachemite;Hashemitische Fraktion;;Faccion Hachemita;;;;;;;;;x;;;;;;;;;;;;;;;;;;;;;;;;
IRQ_socialist;Партия Баас;Parti Baas;Baath-Partei;;Partido Arabe Socialista Baath;;;;;;;;;x;;;;;;;;;;;;;;;;;;;;;;;;
ISR_anarcho_liberal;Ционим Клалим;Tzionim Klaliym;Tzionim Klaliym;;Tzionim Klaliym;;;;;;;;x;;;;;;;;;;;;;;;;;;;;;;;;;
ISR_communist;ХаМифлега ХаКомунистит ХаИсраэлит;HaMiflega HaKomunistit HaYisraelit;HaMiflega HaKomunistit HaYisraelit;;HaMiflega HaKomunistit HaYisraelit;;;;;;;;x;;;;;;;;;;;;;;;;;;;;;;;;;
ISR_conservative;Херут;Herut;Herut;;Herut;;;;;;;;x;;;;;;;;;;;;;;;;;;;;;;;;;
ISR_fascist;Брит ХаБирионим;Brit HaBirionim;Brit HaBirionim;;Brit HaBirionim;;;;;;;;x;;;;;;;;;;;;;;;;;;;;;;;;;
ISR_liberal;Прогрессивная партия;Miflaga Progresivit;Miflaga Progresivit;;Miflaga Progresivit;;;;;;;;x;;;;;;;;;;;;;;;;;;;;;;;;;
ISR_reactionary;Хазит Датит Меухедет;Hazit Datit Meuhedet;Hazit Datit Meuhedet;;Hazit Datit Meuhedet;;;;;;;;x;;;;;;;;;;;;;;;;;;;;;;;;;
ISR_socialist;Мифлегет Поалей Эрец Исраэль;Mifleget Poalei Eretz Yisrael;Mifleget Poalei Eretz Yisrael;;Mifleget Poalei Eretz Yisrael;;;;;;;;x;;;;;;;;;;;;;;;;;;;;;;;;;
ITA_anarcho_liberal;Крайние левые либералы;Partito radical;Partito Radicali;;Partito Radical;;;;;;;;;x;;;;;;;;;;;;;;;;;;;;;;;;
ITA_communist;Коммунистическая партия Италии;Partido communiste;Partido Communista Italiano;;Partido Comunista;;;;;;;;;x;;;;;;;;;;;;;;;;;;;;;;;;
ITA_conservative;Дестра Либерале;Modere;Moderati;;Moderados;;;;;;;;;x;;;;;;;;;;;;;;;;;;;;;;;;
ITA_conservative_2;Итальянская либеральная партия;National Liberal;Partito Nazionale Liberali;;Nacional-Liberales;;;;;;;;;x;;;;;;;;;;;;;;;;;;;;;;;;
ITA_conservative_3;Partito Popolare Italiano (Итальянская народная партия);Partito Popolare Italiano;Partito Popolare Italiano;;Partito Popolare Italiano;;;;;;;;;x;;;;;;;;;;;;;;;;;;;;;;;;
ITA_fascist;Национальная фашистская партия;Partito Nazionale Fascista;Partito Nazionale Fascista;;Partito Nazionale Fascista;;;;;;;;;x;;;;;;;;;;;;;;;;;;;;;;;;
ITA_liberal;Синистра Либерале;Reformiste;Reformisti;;Reformistas;;;;;;;;;x;;;;;;;;;;;;;;;;;;;;;;;;
ITA_liberal_2;Итальянская республиканская партия;Liberal;Partito Liberali Italiano;;Liberales;;;;;;;;;x;;;;;;;;;;;;;;;;;;;;;;;;
ITA_reactionary;Монархическая фракция;Restorationiste;Ristorazionista;;Restauracionistas;;;;;;;;;x;;;;;;;;;;;;;;;;;;;;;;;;
ITA_socialist;Итальянская социалистическая партия;Partito Socialista Italiano;Partito Socialista Italiano;;Partito Socialista Italiano;;;;;;;;;x;;;;;;;;;;;;;;;;;;;;;;;;
JAI_anarcho_liberal;Радикальная фракция;Faction radicale;Die radikale Fraktion;;La Faccion Radical;;;;;;;;;x;;;;;;;;;;;;;;;;;;;;;;;;
JAI_communist;Коммунистическая фракция;Faction communiste;Die kommunistische Fraktion;;La Faccion Comunista;;;;;;;;;x;;;;;;;;;;;;;;;;;;;;;;;;
JAI_conservative;Королевская фракция;Faction royale;Konigsfraktion;;Faccion Real;;;;;;;;;x;;;;;;;;;;;;;;;;;;;;;;;;
JAI_fascist;Фашистская фракция;Faction fasciste;Die faschistische Fraktion;;La Faccion Fascista;;;;;;;;;x;;;;;;;;;;;;;;;;;;;;;;;;
JAI_liberal;Либеральная фракция;Faction liberale;Die liberale Fraktion;;La Faccion Liberal;;;;;;;;;x;;;;;;;;;;;;;;;;;;;;;;;;
JAI_reactionary;Националистическая фракция;Faction nationaliste;Die nationalistische Fraktion;;La Faccion Nacionalista;;;;;;;;;x;;;;;;;;;;;;;;;;;;;;;;;;
JAI_socialist;Социалистическая фракция;Faction socialiste;Die sozialistische Fraktion;;La Faccion Socialista;;;;;;;;;x;;;;;;;;;;;;;;;;;;;;;;;;
JAS_anarcho_liberal;Радикальная фракция;Faction radicale;Die radikale Fraktion;;La Faccion Radical;;;;;;;;;x;;;;;;;;;;;;;;;;;;;;;;;;
JAS_communist;Коммунистическая фракция;Faction communiste;Die kommunistische Fraktion;;La Faccion Comunista;;;;;;;;;x;;;;;;;;;;;;;;;;;;;;;;;;
JAS_conservative;Королевская фракция;Faction royale;Konigsfraktion;;Faccion Real;;;;;;;;;x;;;;;;;;;;;;;;;;;;;;;;;;
JAS_fascist;Фашистская фракция;Faction fasciste;Die faschistische Fraktion;;La Faccion Fascista;;;;;;;;;x;;;;;;;;;;;;;;;;;;;;;;;;
JAS_liberal;Либеральная фракция;Faction liberale;Die liberale Fraktion;;La Faccion Liberal;;;;;;;;;x;;;;;;;;;;;;;;;;;;;;;;;;
JAS_reactionary;Националистическая фракция;Faction nationaliste;Die nationalistische Fraktion;;La Faccion Nacionalista;;;;;;;;;x;;;;;;;;;;;;;;;;;;;;;;;;
JAS_socialist;Социалистическая фракция;Faction socialiste;Die sozialistische Fraktion;;La Faccion Socialista;;;;;;;;;x;;;;;;;;;;;;;;;;;;;;;;;;
JAV_anarcho_liberal;Радикальная фракция;Faction radicale;Die radikale Fraktion;;La Faccion Radical;;;;;;;;;x;;;;;;;;;;;;;;;;;;;;;;;;
JAV_communist;Коммунистическая фракция;Faction communiste;Die kommunistische Fraktion;;La Faccion Comunista;;;;;;;;;x;;;;;;;;;;;;;;;;;;;;;;;;
JAV_conservative;Королевская фракция;Faction royale;Konigsfraktion;;Faccion Real;;;;;;;;;x;;;;;;;;;;;;;;;;;;;;;;;;
JAV_fascist;Фашистская фракция;Faction fasciste;Die faschistische Fraktion;;La Faccion Fascista;;;;;;;;;x;;;;;;;;;;;;;;;;;;;;;;;;
JAV_liberal;Либеральная фракция;Faction liberale;Die liberale Fraktion;;La Faccion Liberal;;;;;;;;;x;;;;;;;;;;;;;;;;;;;;;;;;
JAV_reactionary;Националистическая фракция;Faction nationaliste;Die nationalistische Fraktion;;La Faccion Nacionalista;;;;;;;;;x;;;;;;;;;;;;;;;;;;;;;;;;
JAV_socialist;Социалистическая фракция;Faction socialiste;Die sozialistische Fraktion;;La Faccion Socialista;;;;;;;;;x;;;;;;;;;;;;;;;;;;;;;;;;
JOD_anarcho_liberal;Радикальная фракция;Faction radicale;Die radikale Fraktion;;La Faccion Radical;;;;;;;;;x;;;;;;;;;;;;;;;;;;;;;;;;
JOD_communist;Коммунистическая фракция;Faction communiste;Die kommunistische Fraktion;;La Faccion Comunista;;;;;;;;;x;;;;;;;;;;;;;;;;;;;;;;;;
JOD_conservative;Королевская фракция;Faction royale;Konigsfraktion;;Faccion Real;;;;;;;;;x;;;;;;;;;;;;;;;;;;;;;;;;
JOD_fascist;Фашистская фракция;Faction fasciste;Die faschistische Fraktion;;La Faccion Fascista;;;;;;;;;x;;;;;;;;;;;;;;;;;;;;;;;;
JOD_liberal;Либеральная фракция;Faction liberale;Die liberale Fraktion;;La Faccion Liberal;;;;;;;;;x;;;;;;;;;;;;;;;;;;;;;;;;
JOD_reactionary;Националистическая фракция;Faction nationaliste;Die nationalistische Fraktion;;La Faccion Nacionalista;;;;;;;;;x;;;;;;;;;;;;;;;;;;;;;;;;
JOD_socialist;Социалистическая фракция;Faction socialiste;Die sozialistische Fraktion;;La Faccion Socialista;;;;;;;;;x;;;;;;;;;;;;;;;;;;;;;;;;
JOH_anarcho_liberal;Радикальная фракция;Faction radicale;Die radikale Fraktion;;La Faccion Radical;;;;;;;;;x;;;;;;;;;;;;;;;;;;;;;;;;
JOH_communist;Коммунистическая фракция;Faction communiste;Die kommunistische Fraktion;;La Faccion Comunista;;;;;;;;;x;;;;;;;;;;;;;;;;;;;;;;;;
JOH_conservative;Королевская фракция;Faction royale;Konigsfraktion;;Faccion Real;;;;;;;;;x;;;;;;;;;;;;;;;;;;;;;;;;
JOH_fascist;Фашистская фракция;Faction fasciste;Die faschistische Fraktion;;La Faccion Fascista;;;;;;;;;x;;;;;;;;;;;;;;;;;;;;;;;;
JOH_liberal;Либеральная фракция;Faction liberale;Die liberale Fraktion;;La Faccion Liberal;;;;;;;;;x;;;;;;;;;;;;;;;;;;;;;;;;
JOH_reactionary;Националистическая фракция;Faction nationaliste;Die nationalistische Fraktion;;La Faccion Nacionalista;;;;;;;;;x;;;;;;;;;;;;;;;;;;;;;;;;
JOH_socialist;Социалистическая фракция;Faction socialiste;Die sozialistische Fraktion;;La Faccion Socialista;;;;;;;;;x;;;;;;;;;;;;;;;;;;;;;;;;
JOR_anarcho_liberal;Аль Анаркилиберали;;;;;;;;;;;;;x;;;;;;;;;;;;;;;;;;;;;;;;
JOR_communist;Аль-Хизб аш-Шуюи аль-Урдуни;;;;;;;;;;;;;x;;;;;;;;;;;;;;;;;;;;;;;;
JOR_conservative;Хизб аль-Васат аль-Ислами;;;;;;;;;;;;;x;;;;;;;;;;;;;;;;;;;;;;;;
JOR_fascist;Хизб аль-Мустакбаль;;;;;;;;;;;;;x;;;;;;;;;;;;;;;;;;;;;;;;
JOR_liberal;Ясари-д-ад-Димакрати аль-Урдуни;;;;;;;;;;;;;x;;;;;;;;;;;;;;;;;;;;;;;;
JOR_reactionary;Хизб аль-Хашемия аль-Урдуни;;;;;;;;;;;;;x;;;;;;;;;;;;;;;;;;;;;;;;
JOR_socialist;Хизб аль-Баас аль-Иштираки аль-Урдуни;;;;;;;;;;;;;x;;;;;;;;;;;;;;;;;;;;;;;;
KAL_anarcho_liberal;Радикальная фракция;Faction radicale;Die radikale Fraktion;;La Faccion Radical;;;;;;;;;x;;;;;;;;;;;;;;;;;;;;;;;;
KAL_communist;Коммунистическая фракция;Faction communiste;Die kommunistische Fraktion;;La Faccion Comunista;;;;;;;;;x;;;;;;;;;;;;;;;;;;;;;;;;
KAL_conservative;Королевская фракция;Faction royale;Konigsfraktion;;Faccion Real;;;;;;;;;x;;;;;;;;;;;;;;;;;;;;;;;;
KAL_fascist;Фашистская фракция;Faction fasciste;Die faschistische Fraktion;;La Faccion Fascista;;;;;;;;;x;;;;;;;;;;;;;;;;;;;;;;;;
KAL_liberal;Либеральная фракция;Faction liberale;Die liberale Fraktion;;La Faccion Liberal;;;;;;;;;x;;;;;;;;;;;;;;;;;;;;;;;;
KAL_reactionary;Националистическая фракция;Faction nationaliste;Die nationalistische Fraktion;;La Faccion Nacionalista;;;;;;;;;x;;;;;;;;;;;;;;;;;;;;;;;;
KAL_socialist;Социалистическая фракция;Faction socialiste;Die sozialistische Fraktion;;La Faccion Socialista;;;;;;;;;x;;;;;;;;;;;;;;;;;;;;;;;;
KAS_anarcho_liberal;Радикальная фракция;Faction radicale;Die radikale Fraktion;;La Faccion Radical;;;;;;;;;x;;;;;;;;;;;;;;;;;;;;;;;;
KAS_communist;Коммунистическая фракция;Faction communiste;Die kommunistische Fraktion;;La Faccion Comunista;;;;;;;;;x;;;;;;;;;;;;;;;;;;;;;;;;
KAS_conservative;Королевская фракция;Faction royale;Konigsfraktion;;Faccion Real;;;;;;;;;x;;;;;;;;;;;;;;;;;;;;;;;;
KAS_fascist;Фашистская фракция;Faction fasciste;Die faschistische Fraktion;;La Faccion Fascista;;;;;;;;;x;;;;;;;;;;;;;;;;;;;;;;;;
KAS_liberal;Либеральная фракция;Faction liberale;Die liberale Fraktion;;La Faccion Liberal;;;;;;;;;x;;;;;;;;;;;;;;;;;;;;;;;;
KAS_reactionary;Националистическая фракция;Faction nationaliste;Die nationalistische Fraktion;;La Faccion Nacionalista;;;;;;;;;x;;;;;;;;;;;;;;;;;;;;;;;;
KAS_socialist;Социалистическая фракция;Faction socialiste;Die sozialistische Fraktion;;La Faccion Socialista;;;;;;;;;x;;;;;;;;;;;;;;;;;;;;;;;;
KDS_anarcho_liberal;Партия прогресса;;;;;;;;;;;;;x;;;;;;;;;;;;;;;;;;;;;;;;
KDS_communist;Комала;;;;;;;;;;;;;x;;;;;;;;;;;;;;;;;;;;;;;;
KDS_conservative;Меджлис-и Моран;;;;;;;;;;;;;x;;;;;;;;;;;;;;;;;;;;;;;;
KDS_conservative_2;Партия Курдистанк;;;;;;;;;;;;;x;;;;;;;;;;;;;;;;;;;;;;;;
KDS_fascist;Джияневе;;;;;;;;;;;;;x;;;;;;;;;;;;;;;;;;;;;;;;
KDS_liberal;Азади;;;;;;;;;;;;;x;;;;;;;;;;;;;;;;;;;;;;;;
KDS_liberal_2;Hкvо;;;;;;;;;;;;;x;;;;;;;;;;;;;;;;;;;;;;;;
KDS_liberal_3;Йекето Нистоман;;;;;;;;;;;;;x;;;;;;;;;;;;;;;;;;;;;;;;
KDS_reactionary;Меджлис-и Месаих;;;;;;;;;;;;;x;;;;;;;;;;;;;;;;;;;;;;;;
KDS_reactionary_2;Бизутнаваи Ислами;;;;;;;;;;;;;x;;;;;;;;;;;;;;;;;;;;;;;;
KDS_socialist;Партия Каркерен;;;;;;;;;;;;;x;;;;;;;;;;;;;;;;;;;;;;;;
KDS_socialist_2;Партия Захматкесан;;;;;;;;;;;;;x;;;;;;;;;;;;;;;;;;;;;;;;
KHI_anarcho_liberal;Радикальная фракция;Faction radicale;Die radikale Fraktion;;La Faccion Radical;;;;;;;;;x;;;;;;;;;;;;;;;;;;;;;;;;
KHI_communist;Коммунистическая фракция;Faction communiste;Die kommunistische Fraktion;;La Faccion Comunista;;;;;;;;;x;;;;;;;;;;;;;;;;;;;;;;;;
KHI_conservative;Королевская фракция;Faction royale;Konigsfraktion;;Faccion Real;;;;;;;;;x;;;;;;;;;;;;;;;;;;;;;;;;
KHI_fascist;Фашистская фракция;Faction fasciste;Die faschistische Fraktion;;La Faccion Fascista;;;;;;;;;x;;;;;;;;;;;;;;;;;;;;;;;;
KHI_liberal;Либеральная фракция;Faction liberale;Die liberale Fraktion;;La Faccion Liberal;;;;;;;;;x;;;;;;;;;;;;;;;;;;;;;;;;
KHI_reactionary;Националистическая фракция;Faction nationaliste;Die nationalistische Fraktion;;La Faccion Nacionalista;;;;;;;;;x;;;;;;;;;;;;;;;;;;;;;;;;
KHI_socialist;Социалистическая фракция;Faction socialiste;Die sozialistische Fraktion;;La Faccion Socialista;;;;;;;;;x;;;;;;;;;;;;;;;;;;;;;;;;
KIR_anarcho_liberal_93;Радикальные либералы;Radical Liberals;Radical Liberals;;;;;;;;;;;x;;;;;;;;;;;;;;;;;;;;;;;;
KIR_communist_86;коммунисты;Communists;Communists;;;;;;;;;;;x;;;;;;;;;;;;;;;;;;;;;;;;
KIR_conservative_92;Консерваторы;Conservatives;Conservatives;;;;;;;;;;;x;;;;;;;;;;;;;;;;;;;;;;;;
KIR_fascist_72;Фашисты;Fascists;Fascists;;;;;;;;;;;x;;;;;;;;;;;;;;;;;;;;;;;;
KIR_liberal_79;либералы;Liberals;Liberals;;;;;;;;;;;x;;;;;;;;;;;;;;;;;;;;;;;;
KIR_liberal_87;Национал-либералы;National Liberals;National Liberals;;;;;;;;;;;x;;;;;;;;;;;;;;;;;;;;;;;;
KIR_reactionary_84;Монархическое лидерство;Monarchy Leadership;Monarchy Leadership;;;;;;;;;;;x;;;;;;;;;;;;;;;;;;;;;;;;
KIR_socialist_85;Социалисты;Socialists;Socialists;;;;;;;;;;;x;;;;;;;;;;;;;;;;;;;;;;;;
KIR_socialist_99;Национал-социалисты;National Socialists;National Socialists;;;;;;;;;;;x;;;;;;;;;;;;;;;;;;;;;;;;
KMT_anarcho_liberal;республиканцы;Republicains;Republikaner;;;;;;;;;;;;x;;;;;;;;;;;;;;;;;;;;;;;
KMT_communist;Коммунистическая партия;Parti communiste chinois;Kommunistische Partei Chinas;;;;;;;;;;;;x;;;;;;;;;;;;;;;;;;;;;;;
KMT_conservative;Имперская Фракция;Faction imperiale;Kaiserliche Fraktion;;;;;;;;;;;;x;;;;;;;;;;;;;;;;;;;;;;;
KMT_conservative_2;Чжицян;Zhiqiang;Zhiqiang;;;;;;;;;;;;x;;;;;;;;;;;;;;;;;;;;;;;
KMT_conservative_3;Чан Кайши;Kuomintang Chiang;Kuomintang Chiang;;;;;;;;;;;;x;;;;;;;;;;;;;;;;;;;;;;;
KMT_conservative_4;Консерваторы;Kuomintang Chiang;Kuomintang Chiang;;;;;;;;;;;;x;;;;;;;;;;;;;;;;;;;;;;;
KMT_fascist;Фашисты;Fascistes;Faschisten;;;;;;;;;;;;x;;;;;;;;;;;;;;;;;;;;;;;
KMT_liberal;Реформаторы;Reformateurs;Reformer;;;;;;;;;;;;x;;;;;;;;;;;;;;;;;;;;;;;
KMT_liberal_2;Сунь Ятсен;Kuomintang Sun;Kuomintang Sun;;;;;;;;;;;;x;;;;;;;;;;;;;;;;;;;;;;;
KMT_liberal_3;Фэн Юйсян;Feng Yuxiang;Feng Yuxiang;;;;;;;;;;;;x;;;;;;;;;;;;;;;;;;;;;;;
KMT_reactionary;Консерваторы;Conservateurs;Konservative;;;;;;;;;;;;x;;;;;;;;;;;;;;;;;;;;;;;
KMT_reactionary_2;Ян Хучэн;;;;;;;;;;;;x;;;;;;;;;;;;;;;;;;;;;;;;;
KMT_socialist;Социалисты;Socialistes;Sozialisten;;;;;;;;;;;;x;;;;;;;;;;;;;;;;;;;;;;;
KOK_anarcho_liberal;Радикальная фракция;Faction radicale;Die radikale Fraktion;;La Faccion Radical;;;;;;;;;x;;;;;;;;;;;;;;;;;;;;;;;;
KOK_communist;Коммунистическая фракция;Faction communiste;Die kommunistische Fraktion;;La Faccion Comunista;;;;;;;;;x;;;;;;;;;;;;;;;;;;;;;;;;
KOK_conservative;Королевская фракция;Faction royale;Konigsfraktion;;Faccion Real;;;;;;;;;x;;;;;;;;;;;;;;;;;;;;;;;;
KOK_fascist;Фашистская фракция;Faction fasciste;Die faschistische Fraktion;;La Faccion Fascista;;;;;;;;;x;;;;;;;;;;;;;;;;;;;;;;;;
KOK_liberal;Либеральная фракция;Faction liberale;Die liberale Fraktion;;La Faccion Liberal;;;;;;;;;x;;;;;;;;;;;;;;;;;;;;;;;;
KOK_reactionary;Националистическая фракция;Faction nationaliste;Die nationalistische Fraktion;;La Faccion Nacionalista;;;;;;;;;x;;;;;;;;;;;;;;;;;;;;;;;;
KOK_socialist;Социалистическая фракция;Faction socialiste;Die sozialistische Fraktion;;La Faccion Socialista;;;;;;;;;x;;;;;;;;;;;;;;;;;;;;;;;;
KOR_anarcho_liberal;Радикалы;Radicaux;Radikale;;Radicales;;;;;;;;;x;;;;;;;;;;;;;;;;;;;;;;;;
KOR_communist;коммунист;Communiste;Kommunisten;;Comunistas;;;;;;;;;x;;;;;;;;;;;;;;;;;;;;;;;;
KOR_conservative;Тонг Хак;Tong Hak;Tong Hak;;Tong Hak;;;;;;;;;x;;;;;;;;;;;;;;;;;;;;;;;;
KOR_conservative_2;Роялист;Royaliste;Royalisten;;Realistas;;;;;;;;;x;;;;;;;;;;;;;;;;;;;;;;;;
KOR_fascist;фашистский;Fasciste;Faschisten;;Fascistas;;;;;;;;;x;;;;;;;;;;;;;;;;;;;;;;;;
KOR_liberal;Тэвонгун;Taewon'gun;Taewon'gun;;Taewon'gun;;;;;;;;;x;;;;;;;;;;;;;;;;;;;;;;;;
KOR_liberal_2;Прояпонский;Pro-japonais;Pro-Japanese;;Filo-japoneses;;;;;;;;;x;;;;;;;;;;;;;;;;;;;;;;;;
KOR_liberal_3;либералы;Liberaux;Liberale;;Liberales;;;;;;;;;x;;;;;;;;;;;;;;;;;;;;;;;;
KOR_reactionary;Консерваторы;Conservateurs;Konservative;;Conservadores;;;;;;;;;x;;;;;;;;;;;;;;;;;;;;;;;;
KOR_socialist;Социалистический;Socialiste;Sozialisten;;Socialistas;;;;;;;;;x;;;;;;;;;;;;;;;;;;;;;;;;
KRA_anarcho_liberal;Радикальная Партия;Parti radical;Radikale Partei;;Partido Radical;;;;;;;;;x;;;;;;;;;;;;;;;;;;;;;;;;
KRA_communist;Коммунистическая партия;Parti communiste ;Kommunistische Partei;;Partido Comunista;;;;;;;;;x;;;;;;;;;;;;;;;;;;;;;;;;
KRA_conservative;Католическая партия;Parti catholique;Katholische Partei;;Partido catolico;;;;;;;;;x;;;;;;;;;;;;;;;;;;;;;;;;
KRA_conservative_2;Аграрная партия;Parti agraire;Agrarpartei;;Partido Agrario;;;;;;;;;x;;;;;;;;;;;;;;;;;;;;;;;;
KRA_conservative_3;Националистическая партия;Parti nationaliste;Nationalistische Partei;;Partido Nacionalista;;;;;;;;;x;;;;;;;;;;;;;;;;;;;;;;;;
KRA_fascist;Фашистская партия;Parti fasciste;Faschistische Partei;;Partido Fascista;;;;;;;;;x;;;;;;;;;;;;;;;;;;;;;;;;
KRA_liberal;Либеральная партия;Parti liberal;Liberale Partei;;Partido Liberal;;;;;;;;;x;;;;;;;;;;;;;;;;;;;;;;;;
KRA_reactionary;Реакционная партия;Parti reactionnaire;Reaktionare Partei;;Partido Reaccionario;;;;;;;;;x;;;;;;;;;;;;;;;;;;;;;;;;
KRA_socialist;Альянс рабочих;Alliance des travailleurs;Arbeiterbundnis;;Alianza de los Trabajadores;;;;;;;;;x;;;;;;;;;;;;;;;;;;;;;;;;
KUT_anarcho_liberal;Радикальная фракция;Faction radicale;Die radikale Fraktion;;La Faccion Radical;;;;;;;;;x;;;;;;;;;;;;;;;;;;;;;;;;
KUT_communist;Коммунистическая фракция;Faction communiste;Die kommunistische Fraktion;;La Faccion Comunista;;;;;;;;;x;;;;;;;;;;;;;;;;;;;;;;;;
KUT_conservative;Королевская фракция;Faction royale;Konigsfraktion;;Faccion Real;;;;;;;;;x;;;;;;;;;;;;;;;;;;;;;;;;
KUT_fascist;Фашистская фракция;Faction fasciste;Die faschistische Fraktion;;La Faccion Fascista;;;;;;;;;x;;;;;;;;;;;;;;;;;;;;;;;;
KUT_liberal;Либеральная фракция;Faction liberale;Die liberale Fraktion;;La Faccion Liberal;;;;;;;;;x;;;;;;;;;;;;;;;;;;;;;;;;
KUT_reactionary;Националистическая фракция;Faction nationaliste;Die nationalistische Fraktion;;La Faccion Nacionalista;;;;;;;;;x;;;;;;;;;;;;;;;;;;;;;;;;
KUT_socialist;Социалистическая фракция;Faction socialiste;Die sozialistische Fraktion;;La Faccion Socialista;;;;;;;;;x;;;;;;;;;;;;;;;;;;;;;;;;
KWT_anarcho_liberal;Либертарианская партия;Partido Radical;Partido Radical;;;;;;;;;;;;x;;;;;;;;;;;;;;;;;;;;;;;
KWT_communist;Коммунистическая партия;Partido communiste;Partido Communist;;;;;;;;;;;;x;;;;;;;;;;;;;;;;;;;;;;;
KWT_conservative;Консервативная партия;Partido Conservador;Partido Conservador;;;Partido Conservador;;;;;;;;x;;;;;;;;;;;;;;;;;;;;;;;;
KWT_conservative_2;Консервативная партия;Partido Conservador;Partido Conservador;;;Partido Conservador;;;;;;;;x;;;;;;;;;;;;;;;;;;;;;;;;
KWT_fascist;Фашистская партия;Partido fasciste;Partido Fascist;;;;;;;;;;;;x;;;;;;;;;;;;;;;;;;;;;;;
KWT_liberal;Либеральная партия;Partido Liberal;Partido Liberal;;;;;;;;;;;;x;;;;;;;;;;;;;;;;;;;;;;;
KWT_reactionary;Радикальная Партия;Partido nationaliste;Partido Nationalist;;;;;;;;;;;;x;;;;;;;;;;;;;;;;;;;;;;;
KWT_socialist;Лейбористская партия;Partido socialiste;Partido Socialist;;;;;;;;;;;;x;;;;;;;;;;;;;;;;;;;;;;;
LAD_anarcho_liberal;Радикальная фракция;Faction radicale;Die radikale Fraktion;;La Faccion Radical;;;;;;;;;x;;;;;;;;;;;;;;;;;;;;;;;;
LAD_communist;Коммунистическая фракция;Faction communiste;Die kommunistische Fraktion;;La Faccion Comunista;;;;;;;;;x;;;;;;;;;;;;;;;;;;;;;;;;
LAD_conservative;Королевская фракция;Faction royale;Konigsfraktion;;Faccion Real;;;;;;;;;x;;;;;;;;;;;;;;;;;;;;;;;;
LAD_fascist;Фашистская фракция;Faction fasciste;Die faschistische Fraktion;;La Faccion Fascista;;;;;;;;;x;;;;;;;;;;;;;;;;;;;;;;;;
LAD_liberal;Либеральная фракция;Faction liberale;Die liberale Fraktion;;La Faccion Liberal;;;;;;;;;x;;;;;;;;;;;;;;;;;;;;;;;;
LAD_reactionary;Националистическая фракция;Faction nationaliste;Die nationalistische Fraktion;;La Faccion Nacionalista;;;;;;;;;x;;;;;;;;;;;;;;;;;;;;;;;;
LAD_socialist;Социалистическая фракция;Faction socialiste;Die sozialistische Fraktion;;La Faccion Socialista;;;;;;;;;x;;;;;;;;;;;;;;;;;;;;;;;;
LAP_anarcho_liberal;Союз Гражданский Радикальный;x;;;;;;;;;;;;;;;;;;;;;;;;;;;;;;;;;;;;
LAP_communist;Альянса Народная Революция;x;;;;;;;;;;;;;;;;;;;;;;;;;;;;;;;;;;;;
LAP_conservative;Партия Хустисиалиста;x;;;;;;;;;;;;;;;;;;;;;;;;;;;;;;;;;;;;
LAP_fascist;Реноваторская хунта;x;;;;;;;;;;;;;;;;;;;;;;;;;;;;;;;;;;;;
LAP_liberal;Фронт Виктории;x;;;;;;;;;;;;;;;;;;;;;;;;;;;;;;;;;;;;
LAP_reactionary;Федеральный перонизм;x;;;;;;;;;;;;;;;;;;;;;;;;;;;;;;;;;;;;
LAP_socialist;Социалистическая партия;x;;;;;;;;;;;;;;;;;;;;;;;;;;;;;;;;;;;;
LBN_anarcho_liberal;Хизб аль-Ватанийин аль-Ахрар;;;;;;;;;;;;;x;;;;;;;;;;;;;;;;;;;;;;;;
LBN_communist;Аль-Хизб аль-Шуйуи аль-Лубнани;;;;;;;;;;;;;x;;;;;;;;;;;;;;;;;;;;;;;;
LBN_conservative;Ат-Тайяр аль-Ватани аль-Хорр;;;;;;;;;;;;;x;;;;;;;;;;;;;;;;;;;;;;;;
LBN_fascist;Фаланги ливанские;;;;;;;;;;;;;x;;;;;;;;;;;;;;;;;;;;;;;;
LBN_liberal;Харакат аль-Таджаддод аль-Димократи;;;;;;;;;;;;;x;;;;;;;;;;;;;;;;;;;;;;;;
LBN_reactionary;Харакат аль-Кавмийин аль-Араб;;;;;;;;;;;;;x;;;;;;;;;;;;;;;;;;;;;;;;
LBN_socialist;Хизб ат-Такадумми аль-Иштираки;;;;;;;;;;;;;x;;;;;;;;;;;;;;;;;;;;;;;;
LBY_anarcho_liberal;Либертарианская партия;Partido Radical;Partido Radical;;;;;;;;;;;;x;;;;;;;;;;;;;;;;;;;;;;;
LBY_communist;Коммунистическая партия;Partido communiste;Partido Communist;;;;;;;;;;;;x;;;;;;;;;;;;;;;;;;;;;;;
LBY_conservative;Консервативная партия;Partido Conservador;Partido Conservador;;;;;;;;;;;;x;;;;;;;;;;;;;;;;;;;;;;;
LBY_fascist;Фашистская партия;Partido fasciste;Partido Fascist;;;;;;;;;;;;x;;;;;;;;;;;;;;;;;;;;;;;
LBY_liberal;Либеральная партия;Partido Liberal;Partido Liberal;;;;;;;;;;;;x;;;;;;;;;;;;;;;;;;;;;;;
LBY_reactionary;Радикальная Партия;Partido nationaliste;Partido Nationalist;;;;;;;;;;;;x;;;;;;;;;;;;;;;;;;;;;;;
LBY_socialist;Социалистическая партия;Partido socialiste;Partido Socialist;;;;;;;;;;;;x;;;;;;;;;;;;;;;;;;;;;;;
LIB_anarcho_liberal;Радикальная Партия;Parti radical;Radical Party;;Partido Radical;;;;;;;;;x;;;;;;;;;;;;;;;;;;;;;;;;
LIB_communist;Коммунистическая партия;Parti communiste ;Communist Party;;Partido Comunista;;;;;;;;;x;;;;;;;;;;;;;;;;;;;;;;;;
LIB_conservative;Демократическая партия;Parti democrate;Democratic Party;;Partido Democrata;;;;;;;;;x;;;;;;;;;;;;;;;;;;;;;;;;
LIB_conservative_2;Партия вигов;Parti Whig;Whig Party;;Partido Whig;;;;;;;;;x;;;;;;;;;;;;;;;;;;;;;;;;
LIB_fascist;Фашистская партия;Parti fasciste;Fascist Party;;Partido Fascista;;;;;;;;;x;;;;;;;;;;;;;;;;;;;;;;;;
LIB_liberal;Партия реформ;Parti reformateur;Reform Party;;Partido Reformista;;;;;;;;;x;;;;;;;;;;;;;;;;;;;;;;;;
LIB_liberal_2;Панафриканская партия;Parti pan-africain;Pan-African Party;;Partido Pan-africano;;;;;;;;;x;;;;;;;;;;;;;;;;;;;;;;;;
LIB_reactionary;Националистическая партия;Parti nationaliste;Nationalist Party;;Partido Nacionalista;;;;;;;;;x;;;;;;;;;;;;;;;;;;;;;;;;
LIB_socialist;Африканская революционная партия;Parti revolutionnaire africain;African Revolutionary Party;;Partido Revolucionario Africano;;;;;;;;;x;;;;;;;;;;;;;;;;;;;;;;;;
LIP_anarcho_liberal;Радикальная рабочая партия;Arbeiterpartei radical;Radikale Arbeiterpartei;;Radical Arbeiterpartei;;;;;;;;;x;;;;;;;;;;;;;;;;;;;;;;;;
LIP_communist;Коммунистическая рабочая партия;Arbeiterpartei communiste;Kommunistische Arbeiterpartei;;Communist Arbeiterpartei;;;;;;;;;x;;;;;;;;;;;;;;;;;;;;;;;;
LIP_conservative;Партия Центра;Zentrumspartei;Zentrumspartei;;Zentrumspartei;;;;;;;;;x;;;;;;;;;;;;;;;;;;;;;;;;
LIP_conservative_2;Консервативная партия;Konservative Partei;Konservative Partei;;Konservative Partei;;;;;;;;;x;;;;;;;;;;;;;;;;;;;;;;;;
LIP_conservative_3;Христианско-социальная рабочая партия;Christsoz. Arbeiterpartei;Christsoz. Arbeiterpartei;;Christsoz. Arbeiterpartei;;;;;;;;;x;;;;;;;;;;;;;;;;;;;;;;;;
LIP_fascist;НСДП;NSDP;NSDP;;NSDP;;;;;;;;;x;;;;;;;;;;;;;;;;;;;;;;;;
LIP_liberal;Либералдем. Партия;Liberaldem. Partei;Liberaldem. Partei;;Liberaldem. Partei;;;;;;;;;x;;;;;;;;;;;;;;;;;;;;;;;;
LIP_liberal_2;Национал-либералы;Nationalliberale ;Nationalliberale ;;Nationalliberale ;;;;;;;;;x;;;;;;;;;;;;;;;;;;;;;;;;
LIP_liberal_3;Свободная партия;Freisinnige Partei;Freisinnige Partei;;Freisinnige Partei;;;;;;;;;x;;;;;;;;;;;;;;;;;;;;;;;;
LIP_reactionary;Национальная партия;Nationale Partei;Nationale Partei;;Nationale Partei;;;;;;;;;x;;;;;;;;;;;;;;;;;;;;;;;;
LIP_socialist;Немецкий рабочий союз;Deutscher Arbeiterverein;Deutscher Arbeiterverein;;Deutscher Arbeiterverein;;;;;;;;;x;;;;;;;;;;;;;;;;;;;;;;;;
LIP_socialist_2; Социал-демократическая партия.;Sozialdem. Arbeiterpartei ;Sozialdem. Arbeiterpartei ;;Sozialdem. Arbeiterpartei ;;;;;;;;;x;;;;;;;;;;;;;;;;;;;;;;;;
LIP_socialist_3; Социальная.Раб.партия;Sozial. Arbeiterpartei ;Sozial. Arbeiterpartei ;;Sozial. Arbeiterpartei ;;;;;;;;;x;;;;;;;;;;;;;;;;;;;;;;;;
LIT_anarcho_liberal;Радикальная фракция;Faction radicale;Die radikale Fraktion;;La Faccion Radical;;;;;;;;;x;;;;;;;;;;;;;;;;;;;;;;;;
LIT_communist;Коммунистическая фракция;Faction communiste;Die kommunistische Fraktion;;La Faccion Comunista;;;;;;;;;x;;;;;;;;;;;;;;;;;;;;;;;;
LIT_conservative;Королевская фракция;Faction royale;Konigsfraktion;;Faccion Real;;;;;;;;;x;;;;;;;;;;;;;;;;;;;;;;;;
LIT_fascist;Фашистская фракция;Faction fasciste;Die faschistische Fraktion;;La Faccion Fascista;;;;;;;;;x;;;;;;;;;;;;;;;;;;;;;;;;
LIT_liberal;Либеральная фракция;Faction liberale;Die liberale Fraktion;;La Faccion Liberal;;;;;;;;;x;;;;;;;;;;;;;;;;;;;;;;;;
LIT_reactionary;Националистическая фракция;Faction nationaliste;Die nationalistische Fraktion;;La Faccion Nacionalista;;;;;;;;;x;;;;;;;;;;;;;;;;;;;;;;;;
LIT_socialist;Социалистическая фракция;Faction socialiste;Die sozialistische Fraktion;;La Faccion Socialista;;;;;;;;;x;;;;;;;;;;;;;;;;;;;;;;;;
LIV_anarcho_liberal;Радикальная фракция;Faction radicale;Die radikale Fraktion;;La Faccion Radical;;;;;;;;;x;;;;;;;;;;;;;;;;;;;;;;;;
LIV_communist;Коммунистическая фракция;Faction communiste;Die kommunistische Fraktion;;La Faccion Comunista;;;;;;;;;x;;;;;;;;;;;;;;;;;;;;;;;;
LIV_conservative;Королевская фракция;Faction royale;Konigsfraktion;;Faccion Real;;;;;;;;;x;;;;;;;;;;;;;;;;;;;;;;;;
LIV_fascist;Фашистская фракция;Faction fasciste;Die faschistische Fraktion;;La Faccion Fascista;;;;;;;;;x;;;;;;;;;;;;;;;;;;;;;;;;
LIV_liberal;Либеральная фракция;Faction liberale;Die liberale Fraktion;;La Faccion Liberal;;;;;;;;;x;;;;;;;;;;;;;;;;;;;;;;;;
LIV_reactionary;Националистическая фракция;Faction nationaliste;Die nationalistische Fraktion;;La Faccion Nacionalista;;;;;;;;;x;;;;;;;;;;;;;;;;;;;;;;;;
LIV_socialist;Социалистическая фракция;Faction socialiste;Die sozialistische Fraktion;;La Faccion Socialista;;;;;;;;;x;;;;;;;;;;;;;;;;;;;;;;;;
LOM_anarcho_liberal;Радикалы;Radical;Radikali;;Radical;;;;;;;;;x;;;;;;;;;;;;;;;;;;;;;;;;
LOM_communist;Революционеры;Revoluzionari;Revoluzionari;;Revoluzionari;;;;;;;;;x;;;;;;;;;;;;;;;;;;;;;;;;
LOM_conservative;Умеренные;Transigenti;Transigenti;;Transigenti;;;;;;;;;x;;;;;;;;;;;;;;;;;;;;;;;;
LOM_fascist;Фашисты;Fasciste;Fascisti;;Fascista;;;;;;;;;x;;;;;;;;;;;;;;;;;;;;;;;;
LOM_liberal;Непримиримые;Intransigenti;Intransigenti;;Intransigenti;;;;;;;;;x;;;;;;;;;;;;;;;;;;;;;;;;
LOM_reactionary;Монархичи;Monarchisti;Monarchisti;;Monarchisti;;;;;;;;;x;;;;;;;;;;;;;;;;;;;;;;;;
LOM_reactionary_2;Каттоличи;Cattolici;Cattolici;;Cattolici;;;;;;;;;x;;;;;;;;;;;;;;;;;;;;;;;;
LOM_socialist;Социалистический;Socialisti;Socialisti;;Socialisti;;;;;;;;;x;;;;;;;;;;;;;;;;;;;;;;;;
LOS;Лос-Альтос;;;;;Los Altos;;;;;;;;x;;;;;;;;;;;;;;;;;;;;;;;;
LOS_ADJ;Лосалтан;;;;;Altenses;;;;;;;;x;;;;;;;;;;;;;;;;;;;;;;;;
LOS_conservative;Партия консерваторов;Partido Conservador;Partido Conservador;;;;;;;;;;;;x;;;;;;;;;;;;;;;;;;;;;;;
LOS_liberal;Либеральная партия;Partido Liberal;Partido Liberal;;;;;;;;;;;;x;;;;;;;;;;;;;;;;;;;;;;;
LOS_reactionary;Партидо Националист;Partido nationaliste;Partido Nationalist;;;;;;;;;;;;x;;;;;;;;;;;;;;;;;;;;;;;
LOS_anarcho_liberal;Радикальная партия;Partido Radical;Partido Radical;;;;;;;;;;;;x;;;;;;;;;;;;;;;;;;;;;;;
LOS_socialist;Социалистическая партия;Partido socialiste;Partido Socialist;;;;;;;;;;;;x;;;;;;;;;;;;;;;;;;;;;;;
LOS_communist;Партидо коммунист;Partido communiste;Partido Communist;;;;;;;;;;;;x;;;;;;;;;;;;;;;;;;;;;;;
LOS_fascist;Фашистская партия;Partido fasciste;Partido Fascist;;;;;;;;;;;;x;;;;;;;;;;;;;;;;;;;;;;;
LUA_anarcho_liberal;Радикальная фракция;Faction radicale;Die radikale Fraktion;;La Faccion Radical;;;;;;;;;x;;;;;;;;;;;;;;;;;;;;;;;;
LUA_communist;Коммунистическая фракция;Faction communiste;Die kommunistische Fraktion;;La Faccion Comunista;;;;;;;;;x;;;;;;;;;;;;;;;;;;;;;;;;
LUA_conservative;Королевская фракция;Faction royale;Konigsfraktion;;Faccion Real;;;;;;;;;x;;;;;;;;;;;;;;;;;;;;;;;;
LUA_fascist;Фашистская фракция;Faction fasciste;Die faschistische Fraktion;;La Faccion Fascista;;;;;;;;;x;;;;;;;;;;;;;;;;;;;;;;;;
LUA_liberal;Либеральная фракция;Faction liberale;Die liberale Fraktion;;La Faccion Liberal;;;;;;;;;x;;;;;;;;;;;;;;;;;;;;;;;;
LUA_reactionary;Националистическая фракция;Faction nationaliste;Die nationalistische Fraktion;;La Faccion Nacionalista;;;;;;;;;x;;;;;;;;;;;;;;;;;;;;;;;;
LUA_socialist;Социалистическая фракция;Faction socialiste;Die sozialistische Fraktion;;La Faccion Socialista;;;;;;;;;x;;;;;;;;;;;;;;;;;;;;;;;;
LUB_anarcho_liberal;Радикальная рабочая партия;Arbeiterpartei radical;Radikale Arbeiterpartei;;Radical Arbeiterpartei;;;;;;;;;x;;;;;;;;;;;;;;;;;;;;;;;;
LUB_communist;Коммунистическая рабочая партия;Arbeiterpartie communiste;Kommunistische Arbeiterpartei;;Communist Arbeiterpartie;;;;;;;;;x;;;;;;;;;;;;;;;;;;;;;;;;
LUB_conservative;Партия Центра;Zentrumspartei;Zentrumspartei;;Zentrumspartei;;;;;;;;;x;;;;;;;;;;;;;;;;;;;;;;;;
LUB_conservative_2;Консервативная партия;Konservative Partei;Konservative Partei;;Konservative Partei;;;;;;;;;x;;;;;;;;;;;;;;;;;;;;;;;;
LUB_conservative_3;Христианско-социальная рабочая партия;Christsoz. Arbeiterpartei;Christsoz. Arbeiterpartei;;Christsoz. Arbeiterpartei;;;;;;;;;x;;;;;;;;;;;;;;;;;;;;;;;;
LUB_fascist;НСДП;NSDP;NSDP;;NSDP;;;;;;;;;x;;;;;;;;;;;;;;;;;;;;;;;;
LUB_liberal;Либералдем. Партия;Liberaldem. Partei;Liberaldem. Partei;;Liberaldem. Partei;;;;;;;;;x;;;;;;;;;;;;;;;;;;;;;;;;
LUB_liberal_2;Национал-либералы;Nationalliberale ;Nationalliberale ;;Nationalliberale ;;;;;;;;;x;;;;;;;;;;;;;;;;;;;;;;;;
LUB_liberal_3;Свободная партия;Freisinnige Partei;Freisinnige Partei;;Freisinnige Partei;;;;;;;;;x;;;;;;;;;;;;;;;;;;;;;;;;
LUB_reactionary;Национальная партия;Nationale Partei;Nationale Partei;;Nationale Partei;;;;;;;;;x;;;;;;;;;;;;;;;;;;;;;;;;
LUB_socialist;Немецкий рабочий союз;Deutscher Arbeiterverein;Deutscher Arbeiterverein;;Deutscher Arbeiterverein;;;;;;;;;x;;;;;;;;;;;;;;;;;;;;;;;;
LUB_socialist_2; Социал-демократическая партия.;Sozialdem. Arbeiterpartei ;Sozialdem. Arbeiterpartei ;;Sozialdem. Arbeiterpartei ;;;;;;;;;x;;;;;;;;;;;;;;;;;;;;;;;;
LUB_socialist_3; Социальная.Раб.партия;Sozial. Arbeiterpartei ;Sozial. Arbeiterpartei ;;Sozial. Arbeiterpartei ;;;;;;;;;x;;;;;;;;;;;;;;;;;;;;;;;;
LUC_anarcho_liberal;Радикалы;Radical;Radikali;;Radical;;;;;;;;;x;;;;;;;;;;;;;;;;;;;;;;;;
LUC_communist;Коммунисты;Communiste;Communisti;;Comunista;;;;;;;;;x;;;;;;;;;;;;;;;;;;;;;;;;
LUC_conservative; Модераторы;Moderati ;Moderati;;Moderati ;;;;;;;;;x;;;;;;;;;;;;;;;;;;;;;;;;
LUC_fascist;Фашисты;Fasciste;Fascisti;;Fascista;;;;;;;;;x;;;;;;;;;;;;;;;;;;;;;;;;
LUC_liberal; Риформисты;Reformisti ;Reformisti;;Reformisti ;;;;;;;;;x;;;;;;;;;;;;;;;;;;;;;;;;
LUC_liberal_2;Либеральный;Liberale;Liberali;;Liberale;;;;;;;;;x;;;;;;;;;;;;;;;;;;;;;;;;
LUC_reactionary;Реставраторы;Ristorazionista;Ristorazionista;;Ristorazionista;;;;;;;;;x;;;;;;;;;;;;;;;;;;;;;;;;
LUC_socialist;Социалистический;Sozialisti;Sozialisti;;Sozialisti;;;;;;;;;x;;;;;;;;;;;;;;;;;;;;;;;;
LUN_anarcho_liberal_93;Либертарианская фракция;;;;;;;;;;;;;x;;;;;;;;;;;;;;;;;;;;;;;;
LUN_communist_86;Фракция коммунистов;;;;;;;;;;;;;x;;;;;;;;;;;;;;;;;;;;;;;;
LUN_conservative_92;Королевская фракция;;;;;;;;;;;;;x;;;;;;;;;;;;;;;;;;;;;;;;
LUN_fascist_72;Фашистская фракция;;;;;;;;;;;;;x;;;;;;;;;;;;;;;;;;;;;;;;
LUN_liberal_79;Либеральная фракция;;;;;;;;;;;;;x;;;;;;;;;;;;;;;;;;;;;;;;
LUN_liberal_87;Фракция реформ;;;;;;;;;;;;x;;;;;;;;;;;;;;;;;;;;;;;;;
LUN_reactionary_84;Фракция Империи;;;;;;;;;;;;;x;;;;;;;;;;;;;;;;;;;;;;;;
LUN_socialist_85;Социалистическая фракция;;;;;;;;;;;;;x;;;;;;;;;;;;;;;;;;;;;;;;
LUN_socialist_99;Фракция национал-социалистов;;;;;;;;;;;;;x;;;;;;;;;;;;;;;;;;;;;;;;
LUX_anarcho_liberal;Радикальная фракция;Radical Fraktion;Radikale Fraktion;;Radical Fraktion;;;;;;;;;x;;;;;;;;;;;;;;;;;;;;;;;;
LUX_communist;Коммунистическая фракция;Communist Fraktion;Kommunistische Fraktion;;Communist Fraktion;;;;;;;;;x;;;;;;;;;;;;;;;;;;;;;;;;
LUX_conservative;Консервативная фракция;Konservative Fraktion;Konservative Fraktion;;Konservative Fraktion;;;;;;;;;x;;;;;;;;;;;;;;;;;;;;;;;;
LUX_fascist;Фашистская Фракция;Fascist Fraktion;Faschistische Fraktion;;Fascist Fraktion;;;;;;;;;x;;;;;;;;;;;;;;;;;;;;;;;;
LUX_liberal;Либеральная фракция;Liberale Fraktion;Liberale Fraktion;;Liberale Fraktion;;;;;;;;;x;;;;;;;;;;;;;;;;;;;;;;;;
LUX_reactionary;Националистическая фракция;Nationalist Fraktion;Nationalistische Fraktion;;Nationalist Fraktion;;;;;;;;;x;;;;;;;;;;;;;;;;;;;;;;;;
LUX_socialist;Социалистическая фракция;Sozialist Fraktion;Sozialistische Fraktion;;Sozialist Fraktion;;;;;;;;;x;;;;;;;;;;;;;;;;;;;;;;;;
MAD_anarcho_liberal;Радикальная фракция;Faction radicale;Die radikale Fraktion;;La Faccion Radical;;;;;;;;;x;;;;;;;;;;;;;;;;;;;;;;;;
MAD_communist;Коммунистическая фракция;Faction communiste;Die kommunistische Fraktion;;La Faccion Comunista;;;;;;;;;x;;;;;;;;;;;;;;;;;;;;;;;;
MAD_conservative;Королевская фракция;Faction royale;Konigsfraktion;;Faccion Real;;;;;;;;;x;;;;;;;;;;;;;;;;;;;;;;;;
MAD_fascist;Фашистская фракция;Faction fasciste;Die faschistische Fraktion;;La Faccion Fascista;;;;;;;;;x;;;;;;;;;;;;;;;;;;;;;;;;
MAD_liberal;Либеральная фракция;Faction liberale;Die liberale Fraktion;;La Faccion Liberal;;;;;;;;;x;;;;;;;;;;;;;;;;;;;;;;;;
MAD_reactionary;Националистическая фракция;Faction nationaliste;Die nationalistische Fraktion;;La Faccion Nacionalista;;;;;;;;;x;;;;;;;;;;;;;;;;;;;;;;;;
MAD_socialist;Социалистическая фракция;Faction socialiste;Die sozialistische Fraktion;;La Faccion Socialista;;;;;;;;;x;;;;;;;;;;;;;;;;;;;;;;;;
MAK_anarcho_liberal;Радикальная фракция;Faction radicale;Die radikale Fraktion;;La Faccion Radical;;;;;;;;;x;;;;;;;;;;;;;;;;;;;;;;;;
MAK_communist;Коммунистическая фракция;Faction communiste;Die kommunistische Fraktion;;La Faccion Comunista;;;;;;;;;x;;;;;;;;;;;;;;;;;;;;;;;;
MAK_conservative;Королевская фракция;Faction royale;Konigsfraktion;;Faccion Real;;;;;;;;;x;;;;;;;;;;;;;;;;;;;;;;;;
MAK_fascist;Фашистская фракция;Faction fasciste;Die faschistische Fraktion;;La Faccion Fascista;;;;;;;;;x;;;;;;;;;;;;;;;;;;;;;;;;
MAK_liberal;Либеральная фракция;Faction liberale;Die liberale Fraktion;;La Faccion Liberal;;;;;;;;;x;;;;;;;;;;;;;;;;;;;;;;;;
MAK_reactionary;Националистическая фракция;Faction nationaliste;Die nationalistische Fraktion;;La Faccion Nacionalista;;;;;;;;;x;;;;;;;;;;;;;;;;;;;;;;;;
MAK_socialist;Социалистическая фракция;Faction socialiste;Die sozialistische Fraktion;;La Faccion Socialista;;;;;;;;;x;;;;;;;;;;;;;;;;;;;;;;;;
MAN_anarcho_liberal;Радикальный;Radical;Radikale;;Radical;;;;;;;;;x;;;;;;;;;;;;;;;;;;;;;;;;
MAN_communist;коммунист;Communiste;Kommunistisch;;Comunista;;;;;;;;;x;;;;;;;;;;;;;;;;;;;;;;;;
MAN_conservative;Реюнионист;Reunioniste;Reunionisten;;Reunionista;;;;;;;;;x;;;;;;;;;;;;;;;;;;;;;;;;
MAN_fascist;фашистский;Fasciste;Faschisten;;Fascista;;;;;;;;;x;;;;;;;;;;;;;;;;;;;;;;;;
MAN_liberal;Таммани Холл;Tammany Hall;Tammany Hall;;Tammany Hall;;;;;;;;;x;;;;;;;;;;;;;;;;;;;;;;;;
MAN_reactionary;Националист;Nationaliste;Nationalisten;;Nacionalista;;;;;;;;;x;;;;;;;;;;;;;;;;;;;;;;;;
MAN_socialist;Независимый коммунист;Communiste independant;Unabhangige Kommunisten;;Comunista Independiente;;;;;;;;;x;;;;;;;;;;;;;;;;;;;;;;;;
MAP_anarcho_liberal;Либертарианская партия;Partido Federalista;Partido Federalista;;;Partido Federalista;;;;;;;;x;;;;;;;;;;;;;;;;;;;;;;;;
MAP_communist;Коммунистическая партия;Partido communiste;Partido Communist;;;Partido Comunista;;;;;;;;x;;;;;;;;;;;;;;;;;;;;;;;;
MAP_conservative;Консервативная партия;Partido Conservador;Partido Conservador;;;Partido Conservador;;;;;;;;x;;;;;;;;;;;;;;;;;;;;;;;;
MAP_fascist;Фашистская партия;Partido fasciste;Partido Fascist;;;Partido Fascista;;;;;;;;x;;;;;;;;;;;;;;;;;;;;;;;;
MAP_liberal;Либеральная партия;Partido Liberal;Partido Liberal;;;Partido Liberal;;;;;;;;x;;;;;;;;;;;;;;;;;;;;;;;;
MAP_reactionary;Радикальная Партия;Partido Imperialista;Partido Imperialista;;;Partido Imperialista;;;;;;;;x;;;;;;;;;;;;;;;;;;;;;;;;
MAP_socialist;Социалистическая партия;Partido socialiste;Partido Socialist;;;Partido Socialista;;;;;;;;x;;;;;;;;;;;;;;;;;;;;;;;;
MAS_anarcho_liberal;Либертарианская фракция;;;;;;;;;;;;;;x;;;;;;;;;;;;;;;;;;;;;;;
MAS_communist;Фракция коммунистов;;;;;;;;;;;;;;x;;;;;;;;;;;;;;;;;;;;;;;
MAS_conservative;Королевская фракция;;;;;;;;;;;;;;x;;;;;;;;;;;;;;;;;;;;;;;
MAS_fascist;Фашистская фракция;;;;;;;;;;;;;;x;;;;;;;;;;;;;;;;;;;;;;;
MAS_liberal;Либеральная фракция;;;;;;;;;;;;;;x;;;;;;;;;;;;;;;;;;;;;;;
MAS_reactionary;Джихадисты;;;;;;;;;;;;;;x;;;;;;;;;;;;;;;;;;;;;;;
MAS_socialist;Социалистическая фракция;;;;;;;;;;;;;;x;;;;;;;;;;;;;;;;;;;;;;;
MCK_anarcho_liberal;Очень маловероятный кандидат;Un candidat tres improbable;Ein ausserst merkwurdiger Kandidat;;Un candidato muy improbable;;;;;;;;;x;;;;;;;;;;;;;;;;;;;;;;;;
MCK_communist;Коммунистическая партия Китая;Parti communiste chinois;Kommunistische Partei China;;Partido Comunista Chino;;;;;;;;;x;;;;;;;;;;;;;;;;;;;;;;;;
MCK_conservative;Дворцовая фракция;Faction palatiale;Palastfraktion;;Faccion Palaciega;;;;;;;;;x;;;;;;;;;;;;;;;;;;;;;;;;
MCK_fascist;Фашистская партия;Parti fasciste;Faschistische Partei;;Partido Fascista;;;;;;;;;x;;;;;;;;;;;;;;;;;;;;;;;;
MCK_liberal;Либеральная партия;Parti liberal;Liberale Partei;;Partido Liberal;;;;;;;;;x;;;;;;;;;;;;;;;;;;;;;;;;
MCK_reactionary;Фракция Реставрации;Faction de la restauration;Restaurationsfraktion;;Faccion de la Restauracion;;;;;;;;;x;;;;;;;;;;;;;;;;;;;;;;;;
MCK_socialist;Маньчжурская социалистическая партия;Parti socialiste mandchou;Sozialistische Partei Mandschurei;;Partido Socialista Manchu;;;;;;;;;x;;;;;;;;;;;;;;;;;;;;;;;;
MEC_anarcho_liberal;Радикальная рабочая партия;Arbeieterpartei radical;Radical Arbeiterpartei;;Radical Arbeieterpartei;;;;;;;;;x;;;;;;;;;;;;;;;;;;;;;;;;
MEC_communist;Коммунистическая рабочая партия;Arbeiterpartei communiste;Kommunistische Arbeiterpartei;;Communist Arbeiterpartei;;;;;;;;;x;;;;;;;;;;;;;;;;;;;;;;;;
MEC_conservative;Партия Центра;Zentrumspartei;Zentrumspartei;;Zentrumspartei;;;;;;;;;x;;;;;;;;;;;;;;;;;;;;;;;;
MEC_conservative_2;Консервативная партия;Konservative Partei;Konservative Partei;;Konservative Partei;;;;;;;;;x;;;;;;;;;;;;;;;;;;;;;;;;
MEC_conservative_3;Христианско-социальная рабочая партия;Christsoz. Arbeiterpartei;Christsoz. Arbeiterpartei;;Christsoz. Arbeiterpartei;;;;;;;;;x;;;;;;;;;;;;;;;;;;;;;;;;
MEC_fascist;НСДП;NSDP;NSDP;;NSDP;;;;;;;;;x;;;;;;;;;;;;;;;;;;;;;;;;
MEC_liberal;Либералдем. Партия;Liberaldem. Partei;Liberaldem. Partei;;Liberaldem. Partei;;;;;;;;;x;;;;;;;;;;;;;;;;;;;;;;;;
MEC_liberal_2;Национал-либералы;Nationalliberale ;Nationalliberale ;;Nationalliberale ;;;;;;;;;x;;;;;;;;;;;;;;;;;;;;;;;;
MEC_liberal_3;Свободная партия;Freisinnige Partei;Freisinnige Partei;;Freisinnige Partei;;;;;;;;;x;;;;;;;;;;;;;;;;;;;;;;;;
MEC_reactionary;Национальная партия;Nationale Partei;Nationale Partei;;Nationale Partei;;;;;;;;;x;;;;;;;;;;;;;;;;;;;;;;;;
MEC_socialist;Немецкий рабочий союз;Deutscher Arbeiterverein;Deutscher Arbeiterverein;;Deutscher Arbeiterverein;;;;;;;;;x;;;;;;;;;;;;;;;;;;;;;;;;
MEC_socialist_2; Социал-демократическая партия.;Sozialdem. Arbeiterpartei ;Sozialdem. Arbeiterpartei ;;Sozialdem. Arbeiterpartei ;;;;;;;;;x;;;;;;;;;;;;;;;;;;;;;;;;
MEC_socialist_3; Социальная.Раб.партия;Sozial. Arbeiterpartei ;Sozial. Arbeiterpartei ;;Sozial. Arbeiterpartei ;;;;;;;;;x;;;;;;;;;;;;;;;;;;;;;;;;
MEI_anarcho_liberal;Радикальная рабочая партия;Arbeiterpartei radical;Radikale Arbeiterpartei;;Radical Arbeiterpartei;;;;;;;;;x;;;;;;;;;;;;;;;;;;;;;;;;
MEI_communist;Коммунистическая рабочая партия;Communiste Arneiterpartei;Communist Arbeiterpartei;;Communist Arneiterpartei;;;;;;;;;x;;;;;;;;;;;;;;;;;;;;;;;;
MEI_conservative;Партия Центра;Zentrumspartei;Zentrumspartei;;Zentrumspartei;;;;;;;;;x;;;;;;;;;;;;;;;;;;;;;;;;
MEI_conservative_2;Консервативная партия;Konservative Partei;Konservative Partei;;Konservative Partei;;;;;;;;;x;;;;;;;;;;;;;;;;;;;;;;;;
MEI_conservative_3;Христианско-социальная рабочая партия;Christsoz. Arbeiterpartei;Christsoz. Arbeiterpartei;;Christsoz. Arbeiterpartei;;;;;;;;;x;;;;;;;;;;;;;;;;;;;;;;;;
MEI_fascist;НСДП;NSDP;NSDP;;NSDP;;;;;;;;;x;;;;;;;;;;;;;;;;;;;;;;;;
MEI_liberal;Либералдем. Партия;Liberaldem. Partei;Liberaldem. Partei;;Liberaldem. Partei;;;;;;;;;x;;;;;;;;;;;;;;;;;;;;;;;;
MEI_liberal_2;Национал-либералы;Nationalliberale ;Nationalliberale ;;Nationalliberale ;;;;;;;;;x;;;;;;;;;;;;;;;;;;;;;;;;
MEI_liberal_3;Свободная партия;Freisinnige Partei;Freisinnige Partei;;Freisinnige Partei;;;;;;;;;x;;;;;;;;;;;;;;;;;;;;;;;;
MEI_reactionary;Национальная партия;Nationale Partei;Nationale Partei;;Nationale Partei;;;;;;;;;x;;;;;;;;;;;;;;;;;;;;;;;;
MEI_socialist;Немецкий рабочий союз;Deutscher Arbeiterverein;Deutscher Arbeiterverein;;Deutscher Arbeiterverein;;;;;;;;;x;;;;;;;;;;;;;;;;;;;;;;;;
MEI_socialist_2; Социал-демократическая партия.;Sozialdem. Arbeiterpartei ;Sozialdem. Arbeiterpartei ;;Sozialdem. Arbeiterpartei ;;;;;;;;;x;;;;;;;;;;;;;;;;;;;;;;;;
MEI_socialist_3; Социальная.Раб.партия;Sozial. Arbeiterpartei ;Sozial. Arbeiterpartei ;;Sozial. Arbeiterpartei ;;;;;;;;;x;;;;;;;;;;;;;;;;;;;;;;;;
MEW_anarcho_liberal;Радикальная фракция;Faction radicale;Die radikale Fraktion;;La Faccion Radical;;;;;;;;;x;;;;;;;;;;;;;;;;;;;;;;;;
MEW_communist;Коммунистическая фракция;Faction communiste;Die kommunistische Fraktion;;La Faccion Comunista;;;;;;;;;x;;;;;;;;;;;;;;;;;;;;;;;;
MEW_conservative;Королевская фракция;Faction royale;Konigsfraktion;;Faccion Real;;;;;;;;;x;;;;;;;;;;;;;;;;;;;;;;;;
MEW_fascist;Фашистская фракция;Faction fasciste;Die faschistische Fraktion;;La Faccion Fascista;;;;;;;;;x;;;;;;;;;;;;;;;;;;;;;;;;
MEW_liberal;Либеральная фракция;Faction liberale;Die liberale Fraktion;;La Faccion Liberal;;;;;;;;;x;;;;;;;;;;;;;;;;;;;;;;;;
MEW_reactionary;Националистическая фракция;Faction nationaliste;Die nationalistische Fraktion;;La Faccion Nacionalista;;;;;;;;;x;;;;;;;;;;;;;;;;;;;;;;;;
MEW_socialist;Социалистическая фракция;Faction socialiste;Die sozialistische Fraktion;;La Faccion Socialista;;;;;;;;;x;;;;;;;;;;;;;;;;;;;;;;;;
MEX_anarcho_liberal;Федералистская партия;Partido Federalista;Partido Federalista;;Partido Federalista;;;;;;;;;x;;;;;;;;;;;;;;;;;;;;;;;;
MEX_anarcho_liberal_2;Новая Альянса;Partido Federalista;Partido Federalista;;Partido Federalista;;;;;;;;;x;;;;;;;;;;;;;;;;;;;;;;;;
MEX_communist;Мексиканская коммунистическая партия;Partido Comunista Mexicano;Partido Comunista Mexicano;;Partido Comunista;;;;;;;;;x;;;;;;;;;;;;;;;;;;;;;;;;
MEX_communist_2;Мексиканская либеральная партия;Partido Comunista Mexicano;Partido Comunista Mexicano;;Partido Comunista;;;;;;;;;x;;;;;;;;;;;;;;;;;;;;;;;;
MEX_communist_3;Объединенная социалистическая партия Мексики;Partido Comunista Mexicano;Partido Comunista Mexicano;;Partido Comunista;;;;;;;;;x;;;;;;;;;;;;;;;;;;;;;;;;
MEX_communist_4;Партия труда;Partido Comunista Mexicano;Partido Comunista Mexicano;;Partido Comunista;;;;;;;;;x;;;;;;;;;;;;;;;;;;;;;;;;
MEX_conservative;Партия консерваторов;Partido Conservador;Partido Conservador;;Partido Conservador;;;;;;;;;x;;;;;;;;;;;;;;;;;;;;;;;;
MEX_conservative_2;Партия умеренно либеральная;Partido Moderado Liberal;Partido Moderado Liberal;;Partido Moderado Liberal;;;;;;;;;x;;;;;;;;;;;;;;;;;;;;;;;;
MEX_conservative_3;Партия Конституционалиста;Partido Constitucionalista;Partido Constitucionalista;;Partido Constitucionalista;;;;;;;;;x;;;;;;;;;;;;;;;;;;;;;;;;
MEX_conservative_4;Эль Порфириато;Partido Constitucionalista;Partido Constitucionalista;;Partido Constitucionalista;;;;;;;;;x;;;;;;;;;;;;;;;;;;;;;;;;
MEX_conservative_5;Институциональная революционная партия;Partido Constitucionalista;Partido Constitucionalista;;Partido Constitucionalista;;;;;;;;;x;;;;;;;;;;;;;;;;;;;;;;;;
MEX_conservative_6;Зеленая экологическая партия Мексики;Partido Constitucionalista;Partido Constitucionalista;;Partido Constitucionalista;;;;;;;;;x;;;;;;;;;;;;;;;;;;;;;;;;
MEX_conservative_7;Институциональная революционная партия;Partido Constitucionalista;Partido Constitucionalista;;Partido Constitucionalista;;;;;;;;;x;;;;;;;;;;;;;;;;;;;;;;;;
MEX_conservative_8;Партия демократического центра;Partido Constitucionalista;Partido Constitucionalista;;Partido Constitucionalista;;;;;;;;;x;;;;;;;;;;;;;;;;;;;;;;;;
MEX_conservative_9;Демократия Социальная;Partido Constitucionalista;Partido Constitucionalista;;Partido Constitucionalista;;;;;;;;;x;;;;;;;;;;;;;;;;;;;;;;;;
MEX_conservative_10;Партия социальной встречи;Partido Constitucionalista;Partido Constitucionalista;;Partido Constitucionalista;;;;;;;;;x;;;;;;;;;;;;;;;;;;;;;;;;
MEX_fascist;Фашистская партия;Partido fasciste;Partido Fascist;;Partido Fascista;;;;;;;;;x;;;;;;;;;;;;;;;;;;;;;;;;
MEX_liberal;Либеральная партия;Partido Liberal;Partido Liberal;;Partido Liberal;;;;;;;;;x;;;;;;;;;;;;;;;;;;;;;;;;
MEX_liberal_2;Партия радикальных либералов;Partido Radical Liberal;Partido Radical Liberal;;Partido Radical Liberal;;;;;;;;;x;;;;;;;;;;;;;;;;;;;;;;;;
MEX_liberal_3;Прогрессивная партия;Partido Progresista;Partido Progresista;;Partido Progresista;;;;;;;;;x;;;;;;;;;;;;;;;;;;;;;;;;
MEX_liberal_4;Партия Антиперевыборная;Partido Antireelecionista;Partido Antireelecionista;;Partido Antireelecionista;;;;;;;;;x;;;;;;;;;;;;;;;;;;;;;;;;
MEX_liberal_5;Partido Acciуn Nacional;Partido Progresista;Partido Progresista;;Partido Progresista;;;;;;;;;x;;;;;;;;;;;;;;;;;;;;;;;;
MEX_liberal_6;Гуманистическая партия;Partido Progresista;Partido Progresista;;Partido Progresista;;;;;;;;;x;;;;;;;;;;;;;;;;;;;;;;;;
MEX_reactionary;Партидо Империалист;Partido Imperialista;Partido Imperialista;;Partido Imperialista;;;;;;;;;x;;;;;;;;;;;;;;;;;;;;;;;;
MEX_socialist;Социалистическая партия;Partido socialiste;Partido Socialist;;Partido Socialista;;;;;;;;;x;;;;;;;;;;;;;;;;;;;;;;;;
MEX_socialist_2;Национально-революционная партия;Partido socialiste;Partido Socialist;;Partido Socialista;;;;;;;;;x;;;;;;;;;;;;;;;;;;;;;;;;
MEX_socialist_3;Партия мексиканской революции;Partido socialiste;Partido Socialist;;Partido Socialista;;;;;;;;;x;;;;;;;;;;;;;;;;;;;;;;;;
MEX_socialist_4;Институциональная революционная партия;Partido socialiste;Partido Socialist;;Partido Socialista;;;;;;;;;x;;;;;;;;;;;;;;;;;;;;;;;;
MEX_socialist_5;Partido Aut?ntico de la Revoluciуn Mexicana;Partido socialiste;Partido Socialist;;Partido Socialista;;;;;;;;;x;;;;;;;;;;;;;;;;;;;;;;;;
MEX_socialist_6;Патриотическая партия Мексики;Partido socialiste;Partido Socialist;;Partido Socialista;;;;;;;;;x;;;;;;;;;;;;;;;;;;;;;;;;
MEX_socialist_7;Мексиканская партия трудящихся;Partido socialiste;Partido Socialist;;Partido Socialista;;;;;;;;;x;;;;;;;;;;;;;;;;;;;;;;;;
MEX_socialist_8;Мексиканская социалистическая партия;Partido socialiste;Partido Socialist;;Partido Socialista;;;;;;;;;x;;;;;;;;;;;;;;;;;;;;;;;;
MEX_socialist_9;Партия демократической революции;Partido socialiste;Partido Socialist;;Partido Socialista;;;;;;;;;x;;;;;;;;;;;;;;;;;;;;;;;;
MEX_socialist_10;Движение Ciudadano;Partido socialiste;Partido Socialist;;Partido Socialista;;;;;;;;;x;;;;;;;;;;;;;;;;;;;;;;;;
MEX_socialist_11;Национальное движение возрождения;Partido socialiste;Partido Socialist;;Partido Socialista;;;;;;;;;x;;;;;;;;;;;;;;;;;;;;;;;;
MGH_anarcho_liberal;Республиканская народная партия;x;;;;;;;;;;;;;;;;;;;;;;;;;;;;;;;;;;;;
MGH_communist;Коммунистическая партия действия;x;;;;;;;;;;;;;;;;;;;;;;;;;;;;;;;;;;;;
MGH_conservative;Партия устойчивого развития;x;;;;;;;;;;;;;;;;;;;;;;;;;;;;;;;;;;;;
MGH_fascist;Заказать Маринитов;x;;;;;;;;;;;;;;;;;;;;;;;;;;;;;;;;;;;;
MGH_liberal;Федералистская демократическая партия;x;;;;;;;;;;;;;;;;;;;;;;;;;;;;;;;;;;;;
MGH_reactionary;Орден Муслим Сенуситов;x;;;;;;;;;;;;;;;;;;;;;;;;;;;;;;;;;;;;
MGH_socialist;Баас;x;;;;;;;;;;;;;;;;;;;;;;;;;;;;;;;;;;;;
MGL_anarcho_liberal;Партия Свободы;Parti de la liberte;Freiheitspartei;;Partido Libertario;;;;;;;;;x;;;;;;;;;;;;;;;;;;;;;;;;
MGL_communist;Коммунистическая партия;Parti communiste ;Kommunistische Partei;;Partido Comunista;;;;;;;;;x;;;;;;;;;;;;;;;;;;;;;;;;
MGL_conservative;Консервативная партия;Parti conservateur;Konservative Partei;;Partido Conservador;;;;;;;;;x;;;;;;;;;;;;;;;;;;;;;;;;
MGL_fascist;Партия Единства;Parti unitaire;Einheitspartei;;Partido de la Unidad;;;;;;;;;x;;;;;;;;;;;;;;;;;;;;;;;;
MGL_liberal;Либеральная партия;Parti liberal;Liberale Partei;;Partido Liberal;;;;;;;;;x;;;;;;;;;;;;;;;;;;;;;;;;
MGL_reactionary;Фракция Ламы;Faction Lama;Lama-Fraktion;;Faccion Lama;;;;;;;;;x;;;;;;;;;;;;;;;;;;;;;;;;
MGL_socialist;Социалистическая партия;Parti socialiste;Sozialistische Partei;;Partido Socialista;;;;;;;;;x;;;;;;;;;;;;;;;;;;;;;;;;
MIC_anarcho_liberal_93;Радикальные либералы;Radical Liberals;Radical Liberals;;;;;;;;;;;x;;;;;;;;;;;;;;;;;;;;;;;;
MIC_communist_86;коммунисты;Communists;Communists;;;;;;;;;;;x;;;;;;;;;;;;;;;;;;;;;;;;
MIC_conservative_92;Консерваторы;Conservatives;Conservatives;;;;;;;;;;;x;;;;;;;;;;;;;;;;;;;;;;;;
MIC_fascist_72;Фашисты;Fascists;Fascists;;;;;;;;;;;x;;;;;;;;;;;;;;;;;;;;;;;;
MIC_liberal_79;либералы;Liberals;Liberals;;;;;;;;;;;x;;;;;;;;;;;;;;;;;;;;;;;;
MIC_liberal_87;Национал-либералы;National Liberals;National Liberals;;;;;;;;;;;x;;;;;;;;;;;;;;;;;;;;;;;;
MIC_reactionary_84;Монархическое лидерство;Monarchy Leadership;Monarchy Leadership;;;;;;;;;;;x;;;;;;;;;;;;;;;;;;;;;;;;
MIC_socialist_85;Социалисты;Socialists;Socialists;;;;;;;;;;;x;;;;;;;;;;;;;;;;;;;;;;;;
MIC_socialist_99;Национал-социалисты;National Socialists;National Socialists;;;;;;;;;;;x;;;;;;;;;;;;;;;;;;;;;;;;
MOD_anarcho_liberal;Радикалы;Radical;Radikali;;Radical;;;;;;;;;x;;;;;;;;;;;;;;;;;;;;;;;;
MOD_communist;Коммунисты;Communiste;Communisti;;Comunista;;;;;;;;;x;;;;;;;;;;;;;;;;;;;;;;;;
MOD_conservative;Модераторы;Moderati;Moderati;;Moderati;;;;;;;;;x;;;;;;;;;;;;;;;;;;;;;;;;
MOD_fascist;Фашисты;Fasciste;Fascisti;;Fascista;;;;;;;;;x;;;;;;;;;;;;;;;;;;;;;;;;
MOD_liberal;Реформисты;Reformisti;Reformisti;;Reformisti;;;;;;;;;x;;;;;;;;;;;;;;;;;;;;;;;;
MOD_liberal_2;Либеральный;Liberale;Liberali;;Liberale;;;;;;;;;x;;;;;;;;;;;;;;;;;;;;;;;;
MOD_reactionary;Реставраторы;Ristorazionista;Ristorazionista;;Ristorazionista;;;;;;;;;x;;;;;;;;;;;;;;;;;;;;;;;;
MOD_socialist;Социалистический;Sozialisti;Sozialisti;;Sozialisti;;;;;;;;;x;;;;;;;;;;;;;;;;;;;;;;;;
MOL_anarcho_liberal;Партидул Радикальный;Partidul radical;Partidul Radical;;Partidul Radical;;;;;;;;;x;;;;;;;;;;;;;;;;;;;;;;;;
MOL_communist;Партия коммунистов;Partidul communiste;Partidul Communist;;Partidul Communist;;;;;;;;;x;;;;;;;;;;;;;;;;;;;;;;;;
MOL_conservative;Партитул Консерватор;Partidul Conservator;Partidul Conservator;;Partidul Conservator;;;;;;;;;x;;;;;;;;;;;;;;;;;;;;;;;;
MOL_conservative_2;Партидул Таранесц;Partidul Taranesc;Partidul Taranesc;;Partidul Taranesc;;;;;;;;;x;;;;;;;;;;;;;;;;;;;;;;;;
MOL_conservative_3;Партия консерваторов-демократов;Partidul conservateur-democrate;Partidul Conservator Democrat;;Partidul Conservator Democrat;;;;;;;;;x;;;;;;;;;;;;;;;;;;;;;;;;
MOL_fascist;Гарда де Фиер;Garda de Fier;Garda de Fier;;Garda de Fier;;;;;;;;;x;;;;;;;;;;;;;;;;;;;;;;;;
MOL_liberal;Национальная партия;Partida Nationala;Partida Nationala;;Partida Nationala;;;;;;;;;x;;;;;;;;;;;;;;;;;;;;;;;;
MOL_liberal_2;Либеральная партия;Partidul liberal;Partidul Liberal;;Partidul Liberal;;;;;;;;;x;;;;;;;;;;;;;;;;;;;;;;;;
MOL_reactionary;Партия Боеряска;Partida Boiereasca;Partida Boiereasca;;Partida Boiereasca;;;;;;;;;x;;;;;;;;;;;;;;;;;;;;;;;;
MOL_reactionary_2;Партия национал-демократов;Partidul nationaliste-democrate;Partidul Nationalist Democrat;;Partidul Nationalist Democrat;;;;;;;;;x;;;;;;;;;;;;;;;;;;;;;;;;
MOL_socialist;Социал-демократическая партия;Partidul social-democrate;Partidul Social Democrat;;Partidul Social Democrat;;;;;;;;;x;;;;;;;;;;;;;;;;;;;;;;;;
MON_anarcho_liberal;Радикальная фракция;Faction radicale;Die radikale Fraktion;;La Faccion Radical;;;;;;;;;x;;;;;;;;;;;;;;;;;;;;;;;;
MON_communist;Коммунистическая фракция;Faction communiste;Die kommunistische Fraktion;;La Faccion Comunista;;;;;;;;;x;;;;;;;;;;;;;;;;;;;;;;;;
MON_conservative;Королевская фракция;Faction royale;Konigsfraktion;;Faccion Real;;;;;;;;;x;;;;;;;;;;;;;;;;;;;;;;;;
MON_fascist;Фашистская фракция;Faction fasciste;Die faschistische Fraktion;;La Faccion Fascista;;;;;;;;;x;;;;;;;;;;;;;;;;;;;;;;;;
MON_liberal;Либеральная фракция;Faction liberale;Die liberale Fraktion;;La Faccion Liberal;;;;;;;;;x;;;;;;;;;;;;;;;;;;;;;;;;
MON_reactionary;Националистическая фракция;Faction nationaliste;Die nationalistische Fraktion;;La Faccion Nacionalista;;;;;;;;;x;;;;;;;;;;;;;;;;;;;;;;;;
MON_socialist;Социалистическая фракция;Faction socialiste;Die sozialistische Fraktion;;La Faccion Socialista;;;;;;;;;x;;;;;;;;;;;;;;;;;;;;;;;;
MOR_anarcho_liberal;Радикальная фракция;Faction radicale;Die radikale Fraktion;;La Faccion Radical;;;;;;;;;x;;;;;;;;;;;;;;;;;;;;;;;;
MOR_communist;Коммунистическая фракция;Faction communiste;Die kommunistische Fraktion;;La Faccion Comunista;;;;;;;;;x;;;;;;;;;;;;;;;;;;;;;;;;
MOR_conservative;Королевская фракция;Faction royale;Konigsfraktion;;Faccion Real;;;;;;;;;x;;;;;;;;;;;;;;;;;;;;;;;;
MOR_fascist;Фашистская фракция;Faction fasciste;Die faschistische Fraktion;;La Faccion Fascista;;;;;;;;;x;;;;;;;;;;;;;;;;;;;;;;;;
MOR_liberal;Либеральная фракция;Faction liberale;Die liberale Fraktion;;La Faccion Liberal;;;;;;;;;x;;;;;;;;;;;;;;;;;;;;;;;;
MOR_reactionary;Националистическая фракция;Faction nationaliste;Die nationalistische Fraktion;;La Faccion Nacionalista;;;;;;;;;x;;;;;;;;;;;;;;;;;;;;;;;;
MOR_socialist;Социалистическая фракция;Faction socialiste;Die sozialistische Fraktion;;La Faccion Socialista;;;;;;;;;x;;;;;;;;;;;;;;;;;;;;;;;;
MSI_anarcho_liberal_93;Либертарианская партия;;;;;;;;;;;;;x;;;;;;;;;;;;;;;;;;;;;;;;
MSI_communist_86;Коммунистическая партия;;;;;;;;;;;;x;;;;;;;;;;;;;;;;;;;;;;;;;
MSI_conservative_92;Консервативная партия;;;;;;;;;;;;;x;;;;;;;;;;;;;;;;;;;;;;;;
MSI_fascist_72;Фашистская партия;;;;;;;;;;;;;x;;;;;;;;;;;;;;;;;;;;;;;;
MSI_liberal_79;Либеральная партия;;;;;;;;;;;;;x;;;;;;;;;;;;;;;;;;;;;;;;
MSI_liberal_87;Национал-либеральная партия;;;;;;;;;;;;;x;;;;;;;;;;;;;;;;;;;;;;;;
MSI_reactionary_84;Монархическая партия;;;;;;;;;;;;;x;;;;;;;;;;;;;;;;;;;;;;;;
MSI_socialist_85;Социалистическая партия;;;;;;;;;;;;;x;;;;;;;;;;;;;;;;;;;;;;;;
MSI_socialist_99;Национал-социалистическая партия;;;;;;;;;;;;;x;;;;;;;;;;;;;;;;;;;;;;;;
MTC_anarcho_liberal;Союз вольных общин метисов;Free Communities of the Metis;Die radikale Fraktion;;La Faccion Radical;;;;;;;;;x;;;;;;;;;;;;;;;;;;;;;;;;
MTC_communist;Община общей земли метисов;Common Land Community of the Metis;Die kommunistische Fraktion;;La Faccion Comunista;;;;;;;;;x;;;;;;;;;;;;;;;;;;;;;;;;
MTC_conservative;Совет старейшин метисов;Council of Elders of the Metis;Konigsfraktion;;Faccion Real;;;;;;;;;x;;;;;;;;;;;;;;;;;;;;;;;;
MTC_fascist;Движение единства метисов;Unity Movement of the Metis;Die faschistische Fraktion;;La Faccion Fascista;;;;;;;;;x;;;;;;;;;;;;;;;;;;;;;;;;
MTC_liberal;Торговая лига метисов;Trade League of the Metis;Die liberale Fraktion;;La Faccion Liberal;;;;;;;;;x;;;;;;;;;;;;;;;;;;;;;;;;
MTC_reactionary;Хранители традиций метисов;Keepers of Metis Traditions;Die nationalistische Fraktion;;La Faccion Nacionalista;;;;;;;;;x;;;;;;;;;;;;;;;;;;;;;;;;
MTC_socialist;Союз общинных мастеров метисов;Guild of Community Crafts of the Metis;Die sozialistische Fraktion;;La Faccion Socialista;;;;;;;;;x;;;;;;;;;;;;;;;;;;;;;;;;
MUG_anarcho_liberal;Радикальная фракция;Faction radicale;Die radikale Fraktion;;La Faccion Radical;;;;;;;;;x;;;;;;;;;;;;;;;;;;;;;;;;
MUG_communist;Коммунистическая фракция;Faction communiste;Die kommunistische Fraktion;;La Faccion Comunista;;;;;;;;;x;;;;;;;;;;;;;;;;;;;;;;;;
MUG_conservative;Королевская фракция;Faction royale;Konigsfraktion;;Faccion Real;;;;;;;;;x;;;;;;;;;;;;;;;;;;;;;;;;
MUG_fascist;Фашистская фракция;Faction fasciste;Die faschistische Fraktion;;La Faccion Fascista;;;;;;;;;x;;;;;;;;;;;;;;;;;;;;;;;;
MUG_liberal;Либеральная фракция;Faction liberale;Die liberale Fraktion;;La Faccion Liberal;;;;;;;;;x;;;;;;;;;;;;;;;;;;;;;;;;
MUG_reactionary;Националистическая фракция;Faction nationaliste;Die nationalistische Fraktion;;La Faccion Nacionalista;;;;;;;;;x;;;;;;;;;;;;;;;;;;;;;;;;
MUG_socialist;Социалистическая фракция;Faction socialiste;Die sozialistische Fraktion;;La Faccion Socialista;;;;;;;;;x;;;;;;;;;;;;;;;;;;;;;;;;
MYA_anarcho_liberal;Союз вольных общин майя;Free Communities of the Maya;Partido Federalista;;;Partido Federalista;;;;;;;;x;;;;;;;;;;;;;;;;;;;;;;;;
MYA_communist;Община общей земли майя;Common Land Community of the Maya;Partido Communist;;;Partido Comunista;;;;;;;;x;;;;;;;;;;;;;;;;;;;;;;;;
MYA_conservative;Совет старейшин майя;Council of Elders of the Maya;Partido Conservador;;;Partido Conservador;;;;;;;;x;;;;;;;;;;;;;;;;;;;;;;;;
MYA_fascist;Движение единства майя;Unity Movement of the Maya;Partido Fascist;;;Partido Fascista;;;;;;;;x;;;;;;;;;;;;;;;;;;;;;;;;
MYA_liberal;Торговая лига майя;Trade League of the Maya;Partido Liberal;;;Partido Liberal;;;;;;;;x;;;;;;;;;;;;;;;;;;;;;;;;
MYA_reactionary;Хранители традиций майя;Keepers of Maya Traditions;Partido Imperialista;;;Partido Imperialista;;;;;;;;x;;;;;;;;;;;;;;;;;;;;;;;;
MYA_socialist;Союз общинных мастеров майя;Guild of Community Crafts of the Maya;Partido Socialist;;;Partido Socialista;;;;;;;;x;;;;;;;;;;;;;;;;;;;;;;;;
MYS_anarcho_liberal;Радикальная фракция;Faction radicale;Die radikale Fraktion;;La Faccion Radical;;;;;;;;;x;;;;;;;;;;;;;;;;;;;;;;;;
MYS_communist;Коммунистическая фракция;Faction communiste;Die kommunistische Fraktion;;La Faccion Comunista;;;;;;;;;x;;;;;;;;;;;;;;;;;;;;;;;;
MYS_conservative;Королевская фракция;Faction royale;Konigsfraktion;;Faccion Real;;;;;;;;;x;;;;;;;;;;;;;;;;;;;;;;;;
MYS_fascist;Фашистская фракция;Faction fasciste;Die faschistische Fraktion;;La Faccion Fascista;;;;;;;;;x;;;;;;;;;;;;;;;;;;;;;;;;
MYS_liberal;Либеральная фракция;Faction liberale;Die liberale Fraktion;;La Faccion Liberal;;;;;;;;;x;;;;;;;;;;;;;;;;;;;;;;;;
MYS_reactionary;Националистическая фракция;Faction nationaliste;Die nationalistische Fraktion;;La Faccion Nacionalista;;;;;;;;;x;;;;;;;;;;;;;;;;;;;;;;;;
MYS_socialist;Социалистическая фракция;Faction socialiste;Die sozialistische Fraktion;;La Faccion Socialista;;;;;;;;;x;;;;;;;;;;;;;;;;;;;;;;;;
NAG_anarcho_liberal;Радикальная фракция;Faction radicale;Die radikale Fraktion;;La Faccion Radical;;;;;;;;;x;;;;;;;;;;;;;;;;;;;;;;;;
NAG_communist;Коммунистическая фракция;Faction communiste;Die kommunistische Fraktion;;La Faccion Comunista;;;;;;;;;x;;;;;;;;;;;;;;;;;;;;;;;;
NAG_conservative;Королевская фракция;Faction royale;Konigsfraktion;;Faccion Real;;;;;;;;;x;;;;;;;;;;;;;;;;;;;;;;;;
NAG_fascist;Фашистская фракция;Faction fasciste;Die faschistische Fraktion;;La Faccion Fascista;;;;;;;;;x;;;;;;;;;;;;;;;;;;;;;;;;
NAG_liberal;Либеральная фракция;Faction liberale;Die liberale Fraktion;;La Faccion Liberal;;;;;;;;;x;;;;;;;;;;;;;;;;;;;;;;;;
NAG_reactionary;Националистическая фракция;Faction nationaliste;Die nationalistische Fraktion;;La Faccion Nacionalista;;;;;;;;;x;;;;;;;;;;;;;;;;;;;;;;;;
NAG_socialist;Социалистическая фракция;Faction socialiste;Die sozialistische Fraktion;;La Faccion Socialista;;;;;;;;;x;;;;;;;;;;;;;;;;;;;;;;;;
NAL_anarcho_liberal;Радикальная партия;Parti radical;Die radikale Partei;;El Partido Radical;;;;;;;;;x;;;;;;;;;;;;;;;;;;;;;;;;
NAL_communist;Коммунистическая партия;Parti communiste;Die kommunistische Partei;;El Partido Comunista;;;;;;;;;x;;;;;;;;;;;;;;;;;;;;;;;;
NAL_conservative;Партия фоортреккеров;Voortrekker Partei;Voortrekker Partei;;Voortrekker Partei;;;;;;;;;x;;;;;;;;;;;;;;;;;;;;;;;;
NAL_conservative_2;Бурен Партей;Boeren Partei;Boeren Partei;;Boeren Partei;;;;;;;;;x;;;;;;;;;;;;;;;;;;;;;;;;
NAL_fascist;Фашистская партия;Parti fasciste;Die faschistische Partei;;El Partido Fascista;;;;;;;;;x;;;;;;;;;;;;;;;;;;;;;;;;
NAL_liberal;Либеральная партия;Parti liberal;Die liberale Partei;;El Partido Liberal;;;;;;;;;x;;;;;;;;;;;;;;;;;;;;;;;;
NAL_reactionary;Националистическая партия;Parti nationaliste;Die nationalistische Partei;;El Partido Nacionalista;;;;;;;;;x;;;;;;;;;;;;;;;;;;;;;;;;
NAL_socialist;Социалистическая партия;Parti socialiste;Die sozialistische Partei;;El Partido Socialista;;;;;;;;;x;;;;;;;;;;;;;;;;;;;;;;;;
NAS_anarcho_liberal;Радикальная рабочая партия;Arbeiterpartei radical;Radikale Arbeiterpartei;;Radical Arbeiterpartei;;;;;;;;;x;;;;;;;;;;;;;;;;;;;;;;;;
NAS_communist;Коммунистическая рабочая партия;Arbeiterpartei communiste;Kommunistische Arbeiterpartei;;Communist Arbeiterpartei;;;;;;;;;x;;;;;;;;;;;;;;;;;;;;;;;;
NAS_conservative;Партия Центра;Zentrumspartei;Zentrumspartei;;Zentrumspartei;;;;;;;;;x;;;;;;;;;;;;;;;;;;;;;;;;
NAS_conservative_2;Консервативная партия;Konservative Partei;Konservative Partei;;Konservative Partei;;;;;;;;;x;;;;;;;;;;;;;;;;;;;;;;;;
NAS_conservative_3;Христианско-социальная рабочая партия;Christsoz. Arbeiterpartei;Christsoz. Arbeiterpartei;;Christsoz. Arbeiterpartei;;;;;;;;;x;;;;;;;;;;;;;;;;;;;;;;;;
NAS_fascist;НСДП;NSDP;NSDP;;NSDP;;;;;;;;;x;;;;;;;;;;;;;;;;;;;;;;;;
NAS_liberal;Либералдем. Партия;Liberaldem. Partei;Liberaldem. Partei;;Liberaldem. Partei;;;;;;;;;x;;;;;;;;;;;;;;;;;;;;;;;;
NAS_liberal_2;Национал-либералы;Nationalliberale ;Nationalliberale ;;Nationalliberale ;;;;;;;;;x;;;;;;;;;;;;;;;;;;;;;;;;
NAS_liberal_3;Свободная партия;Freisinnige Partei;Freisinnige Partei;;Freisinnige Partei;;;;;;;;;x;;;;;;;;;;;;;;;;;;;;;;;;
NAS_reactionary;Национальная партия;Nationale Partei;Nationale Partei;;Nationale Partei;;;;;;;;;x;;;;;;;;;;;;;;;;;;;;;;;;
NAS_socialist;Немецкий рабочий союз;Deutscher Arbeiterverein;Deutscher Arbeiterverein;;Deutscher Arbeiterverein;;;;;;;;;x;;;;;;;;;;;;;;;;;;;;;;;;
NAS_socialist_2; Социал-демократическая партия.;Sozialdem. Arbeiterpartei ;Sozialdem. Arbeiterpartei ;;Sozialdem. Arbeiterpartei ;;;;;;;;;x;;;;;;;;;;;;;;;;;;;;;;;;
NAS_socialist_3; Социальная.Раб.партия;Sozial. Arbeiterpartei ;Sozial. Arbeiterpartei ;;Sozial. Arbeiterpartei ;;;;;;;;;x;;;;;;;;;;;;;;;;;;;;;;;;
NAU_anarcho_liberal_93;Радикальные либералы;Radical Liberals;Radical Liberals;;;;;;;;;;;x;;;;;;;;;;;;;;;;;;;;;;;;
NAU_communist_86;коммунисты;Communists;Communists;;;;;;;;;;;x;;;;;;;;;;;;;;;;;;;;;;;;
NAU_conservative_92;Консерваторы;Conservatives;Conservatives;;;;;;;;;;;x;;;;;;;;;;;;;;;;;;;;;;;;
NAU_fascist_72;Фашисты;Fascists;Fascists;;;;;;;;;;;x;;;;;;;;;;;;;;;;;;;;;;;;
NAU_liberal_79;либералы;Liberals;Liberals;;;;;;;;;;;x;;;;;;;;;;;;;;;;;;;;;;;;
NAU_liberal_87;Национал-либералы;National Liberals;National Liberals;;;;;;;;;;;x;;;;;;;;;;;;;;;;;;;;;;;;
NAU_reactionary_84;Монархическое лидерство;Monarchy Leadership;Monarchy Leadership;;;;;;;;;;;x;;;;;;;;;;;;;;;;;;;;;;;;
NAU_socialist_85;Социалисты;Socialists;Socialists;;;;;;;;;;;x;;;;;;;;;;;;;;;;;;;;;;;;
NAU_socialist_99;Национал-социалисты;National Socialists;National Socialists;;;;;;;;;;;x;;;;;;;;;;;;;;;;;;;;;;;;
NEJ_anarcho_liberal;Радикальная фракция;Faction radicale;Die radikale Fraktion;;La Faccion Radical;;;;;;;;;x;;;;;;;;;;;;;;;;;;;;;;;;
NEJ_communist;Коммунистическая фракция;Faction communiste;Die kommunistische Fraktion;;La Faccion Comunista;;;;;;;;;x;;;;;;;;;;;;;;;;;;;;;;;;
NEJ_conservative;Королевская фракция;Faction royale;Konigsfraktion;;Faccion Real;;;;;;;;;x;;;;;;;;;;;;;;;;;;;;;;;;
NEJ_fascist;Фашистская фракция;Faction fasciste;Die faschistische Fraktion;;La Faccion Fascista;;;;;;;;;x;;;;;;;;;;;;;;;;;;;;;;;;
NEJ_liberal;Либеральная фракция;Faction liberale;Die liberale Fraktion;;La Faccion Liberal;;;;;;;;;x;;;;;;;;;;;;;;;;;;;;;;;;
NEJ_reactionary;Националистическая фракция;Faction nationaliste;Die nationalistische Fraktion;;La Faccion Nacionalista;;;;;;;;;x;;;;;;;;;;;;;;;;;;;;;;;;
NEJ_socialist;Социалистическая фракция;Faction socialiste;Die sozialistische Fraktion;;La Faccion Socialista;;;;;;;;;x;;;;;;;;;;;;;;;;;;;;;;;;
NEN_anarcho_liberal;Радикальный;Radical;Radikale;;Radical;;;;;;;;;x;;;;;;;;;;;;;;;;;;;;;;;;
NEN_communist;коммунист;Communiste;Kommunisten;;Comunista;;;;;;;;;x;;;;;;;;;;;;;;;;;;;;;;;;
NEN_conservative;Демократический;Democratique;Demokraten;;Democratas;;;;;;;;;x;;;;;;;;;;;;;;;;;;;;;;;;
NEN_fascist;фашистский;Fasciste;Faschisten;;Fascista;;;;;;;;;x;;;;;;;;;;;;;;;;;;;;;;;;
NEN_liberal;Федералист;Federaliste;Federalist;;Federalistas;;;;;;;;;x;;;;;;;;;;;;;;;;;;;;;;;;
NEN_liberal_2;Прогрессивный;Progressiste;Progressive;;Progresistas;;;;;;;;;x;;;;;;;;;;;;;;;;;;;;;;;;
NEN_reactionary;Националист;Nationaliste;Nationalisten;;Nacionalista;;;;;;;;;x;;;;;;;;;;;;;;;;;;;;;;;;
NEN_socialist;Объединенная Социалистическая;Socialiste uni;Vereinigte Sozialisten;;Socialistas Unidos;;;;;;;;;x;;;;;;;;;;;;;;;;;;;;;;;;
NEP_anarcho_liberal;Радикальная фракция;Faction radicale;Die radikale Fraktion;;La Faccion Radical;;;;;;;;;x;;;;;;;;;;;;;;;;;;;;;;;;
NEP_communist;Коммунистическая фракция;Faction communiste;Die kommunistische Fraktion;;La Faccion Comunista;;;;;;;;;x;;;;;;;;;;;;;;;;;;;;;;;;
NEP_conservative;Королевская фракция;Faction royale;Konigsfraktion;;Faccion Real;;;;;;;;;x;;;;;;;;;;;;;;;;;;;;;;;;
NEP_fascist;Фашистская фракция;Faction fasciste;Die faschistische Fraktion;;La Faccion Fascista;;;;;;;;;x;;;;;;;;;;;;;;;;;;;;;;;;
NEP_liberal;Либеральная фракция;Faction liberale;Die liberale Fraktion;;La Faccion Liberal;;;;;;;;;x;;;;;;;;;;;;;;;;;;;;;;;;
NEP_reactionary;Националистическая фракция;Faction nationaliste;Die nationalistische Fraktion;;La Faccion Nacionalista;;;;;;;;;x;;;;;;;;;;;;;;;;;;;;;;;;
NEP_socialist;Социалистическая фракция;Faction socialiste;Die sozialistische Fraktion;;La Faccion Socialista;;;;;;;;;x;;;;;;;;;;;;;;;;;;;;;;;;
NET_anarcho_liberal;Путтианен;;;;;;;;;;;;;x;;;;;;;;;;;;;;;;;;;;;;;;
NET_anarcho_liberal_2;Радикальная Бонд;;;;;;;;;;;;;x;;;;;;;;;;;;;;;;;;;;;;;;
NET_anarcho_liberal_3;Свободные Социалисты;;;;;;;;;;;;;x;;;;;;;;;;;;;;;;;;;;;;;;
NET_communist;Социал-демократическая партия;;;;;;;;;;;;;x;;;;;;;;;;;;;;;;;;;;;;;;
NET_communist_2;Коммунистическая партия Голландии;;;;;;;;;;;;;x;;;;;;;;;;;;;;;;;;;;;;;;
NET_conservative;Проправительственная партия;;;;;;;;;;;;;x;;;;;;;;;;;;;;;;;;;;;;;;
NET_conservative_2;Консерваторы;;;;;;;;;;;;;x;;;;;;;;;;;;;;;;;;;;;;;;
NET_conservative_3;Свободные антиреволюционные партии;;;;;;;;;;;;;x;;;;;;;;;;;;;;;;;;;;;;;;
NET_conservative_4;Альгемин Бонд;;;;;;;;;;;;;x;;;;;;;;;;;;;;;;;;;;;;;;
NET_conservative_5;Христианско-исторический союз;;;;;;;;;;;;;x;;;;;;;;;;;;;;;;;;;;;;;;
NET_conservative_6;Комнаты Католики;;;;;;;;;;;;;x;;;;;;;;;;;;;;;;;;;;;;;;
NET_conservative_7;Бахлманнианен;;;;;;;;;;;;;x;;;;;;;;;;;;;;;;;;;;;;;;
NET_conservative_8;Комнаты Католики;;;;;;;;;;;;;x;;;;;;;;;;;;;;;;;;;;;;;;
NET_fascist;Союз актуалистов;;;;;;;;;;;;;x;;;;;;;;;;;;;;;;;;;;;;;;
NET_liberal;Финансовая оппозиция;;;;;;;;;;;;;x;;;;;;;;;;;;;;;;;;;;;;;;
NET_liberal_2;Оппозиционеры;;;;;;;;;;;;;x;;;;;;;;;;;;;;;;;;;;;;;;
NET_liberal_3;Умеренный;;;;;;;;;;;;;x;;;;;;;;;;;;;;;;;;;;;;;;
NET_liberal_4;Шепманниан;;;;;;;;;;;;;x;;;;;;;;;;;;;;;;;;;;;;;;
NET_liberal_5;Свободная свобода;;;;;;;;;;;;;x;;;;;;;;;;;;;;;;;;;;;;;;
NET_liberal_6;Прагматичный либерал;;;;;;;;;;;;;x;;;;;;;;;;;;;;;;;;;;;;;;
NET_liberal_7;Торбекианен;;;;;;;;;;;;;x;;;;;;;;;;;;;;;;;;;;;;;;
NET_liberal_8;Государственная партия;;;;;;;;;;;;;x;;;;;;;;;;;;;;;;;;;;;;;;
NET_reactionary;Ультраконсервативный;;;;;;;;;;;;;x;;;;;;;;;;;;;;;;;;;;;;;;
NET_reactionary_2;Антиреволюционер;;;;;;;;;;;;;x;;;;;;;;;;;;;;;;;;;;;;;;
NET_reactionary_3;Антиреволюционная партия;;;;;;;;;;;;;x;;;;;;;;;;;;;;;;;;;;;;;;
NET_reactionary_4;Антиреволюционная партия;;;;;;;;;;;;;x;;;;;;;;;;;;;;;;;;;;;;;;
NET_reactionary_5;Реформатская политическая партия;;;;;;;;;;;;;x;;;;;;;;;;;;;;;;;;;;;;;;
NET_socialist;Социал-демократическая облигация;;;;;;;;;;;;;x;;;;;;;;;;;;;;;;;;;;;;;;
NET_socialist_2;Социал-демократическая арбейдерская партия;;;;;;;;;;;;;x;;;;;;;;;;;;;;;;;;;;;;;;
NEW_anarcho_liberal;Радикальная Партия;Parti radical;Radical Party;;Partido Radical;;;;;;;;;x;;;;;;;;;;;;;;;;;;;;;;;;
NEW_communist;Коммунистическая фракция;Faction communiste;The Communist Faction;;La Faccion Comunista;;;;;;;;;x;;;;;;;;;;;;;;;;;;;;;;;;
NEW_conservative;Консервативная партия;Parti conservateur;Conservative Party;;Partido Conservador;;;;;;;;;x;;;;;;;;;;;;;;;;;;;;;;;;
NEW_fascist;Фашистская партия;Parti fasciste;Faschistische Partei;;Partido Fascista;;;;;;;;;x;;;;;;;;;;;;;;;;;;;;;;;;
NEW_liberal;Либеральная партия;Parti liberal;Liberal Party;;Partido Liberal;;;;;;;;;x;;;;;;;;;;;;;;;;;;;;;;;;
NEW_reactionary;Националистическая партия;Parti nationaliste;Nationalist Party;;Partido Nacionalista;;;;;;;;;x;;;;;;;;;;;;;;;;;;;;;;;;
NEW_socialist;Союз защиты рыбаков;Fisherman's Protective Union;Fisherman's Protective Union;;Union Solidaria de Pescadores;;;;;;;;;x;;;;;;;;;;;;;;;;;;;;;;;;
NGF_anarcho_liberal;Радикальная рабочая партия;Arbeiterpartei radical;Radikale Arbeiterpartei;;Radical Arbeiterpartei;;;;;;;;;x;;;;;;;;;;;;;;;;;;;;;;;;
NGF_communist;Коммунистическая рабочая партия;Arbeiterpartei communiste;Kommunistische Arbeiterpartei;;Communist Arbeiterpartei;;;;;;;;;x;;;;;;;;;;;;;;;;;;;;;;;;
NGF_conservative;Партия Центра;Zentrumspartei;Zentrumspartei;;Zentrumspartei;;;;;;;;;x;;;;;;;;;;;;;;;;;;;;;;;;
NGF_conservative_2;Консервативная партия;Konservative Partei;Konservative Partei;;Konservative Partei;;;;;;;;;x;;;;;;;;;;;;;;;;;;;;;;;;
NGF_conservative_3;Христианско-социальная рабочая партия;Christsoz. Arbeiterpartei;Christsoz. Arbeiterpartei;;Christsoz. Arbeiterpartei;;;;;;;;;x;;;;;;;;;;;;;;;;;;;;;;;;
NGF_fascist;НСДП;NSDP;NSDP;;NSDP;;;;;;;;;x;;;;;;;;;;;;;;;;;;;;;;;;
NGF_liberal;Либералдем. Партия;Liberaldem. Partei;Liberaldem. Partei;;Liberaldem. Partei;;;;;;;;;x;;;;;;;;;;;;;;;;;;;;;;;;
NGF_liberal_2;Национал-либералы;Nationalliberale ;Nationalliberale ;;Nationalliberale ;;;;;;;;;x;;;;;;;;;;;;;;;;;;;;;;;;
NGF_liberal_3;Свободная партия;Freisinnige Partei;Freisinnige Partei;;Freisinnige Partei;;;;;;;;;x;;;;;;;;;;;;;;;;;;;;;;;;
NGF_reactionary;Национальная партия;Nationale Partei;Nationale Partei;;Nationale Partei;;;;;;;;;x;;;;;;;;;;;;;;;;;;;;;;;;
NGF_socialist;Немецкий рабочий союз;Deutscher Arbeiterverein;Deutscher Arbeiterverein;;Deutscher Arbeiterverein;;;;;;;;;x;;;;;;;;;;;;;;;;;;;;;;;;
NGF_socialist_2; Социал-демократическая партия.;Sozialdem. Arbeiterpartei ;Sozialdem. Arbeiterpartei ;;Sozialdem. Arbeiterpartei ;;;;;;;;;x;;;;;;;;;;;;;;;;;;;;;;;;
NGF_socialist_3; Социальная.Раб.партия;Sozial. Arbeiterpartei ;Sozial. Arbeiterpartei ;;Sozial. Arbeiterpartei ;;;;;;;;;x;;;;;;;;;;;;;;;;;;;;;;;;
NIC_anarcho_liberal;Радикальная партия;Partido Radical;Partido Radical;;Partido Radical;;;;;;;;;x;;;;;;;;;;;;;;;;;;;;;;;;
NIC_communist;Партидо коммуниста;Partido communiste;Partido Communist;;Partido Comunista;;;;;;;;;x;;;;;;;;;;;;;;;;;;;;;;;;
NIC_conservative;Партия консерваторов;Partido Conservador;Partido Conservador;;Partido Conservador;;;;;;;;;x;;;;;;;;;;;;;;;;;;;;;;;;
NIC_fascist;Фашистская партия;Partido fasciste;Partido Fascist;;Partido Fascista;;;;;;;;;x;;;;;;;;;;;;;;;;;;;;;;;;
NIC_liberal;Либеральная партия;Partido Liberal;Partido Liberal;;Partido Liberal;;;;;;;;;x;;;;;;;;;;;;;;;;;;;;;;;;
NIC_reactionary;Националистическая партия;Partido nationaliste;Partido Nationalist;;Partido Nationalista;;;;;;;;;x;;;;;;;;;;;;;;;;;;;;;;;;
NIC_socialist;Социалистическая партия;Partido socialiste;Partido Socialist;;Partido Socialista;;;;;;;;;x;;;;;;;;;;;;;;;;;;;;;;;;
NIP_anarcho_liberal;Радикальная фракция;Faction radicale;Radikale Fraktion;;Faccion Radical;;;;;;;;;x;;;;;;;;;;;;;;;;;;;;;;;;
NIP_communist;Фракция коммунистов;Faction communiste;Kommunistische Fraktion;;Faccion Comunista;;;;;;;;;x;;;;;;;;;;;;;;;;;;;;;;;;
NIP_conservative;Судебная фракция;Faction de la cour;Gericht-Fraktion;;Faccion de la Corte;;;;;;;;;x;;;;;;;;;;;;;;;;;;;;;;;;
NIP_conservative_2;Империалистическая фракция;Faction imperialiste;Imperiale Fraktion;;Faccion Imperialista;;;;;;;;;x;;;;;;;;;;;;;;;;;;;;;;;;
NIP_conservative_3;Консервативная фракция;Faction conservatrice;Konservative Fraktion;;Faccion Conservadora;;;;;;;;;x;;;;;;;;;;;;;;;;;;;;;;;;
NIP_fascist;Фашистская фракция;Faction fasciste;Faschistische Fraktion;;Faccion Fascista;;;;;;;;;x;;;;;;;;;;;;;;;;;;;;;;;;
NIP_liberal;Либеральная фракция;Faction liberale;Liberale Fraktion;;Faccion Liberal;;;;;;;;;x;;;;;;;;;;;;;;;;;;;;;;;;
NIP_reactionary;Фракция сёгуната;Faction Shogunate;Shogunat-Fraktion;;Faccion del Shogunato;;;;;;;;;x;;;;;;;;;;;;;;;;;;;;;;;;
NIP_reactionary_2;Фракция националистов;Faction nationaliste;Nationalistische Fraktion;;Faccion Nacionalista;;;;;;;;;x;;;;;;;;;;;;;;;;;;;;;;;;
NIP_socialist;Марксистская фракция;Faction marxiste;Marxistische Fraktion;;Faccion Marxista;;;;;;;;;x;;;;;;;;;;;;;;;;;;;;;;;;
NOR_anarcho_liberal;Радикалы;Radicaux;Radikale;;Radicales;;;;;;;;;x;;;;;;;;;;;;;;;;;;;;;;;;
NOR_communist;коммунисты;Communistes;Kommunisten;;Comunistas;;;;;;;;;x;;;;;;;;;;;;;;;;;;;;;;;;
NOR_conservative;Hшyre;Hoyre;Hoyre;;Hoyre;;;;;;;;;x;;;;;;;;;;;;;;;;;;;;;;;;
NOR_conservative_2;Партия государственных служащих;Embedsmennene ;Embedsmennene ;;Embedsmennene ;;;;;;;;;x;;;;;;;;;;;;;;;;;;;;;;;;
NOR_fascist;Национальное Собрание;Nasjonal Samling;Nasjonal Samling;;Nasjonal Samling;;;;;;;;;x;;;;;;;;;;;;;;;;;;;;;;;;
NOR_liberal;Венстре;Venstre;Venstre;;Venstre;;;;;;;;;x;;;;;;;;;;;;;;;;;;;;;;;;
NOR_liberal_2;Рабочие демократы;Arbeiderdemokratene ;Arbeiderdemokratene ;;Arbeiderdemokratene ;;;;;;;;;x;;;;;;;;;;;;;;;;;;;;;;;;
NOR_liberal_3;Свободомыслящие левые;Frisinnede Venstre ;Frisinnede Venstre ;;Frisinnede Venstre ;;;;;;;;;x;;;;;;;;;;;;;;;;;;;;;;;;
NOR_liberal_4;Партия объединения;Samlingspartiet ;Samlingspartiet ;;Samlingspartiet ;;;;;;;;;x;;;;;;;;;;;;;;;;;;;;;;;;
NOR_liberal_5;Умеренный Венстре;Moderate Venstre;Moderate Venstre;;Moderate Venstre;;;;;;;;;x;;;;;;;;;;;;;;;;;;;;;;;;
NOR_liberal_6; Бондевеннен;Bondevennene ;Bondevennene ;;Bondevennene ;;;;;;;;;x;;;;;;;;;;;;;;;;;;;;;;;;
NOR_reactionary;Конге Партиет;Konge Partiet;Konge Partiet;;Konge Partiet;;;;;;;;;x;;;;;;;;;;;;;;;;;;;;;;;;
NOR_socialist;Норвежская рабочая партия;Norske Arbeiderparti;Norske Arbeiderparti;;Norske Arbeiderparti;;;;;;;;;x;;;;;;;;;;;;;;;;;;;;;;;;
NWZ_anarcho_liberal;Радикальный;Radical;Radikal;;Radical;;;;;;;;;x;;;;;;;;;;;;;;;;;;;;;;;;
NWZ_communist;Социал-демократическая;Social-democrate;Social Democratic;;Socialdemocratas;;;;;;;;;x;;;;;;;;;;;;;;;;;;;;;;;;
NWZ_conservative;Консервативный;Conservateur;Konservativ;;Conservadores;;;;;;;;;x;;;;;;;;;;;;;;;;;;;;;;;;
NWZ_fascist;фашистский;Fasciste;Faschistisch;;Fascista;;;;;;;;;x;;;;;;;;;;;;;;;;;;;;;;;;
NWZ_liberal;либеральный;Liberal;Liberal;;Liberales;;;;;;;;;x;;;;;;;;;;;;;;;;;;;;;;;;
NWZ_reactionary;Националист;Nationaliste;Nationalistisch;;Nacionalista;;;;;;;;;x;;;;;;;;;;;;;;;;;;;;;;;;
NWZ_socialist;Труд;Travailliste;Labour;;Laboristas;;;;;;;;;x;;;;;;;;;;;;;;;;;;;;;;;;
OLD_anarcho_liberal;Радикальная рабочая партия;Arbeiterpartei radical;Radikale Arbeiterpartei;;Radical Arbeiterpartei;;;;;;;;;x;;;;;;;;;;;;;;;;;;;;;;;;
OLD_communist;Коммунистическая рабочая партия;Arbeiterpartei communiste;Kommunistische Arbeiterpartei;;Communist Arbeiterpartei;;;;;;;;;x;;;;;;;;;;;;;;;;;;;;;;;;
OLD_conservative;Партия Центра;Zentrumspartei;Zentrumspartei;;Zentrumspartei;;;;;;;;;x;;;;;;;;;;;;;;;;;;;;;;;;
OLD_conservative_2;Консервативная партия;Konservative Partei;Konservative Partei;;Konservative Partei;;;;;;;;;x;;;;;;;;;;;;;;;;;;;;;;;;
OLD_conservative_3;Христианско-социальная рабочая партия;Christsoz. Arbeiterpartei;Christsoz. Arbeiterpartei;;Christsoz. Arbeiterpartei;;;;;;;;;x;;;;;;;;;;;;;;;;;;;;;;;;
OLD_fascist;НСДП;NSDP;NSDP;;NSDP;;;;;;;;;x;;;;;;;;;;;;;;;;;;;;;;;;
OLD_liberal;Либералдем. Партия;Liberaldem. Partei;Liberaldem. Partei;;Liberaldem. Partei;;;;;;;;;x;;;;;;;;;;;;;;;;;;;;;;;;
OLD_liberal_2;Национал-либералы;Nationalliberale ;Nationalliberale ;;Nationalliberale ;;;;;;;;;x;;;;;;;;;;;;;;;;;;;;;;;;
OLD_liberal_3;Свободная партия;Freisinnige Partei;Freisinnige Partei;;Freisinnige Partei;;;;;;;;;x;;;;;;;;;;;;;;;;;;;;;;;;
OLD_reactionary;Национальная партия;Nationale Partei;Nationale Partei;;Nationale Partei;;;;;;;;;x;;;;;;;;;;;;;;;;;;;;;;;;
OLD_socialist;Немецкий рабочий союз;Deutscher Arbeiterverein;Deutscher Arbeiterverein;;Deutscher Arbeiterverein;;;;;;;;;x;;;;;;;;;;;;;;;;;;;;;;;;
OLD_socialist_2; Социал-демократическая партия.;Sozialdem. Arbeiterpartei ;Sozialdem. Arbeiterpartei ;;Sozialdem. Arbeiterpartei ;;;;;;;;;x;;;;;;;;;;;;;;;;;;;;;;;;
OLD_socialist_3; Социальная.Раб.партия;Sozial. Arbeiterpartei ;Sozial. Arbeiterpartei ;;Sozial. Arbeiterpartei ;;;;;;;;;x;;;;;;;;;;;;;;;;;;;;;;;;
OMA_anarcho_liberal;Радикальная фракция;Faction radicale;Die radikale Fraktion;;La Faccion Radical;;;;;;;;;x;;;;;;;;;;;;;;;;;;;;;;;;
OMA_communist;Коммунистическая фракция;Faction communiste;Die kommunistische Fraktion;;La Faccion Comunista;;;;;;;;;x;;;;;;;;;;;;;;;;;;;;;;;;
OMA_conservative;Королевская фракция;Faction royale;Konigsfraktion;;Faccion Real;;;;;;;;;x;;;;;;;;;;;;;;;;;;;;;;;;
OMA_fascist;Фашистская фракция;Faction fasciste;Die faschistische Fraktion;;La Faccion Fascista;;;;;;;;;x;;;;;;;;;;;;;;;;;;;;;;;;
OMA_liberal;Либеральная фракция;Faction liberale;Die liberale Fraktion;;La Faccion Liberal;;;;;;;;;x;;;;;;;;;;;;;;;;;;;;;;;;
OMA_reactionary;Националистическая фракция;Faction nationaliste;Die nationalistische Fraktion;;La Faccion Nacionalista;;;;;;;;;x;;;;;;;;;;;;;;;;;;;;;;;;
OMA_socialist;Социалистическая фракция;Faction socialiste;Die sozialistische Fraktion;;La Faccion Socialista;;;;;;;;;x;;;;;;;;;;;;;;;;;;;;;;;;
ORA_anarcho_liberal;Радикальная партия;Parti radical;Die radikale Partei;;El Partido Radical;;;;;;;;;x;;;;;;;;;;;;;;;;;;;;;;;;
ORA_communist;Коммунистическая партия;Parti communiste;Die kommunistische Partei;;El Partido Comunista;;;;;;;;;x;;;;;;;;;;;;;;;;;;;;;;;;
ORA_conservative;Партия фоортреккеров;Voortrekker Partei;Voortrekker Partei;;Voortrekker Partei;;;;;;;;;x;;;;;;;;;;;;;;;;;;;;;;;;
ORA_conservative_2;Бурен Партей;Boeren Partei;Boeren Partei;;Boeren Partei;;;;;;;;;x;;;;;;;;;;;;;;;;;;;;;;;;
ORA_fascist;Фашистская партия;Parti fasciste;Die faschistische Partei;;El Partido Fascista;;;;;;;;;x;;;;;;;;;;;;;;;;;;;;;;;;
ORA_liberal;Либеральная партия;Parti liberal;Die liberale Partei;;El Partido Liberal;;;;;;;;;x;;;;;;;;;;;;;;;;;;;;;;;;
ORA_reactionary;Националистическая партия;Partei nationaliste;Die nationalistische Partei;;The Nationalist Partei;;;;;;;;;x;;;;;;;;;;;;;;;;;;;;;;;;
ORA_socialist;Социалистическая партия;Parti socialiste;Die sozialistische Partei;;El Partido Socialista;;;;;;;;;x;;;;;;;;;;;;;;;;;;;;;;;;
ORI_anarcho_liberal;Радикальная фракция;Faction radicale;Die radikale Fraktion;;La Faccion Radical;;;;;;;;;x;;;;;;;;;;;;;;;;;;;;;;;;
ORI_communist;Коммунистическая фракция;Faction communiste;Die kommunistische Fraktion;;La Faccion Comunista;;;;;;;;;x;;;;;;;;;;;;;;;;;;;;;;;;
ORI_conservative;Королевская фракция;Faction royale;Konigsfraktion;;Faccion Real;;;;;;;;;x;;;;;;;;;;;;;;;;;;;;;;;;
ORI_fascist;Фашистская фракция;Faction fasciste;Die faschistische Fraktion;;La Faccion Fascista;;;;;;;;;x;;;;;;;;;;;;;;;;;;;;;;;;
ORI_liberal;Либеральная фракция;Faction liberale;Die liberale Fraktion;;La Faccion Liberal;;;;;;;;;x;;;;;;;;;;;;;;;;;;;;;;;;
ORI_reactionary;Националистическая фракция;Faction nationaliste;Die nationalistische Fraktion;;La Faccion Nacionalista;;;;;;;;;x;;;;;;;;;;;;;;;;;;;;;;;;
ORI_socialist;Социалистическая фракция;Faction socialiste;Die sozialistische Fraktion;;La Faccion Socialista;;;;;;;;;x;;;;;;;;;;;;;;;;;;;;;;;;
PAK_anarcho_liberal;Авами Нэшнл;;;;;;;;;;;;;;;;;;x;;;;;;;;;;;;;;;;;;;
PAK_communist;Пакистанская народная партия;;;;;;;;;;;;;;;;;;x;;;;;;;;;;;;;;;;;;;
PAK_conservative;Джамаат-и-Ислами Пакистан;;;;;;;;;;;;;;;;;;x;;;;;;;;;;;;;;;;;;;
PAK_fascist;Джамаат Ахле Суннат;;;;;;;;;;;;;;;;;;x;;;;;;;;;;;;;;;;;;;
PAK_liberal;Пакистан Техрик-и-Инсаф;;;;;;;;;;;;;;;;;;x;;;;;;;;;;;;;;;;;;;
PAK_liberal_2;Муттахида Кауми;;;;;;;;;;;;;;;;;;x;;;;;;;;;;;;;;;;;;;
PAK_reactionary;Джамиат Улема-и-Ислам;;;;;;;;;;;;;;;;;;x;;;;;;;;;;;;;;;;;;;
PAK_socialist;Пакистан Авами Техрик;;;;;;;;;;;;;;;;;;x;;;;;;;;;;;;;;;;;;;
PAK_socialist_2;Кулл Пакистан Киссан;;;;;;;;;;;;;;;;;;x;;;;;;;;;;;;;;;;;;;
PAP_anarcho_liberal;Республиканский;Republicani;Republicani;;Republicani;;;;;;;;;x;;;;;;;;;;;;;;;;;;;;;;;;
PAP_communist;Радикальные социалисты;Radical Sozialisti;Radical Sozialisti;;Radical Sozialisti;;;;;;;;;x;;;;;;;;;;;;;;;;;;;;;;;;
PAP_conservative; Модераторы;Moderati ;Moderati;;Moderati ;;;;;;;;;x;;;;;;;;;;;;;;;;;;;;;;;;
PAP_fascist;Фашисты;Fasciste;Fascisti;;Fascista;;;;;;;;;x;;;;;;;;;;;;;;;;;;;;;;;;
PAP_liberal;Либеральный;Liberale;Liberali;;Liberale;;;;;;;;;x;;;;;;;;;;;;;;;;;;;;;;;;
PAP_reactionary;Реставраторы;Ristorazionista;Ristorazionista;;Ristorazionista;;;;;;;;;x;;;;;;;;;;;;;;;;;;;;;;;;
PAP_socialist;Социалистические христиане;Sozialisti Christiano;Sozialisti Christiano;;Sozialisti Christiano;;;;;;;;;x;;;;;;;;;;;;;;;;;;;;;;;;
PAR_anarcho_liberal;Радикалы;Radicaux;Radikali;;Radicales;;;;;;;;;x;;;;;;;;;;;;;;;;;;;;;;;;
PAR_communist;Коммунисты;Communistes;Communisti;;Comunistas;;;;;;;;;x;;;;;;;;;;;;;;;;;;;;;;;;
PAR_conservative; Модераторы;Moderati ;Moderati;;Moderati ;;;;;;;;;x;;;;;;;;;;;;;;;;;;;;;;;;
PAR_conservative_2;Популярные;Popolari;Popolari;;Popolari;;;;;;;;;x;;;;;;;;;;;;;;;;;;;;;;;;
PAR_fascist;Фашисты;Fasciste;Fascisti;;Fascistas;;;;;;;;;x;;;;;;;;;;;;;;;;;;;;;;;;
PAR_liberal; Риформисты;Reformisti ;Reformisti;;Reformisti ;;;;;;;;;x;;;;;;;;;;;;;;;;;;;;;;;;
PAR_liberal_2;Либеральный;Liberale;Liberali;;Liberale;;;;;;;;;x;;;;;;;;;;;;;;;;;;;;;;;;
PAR_reactionary;Реставраторы;Ristorazionista;Ristorazionista;;Ristorazionista;;;;;;;;;x;;;;;;;;;;;;;;;;;;;;;;;;
PAR_socialist;Социалистический;Sozialisti;Sozialisti;;Sozialisti;;;;;;;;;x;;;;;;;;;;;;;;;;;;;;;;;;
PAU_anarcho_liberal_93;Радикальные либералы;Radical Liberals;Radical Liberals;;;;;;;;;;;x;;;;;;;;;;;;;;;;;;;;;;;;
PAU_communist_86;коммунисты;Communists;Communists;;;;;;;;;;;x;;;;;;;;;;;;;;;;;;;;;;;;
PAU_conservative_92;Консерваторы;Conservatives;Conservatives;;;;;;;;;;;x;;;;;;;;;;;;;;;;;;;;;;;;
PAU_fascist_72;Фашисты;Fascists;Fascists;;;;;;;;;;;x;;;;;;;;;;;;;;;;;;;;;;;;
PAU_liberal_79;либералы;Liberals;Liberals;;;;;;;;;;;x;;;;;;;;;;;;;;;;;;;;;;;;
PAU_liberal_87;Национал-либералы;National Liberals;National Liberals;;;;;;;;;;;x;;;;;;;;;;;;;;;;;;;;;;;;
PAU_reactionary_84;Монархическое лидерство;Monarchy Leadership;Monarchy Leadership;;;;;;;;;;;x;;;;;;;;;;;;;;;;;;;;;;;;
PAU_socialist_85;Социалисты;Socialists;Socialists;;;;;;;;;;;x;;;;;;;;;;;;;;;;;;;;;;;;
PAU_socialist_99;Национал-социалисты;National Socialists;National Socialists;;;;;;;;;;;x;;;;;;;;;;;;;;;;;;;;;;;;
PER_anarcho_liberal;Фракция Базаари;;;;;;;;;;;;x;;;;;;;;;;;;;;;;;;;;;;;;;
PER_communist;Партия Туде Ирана;;;;;;;;;;;;;x;;;;;;;;;;;;;;;;;;;;;;;;
PER_conservative;Фракция шахистов;;;;;;;;;;;;;x;;;;;;;;;;;;;;;;;;;;;;;;
PER_fascist;СУМКА;;;;;;;;;;;;;x;;;;;;;;;;;;;;;;;;;;;;;;
PER_liberal;Конституционалистская партия;;;;;;;;;;;;;x;;;;;;;;;;;;;;;;;;;;;;;;
PER_liberal_2;Национальный Фронт;;;;;;;;;;;;;x;;;;;;;;;;;;;;;;;;;;;;;;
PER_reactionary;Фракция Улама;;;;;;;;;;;;;x;;;;;;;;;;;;;;;;;;;;;;;;
PER_socialist;Хизб-э Социалист;;;;;;;;;;;;;x;;;;;;;;;;;;;;;;;;;;;;;;
PEU_anarcho_liberal;Радикальная партия;Partido Radical;Partido Radical;;Partido Radical;;;;;;;;;x;;;;;;;;;;;;;;;;;;;;;;;;
PEU_communist;Партидо коммуниста;Partido communiste;Partido Communist;;Partido Comunista;;;;;;;;;x;;;;;;;;;;;;;;;;;;;;;;;;
PEU_conservative;Партидо Популярный;Partido populaire;Partido Popular;;Partido Popular;;;;;;;;;x;;;;;;;;;;;;;;;;;;;;;;;;
PEU_fascist;Фашистская партия;Partido fasciste;Partido Fascist;;Partido Fascista;;;;;;;;;x;;;;;;;;;;;;;;;;;;;;;;;;
PEU_liberal;Либеральная партия;Partido Liberal;Partido Liberal;;Partido Liberal;;;;;;;;;x;;;;;;;;;;;;;;;;;;;;;;;;
PEU_reactionary;Националистическая партия;Partido nationaliste;Partido Nationalist;;Partido Nationalista;;;;;;;;;x;;;;;;;;;;;;;;;;;;;;;;;;
PEU_socialist;Социалистическая партия;Partido socialiste;Partido Socialist;;Partido Socialista;;;;;;;;;x;;;;;;;;;;;;;;;;;;;;;;;;
PHL_anarcho_liberal;Партия Свободы;Partido Libertad;Partido Libertad;;Partido Libertad;;;;;;;;;x;;;;;;;;;;;;;;;;;;;;;;;;
PHL_communist;Партия коммунизма;Partido Komunista;Partido Komunista;;Partido Comunista;;;;;;;;;x;;;;;;;;;;;;;;;;;;;;;;;;
PHL_conservative;Националистическая партия;Partido Nacionalista;Partido Nacionalista;;Partido Nacionalista;;;;;;;;;x;;;;;;;;;;;;;;;;;;;;;;;;
PHL_fascist;Фашистская партия;Partido Fascista;Partido Fascista;;Partido Fascista;;;;;;;;;x;;;;;;;;;;;;;;;;;;;;;;;;
PHL_liberal;Либеральная партия;Partido Liberal;Partido Liberal;;Partido Liberal;;;;;;;;;x;;;;;;;;;;;;;;;;;;;;;;;;
PHL_reactionary;Традиционная партия;Partido Tradicionalista;Partido Tradicionalista;;Partido Tradicionalista;;;;;;;;;x;;;;;;;;;;;;;;;;;;;;;;;;
PHL_socialist;Демократическая партия;Partido Demokratiko;Partido Demokratiko;;Partido Democratico;;;;;;;;;x;;;;;;;;;;;;;;;;;;;;;;;;
PLC_anarcho_liberal;Радикальная партия;Parti radical;Stronnictwo Radykalny;;Stronnictwo Radykalny;;;;;;;;;x;;;;;;;;;;;;;;;;;;;;;;;;
PLC_communist;Партия Социал-Демократия;Parti social-democrate;Partia Socjaldemokracja;;Partia Socjaldemokracja;;;;;;;;;x;;;;;;;;;;;;;;;;;;;;;;;;
PLC_conservative;ул. Народово-Демократическая;Parti national-democratique;Str. Narodowo-Demokratyczne;;Str. Narodowo-Demokratyczne;;;;;;;;;x;;;;;;;;;;;;;;;;;;;;;;;;
PLC_fascist;Национальная партия;Parti national;Stronnictwo Narodowe;;Stronnictwo Narodowe;;;;;;;;;x;;;;;;;;;;;;;;;;;;;;;;;;
PLC_liberal;Патриотическая партия;Parti patriotique;Stronnictwo Patriotyczne;;Stronnictwo Patriotyczne;;;;;;;;;x;;;;;;;;;;;;;;;;;;;;;;;;
PLC_reactionary;Конфедерация Тарговицкая;Confederation de Targowica;Konfederacja Targowicka;;Konfederacja Targowicka;;;;;;;;;x;;;;;;;;;;;;;;;;;;;;;;;;
PLC_socialist;Социалистическая партия;Parti socialiste;Partia Socjalistyczna;;Partia Socjalistyczna;;;;;;;;;x;;;;;;;;;;;;;;;;;;;;;;;;
PLS_anarcho_liberal;Аль Анаркилиберали;;;;;;;;;;;;;x;;;;;;;;;;;;;;;;;;;;;;;;
PLS_communist;НФОП;;;;;;x;;;;;;;;;;;;;;;;;;;;;;;;;;;;;;;
PLS_communist_2;ДФЛП;;;;;;x;;;;;;;;;;;;;;;;;;;;;;;;;;;;;;;
PLS_conservative;Третий Путь;;;;;;x;;;;;;;;;;;;;;;;;;;;;;;;;;;;;;;
PLS_fascist;Движение «Исламский джихад» в Палестине;;;;;;x;;;;;;;;;;;;;;;;;;;;;;;;;;;;;;;
PLS_liberal;Палестинская национальная инициатива;;;;;;x;;;;;;;;;;;;;;;;;;;;;;;;;;;;;;;
PLS_reactionary;ХАМАС;;;;;;x;;;;;;;;;;;;;;;;;;;;;;;;;;;;;;;
PLS_socialist;ФАТХ;;;;;;x;;;;;;;;;;;;;;;;;;;;;;;;;;;;;;;
PLS_socialist_2;Палестинская народная партия;;;;;;x;;;;;;;;;;;;;;;;;;;;;;;;;;;;;;;
PNJ_anarcho_liberal;Радикальная фракция;Faction radicale;Die radikale Fraktion;;La Faccion Radical;;;;;;;;;x;;;;;;;;;;;;;;;;;;;;;;;;
PNJ_communist;Коммунистическая фракция;Faction communiste;Die kommunistische Fraktion;;La Faccion Comunista;;;;;;;;;x;;;;;;;;;;;;;;;;;;;;;;;;
PNJ_conservative;Королевская фракция;Faction royale;Konigsfraktion;;Faccion Real;;;;;;;;;x;;;;;;;;;;;;;;;;;;;;;;;;
PNJ_fascist;Фашистская фракция;Faction fasciste;Die faschistische Fraktion;;La Faccion Fascista;;;;;;;;;x;;;;;;;;;;;;;;;;;;;;;;;;
PNJ_liberal;Либеральная фракция;Faction liberale;Die liberale Fraktion;;La Faccion Liberal;;;;;;;;;x;;;;;;;;;;;;;;;;;;;;;;;;
PNJ_reactionary;Националистическая фракция;Faction nationaliste;Die nationalistische Fraktion;;La Faccion Nacionalista;;;;;;;;;x;;;;;;;;;;;;;;;;;;;;;;;;
PNJ_socialist;Социалистическая фракция;Faction socialiste;Die sozialistische Fraktion;;La Faccion Socialista;;;;;;;;;x;;;;;;;;;;;;;;;;;;;;;;;;
PNM_anarcho_liberal;Радикальная партия;Partido Radical;Partido Radical;;Partido Radical;;;;;;;;;x;;;;;;;;;;;;;;;;;;;;;;;;
PNM_communist;Партидо коммуниста;Partido communiste;Partido Communist;;Partido Comunista;;;;;;;;;x;;;;;;;;;;;;;;;;;;;;;;;;
PNM_conservative;Партия консерваторов;Partido Conservador;Partido Conservador;;Partido Conservador;;;;;;;;;x;;;;;;;;;;;;;;;;;;;;;;;;
PNM_fascist;Фашистская партия;Partido fasciste;Partido Fascist;;Partido Fascista;;;;;;;;;x;;;;;;;;;;;;;;;;;;;;;;;;
PNM_liberal;Либеральная партия;Partido Liberal;Partido Liberal;;Partido Liberal;;;;;;;;;x;;;;;;;;;;;;;;;;;;;;;;;;
PNM_reactionary;Националистическая партия;Partido nationaliste;Partido Nationalist;;Partido Nationalista;;;;;;;;;x;;;;;;;;;;;;;;;;;;;;;;;;
PNM_socialist;Социалистическая партия;Partido socialiste;Partido Socialist;;Partido Socialista;;;;;;;;;x;;;;;;;;;;;;;;;;;;;;;;;;
POL_anarcho_liberal;Радикальная фракция;Faction radicale;Die radikale Fraktion;;La Faccion Radical;;;;;;;;;x;;;;;;;;;;;;;;;;;;;;;;;;
POL_communist;Коммунистическая фракция;Faction communiste;Die kommunistische Fraktion;;La Faccion Comunista;;;;;;;;;x;;;;;;;;;;;;;;;;;;;;;;;;
POL_conservative;Королевская фракция;Faction royale;Konigsfraktion;;Faccion Real;;;;;;;;;x;;;;;;;;;;;;;;;;;;;;;;;;
POL_fascist;Фашистская фракция;Faction fasciste;Die faschistische Fraktion;;La Faccion Fascista;;;;;;;;;x;;;;;;;;;;;;;;;;;;;;;;;;
POL_liberal;Либеральная фракция;Faction liberale;Die liberale Fraktion;;La Faccion Liberal;;;;;;;;;x;;;;;;;;;;;;;;;;;;;;;;;;
POL_reactionary;Националистическая фракция;Faction nationaliste;Die nationalistische Fraktion;;La Faccion Nacionalista;;;;;;;;;x;;;;;;;;;;;;;;;;;;;;;;;;
POL_socialist;Социалистическая фракция;Faction socialiste;Die sozialistische Fraktion;;La Faccion Socialista;;;;;;;;;x;;;;;;;;;;;;;;;;;;;;;;;;
POR_anarcho_liberal;Радикальная партия;Partido Radical;Partido Radical;;Partido Radical;;;;;;;;;x;;;;;;;;;;;;;;;;;;;;;;;;
POR_communist;Партидо коммуниста;Partido communiste;Partido Communist;;Partido Comunista;;;;;;;;;x;;;;;;;;;;;;;;;;;;;;;;;;
POR_conservative;Кабрализм;Cabralismo;Cabralismo;;Cabralismo;;;;;;;;;x;;;;;;;;;;;;;;;;;;;;;;;;
POR_conservative_2;Партия возрождения;Partido Regenerador;Partido Regenerador;;Partido Regenerador;;;;;;;;;x;;;;;;;;;;;;;;;;;;;;;;;;
POR_fascist;Новое государство;Estado Novo;Estado Novo;;Estado Novo;;;;;;;;;x;;;;;;;;;;;;;;;;;;;;;;;;
POR_liberal;Сетембризмо;Setembrismo;Setembrismo;;Setembrismo;;;;;;;;;x;;;;;;;;;;;;;;;;;;;;;;;;
POR_liberal_2;Partido Histуrico;Partido Historico;Partido Historico;;Partido Historico;;;;;;;;;x;;;;;;;;;;;;;;;;;;;;;;;;
POR_liberal_3;Прогрессивная партия;Partido Progressista;Partido Progressista;;Partido Progressista;;;;;;;;;x;;;;;;;;;;;;;;;;;;;;;;;;
POR_liberal_4;Партия Реформаторов;Partido Reformista;Partido Reformista;;Partido Reformista;;;;;;;;;x;;;;;;;;;;;;;;;;;;;;;;;;
POR_liberal_5;Республиканская партия;Partido Republicano;Partido Republicano;;Partido Republicano;;;;;;;;;x;;;;;;;;;;;;;;;;;;;;;;;;
POR_liberal_6;Регенератор либерал;Regenerador Liberal;Regenerador Liberal;;Regenerador Liberal;;;;;;;;;x;;;;;;;;;;;;;;;;;;;;;;;;
POR_liberal_7;Partido Democrбtico;Partido Democratico;Partido Democratico;;Partido Democratico;;;;;;;;;x;;;;;;;;;;;;;;;;;;;;;;;;
POR_reactionary;МонбАркикос;Monarqicos;Monarqicos;;Monarqicos;;;;;;;;;x;;;;;;;;;;;;;;;;;;;;;;;;
POR_socialist; Социалистическая партия;Partido Socialista ;Partido Socialista ;;Partido Socialista ;;;;;;;;;x;;;;;;;;;;;;;;;;;;;;;;;;
PRG_anarcho_liberal;Радикальная партия;Partido Radical;Partido Radical;;Partido Radical;;;;;;;;;x;;;;;;;;;;;;;;;;;;;;;;;;
PRG_communist;Партидо коммуниста;Partido communiste;Partido Communist;;Partido Comunista;;;;;;;;;x;;;;;;;;;;;;;;;;;;;;;;;;
PRG_conservative;Консерваторы;Conservadores;Conservadores;;Conservadores;;;;;;;;;x;;;;;;;;;;;;;;;;;;;;;;;;
PRG_conservative_2;Партия Колорадо;Partido Colorado;Partido Colorado;;Partido Colorado;;;;;;;;;x;;;;;;;;;;;;;;;;;;;;;;;;
PRG_fascist;Фашистская партия;Partido fasciste;Partido Fascist;;Partido Fascista;;;;;;;;;x;;;;;;;;;;;;;;;;;;;;;;;;
PRG_liberal;Либералы;Liberales;Liberales;;Liberales;;;;;;;;;x;;;;;;;;;;;;;;;;;;;;;;;;
PRG_liberal_2;Либеральная партия;Partido Liberal;Partido Liberal;;Partido Liberal;;;;;;;;;x;;;;;;;;;;;;;;;;;;;;;;;;
PRG_reactionary;Авторитаристы;Autoritaristas;Autoritaristas;;Autoritaristas;;;;;;;;;x;;;;;;;;;;;;;;;;;;;;;;;;
PRG_socialist;Социалистическая партия;Partido socialiste;Partido Socialist;;Partido Socialista;;;;;;;;;x;;;;;;;;;;;;;;;;;;;;;;;;
PRU_anarcho_liberal;Радикальная рабочая партия;Arbeiterpartei radical;Radikale Arbeiterpartei;;Radical Arbeiterpartei;;;;;;;;;x;;;;;;;;;;;;;;;;;;;;;;;;
PRU_communist;Коммунистическая рабочая партия;Arbeiterpartei communiste;Kommunistische Arbeiterpartei;;Communist Arbeiterpartei;;;;;;;;;x;;;;;;;;;;;;;;;;;;;;;;;;
PRU_conservative;Партия Центра;Zentrumspartei;Zentrumspartei;;Zentrumspartei;;;;;;;;;x;;;;;;;;;;;;;;;;;;;;;;;;
PRU_conservative_2;Консервативная партия;Konservative Partei;Konservative Partei;;Konservative Partei;;;;;;;;;x;;;;;;;;;;;;;;;;;;;;;;;;
PRU_conservative_3;Христианско-социальная рабочая партия;Christsoz. Arbeiterpartei;Christsoz. Arbeiterpartei;;Christsoz. Arbeiterpartei;;;;;;;;;x;;;;;;;;;;;;;;;;;;;;;;;;
PRU_fascist;НСДП;NSDP;NSDP;;NSDP;;;;;;;;;x;;;;;;;;;;;;;;;;;;;;;;;;
PRU_liberal;Либералдем. Партия;Liberaldem. Partei;Liberaldem. Partei;;Liberaldem. Partei;;;;;;;;;x;;;;;;;;;;;;;;;;;;;;;;;;
PRU_liberal_2;Национал-либералы;Nationalliberale ;Nationalliberale ;;Nationalliberale ;;;;;;;;;x;;;;;;;;;;;;;;;;;;;;;;;;
PRU_liberal_3;Свободная партия;Freisinnige Partei;Freisinnige Partei;;Freisinnige Partei;;;;;;;;;x;;;;;;;;;;;;;;;;;;;;;;;;
PRU_reactionary;Национальная партия;Nationale Partei;Nationale Partei;;Nationale Partei;;;;;;;;;x;;;;;;;;;;;;;;;;;;;;;;;;
PRU_socialist;Немецкий рабочий союз;Deutscher Arbeiterverein;Deutscher Arbeiterverein;;Deutscher Arbeiterverein;;;;;;;;;x;;;;;;;;;;;;;;;;;;;;;;;;
PRU_socialist_2; Социал-демократическая партия.;Sozialdem. Arbeiterpartei ;Sozialdem. Arbeiterpartei ;;Sozialdem. Arbeiterpartei ;;;;;;;;;x;;;;;;;;;;;;;;;;;;;;;;;;
PRU_socialist_3; Социальная.Раб.партия;Sozial. Arbeiterpartei ;Sozial. Arbeiterpartei ;;Sozial. Arbeiterpartei ;;;;;;;;;x;;;;;;;;;;;;;;;;;;;;;;;;
QAT_anarcho_liberal;Либертарианец Тани;;;;;;;;;;;;;x;;;;;;;;;;;;;;;;;;;;;;;;
QAT_communist;Коммунист Тани;Partido communiste;Partido Communist;;;Partido Comunista;;;;;;;;x;;;;;;;;;;;;;;;;;;;;;;;;
QAT_conservative;Консервативная Тани;Partido Conservador;Partido Conservador;;;Partido Conservador;;;;;;;;x;;;;;;;;;;;;;;;;;;;;;;;;
QAT_conservative_2;Консервативная Тани;Partido Moderado Liberal;Partido Moderado Liberal;;;Partido Moderado Liberal;;;;;;;;x;;;;;;;;;;;;;;;;;;;;;;;;
QAT_fascist;Фашист Тани;;;;;;x;;;;;;;;;;;;;;;;;;;;;;;;;;;;;;;
QAT_liberal;Либерал Тани;Partido Liberal;Partido Liberal;;;Partido Liberal;;;;;;;;x;;;;;;;;;;;;;;;;;;;;;;;;
QAT_reactionary;Радикальная Тани;Partido Imperialista;Partido Imperialista;;;Partido Imperialista;;;;;;;;x;;;;;;;;;;;;;;;;;;;;;;;;
QAT_socialist;Социалист Тани;;;;;;;;;;;;;x;;;;;;;;;;;;;;;;;;;;;;;;
QUE_anarcho_liberal;Радикальная партия;Parti radical;Parti Radical;;Parti Radical;;;;;;;;;x;;;;;;;;;;;;;;;;;;;;;;;;
QUE_communist;Парти коммунистическая;Parti communiste;Parti Communist;;Parti Comunista;;;;;;;;;x;;;;;;;;;;;;;;;;;;;;;;;;
QUE_conservative;Парти Консерватор;Parti conservateur;Parti Conservateur;;Parti Conservateur;;;;;;;;;x;;;;;;;;;;;;;;;;;;;;;;;;
QUE_fascist;Партийный фашист;Parti fasciste;Parti Fascist;;Parti Fascista;;;;;;;;;x;;;;;;;;;;;;;;;;;;;;;;;;
QUE_liberal;Парти Патриот;Parti patriote;Parti Patriote;;Parti Patriote;;;;;;;;;x;;;;;;;;;;;;;;;;;;;;;;;;
QUE_liberal_2;Либеральная партия;Parti liberal;Parti Liberal;;Parti Liberal;;;;;;;;;x;;;;;;;;;;;;;;;;;;;;;;;;
QUE_liberal_3;Националистическая партия;Parti nationaliste;Parti Nationaliste;;Parti Nationaliste;;;;;;;;;x;;;;;;;;;;;;;;;;;;;;;;;;
QUE_reactionary;Партия националистов;Parti nationaliste;Parti Nationalist;;Parti Nationalist;;;;;;;;;x;;;;;;;;;;;;;;;;;;;;;;;;
QUE_socialist;Рабочая партия;Parti ouvrier;Parti Ouvrier;;Parti Ouvrier;;;;;;;;;x;;;;;;;;;;;;;;;;;;;;;;;;
ROM_anarcho_liberal;Партидул Радикальный;Partidul radical;Partidul Radical;;Partidul Radical;;;;;;;;;x;;;;;;;;;;;;;;;;;;;;;;;;
ROM_communist;Партия коммунистов;Partidul communiste;Partidul Communist;;Partidul Communist;;;;;;;;;x;;;;;;;;;;;;;;;;;;;;;;;;
ROM_conservative;Партитул Консерватор;Partidul Conservator;Partidul Conservator;;Partidul Conservator;;;;;;;;;x;;;;;;;;;;;;;;;;;;;;;;;;
ROM_conservative_2;Партидул Таранесц;Partidul Taranesc;Partidul Taranesc;;Partidul Taranesc;;;;;;;;;x;;;;;;;;;;;;;;;;;;;;;;;;
ROM_conservative_3;Партия консерваторов-демократов;Partidul conservateur-democrate;Partidul Conservator Democrat;;Partidul Conservator Democrat;;;;;;;;;x;;;;;;;;;;;;;;;;;;;;;;;;
ROM_fascist;Гарда де Фиер;Garda de Fier;Garda de Fier;;Garda de Fier;;;;;;;;;x;;;;;;;;;;;;;;;;;;;;;;;;
ROM_liberal;Национальная партия;Partida Nationala;Partida Nationala;;Partida Nationala;;;;;;;;;x;;;;;;;;;;;;;;;;;;;;;;;;
ROM_liberal_2;Либеральная партия;Partidul Liberal;Partidul Liberal;;Partidul Liberal;;;;;;;;;x;;;;;;;;;;;;;;;;;;;;;;;;
ROM_reactionary;Партия Боеряска;Partida Boiereasca;Partida Boiereasca;;Partida Boiereasca;;;;;;;;;x;;;;;;;;;;;;;;;;;;;;;;;;
ROM_reactionary_2;Партия национал-демократов;Partidul nationaliste-democrate;Partidul Nationalist Democrat;;Partidul Nationalist Democrat;;;;;;;;;x;;;;;;;;;;;;;;;;;;;;;;;;
ROM_socialist;Социал-демократическая партия;Partidul social-democrate;Partidul Social Democrat;;Partidul Social Democrat;;;;;;;;;x;;;;;;;;;;;;;;;;;;;;;;;;
RGH_anarcho_liberal;Либертарианская партия;Partido Federalista;Partido Federalista;;;Partido Federalista;;;;;;;;x;;;;;;;;;;;;;;;;;;;;;;;;
RGH_communist;Коммунистическая партия;Partido communiste;Partido Communist;;;Partido Comunista;;;;;;;;x;;;;;;;;;;;;;;;;;;;;;;;;
RGH_conservative;Консервативная партия;Partido Conservador;Partido Conservador;;;Partido Conservador;;;;;;;;x;;;;;;;;;;;;;;;;;;;;;;;;
RGH_fascist;Фашистская партия;Partido fasciste;Partido Fascist;;;Partido Fascista;;;;;;;;x;;;;;;;;;;;;;;;;;;;;;;;;
RGH_liberal;Либеральная партия;Partido Liberal;Partido Liberal;;;Partido Liberal;;;;;;;;x;;;;;;;;;;;;;;;;;;;;;;;;
RGH_reactionary;Радикальная Партия;Partido Imperialista;Partido Imperialista;;;Partido Imperialista;;;;;;;;x;;;;;;;;;;;;;;;;;;;;;;;;
RGH_socialist;Социалистическая партия;Partido socialiste;Partido Socialist;;;Partido Socialista;;;;;;;;x;;;;;;;;;;;;;;;;;;;;;;;;
RGR_anarcho_liberal;Федералистская партия;Partido Federalista;Partido Federalista;;;Partido Federalista;;;;;;;;x;;;;;;;;;;;;;;;;;;;;;;;;
RGR_communist;Партидо коммунист;Partido communiste;Partido Communist;;;Partido Comunista;;;;;;;;x;;;;;;;;;;;;;;;;;;;;;;;;
RGR_conservative;Партия консерваторов;Partido Conservador;Partido Conservador;;;Partido Conservador;;;;;;;;x;;;;;;;;;;;;;;;;;;;;;;;;
RGR_conservative_2;Партия умеренно либеральная;Partido Moderado Liberal;Partido Moderado Liberal;;;Partido Moderado Liberal;;;;;;;;x;;;;;;;;;;;;;;;;;;;;;;;;
RGR_conservative_3;Партия Конституционалиста;Partido Constitucionalista;Partido Constitucionalista;;;Partido Constitucionalista;;;;;;;;x;;;;;;;;;;;;;;;;;;;;;;;;
RGR_fascist;Фашистская партия;Partido fasciste;Partido Fascist;;;Partido Fascista;;;;;;;;x;;;;;;;;;;;;;;;;;;;;;;;;
RGR_liberal;Либеральная партия;Partido Liberal;Partido Liberal;;;Partido Liberal;;;;;;;;x;;;;;;;;;;;;;;;;;;;;;;;;
RGR_liberal_2;Партия радикальных либералов;Partido Radical Liberal;Partido Radical Liberal;;;Partido Radical Liberal;;;;;;;;x;;;;;;;;;;;;;;;;;;;;;;;;
RGR_liberal_3;Прогрессивная партия;Partido Progresista;Partido Progresista;;;Partido Progresista;;;;;;;;x;;;;;;;;;;;;;;;;;;;;;;;;
RGR_liberal_4;Партия Антиперевыборная;Partido Antireelecionista;Partido Antireelecionista;;;Partido Antireelecionista;;;;;;;;x;;;;;;;;;;;;;;;;;;;;;;;;
RGR_reactionary;Партидо Империалист;Partido Imperialista;Partido Imperialista;;;Partido Imperialista;;;;;;;;x;;;;;;;;;;;;;;;;;;;;;;;;
RGR_socialist;Социалистическая партия;Partido socialiste;Partido Socialist;;;Partido Socialista;;;;;;;;x;;;;;;;;;;;;;;;;;;;;;;;;
RHO_anarcho_liberal;Ассоциация ответственного правительства;Association pour un Gouvernement responsable;Responsible Government Association;;Asociacion por un Gobierno Responsable;;;;;;;;;x;;;;;;;;;;;;;;;;;;;;;;;;
RHO_communist;ЗАПУ;ZAPU;ZAPU;;ZAPU;;;;;;;;;x;;;;;;;;;;;;;;;;;;;;;;;;
RHO_conservative;Родезийская партия;Parti de la Rhodesie;Rhodesia Party;;Partido de Rhodesia;;;;;;;;;x;;;;;;;;;;;;;;;;;;;;;;;;
RHO_fascist;Когда-Wes;When-Wes;The When-Wes;;Los When-Wes;;;;;;;;;x;;;;;;;;;;;;;;;;;;;;;;;;
RHO_liberal;Единая Федеральная Партия;Parti Federal Uni;United Federal Party;;Partido Federal Unido;;;;;;;;;x;;;;;;;;;;;;;;;;;;;;;;;;
RHO_reactionary;Родезийский фронт;Front rhodesien;Rhodesian Front;;Frente Rhodesiano;;;;;;;;;x;;;;;;;;;;;;;;;;;;;;;;;;
RHO_socialist;ЗАНУ;ZANU;ZANU;;ZANU;;;;;;;;;x;;;;;;;;;;;;;;;;;;;;;;;;
RUS_anarcho_liberal;Радикалы;Radicaux;Radikale;;Radicales;;;;;;;;;x;;;;;;;;;;;;;;;;;;;;;;;;
RUS_communist;Социал-демократическая;Social-democrate;Social Democratic;;Socialdemocratas;;;;;;;;;x;;;;;;;;;;;;;;;;;;;;;;;;
RUS_communist_2;Большевик;Bolshevik;Bolschewiki;;Bolcheviques;;;;;;;;;x;;;;;;;;;;;;;;;;;;;;;;;;
RUS_conservative;славянофил;Slavophile;Slawophile;;Eslavofilos;;;;;;;;;x;;;;;;;;;;;;;;;;;;;;;;;;
RUS_conservative_2;Октябристы;Octobristes;Octobristen;;Octubristas;;;;;;;;;x;;;;;;;;;;;;;;;;;;;;;;;;
RUS_fascist;Фашисты;Fascistes;Faschisten;;Fascistas;;;;;;;;;x;;;;;;;;;;;;;;;;;;;;;;;;
RUS_liberal;западник;Westerniser;Westler;;Pro-occidental;;;;;;;;;x;;;;;;;;;;;;;;;;;;;;;;;;
RUS_liberal_2;Кадеты;Kadets;Kadetten;;Kadetes;;;;;;;;;x;;;;;;;;;;;;;;;;;;;;;;;;
RUS_reactionary;панславянский;Panslavic;Panslawisten;;Paneslavos;;;;;;;;;x;;;;;;;;;;;;;;;;;;;;;;;;
RUS_socialist;меньшевик;Menshevik;Menschewiki;;Mencheviques;;;;;;;;;x;;;;;;;;;;;;;;;;;;;;;;;;
RUS_socialist_2;Популисты;Populistes;Populisten;;Populistas;;;;;;;;;x;;;;;;;;;;;;;;;;;;;;;;;;
RUS_socialist_3;Социалист-революционер;Revolutionnaire socialiste;Sozialrevolutionare;;Socialistas Revolucionarios;;;;;;;;;x;;;;;;;;;;;;;;;;;;;;;;;;
RUT_anarcho_liberal;Радикальная фракция;Faction radicale;Die radikale Fraktion;;La Faccion Radical;;;;;;;;;x;;;;;;;;;;;;;;;;;;;;;;;;
RUT_communist;Коммунистическая фракция;Faction communiste;Die kommunistische Fraktion;;La Faccion Comunista;;;;;;;;;x;;;;;;;;;;;;;;;;;;;;;;;;
RUT_conservative;Королевская фракция;Faction royale;Konigsfraktion;;Faccion Real;;;;;;;;;x;;;;;;;;;;;;;;;;;;;;;;;;
RUT_fascist;Фашистская фракция;Faction fasciste;Die faschistische Fraktion;;La Faccion Fascista;;;;;;;;;x;;;;;;;;;;;;;;;;;;;;;;;;
RUT_liberal;Либеральная фракция;Faction liberale;Die liberale Fraktion;;La Faccion Liberal;;;;;;;;;x;;;;;;;;;;;;;;;;;;;;;;;;
RUT_reactionary;Националистическая фракция;Faction nationaliste;Die nationalistische Fraktion;;La Faccion Nacionalista;;;;;;;;;x;;;;;;;;;;;;;;;;;;;;;;;;
RUT_socialist;Социалистическая фракция;Faction socialiste;Die sozialistische Fraktion;;La Faccion Socialista;;;;;;;;;x;;;;;;;;;;;;;;;;;;;;;;;;
RYU_anarcho_liberal;Либертарианская партия;;;;;;;;;;;;;x;;;;;;;;;;;;;;;;;;;;;;;;
RYU_communist;Объединенная рабочая партия;;;;;;;;;;;;;x;;;;;;;;;;;;;;;;;;;;;;;;
RYU_conservative;Национальная партия;;;;;;;;;;;;;x;;;;;;;;;;;;;;;;;;;;;;;;
RYU_fascist;Национал-социалистическая партия;;;;;;;;;;;;;x;;;;;;;;;;;;;;;;;;;;;;;;
RYU_liberal;Либеральная партия;;;;;;;;;;;;;x;;;;;;;;;;;;;;;;;;;;;;;;
RYU_reactionary;Монархическая партия;;;;;;;;;;;;;x;;;;;;;;;;;;;;;;;;;;;;;;
RYU_socialist;Социал-демократическая партия;;;;;;;;;;;;;x;;;;;;;;;;;;;;;;;;;;;;;;
SAF_anarcho_liberal;Радикальная Партия;Parti radical;Radical Party;;Partido Radical;;;;;;;;;x;;;;;;;;;;;;;;;;;;;;;;;;
SAF_communist;Коммунистическая партия;Parti communiste ;Communist Party;;Partido Comunista;;;;;;;;;x;;;;;;;;;;;;;;;;;;;;;;;;
SAF_conservative;Прогрессивная партия;Parti progressiste;Progressive Party;;Partido progresista;;;;;;;;;x;;;;;;;;;;;;;;;;;;;;;;;;
SAF_conservative_2;Юнионистская партия;Parti unioniste;Unionist Party;;Partido Unionista;;;;;;;;;x;;;;;;;;;;;;;;;;;;;;;;;;
SAF_conservative_3;Национальная партия;Parti national;National Party;;Partido Nacional;;;;;;;;;x;;;;;;;;;;;;;;;;;;;;;;;;
SAF_fascist;Фашистская партия;Parti fasciste;Fascist Party;;Partido Fascista;;;;;;;;;x;;;;;;;;;;;;;;;;;;;;;;;;
SAF_liberal;Африканер Бонд;Afrikaner Bond;Afrikaner Bond;;Afrikaner Bond;;;;;;;;;x;;;;;;;;;;;;;;;;;;;;;;;;
SAF_liberal_2;Южноафриканская партия;Parti sud-africain;South African Party;;Partido Sudafricano;;;;;;;;;x;;;;;;;;;;;;;;;;;;;;;;;;
SAF_reactionary;Националистическая партия;Parti nationaliste;Nationalist Party;;Partido Nacionalista;;;;;;;;;x;;;;;;;;;;;;;;;;;;;;;;;;
SAF_socialist;Лейбористская партия;Parti travailliste;Labour Party;;Partido Laborista;;;;;;;;;x;;;;;;;;;;;;;;;;;;;;;;;;
SAR_anarcho_liberal;Радикалы;Radical;Radikali;;Radical;;;;;;;;;x;;;;;;;;;;;;;;;;;;;;;;;;
SAR_communist;Коммунисты;Communistes;Communisti;;Comunista;;;;;;;;;x;;;;;;;;;;;;;;;;;;;;;;;;
SAR_conservative; Модераторы;Moderati ;Moderati;;Moderati ;;;;;;;;;x;;;;;;;;;;;;;;;;;;;;;;;;
SAR_fascist;Фашисты;Fasciste;Fascisti;;Fascista;;;;;;;;;x;;;;;;;;;;;;;;;;;;;;;;;;
SAR_liberal; Риформисты;Reformisti ;Reformisti;;Reformisti ;;;;;;;;;x;;;;;;;;;;;;;;;;;;;;;;;;
SAR_liberal_2;Либеральный;Liberale;Liberali;;Liberale;;;;;;;;;x;;;;;;;;;;;;;;;;;;;;;;;;
SAR_reactionary;Реставраторы;Ristorazionista;Ristorazionista;;Ristorazionista;;;;;;;;;x;;;;;;;;;;;;;;;;;;;;;;;;
SAR_socialist;Социалистический;Sozialisti;Sozialisti;;Sozialisti;;;;;;;;;x;;;;;;;;;;;;;;;;;;;;;;;;
SAX_anarcho_liberal;Радикальная рабочая партия;Arbeiterpartei radical;Radikale Arbeiterpartei;;Radical Arbeiterpartei;;;;;;;;;x;;;;;;;;;;;;;;;;;;;;;;;;
SAX_communist;Коммунистическая рабочая партия;Arbeiterpartei communiste;Kommunistische Arbeiterpartei;;Communist Arbeiterpartei;;;;;;;;;x;;;;;;;;;;;;;;;;;;;;;;;;
SAX_conservative;Партия Центра;Zentrumspartei;Zentrumspartei;;Zentrumspartei;;;;;;;;;x;;;;;;;;;;;;;;;;;;;;;;;;
SAX_conservative_2;Консервативная партия;Konservative Partei;Konservative Partei;;Konservative Partei;;;;;;;;;x;;;;;;;;;;;;;;;;;;;;;;;;
SAX_conservative_3;Христианско-социальная рабочая партия;Christsoz. Arbeiterpartei;Christsoz. Arbeiterpartei;;Christsoz. Arbeiterpartei;;;;;;;;;x;;;;;;;;;;;;;;;;;;;;;;;;
SAX_fascist;Фашистская фракция;Faction fasciste;Die faschistische Fraktion;;La Faccion Fascista;;;;;;;;;x;;;;;;;;;;;;;;;;;;;;;;;;
SAX_liberal;Либералдем. Партия;Liberaldem. Partei;Liberaldem. Partei;;Liberaldem. Partei;;;;;;;;;x;;;;;;;;;;;;;;;;;;;;;;;;
SAX_liberal_2;Национал-либералы;Nationalliberale ;Nationalliberale ;;Nationalliberale ;;;;;;;;;x;;;;;;;;;;;;;;;;;;;;;;;;
SAX_liberal_3;Свободная партия;Freisinnige Partei;Freisinnige Partei;;Freisinnige Partei;;;;;;;;;x;;;;;;;;;;;;;;;;;;;;;;;;
SAX_reactionary;Национальная партия;Nationale Partei;Nationale Partei;;Nationale Partei;;;;;;;;;x;;;;;;;;;;;;;;;;;;;;;;;;
SAX_socialist;Немецкий рабочий союз;Deutscher Arbeiterverein;Deutscher Arbeiterverein;;Deutscher Arbeiterverein;;;;;;;;;x;;;;;;;;;;;;;;;;;;;;;;;;
SAX_socialist_2; Социал-демократическая партия.;Sozialdem. Arbeiterpartei ;Sozialdem. Arbeiterpartei ;;Sozialdem. Arbeiterpartei ;;;;;;;;;x;;;;;;;;;;;;;;;;;;;;;;;;
SAX_socialist_3; Социальная.Раб.партия;Sozial. Arbeiterpartei ;Sozial. Arbeiterpartei ;;Sozial. Arbeiterpartei ;;;;;;;;;x;;;;;;;;;;;;;;;;;;;;;;;;
SCA_anarcho_liberal;антиреволюционная партия;Anti-revoultionara partiet;Anti-revoultionara partiet;;Anti-revoultionara partiet;;;;;;;;;x;;;;;;;;;;;;;;;;;;;;;;;;
SCA_communist;Proletдra Kampfцrbundet;Proletara Kampforbundet;Proletara Kampforbundet;;Proletara Kampforbundet;;;;;;;;;x;;;;;;;;;;;;;;;;;;;;;;;;
SCA_conservative;Hцgerpartiet;Hogerpartiet;Hogerpartiet;;Hogerpartiet;;;;;;;;;x;;;;;;;;;;;;;;;;;;;;;;;;
SCA_conservative_2;Норвежская партия интересов;Norske Intressepartit;Norske Intressepartit;;Norske Intressepartit;;;;;;;;;x;;;;;;;;;;;;;;;;;;;;;;;;
SCA_fascist;Национал-социалистический блок;Nationalsocialistiska Blocket;Nationalsocialistiska Blocket;;Nationalsocialistiska Blocket;;;;;;;;;x;;;;;;;;;;;;;;;;;;;;;;;;
SCA_liberal;Либеральная партия профсоюзов;Liberala Unionspartiet;Liberala Unionspartiet;;Liberala Unionspartiet;;;;;;;;;x;;;;;;;;;;;;;;;;;;;;;;;;
SCA_liberal_2;Суоми Пуолу;Suomi Puolue;Suomi Puolue;;Suomi Puolue;;;;;;;;;x;;;;;;;;;;;;;;;;;;;;;;;;
SCA_liberal_3;Bondefцorbundet;Bondeforbundet;Bondeforbundet;;Bondeforbundet;;;;;;;;;x;;;;;;;;;;;;;;;;;;;;;;;;
SCA_liberal_4;Датская союзная партия;Danske Unionspartit;Danske Unionspartit;;Danske Unionspartit;;;;;;;;;x;;;;;;;;;;;;;;;;;;;;;;;;
SCA_reactionary;Монакистерна;Monarkisterna;Monarkisterna;;Monarkisterna;;;;;;;;;x;;;;;;;;;;;;;;;;;;;;;;;;
SCA_socialist;Союз социалистов;Unionssocialisterna;Unionssocialisterna;;Unionssocialisterna;;;;;;;;;x;;;;;;;;;;;;;;;;;;;;;;;;
SCH_anarcho_liberal;Радикальная рабочая партия;Arbeiterpartei radical;Radikale Arbeiterpartei;;Radical Arbeiterpartei;;;;;;;;;x;;;;;;;;;;;;;;;;;;;;;;;;
SCH_communist;Коммунистическая рабочая партия;Arbeiterpartei communiste;Kommunistische Arbeiterpartei;;Communist Arbeiterpartei;;;;;;;;;x;;;;;;;;;;;;;;;;;;;;;;;;
SCH_conservative;Партия Центра;Zentrumspartei;Zentrumspartei;;Zentrumspartei;;;;;;;;;x;;;;;;;;;;;;;;;;;;;;;;;;
SCH_conservative_2;Консервативная партия;Konservative Partei;Konservative Partei;;Konservative Partei;;;;;;;;;x;;;;;;;;;;;;;;;;;;;;;;;;
SCH_conservative_3;Христианско-социальная рабочая партия;Christsoz. Arbeiterpartei;Christsoz. Arbeiterpartei;;Christsoz. Arbeiterpartei;;;;;;;;;x;;;;;;;;;;;;;;;;;;;;;;;;
SCH_fascist;НСДП;NSDP;NSDP;;NSDP;;;;;;;;;x;;;;;;;;;;;;;;;;;;;;;;;;
SCH_liberal;Либералдем. Партия;Liberaldem. Partei;Liberaldem. Partei;;Liberaldem. Partei;;;;;;;;;x;;;;;;;;;;;;;;;;;;;;;;;;
SCH_liberal_2;Национал-либералы;Nationalliberale ;Nationalliberale ;;Nationalliberale ;;;;;;;;;x;;;;;;;;;;;;;;;;;;;;;;;;
SCH_liberal_3;Свободная партия;Freisinnige Partei;Freisinnige Partei;;Freisinnige Partei;;;;;;;;;x;;;;;;;;;;;;;;;;;;;;;;;;
SCH_reactionary;Национальная партия;Nationale Partei;Nationale Partei;;Nationale Partei;;;;;;;;;x;;;;;;;;;;;;;;;;;;;;;;;;
SCH_socialist;Немецкий рабочий союз;Deutscher Arbeiterverein;Deutscher Arbeiterverein;;Deutscher Arbeiterverein;;;;;;;;;x;;;;;;;;;;;;;;;;;;;;;;;;
SCH_socialist_2; Социал-демократическая партия.;Sozialdem. Arbeiterpartei ;Sozialdem. Arbeiterpartei ;;Sozialdem. Arbeiterpartei ;;;;;;;;;x;;;;;;;;;;;;;;;;;;;;;;;;
SCH_socialist_3; Социальная.Раб.партия;Sozial. Arbeiterpartei ;Sozial. Arbeiterpartei ;;Sozial. Arbeiterpartei ;;;;;;;;;x;;;;;;;;;;;;;;;;;;;;;;;;
SCO_anarcho_liberal;Радикальная Партия;Parti radical;Radical Party;;Partido Radical;;;;;;;;;x;;;;;;;;;;;;;;;;;;;;;;;;
SCO_communist;Коммунистическая партия;Parti communiste ;Communist Party;;Partido Comunista;;;;;;;;;x;;;;;;;;;;;;;;;;;;;;;;;;
SCO_conservative;Партия вигов;Parti Whig;Whig Party;;Partido Whig;;;;;;;;;x;;;;;;;;;;;;;;;;;;;;;;;;
SCO_conservative_2;Консервативная партия;Parti conservateur;Conservative Party;;Partido Conservador;;;;;;;;;x;;;;;;;;;;;;;;;;;;;;;;;;
SCO_conservative_3;Юнионистская партия;Parti unioniste;Unionist Party;;Partido Unionista;;;;;;;;;x;;;;;;;;;;;;;;;;;;;;;;;;
SCO_fascist;Фашистская партия;Parti fasciste;Fascist Party;;Partido Fascista;;;;;;;;;x;;;;;;;;;;;;;;;;;;;;;;;;
SCO_liberal;Либеральная партия;Parti liberal;Liberal Party;;Partido Liberal;;;;;;;;;x;;;;;;;;;;;;;;;;;;;;;;;;
SCO_liberal_2;Вечеринка Крофтеров;Parti de Crofters;Crofters' Party;;Partido de los Arrendatarios;;;;;;;;;x;;;;;;;;;;;;;;;;;;;;;;;;
SCO_reactionary;Националистическая партия;Parti nationaliste;Nationalist Party;;Partido Nacionalista;;;;;;;;;x;;;;;;;;;;;;;;;;;;;;;;;;
SCO_socialist;Лейбористская партия;Parti travailliste;Labour Party;;Partido Laborista;;;;;;;;;x;;;;;;;;;;;;;;;;;;;;;;;;
SEG_anarcho_liberal;Либертарианская фракция;;;;;;;;;;;;;;x;;;;;;;;;;;;;;;;;;;;;;;
SEG_communist;Фракция коммунистов;;;;;;;;;;;;;;x;;;;;;;;;;;;;;;;;;;;;;;
SEG_conservative;Королевская фракция;;;;;;;;;;;;;;x;;;;;;;;;;;;;;;;;;;;;;;
SEG_fascist;Фракция Новой Империи;;;;;;;;;;;;;;x;;;;;;;;;;;;;;;;;;;;;;;
SEG_liberal;Фракция реформ;;;;;;;;;;;;;;x;;;;;;;;;;;;;;;;;;;;;;;
SEG_reactionary;Традиционная фракция;;;;;;;;;;;;;;x;;;;;;;;;;;;;;;;;;;;;;;
SEG_socialist;Социалистическая фракция;;;;;;;;;;;;;;x;;;;;;;;;;;;;;;;;;;;;;;
SER_anarcho_liberal;Анархо-либерал;Anarcho Liberal;Anarchisch-liberal;;Anarcoliberales;;;;;;;;;x;;;;;;;;;;;;;;;;;;;;;;;;
SER_communist;коммунист;Communistes;Kommunistisch;;Comunista;;;;;;;;;x;;;;;;;;;;;;;;;;;;;;;;;;
SER_conservative;Абсолютистский;Absolutiste;Absolutistisch;;Absolutistas;;;;;;;;;x;;;;;;;;;;;;;;;;;;;;;;;;
SER_conservative_2;Консервативный;Conservateur;Konservativ;;Conservadores;;;;;;;;;x;;;;;;;;;;;;;;;;;;;;;;;;
SER_conservative_3;Прогрессивный;Progressiste;Progressiv;;Progresistas;;;;;;;;;x;;;;;;;;;;;;;;;;;;;;;;;;
SER_fascist;фашистский;Fasciste;Faschistisch;;Fascista;;;;;;;;;x;;;;;;;;;;;;;;;;;;;;;;;;
SER_liberal;Конституционный;Constitutionel;Konstitutionell;;Constitutionalistas;;;;;;;;;x;;;;;;;;;;;;;;;;;;;;;;;;
SER_liberal_2;либеральный;Liberal;Liberal;;Liberales;;;;;;;;;x;;;;;;;;;;;;;;;;;;;;;;;;
SER_reactionary;Националист;Nationaliste;Nationalistisch;;Nacionalista;;;;;;;;;x;;;;;;;;;;;;;;;;;;;;;;;;
SER_socialist;Радикальный;Radical;Radikal;;Radical;;;;;;;;;x;;;;;;;;;;;;;;;;;;;;;;;;
SEY_conservative;Демократическая партия Сейшельских островов;;;;;;x;;;;;;;;;;;;;;;;;;;;;;;;;;;;;;;
SEY_liberal;Сейшельская национальная партия;;;;;;x;;;;;;;;;;;;;;;;;;;;;;;;;;;;;;;
SEY_reactionary;Ассоциация налогоплательщиков;;;;;;x;;;;;;;;;;;;;;;;;;;;;;;;;;;;;;;
SEY_socialist;Лига цветных народов;;;;;;x;;;;;;;;;;;;;;;;;;;;;;;;;;;;;;;
SEY_socialist_2;Объединенная партия народа Сейшельских островов;;;;;;x;;;;;;;;;;;;;;;;;;;;;;;;;;;;;;;
SEY_socialist_3;Прогрессивный фронт народа Сейшельских островов;;;;;;x;;;;;;;;;;;;;;;;;;;;;;;;;;;;;;;
SEY_socialist_4;Народная партия;;;;;;x;;;;;;;;;;;;;;;;;;;;;;;;;;;;;;;
SGF_anarcho_liberal;Радикальная рабочая партия;Arbeiterpartei radical;Radikale Arbeiterpartei;;Radical Arbeiterpartei;;;;;;;;;x;;;;;;;;;;;;;;;;;;;;;;;;
SGF_communist;Коммунистическая рабочая партия;Arbeiterpartei communiste;Kommunistische Arbeiterpartei;;Communist Arbeiterpartei;;;;;;;;;x;;;;;;;;;;;;;;;;;;;;;;;;
SGF_conservative;Партия Центра;Zentrumspartei;Zentrumspartei;;Zentrumspartei;;;;;;;;;x;;;;;;;;;;;;;;;;;;;;;;;;
SGF_conservative_2;Консервативная партия;Konservative Partei;Konservative Partei;;Konservative Partei;;;;;;;;;x;;;;;;;;;;;;;;;;;;;;;;;;
SGF_conservative_3;Христианско-социальная рабочая партия;Christsoz. Arbeiterpartei;Christsoz. Arbeiterpartei;;Christsoz. Arbeiterpartei;;;;;;;;;x;;;;;;;;;;;;;;;;;;;;;;;;
SGF_fascist;НСДП;NSDP;NSDP;;NSDP;;;;;;;;;x;;;;;;;;;;;;;;;;;;;;;;;;
SGF_liberal;Либералдем. Партия;Liberaldem. Partei;Liberaldem. Partei;;Liberaldem. Partei;;;;;;;;;x;;;;;;;;;;;;;;;;;;;;;;;;
SGF_liberal_2;Национал-либералы;Nationalliberale ;Nationalliberale ;;Nationalliberale ;;;;;;;;;x;;;;;;;;;;;;;;;;;;;;;;;;
SGF_liberal_3;Свободная партия;Freisinnige Partei;Freisinnige Partei;;Freisinnige Partei;;;;;;;;;x;;;;;;;;;;;;;;;;;;;;;;;;
SGF_reactionary;Национальная партия;Nationale Partei;Nationale Partei;;Nationale Partei;;;;;;;;;x;;;;;;;;;;;;;;;;;;;;;;;;
SGF_socialist;Немецкий рабочий союз;Deutscher Arbeiterverein;Deutscher Arbeiterverein;;Deutscher Arbeiterverein;;;;;;;;;x;;;;;;;;;;;;;;;;;;;;;;;;
SGF_socialist_2; Социал-демократическая партия.;Sozialdem. Arbeiterpartei ;Sozialdem. Arbeiterpartei ;;Sozialdem. Arbeiterpartei ;;;;;;;;;x;;;;;;;;;;;;;;;;;;;;;;;;
SGF_socialist_3; Социальная.Раб.партия;Sozial. Arbeiterpartei ;Sozial. Arbeiterpartei ;;Sozial. Arbeiterpartei ;;;;;;;;;x;;;;;;;;;;;;;;;;;;;;;;;;
SGM_anarcho_liberal;Либертарианский фюрер;Partido Federalista;Partido Federalista;;;Partido Federalista;;;;;;;;x;;;;;;;;;;;;;;;;;;;;;;;;
SGM_communist;Kommunistische Fьhrer;Partido communiste;Partido Communist;;;Partido Comunista;;;;;;;;x;;;;;;;;;;;;;;;;;;;;;;;;
SGM_conservative;Консервативный фюрер;Partido Conservador;Partido Conservador;;;Partido Conservador;;;;;;;;x;;;;;;;;;;;;;;;;;;;;;;;;
SGM_fascist;Faschisten Fьhrer;Partido fasciste;Partido Fascist;;;Partido Fascista;;;;;;;;x;;;;;;;;;;;;;;;;;;;;;;;;
SGM_liberal;Либеральный фюрер;Partido Progresista;Partido Progresista;;;Partido Progresista;;;;;;;;x;;;;;;;;;;;;;;;;;;;;;;;;
SGM_reactionary;Радикальный фюрер;Partido Imperialista;Partido Imperialista;;;Partido Imperialista;;;;;;;;x;;;;;;;;;;;;;;;;;;;;;;;;
SGM_socialist;Sozialistische Fьhrer;Partido socialiste;Partido Socialist;;;Partido Socialista;;;;;;;;x;;;;;;;;;;;;;;;;;;;;;;;;
SHI_anarcho_liberal;Радикальная фракция;Faction radicale;Die radikale Fraktion;;La Faccion Radical;;;;;;;;;x;;;;;;;;;;;;;;;;;;;;;;;;
SHI_communist;Коммунистическая фракция;Faction communiste;Die kommunistische Fraktion;;La Faccion Comunista;;;;;;;;;x;;;;;;;;;;;;;;;;;;;;;;;;
SHI_conservative;Королевская фракция;Faction royale;Konigsfraktion;;Faccion Real;;;;;;;;;x;;;;;;;;;;;;;;;;;;;;;;;;
SHI_fascist;Фашистская фракция;Faction fasciste;Die faschistische Fraktion;;La Faccion Fascista;;;;;;;;;x;;;;;;;;;;;;;;;;;;;;;;;;
SHI_liberal;Либеральная фракция;Faction liberale;Die liberale Fraktion;;La Faccion Liberal;;;;;;;;;x;;;;;;;;;;;;;;;;;;;;;;;;
SHI_reactionary;Националистическая фракция;Faction nationaliste;Die nationalistische Fraktion;;La Faccion Nacionalista;;;;;;;;;x;;;;;;;;;;;;;;;;;;;;;;;;
SHI_socialist;Социалистическая фракция;Faction socialiste;Die sozialistische Fraktion;;La Faccion Socialista;;;;;;;;;x;;;;;;;;;;;;;;;;;;;;;;;;
SIA_anarcho_liberal;Радикальная фракция;Faction radicale;Die radikale Fraktion;;La Faccion Radical;;;;;;;;;x;;;;;;;;;;;;;;;;;;;;;;;;
SIA_communist;Коммунистическая фракция;Faction communiste;Die kommunistische Fraktion;;La Faccion Comunista;;;;;;;;;x;;;;;;;;;;;;;;;;;;;;;;;;
SIA_conservative;Королевская фракция;Faction royale;Konigsfraktion;;Faccion Real;;;;;;;;;x;;;;;;;;;;;;;;;;;;;;;;;;
SIA_fascist;Фашистская фракция;Faction fasciste;Die faschistische Fraktion;;La Faccion Fascista;;;;;;;;;x;;;;;;;;;;;;;;;;;;;;;;;;
SIA_liberal;Либеральная фракция;Faction liberale;Die liberale Fraktion;;La Faccion Liberal;;;;;;;;;x;;;;;;;;;;;;;;;;;;;;;;;;
SIA_reactionary;Националистическая фракция;Faction nationaliste;Die nationalistische Fraktion;;La Faccion Nacionalista;;;;;;;;;x;;;;;;;;;;;;;;;;;;;;;;;;
SIA_socialist;Социалистическая фракция;Faction socialiste;Die sozialistische Fraktion;;La Faccion Socialista;;;;;;;;;x;;;;;;;;;;;;;;;;;;;;;;;;
SIC_anarcho_liberal;Радикалы;Radical;Radikali;;Radical;;;;;;;;;x;;;;;;;;;;;;;;;;;;;;;;;;
SIC_communist;Коммунисты;Communistes;Communisti;;Comunista;;;;;;;;;x;;;;;;;;;;;;;;;;;;;;;;;;
SIC_conservative; Модераторы;Moderati ;Moderati;;Moderati ;;;;;;;;;x;;;;;;;;;;;;;;;;;;;;;;;;
SIC_fascist;Фашисты;Fasciste;Fascisti;;Fascista;;;;;;;;;x;;;;;;;;;;;;;;;;;;;;;;;;
SIC_liberal; Риформисты;Reformisti ;Reformisti;;Reformisti ;;;;;;;;;x;;;;;;;;;;;;;;;;;;;;;;;;
SIC_liberal_2;Либеральный;Liberale;Liberali;;Liberale;;;;;;;;;x;;;;;;;;;;;;;;;;;;;;;;;;
SIC_reactionary;Реставраторы;Ristorazionista;Ristorazionista;;Ristorazionista;;;;;;;;;x;;;;;;;;;;;;;;;;;;;;;;;;
SIC_socialist;Социалистический;Sozialisti;Sozialisti;;Sozialisti;;;;;;;;;x;;;;;;;;;;;;;;;;;;;;;;;;
SIE_anarcho_liberal;Радикальная фракция;Faction radicale;Die radikale Fraktion;;La Faccion Radical;;;;;;;;;x;;;;;;;;;;;;;;;;;;;;;;;;
SIE_communist;Коммунистическая фракция;Faction communiste;Die kommunistische Fraktion;;La Faccion Comunista;;;;;;;;;x;;;;;;;;;;;;;;;;;;;;;;;;
SIE_conservative;Королевская фракция;Faction royale;Konigsfraktion;;Faccion Real;;;;;;;;;x;;;;;;;;;;;;;;;;;;;;;;;;
SIE_fascist;Фашистская фракция;Faction fasciste;Die faschistische Fraktion;;La Faccion Fascista;;;;;;;;;x;;;;;;;;;;;;;;;;;;;;;;;;
SIE_liberal;Либеральная фракция;Faction liberale;Die liberale Fraktion;;La Faccion Liberal;;;;;;;;;x;;;;;;;;;;;;;;;;;;;;;;;;
SIE_reactionary;Националистическая фракция;Faction nationaliste;Die nationalistische Fraktion;;La Faccion Nacionalista;;;;;;;;;x;;;;;;;;;;;;;;;;;;;;;;;;
SIE_socialist;Социалистическая фракция;Faction socialiste;Die sozialistische Fraktion;;La Faccion Socialista;;;;;;;;;x;;;;;;;;;;;;;;;;;;;;;;;;
SIK_anarcho_liberal;Радикальная фракция;Faction radicale;Die radikale Fraktion;;La Faccion Radical;;;;;;;;;x;;;;;;;;;;;;;;;;;;;;;;;;
SIK_communist;Коммунистическая фракция;Faction communiste;Die kommunistische Fraktion;;La Faccion Comunista;;;;;;;;;x;;;;;;;;;;;;;;;;;;;;;;;;
SIK_conservative;Королевская фракция;Faction royale;Konigsfraktion;;Faccion Real;;;;;;;;;x;;;;;;;;;;;;;;;;;;;;;;;;
SIK_fascist;Фашистская фракция;Faction fasciste;Die faschistische Fraktion;;La Faccion Fascista;;;;;;;;;x;;;;;;;;;;;;;;;;;;;;;;;;
SIK_liberal;Либеральная фракция;Faction liberale;Die liberale Fraktion;;La Faccion Liberal;;;;;;;;;x;;;;;;;;;;;;;;;;;;;;;;;;
SIK_reactionary;Националистическая фракция;Faction nationaliste;Die nationalistische Fraktion;;La Faccion Nacionalista;;;;;;;;;x;;;;;;;;;;;;;;;;;;;;;;;;
SIK_socialist;Социалистическая фракция;Faction socialiste;Die sozialistische Fraktion;;La Faccion Socialista;;;;;;;;;x;;;;;;;;;;;;;;;;;;;;;;;;
SIN_anarcho_liberal;Радикальная фракция;Faction radicale;Die radikale Fraktion;;La Faccion Radical;;;;;;;;;x;;;;;;;;;;;;;;;;;;;;;;;;
SIN_communist;Коммунистическая фракция;Faction communiste;Die kommunistische Fraktion;;La Faccion Comunista;;;;;;;;;x;;;;;;;;;;;;;;;;;;;;;;;;
SIN_conservative;Королевская фракция;Faction royale;Konigsfraktion;;Faccion Real;;;;;;;;;x;;;;;;;;;;;;;;;;;;;;;;;;
SIN_fascist;Фашистская фракция;Faction fasciste;Die faschistische Fraktion;;La Faccion Fascista;;;;;;;;;x;;;;;;;;;;;;;;;;;;;;;;;;
SIN_liberal;Либеральная фракция;Faction liberale;Die liberale Fraktion;;La Faccion Liberal;;;;;;;;;x;;;;;;;;;;;;;;;;;;;;;;;;
SIN_reactionary;Националистическая фракция;Faction nationaliste;Die nationalistische Fraktion;;La Faccion Nacionalista;;;;;;;;;x;;;;;;;;;;;;;;;;;;;;;;;;
SIN_socialist;Социалистическая фракция;Faction socialiste;Die sozialistische Fraktion;;La Faccion Socialista;;;;;;;;;x;;;;;;;;;;;;;;;;;;;;;;;;
SIX_anarcho_liberal;Союз вольных общин сиу;Free Communities of the Sioux;Partido Federalista;;;Partido Federalista;;;;;;;;x;;;;;;;;;;;;;;;;;;;;;;;;
SIX_communist;Община общей земли сиу;Common Land Community of the Sioux;Partido Communist;;;Partido Comunista;;;;;;;;x;;;;;;;;;;;;;;;;;;;;;;;;
SIX_conservative;Совет старейшин сиу;Council of Elders of the Sioux;Partido Conservador;;;Partido Conservador;;;;;;;;x;;;;;;;;;;;;;;;;;;;;;;;;
SIX_fascist;Движение единства сиу;Unity Movement of the Sioux;Partido Fascist;;;Partido Fascista;;;;;;;;x;;;;;;;;;;;;;;;;;;;;;;;;
SIX_liberal;Торговая лига сиу;Trade League of the Sioux;Partido Liberal;;;Partido Liberal;;;;;;;;x;;;;;;;;;;;;;;;;;;;;;;;;
SIX_reactionary;Хранители традиций сиу;Keepers of Sioux Traditions;Partido Imperialista;;;Partido Imperialista;;;;;;;;x;;;;;;;;;;;;;;;;;;;;;;;;
SIX_socialist;Союз общинных мастеров сиу;Guild of Community Crafts of the Sioux;Partido Socialist;;;Partido Socialista;;;;;;;;x;;;;;;;;;;;;;;;;;;;;;;;;
SLO_anarcho_liberal;Радикальная фракция;Faction radicale;Die radikale Fraktion;;La Faccion Radical;;;;;;;;;x;;;;;;;;;;;;;;;;;;;;;;;;
SLO_communist;Коммунистическая фракция;Faction communiste;Die kommunistische Fraktion;;La Faccion Comunista;;;;;;;;;x;;;;;;;;;;;;;;;;;;;;;;;;
SLO_conservative;Королевская фракция;Faction royale;Konigsfraktion;;Faccion Real;;;;;;;;;x;;;;;;;;;;;;;;;;;;;;;;;;
SLO_fascist;Фашистская фракция;Faction fasciste;Die faschistische Fraktion;;La Faccion Fascista;;;;;;;;;x;;;;;;;;;;;;;;;;;;;;;;;;
SLO_liberal;Либеральная фракция;Faction liberale;Die liberale Fraktion;;La Faccion Liberal;;;;;;;;;x;;;;;;;;;;;;;;;;;;;;;;;;
SLO_reactionary;Националистическая фракция;Faction nationaliste;Die nationalistische Fraktion;;La Faccion Nacionalista;;;;;;;;;x;;;;;;;;;;;;;;;;;;;;;;;;
SLO_socialist;Социалистическая фракция;Faction socialiste;Die sozialistische Fraktion;;La Faccion Socialista;;;;;;;;;x;;;;;;;;;;;;;;;;;;;;;;;;
SLV_anarcho_liberal;Радикальная фракция;Faction radicale;Die radikale Fraktion;;La Faccion Radical;;;;;;;;;x;;;;;;;;;;;;;;;;;;;;;;;;
SLV_communist;Коммунистическая фракция;Faction communiste;Die kommunistische Fraktion;;La Faccion Comunista;;;;;;;;;x;;;;;;;;;;;;;;;;;;;;;;;;
SLV_conservative;Королевская фракция;Faction royale;Konigsfraktion;;Faccion Real;;;;;;;;;x;;;;;;;;;;;;;;;;;;;;;;;;
SLV_fascist;Фашистская фракция;Faction fasciste;Die faschistische Fraktion;;La Faccion Fascista;;;;;;;;;x;;;;;;;;;;;;;;;;;;;;;;;;
SLV_liberal;Либеральная фракция;Faction liberale;Die liberale Fraktion;;La Faccion Liberal;;;;;;;;;x;;;;;;;;;;;;;;;;;;;;;;;;
SLV_reactionary;Националистическая фракция;Faction nationaliste;Die nationalistische Fraktion;;La Faccion Nacionalista;;;;;;;;;x;;;;;;;;;;;;;;;;;;;;;;;;
SLV_socialist;Социалистическая фракция;Faction socialiste;Die sozialistische Fraktion;;La Faccion Socialista;;;;;;;;;x;;;;;;;;;;;;;;;;;;;;;;;;
SNG_anarcho_liberal;Либертарианская партия;Partido Federalista;Partido Federalista;;;Partido Federalista;;;;;;;;x;;;;;;;;;;;;;;;;;;;;;;;;
SNG_communist;Коммунистическая партия;Partido communiste;Partido Communist;;;Partido Comunista;;;;;;;;x;;;;;;;;;;;;;;;;;;;;;;;;
SNG_conservative;Консервативная партия;Partido Conservador;Partido Conservador;;;Partido Conservador;;;;;;;;x;;;;;;;;;;;;;;;;;;;;;;;;
SNG_fascist;Фашистская партия;Partido fasciste;Partido Fascist;;;Partido Fascista;;;;;;;;x;;;;;;;;;;;;;;;;;;;;;;;;
SNG_liberal;Либеральная партия;Partido Liberal;Partido Liberal;;;Partido Liberal;;;;;;;;x;;;;;;;;;;;;;;;;;;;;;;;;
SNG_reactionary;Радикальная Партия;Partido Imperialista;Partido Imperialista;;;Partido Imperialista;;;;;;;;x;;;;;;;;;;;;;;;;;;;;;;;;
SNG_socialist;Социалистическая партия;Partido socialiste;Partido Socialist;;;Partido Socialista;;;;;;;;x;;;;;;;;;;;;;;;;;;;;;;;;
SOK_anarcho_liberal;Радикальная фракция;Faction radicale;Die radikale Fraktion;;La Faccion Radical;;;;;;;;;x;;;;;;;;;;;;;;;;;;;;;;;;
SOK_communist;Коммунистическая фракция;Faction communiste;Die kommunistische Fraktion;;La Faccion Comunista;;;;;;;;;x;;;;;;;;;;;;;;;;;;;;;;;;
SOK_conservative;Королевская фракция;Faction royale;Konigsfraktion;;Faccion Real;;;;;;;;;x;;;;;;;;;;;;;;;;;;;;;;;;
SOK_fascist;Фашистская фракция;Faction fasciste;Die faschistische Fraktion;;La Faccion Fascista;;;;;;;;;x;;;;;;;;;;;;;;;;;;;;;;;;
SOK_liberal;Либеральная фракция;Faction liberale;Die liberale Fraktion;;La Faccion Liberal;;;;;;;;;x;;;;;;;;;;;;;;;;;;;;;;;;
SOK_reactionary;Националистическая фракция;Faction nationaliste;Die nationalistische Fraktion;;La Faccion Nacionalista;;;;;;;;;x;;;;;;;;;;;;;;;;;;;;;;;;
SOK_socialist;Социалистическая фракция;Faction socialiste;Die sozialistische Fraktion;;La Faccion Socialista;;;;;;;;;x;;;;;;;;;;;;;;;;;;;;;;;;
SOM_anarcho_liberal;Либертарианская партия;Partido Federalista;Partido Federalista;;;Partido Federalista;;;;;;;;x;;;;;;;;;;;;;;;;;;;;;;;;
SOM_communist;Коммунистическая партия;Partido communiste;Partido Communist;;;Partido Comunista;;;;;;;;x;;;;;;;;;;;;;;;;;;;;;;;;
SOM_conservative;Консервативная партия;Partido Conservador;Partido Conservador;;;Partido Conservador;;;;;;;;x;;;;;;;;;;;;;;;;;;;;;;;;
SOM_fascist;Фашистская партия;Partido fasciste;Partido Fascist;;;Partido Fascista;;;;;;;;x;;;;;;;;;;;;;;;;;;;;;;;;
SOM_liberal;Либеральная партия;Partido Liberal;Partido Liberal;;;Partido Liberal;;;;;;;;x;;;;;;;;;;;;;;;;;;;;;;;;
SOM_reactionary;Радикальная Партия;Partido Imperialista;Partido Imperialista;;;Partido Imperialista;;;;;;;;x;;;;;;;;;;;;;;;;;;;;;;;;
SOM_socialist;Социалистическая партия;Partido socialiste;Partido Socialist;;;Partido Socialista;;;;;;;;x;;;;;;;;;;;;;;;;;;;;;;;;
SON_liberal;Либеральная партия;Partido Liberal;Partido Liberal;;;Partido Liberal;;;;;;;;x;;;;;;;;;;;;;;;;;;;;;;;;
SON_anarcho_liberal;Федералистская партия;Partido Federalista;Partido Federalista;;;Partido Federalista;;;;;;;;x;;;;;;;;;;;;;;;;;;;;;;;;
SON_conservative;Партия консерваторов;Partido Conservador;Partido Conservador;;;Partido Conservador;;;;;;;;x;;;;;;;;;;;;;;;;;;;;;;;;
SON_conservative_2;Партия умеренно либеральная;Partido Moderado Liberal;Partido Moderado Liberal;;;Partido Moderado Liberal;;;;;;;;x;;;;;;;;;;;;;;;;;;;;;;;;
SON_liberal_2;Партия радикальных либералов;Partido Radical Liberal;Partido Radical Liberal;;;Partido Radical Liberal;;;;;;;;x;;;;;;;;;;;;;;;;;;;;;;;;
SON_liberal_3;Прогрессивная партия;Partido Progresista;Partido Progresista;;;Partido Progresista;;;;;;;;x;;;;;;;;;;;;;;;;;;;;;;;;
SON_conservative_3;Партия Конституционалиста;Partido Constitucionalista;Partido Constitucionalista;;;Partido Constitucionalista;;;;;;;;x;;;;;;;;;;;;;;;;;;;;;;;;
SON_liberal_4;Партия Антиперевыборная;Partido Antireelecionista;Partido Antireelecionista;;;Partido Antireelecionista;;;;;;;;x;;;;;;;;;;;;;;;;;;;;;;;;
SON_reactionary;Партидо Империалист;Partido Imperialista;Partido Imperialista;;;Partido Imperialista;;;;;;;;x;;;;;;;;;;;;;;;;;;;;;;;;
SON_socialist;Социалистическая партия;Partido socialiste;Partido Socialist;;;Partido Socialista;;;;;;;;x;;;;;;;;;;;;;;;;;;;;;;;;
SON_communist;Партидо коммунист;Partido communiste;Partido Communist;;;Partido Comunista;;;;;;;;x;;;;;;;;;;;;;;;;;;;;;;;;
SON_fascist;Фашистская партия;Partido fasciste;Partido Fascist;;;Partido Fascista;;;;;;;;x;;;;;;;;;;;;;;;;;;;;;;;;
SPA_anarcho_liberal;Радикальная партия;Partido Radical;Partido Radical;;Partido Radical;;;;;;;;;x;;;;;;;;;;;;;;;;;;;;;;;;
SPA_communist;Региональная федерация;Federacion Regional;Federacion Regional;;Federacion Regional;;;;;;;;;x;;;;;;;;;;;;;;;;;;;;;;;;
SPA_conservative;Партидо Модерадо;Partido Moderado;Partido Moderado;;Partido Moderado;;;;;;;;;x;;;;;;;;;;;;;;;;;;;;;;;;
SPA_conservative_2;Союз либералов;Union Liberal;Union Liberal;;Union Liberal;;;;;;;;;x;;;;;;;;;;;;;;;;;;;;;;;;
SPA_conservative_3;Региональная лига Кат.;Lliga Regionalista Cat.;Lliga Regionalista Cat.;;Liga Regionalista Cat.;;;;;;;;;x;;;;;;;;;;;;;;;;;;;;;;;;
SPA_conservative_4;Националист Васко;Nacionalista Vasco;Nacionalista Vasco;;Nacionalista Vasco;;;;;;;;;x;;;;;;;;;;;;;;;;;;;;;;;;
SPA_conservative_5;Национальный Союз;Union Nacional;Union Nacional;;Union Nacional;;;;;;;;;x;;;;;;;;;;;;;;;;;;;;;;;;
SPA_fascist;Фаланга;Falange;Falange;;Falange;;;;;;;;;x;;;;;;;;;;;;;;;;;;;;;;;;
SPA_liberal;Прогрессивная партия;Partido Progresista;Partido Progresista;;Partido Progresista;;;;;;;;;x;;;;;;;;;;;;;;;;;;;;;;;;
SPA_liberal_2;Федеральный республиканец;Republicano Federal;Republicano Federal;;Republicano Federal;;;;;;;;;x;;;;;;;;;;;;;;;;;;;;;;;;
SPA_liberal_3;Республикано Унитарио;Republicano Unitario;Republicano Unitario;;Republicano Unitario;;;;;;;;;x;;;;;;;;;;;;;;;;;;;;;;;;
SPA_liberal_4;Радикальный республиканец;Radical Republicano;Radical Republicano;;Radical Republicano;;;;;;;;;x;;;;;;;;;;;;;;;;;;;;;;;;
SPA_liberal_5;Республиканский Союз;Union Republicana;Union Republicana;;Union Republicana;;;;;;;;;x;;;;;;;;;;;;;;;;;;;;;;;;
SPA_liberal_6;Республикано-реформистский;Republicano Reformista;Republicano Reformista;;Republicano Reformista;;;;;;;;;x;;;;;;;;;;;;;;;;;;;;;;;;
SPA_liberal_7;Каталонский Солидаризм;Solidaridad Catalana;Solidaridad Catalana;;Solidaridad Catalana;;;;;;;;;x;;;;;;;;;;;;;;;;;;;;;;;;
SPA_reactionary;Comuniуn Карлиста;Comunion Carlista;Comunion Carlista;;Comunion Carlista;;;;;;;;;x;;;;;;;;;;;;;;;;;;;;;;;;
SPA_socialist;Социалистическая партия;Partido Socialista;Partido Socialista;;Partido Socialista;;;;;;;;;x;;;;;;;;;;;;;;;;;;;;;;;;
SRI_anarcho_liberal;Эксат Джатика Пакшая;;;;;;;;;;;;x;;;;;;;;;;;;;;;;;;;;;;;;;
SRI_communist;Левый освободительный фронт;;;;;;;;;;;;x;;;;;;;;;;;;;;;;;;;;;;;;;
SRI_conservative;Единый национальный фронт;;;;;;;;;;;;x;;;;;;;;;;;;;;;;;;;;;;;;;
SRI_fascist;Тамильский национальный альянс;;;;;;;;;;;;x;;;;;;;;;;;;;;;;;;;;;;;;;
SRI_liberal;Праджатхантравадхи Пакшая;;;;;;;;;;;;x;;;;;;;;;;;;;;;;;;;;;;;;;
SRI_reactionary;Джатика Хела Урумая;;;;;;;;;;;;x;;;;;;;;;;;;;;;;;;;;;;;;;
SRI_socialist;Махаджана Эксат Перамуна;;;;;;;;;;;;x;;;;;;;;;;;;;;;;;;;;;;;;;
SSD_anarcho_liberal;Либертарианская партия;Partido Federalista;Partido Federalista;;;Partido Federalista;;;;;;;;x;;;;;;;;;;;;;;;;;;;;;;;;
SSD_communist;Коммунистическая партия;Partido communiste;Partido Communist;;;Partido Comunista;;;;;;;;x;;;;;;;;;;;;;;;;;;;;;;;;
SSD_conservative;Консервативная партия;Partido Conservador;Partido Conservador;;;Partido Conservador;;;;;;;;x;;;;;;;;;;;;;;;;;;;;;;;;
SSD_fascist;Фашистская партия;Partido fasciste;Partido Fascist;;;Partido Fascista;;;;;;;;x;;;;;;;;;;;;;;;;;;;;;;;;
SSD_liberal;Либеральная партия;Partido Liberal;Partido Liberal;;;Partido Liberal;;;;;;;;x;;;;;;;;;;;;;;;;;;;;;;;;
SSD_reactionary;Радикальная Партия;Partido Imperialista;Partido Imperialista;;;Partido Imperialista;;;;;;;;x;;;;;;;;;;;;;;;;;;;;;;;;
SSD_socialist;Социалистическая партия;Partido socialiste;Partido Socialist;;;Partido Socialista;;;;;;;;x;;;;;;;;;;;;;;;;;;;;;;;;
STP_anarcho_liberal;Либертарианская партия;Partido Federalista;Partido Federalista;;;Partido Federalista;;;;;;;;x;;;;;;;;;;;;;;;;;;;;;;;;
STP_communist;Коммунистическая партия;Partido communiste;Partido Communist;;;Partido Comunista;;;;;;;;x;;;;;;;;;;;;;;;;;;;;;;;;
STP_conservative;Консервативная партия;Partido Conservador;Partido Conservador;;;Partido Conservador;;;;;;;;x;;;;;;;;;;;;;;;;;;;;;;;;
STP_fascist;Фашистская партия;Partido fasciste;Partido Fascist;;;Partido Fascista;;;;;;;;x;;;;;;;;;;;;;;;;;;;;;;;;
STP_liberal;Либеральная партия;Partido Liberal;Partido Liberal;;;Partido Liberal;;;;;;;;x;;;;;;;;;;;;;;;;;;;;;;;;
STP_reactionary;Радикальная Партия;Partido Imperialista;Partido Imperialista;;;Partido Imperialista;;;;;;;;x;;;;;;;;;;;;;;;;;;;;;;;;
STP_socialist;Социалистическая партия;Partido socialiste;Partido Socialist;;;Partido Socialista;;;;;;;;x;;;;;;;;;;;;;;;;;;;;;;;;
SUD_anarcho_liberal;Либертарианская партия;Partido Federalista;Partido Federalista;;;Partido Federalista;;;;;;;;x;;;;;;;;;;;;;;;;;;;;;;;;
SUD_communist;Коммунистическая партия;Partido communiste;Partido Communist;;;Partido Comunista;;;;;;;;x;;;;;;;;;;;;;;;;;;;;;;;;
SUD_conservative;Консервативная партия;Partido Conservador;Partido Conservador;;;Partido Conservador;;;;;;;;x;;;;;;;;;;;;;;;;;;;;;;;;
SUD_fascist;Фашистская партия;Partido fasciste;Partido Fascist;;;Partido Fascista;;;;;;;;x;;;;;;;;;;;;;;;;;;;;;;;;
SUD_liberal;Либеральная партия;Partido Liberal;Partido Liberal;;;Partido Liberal;;;;;;;;x;;;;;;;;;;;;;;;;;;;;;;;;
SUD_reactionary;Радикальная Партия;Partido Imperialista;Partido Imperialista;;;Partido Imperialista;;;;;;;;x;;;;;;;;;;;;;;;;;;;;;;;;
SUD_socialist;Социалистическая партия;Partido socialiste;Partido Socialist;;;Partido Socialista;;;;;;;;x;;;;;;;;;;;;;;;;;;;;;;;;
SUR_anarcho_liberal;Либертарианская партия;Partido Federalista;Partido Federalista;;;Partido Federalista;;;;;;;;x;;;;;;;;;;;;;;;;;;;;;;;;
SUR_communist;Коммунистическая партия Суринама;Partido communiste;Partido Communist;;;Partido Comunista;;;;;;;;x;;;;;;;;;;;;;;;;;;;;;;;;
SUR_conservative;Новый фронт за демократию и политику;Partido Moderado Liberal;Partido Moderado Liberal;;;Partido Moderado Liberal;;;;;;;;x;;;;;;;;;;;;;;;;;;;;;;;;
SUR_fascist;Фашистская партия;Partido fasciste;Partido Fascist;;;Partido Fascista;;;;;;;;x;;;;;;;;;;;;;;;;;;;;;;;;
SUR_liberal;Национальная демократическая партия;Partido Liberal;Partido Liberal;;;Partido Liberal;;;;;;;;x;;;;;;;;;;;;;;;;;;;;;;;;
SUR_reactionary;Радикальная партия;Partido Imperialista;Partido Imperialista;;;Partido Imperialista;;;;;;;;x;;;;;;;;;;;;;;;;;;;;;;;;
SUR_socialist;Прогрессивный союз рабочих и земледельцев;Partido socialiste;Partido Socialist;;;Partido Socialista;;;;;;;;x;;;;;;;;;;;;;;;;;;;;;;;;
SWE_anarcho_liberal;антиреволюционная партия;Anti-revoultionara partiet;Anti-revoultionara partiet;;Anti-revoultionara partiet;;;;;;;;;x;;;;;;;;;;;;;;;;;;;;;;;;
SWE_communist;Социал-демократическая партия Ванстера;Socialdem. Vansterpartiet;Socialdem. Vansterpartiet;;Socialdem. Vansterpartiet;;;;;;;;;x;;;;;;;;;;;;;;;;;;;;;;;;
SWE_conservative;Консервативная партия;Konservativa Partiet;Konservativa Partiet;;Konservativa Partiet;;;;;;;;;x;;;;;;;;;;;;;;;;;;;;;;;;
SWE_conservative_2; Sveriges Agrarfцrbund;Sveriges Agrarforbund ;Sveriges Agrarforbund ;;Sveriges Agrarforbund ;;;;;;;;;x;;;;;;;;;;;;;;;;;;;;;;;;
SWE_conservative_3; Bondefцorbundet;Bondeforbundet ;Bondeforbundet ;;Bondeforbundet ;;;;;;;;;x;;;;;;;;;;;;;;;;;;;;;;;;
SWE_conservative_4;Almдanna Valmansfцrbundet;Almanna Valmansforbundet;Almanna Valmansforbundet;;Almanna Valmansforbundet;;;;;;;;;x;;;;;;;;;;;;;;;;;;;;;;;;
SWE_conservative_5; Sveriges Agrarfцrbund;Sveriges Agrarforbund ;Sveriges Agrarforbund ;;Sveriges Agrarforbund ;;;;;;;;;x;;;;;;;;;;;;;;;;;;;;;;;;
SWE_fascist;Национал-социалистический блок;Nationalsocialistiska Blocket;Nationalsocialistiska Blocket;;Nationalsocialistiska Blocket;;;;;;;;;x;;;;;;;;;;;;;;;;;;;;;;;;
SWE_liberal;Либеральная партия;Liberala Partiet;Liberala Partiet;;Liberala Partiet;;;;;;;;;x;;;;;;;;;;;;;;;;;;;;;;;;
SWE_liberal_2;Новая партия земли;Nya Landtmannapartiet;Nya Landtmannapartiet;;Nya Landtmannapartiet;;;;;;;;;x;;;;;;;;;;;;;;;;;;;;;;;;
SWE_liberal_3;Крестьянская партия;Landtmannapartiet ;Landtmannapartiet ;;Landtmannapartiet ;;;;;;;;;x;;;;;;;;;;;;;;;;;;;;;;;;
SWE_liberal_4;Гамла Ландтманнапартиет;Gamla Landtmannapartiet;Gamla Landtmannapartiet;;Gamla Landtmannapartiet;;;;;;;;;x;;;;;;;;;;;;;;;;;;;;;;;;
SWE_liberal_5;Крестьянская партия;Landtmannapartiet ;Landtmannapartiet ;;Landtmannapartiet ;;;;;;;;;x;;;;;;;;;;;;;;;;;;;;;;;;
SWE_liberal_6;Либеральная партия;Liberala Samlingspartiet;Liberala Samlingspartiet;;Liberala Samlingspartiet;;;;;;;;;x;;;;;;;;;;;;;;;;;;;;;;;;
SWE_reactionary;Националистическаяпартия;Nationalistpartiet;Nationalistpartiet;;Nationalistpartiet;;;;;;;;;x;;;;;;;;;;;;;;;;;;;;;;;;
SWE_socialist;Социал-демократы;Socialdemokraterna;Socialdemokraterna;;Socialdemokraterna;;;;;;;;;x;;;;;;;;;;;;;;;;;;;;;;;;
SWI_anarcho_liberal;Радикальная фракция;Radikale Fraktion;Radikale Fraktion;;Radical Fraktion;;;;;;;;;x;;;;;;;;;;;;;;;;;;;;;;;;
SWI_communist;Коммунистическая фракция;Communist Fraktion;Kommunistische Fraktion;;Communist Fraktion;;;;;;;;;x;;;;;;;;;;;;;;;;;;;;;;;;
SWI_conservative;Католический Консерватор;Katholisch Konservative;Katholisch Konservative;;Katholisch Konservative;;;;;;;;;x;;;;;;;;;;;;;;;;;;;;;;;;
SWI_conservative_2;либерально-демократический;Liberalen demokratischen;Liberaldemokratisch;;Liberalen demokratischen;;;;;;;;;x;;;;;;;;;;;;;;;;;;;;;;;;
SWI_conservative_3;протестантско-консервативный;Protestantisch-konservativ;Protestantisch-konservativ;;Protestant Conservative;;;;;;;;;x;;;;;;;;;;;;;;;;;;;;;;;;
SWI_fascist;Фашистская фракция;Fascist Fraktion;Faschistische Fraktion;;Fascist Fraktion;;;;;;;;;x;;;;;;;;;;;;;;;;;;;;;;;;
SWI_liberal;Свободомыслящая фракция;Freisinnige Fraktion;Freisinnige Fraktion;;Freisinnige Fraktion;;;;;;;;;x;;;;;;;;;;;;;;;;;;;;;;;;
SWI_reactionary;Консервативная фракция;Konservative Fraktion;Konservative Fraktion;;Konservative Fraktion;;;;;;;;;x;;;;;;;;;;;;;;;;;;;;;;;;
SWI_reactionary_2;протестантско-христианский;Protestantisch-christlich;Protestantisch-christlich;;Protestantisch-christlich;;;;;;;;;x;;;;;;;;;;;;;;;;;;;;;;;;
SWI_socialist;Социалистическая фракция;Sozialistische Fraktion;Sozialistische Fraktion;;Sozialist Fraktion;;;;;;;;;x;;;;;;;;;;;;;;;;;;;;;;;;
SWZ_anarcho_liberal;Либертарианская партия;Partido Federalista;Partido Federalista;;;Partido Federalista;;;;;;;;x;;;;;;;;;;;;;;;;;;;;;;;;
SWZ_communist;Коммунистическая партия;Partido communiste;Partido Communist;;;Partido Comunista;;;;;;;;x;;;;;;;;;;;;;;;;;;;;;;;;
SWZ_conservative;Консервативная партия;Partido Conservador;Partido Conservador;;;Partido Conservador;;;;;;;;x;;;;;;;;;;;;;;;;;;;;;;;;
SWZ_fascist;Фашистская партия;Partido fasciste;Partido Fascist;;;Partido Fascista;;;;;;;;x;;;;;;;;;;;;;;;;;;;;;;;;
SWZ_liberal;Либеральная партия;Partido Liberal;Partido Liberal;;;Partido Liberal;;;;;;;;x;;;;;;;;;;;;;;;;;;;;;;;;
SWZ_reactionary;Радикальная Партия;Partido Imperialista;Partido Imperialista;;;Partido Imperialista;;;;;;;;x;;;;;;;;;;;;;;;;;;;;;;;;
SWZ_socialist;Социалистическая партия;Partido socialiste;Partido Socialist;;;Partido Socialista;;;;;;;;x;;;;;;;;;;;;;;;;;;;;;;;;
SXI_anarcho_liberal;Партия Свободы;Parti de la liberte;Freiheitspartei;;Partido Libertario;;;;;;;;;x;;;;;;;;;;;;;;;;;;;;;;;;
SXI_communist;Коммунистическая партия Китая;Parti communiste chinois;Kommunistische Partei China;;Partido Comunista Chino;;;;;;;;;x;;;;;;;;;;;;;;;;;;;;;;;;
SXI_conservative;Фракция Гоминьдана;Faction Kuomintang;Guomintang-Fraktion;;Faccion Kuomintang;;;;;;;;;x;;;;;;;;;;;;;;;;;;;;;;;;
SXI_fascist;Фашистская партия;Parti fasciste;Faschistische Partei;;Partido Fascista;;;;;;;;;x;;;;;;;;;;;;;;;;;;;;;;;;
SXI_liberal;Либеральная партия;Parti liberal;Liberale Partei;;Partido Liberal;;;;;;;;;x;;;;;;;;;;;;;;;;;;;;;;;;
SXI_reactionary;Фракция Си-Шань;Faction de Hsi-Shan;Xi-Shan-Fraktion;;Faccion Hsi-Shan;;;;;;;;;x;;;;;;;;;;;;;;;;;;;;;;;;
SXI_socialist;Социалистическая партия;Parti socialiste;Sozialistische Partei;;Partido Socialista;;;;;;;;;x;;;;;;;;;;;;;;;;;;;;;;;;
SYR_anarcho_liberal;Хизб аль-Ватанийин аль-Ахрар;;;;;;;;;;;;;x;;;;;;;;;;;;;;;;;;;;;;;;
SYR_communist;Аль-хизб аш-Шуюи ас-Сури;;;;;;;;;;;;;x;;;;;;;;;;;;;;;;;;;;;;;;
SYR_conservative;Джам'ийат аль-Арабия аль-Фатат;;;;;;;;;;;;;x;;;;;;;;;;;;;;;;;;;;;;;;
SYR_fascist;Аль-Хизб Аль-Сури Аль-Кавми Аль-Иджтимаи;;;;;;;;;;;;;x;;;;;;;;;;;;;;;;;;;;;;;;
SYR_liberal;Хизб аль-Ислах аль-Сурий;;;;;;;;;;;;;x;;;;;;;;;;;;;;;;;;;;;;;;
SYR_reactionary;Харака аль-Ахд аль-Ватани;;;;;;;;;;;;;x;;;;;;;;;;;;;;;;;;;;;;;;
SYR_socialist;Харака аль-Иштиракийюн аль-Араб;;;;;;;;;;;;;x;;;;;;;;;;;;;;;;;;;;;;;;
TCA_anarcho_liberal;Закавказский Революционный Фронт;x;;;;;;;;;;;;;;;;;;;;;;;;;;;;;;;;;;;;
TCA_communist;Закавказская народная партия;x;;;;;;;;;;;;;;;;;;;;;;;;;;;;;;;;;;;;
TCA_conservative;Единое национальное движение;x;;;;;;;;;;;;;;;;;;;;;;;;;;;;;;;;;;;;
TCA_fascist;Партия Свободного Закавказья;x;;;;;;;;;;;;;;;;;;;;;;;;;;;;;;;;;;;;
TCA_liberal;Республиканская партия;x;;;;;;;;;;;;;;;;;;;;;;;;;;;;;;;;;;;;
TCA_reactionary;Христианские демократы;x;;;;;;;;;;;;;;;;;;;;;;;;;;;;;;;;;;;;
TCA_socialist;Закавказский Народный Фронт;x;;;;;;;;;;;;;;;;;;;;;;;;;;;;;;;;;;;;
TEX_anarcho_liberal;Радикальная Партия;Parti radical;Radical Party;;Partido Radical;;;;;;;;;x;;;;;;;;;;;;;;;;;;;;;;;;
TEX_communist;Коммунистическая партия;Parti communiste;Kommunistische Partei;;Partido Comunista;;;;;;;;;x;;;;;;;;;;;;;;;;;;;;;;;;
TEX_conservative;Партия вигов;Parti Whig;Whig Party;;Partido Whig;;;;;;;;;x;;;;;;;;;;;;;;;;;;;;;;;;
TEX_conservative_2;Популистская партия;Parti populiste;Populist Party;;Partido Populista;;;;;;;;;x;;;;;;;;;;;;;;;;;;;;;;;;
TEX_fascist;Фашистская партия;Parti fasciste;Fascist Party;;Partido Fascista;;;;;;;;;x;;;;;;;;;;;;;;;;;;;;;;;;
TEX_liberal;Демократическая партия;Parti democrate;Democratic Party;;Partido Democrata;;;;;;;;;x;;;;;;;;;;;;;;;;;;;;;;;;
TEX_reactionary;Националистическая партия;Parti nationaliste;Nationalist Party;;Partido Nacionalista;;;;;;;;;x;;;;;;;;;;;;;;;;;;;;;;;;
TEX_socialist;Социалистическая партия;Parti socialiste;Socialist Party;;Partido Socialista;;;;;;;;;x;;;;;;;;;;;;;;;;;;;;;;;;
TGA_anarcho_liberal;Либертарианская партия;Radical Liberals;Radical Liberals;;;;;;;;;;;x;;;;;;;;;;;;;;;;;;;;;;;;
TGA_communist;Коммунистическая партия;Communists;Communists;;;;;;;;;;;x;;;;;;;;;;;;;;;;;;;;;;;;
TGA_conservative;Консервативная партия;Conservatives;Conservatives;;;;;;;;;;;x;;;;;;;;;;;;;;;;;;;;;;;;
TGA_fascist;Фашистская партия;Fascists;Fascists;;;;;;;;;;;x;;;;;;;;;;;;;;;;;;;;;;;;
TGA_liberal;Либеральная партия;Liberals;Liberals;;;;;;;;;;;x;;;;;;;;;;;;;;;;;;;;;;;;
TGA_liberal_2;Национал-либеральная партия;National Liberals;National Liberals;;;;;;;;;;;x;;;;;;;;;;;;;;;;;;;;;;;;
TGA_reactionary;Монархическая партия;Monarchy Leadership;Monarchy Leadership;;;;;;;;;;;x;;;;;;;;;;;;;;;;;;;;;;;;
TGA_socialist;Социалистическая партия;Socialists;Socialists;;;;;;;;;;;x;;;;;;;;;;;;;;;;;;;;;;;;
TGA_socialist_2;Национал-социалистическая партия;National Socialists;National Socialists;;;;;;;;;;;x;;;;;;;;;;;;;;;;;;;;;;;;
THC_conservative;Консервативная партия;;;;;;x;;;;;;;;;;;;;;;;;;;;;;;;;;;;;;;
THC_liberal;Либеральная партия;;;;;;x;;;;;;;;;;;;;;;;;;;;;;;;;;;;;;;
THC_reactionary;Консервативная партия;;;;;;x;;;;;;;;;;;;;;;;;;;;;;;;;;;;;;;
TIB_anarcho_liberal;Радикальная фракция;Faction radicale;Die radikale Fraktion;;La Faccion Radical;;;;;;;;;x;;;;;;;;;;;;;;;;;;;;;;;;
TIB_communist;Коммунистическая фракция;Faction communiste;Die kommunistische Fraktion;;La Faccion Comunista;;;;;;;;;x;;;;;;;;;;;;;;;;;;;;;;;;
TIB_conservative;Ламаитская фракция;Faction Lamaite;Lamaite-Fraktion;;Faccion Lamaista;;;;;;;;;x;;;;;;;;;;;;;;;;;;;;;;;;
TIB_fascist;Фашистская фракция;Faction fasciste;Die faschistische Fraktion;;La Faccion Fascista;;;;;;;;;x;;;;;;;;;;;;;;;;;;;;;;;;
TIB_liberal;Либеральная фракция;Faction liberale;Die liberale Fraktion;;La Faccion Liberal;;;;;;;;;x;;;;;;;;;;;;;;;;;;;;;;;;
TIB_reactionary;Националистическая фракция;Faction nationaliste;Die nationalistische Fraktion;;La Faccion Nacionalista;;;;;;;;;x;;;;;;;;;;;;;;;;;;;;;;;;
TIB_socialist;Социалистическая фракция;Faction socialiste;Die sozialistische Fraktion;;La Faccion Socialista;;;;;;;;;x;;;;;;;;;;;;;;;;;;;;;;;;
TKM_conservative;Королевская фракция;Faction royale;Konigsfraktion;;;;;;;;;;;;x;;;;;;;;;;;;;;;;;;;;;;;
TKM_liberal;Либеральная фракция;Faction liberale;Die liberale Fraktion;;;;;;;;;;;;x;;;;;;;;;;;;;;;;;;;;;;;
TKM_reactionary;Националистическая фракция;Faction nationaliste;Die nationalistische Fraktion;;;;;;;;;;;;x;;;;;;;;;;;;;;;;;;;;;;;
TKM_anarcho_liberal;Радикальная фракция;Faction radicale;Die radikale Fraktion;;;;;;;;;;;;x;;;;;;;;;;;;;;;;;;;;;;;
TKM_socialist;Социалистическая фракция;Faction socialiste;Die sozialistische Fraktion;;;;;;;;;;;;x;;;;;;;;;;;;;;;;;;;;;;;
TKM_communist;Коммунистическая фракция;Faction communiste;Die kommunistische Fraktion;;;;;;;;;;;;x;;;;;;;;;;;;;;;;;;;;;;;
TKM_fascist;Фашистская фракция;Faction fasciste;Die faschistische Fraktion;;;;;;;;;;;;x;;;;;;;;;;;;;;;;;;;;;;;
TKS_anarcho_liberal;Турецкий союз демократических сил;x;;;;;;;;;;;;;;;;;;;;;;;;;;;;;;;;;;;;
TKS_communist;Красный басмачизм;x;;;;;;;;;;;;;;;;;;;;;;;;;;;;;;;;;;;;
TKS_conservative;Белое басмачество;x;;;;;;;;;;;;;;;;;;;;;;;;;;;;;;;;;;;;
TKS_fascist;Союз национал-социалистов;x;;;;;;;;;;;;;;;;;;;;;;;;;;;;;;;;;;;;
TKS_liberal;Движение за автономию;x;;;;;;;;;;;;;;;;;;;;;;;;;;;;;;;;;;;;
TKS_reactionary;Шура-э-Улема;x;;;;;;;;;;;;;;;;;;;;;;;;;;;;;;;;;;;;
TKS_socialist;Социал-демократический альянс;x;;;;;;;;;;;;;;;;;;;;;;;;;;;;;;;;;;;;
TNZ_anarcho_liberal;Либертарианская партия;Partido Federalista;Partido Federalista;;;Partido Federalista;;;;;;;;x;;;;;;;;;;;;;;;;;;;;;;;;
TNZ_communist;Коммунистическая партия;Partido communiste;Partido Communist;;;Partido Comunista;;;;;;;;x;;;;;;;;;;;;;;;;;;;;;;;;
TNZ_conservative;Консервативная партия;Partido Conservador;Partido Conservador;;;Partido Conservador;;;;;;;;x;;;;;;;;;;;;;;;;;;;;;;;;
TNZ_fascist;Фашистская партия;Partido fasciste;Partido Fascist;;;Partido Fascista;;;;;;;;x;;;;;;;;;;;;;;;;;;;;;;;;
TNZ_liberal;Либеральная партия;Partido Liberal;Partido Liberal;;;Partido Liberal;;;;;;;;x;;;;;;;;;;;;;;;;;;;;;;;;
TNZ_reactionary;Радикальная Партия;Partido Imperialista;Partido Imperialista;;;Partido Imperialista;;;;;;;;x;;;;;;;;;;;;;;;;;;;;;;;;
TNZ_socialist;Социалистическая партия;Partido socialiste;Partido Socialist;;;Partido Socialista;;;;;;;;x;;;;;;;;;;;;;;;;;;;;;;;;
TOG_anarcho_liberal;Либертарианская партия;Arbeiterpartei radical;Radikale Arbeiterpartei;;Radical Arbeiterpartei;;;;;;;;;x;;;;;;;;;;;;;;;;;;;;;;;;
TOG_communist;Коммунистическая партия;Arbeiterpartei communiste;Kommunistische Arbeiterpartei;;Communist Arbeiterpartei;;;;;;;;;x;;;;;;;;;;;;;;;;;;;;;;;;
TOG_conservative;Консервативная партия;Conservative Party;Conservative Party;;;;;;;;;;;x;;;;;;;;;;;;;;;;;;;;;;;;
TOG_fascist;Фашистская партия;NSDP;NSDP;;NSDP;;;;;;;;;x;;;;;;;;;;;;;;;;;;;;;;;;
TOG_liberal;Либеральная партия;Liberaldem. Partei;Liberaldem. Partei;;Liberaldem. Partei;;;;;;;;;x;;;;;;;;;;;;;;;;;;;;;;;;
TOG_reactionary;Радикальная Партия;National Party;National Party;;;;;;;;;;;x;;;;;;;;;;;;;;;;;;;;;;;;
TOG_socialist;Социалистическая партия;Deutscher Arbeiterverein;Deutscher Arbeiterverein;;Deutscher Arbeiterverein;;;;;;;;;x;;;;;;;;;;;;;;;;;;;;;;;;
TOO_anarcho_liberal;Либертарианская фракция;;;;;;;;;;;;;;x;;;;;;;;;;;;;;;;;;;;;;;
TOO_communist;Фракция коммунистов;;;;;;;;;;;;;;x;;;;;;;;;;;;;;;;;;;;;;;
TOO_conservative;Фракция Альмаами;;;;;;;;;;;;;;x;;;;;;;;;;;;;;;;;;;;;;;
TOO_fascist;Фракция Империи;;;;;;;;;;;;;;x;;;;;;;;;;;;;;;;;;;;;;;
TOO_liberal;Фракция реформ;;;;;;;;;;;;;;x;;;;;;;;;;;;;;;;;;;;;;;
TOO_reactionary;Религиозная фракция;;;;;;;;;;;;;;x;;;;;;;;;;;;;;;;;;;;;;;
TOO_socialist;Социалистическая фракция;;;;;;;;;;;;;;x;;;;;;;;;;;;;;;;;;;;;;;
TPG_anarcho_liberal;Радикальная фракция;La faction radicale;Radikale Fraktion;;;;;;;;;;x;;;;;;;;;;;;;;;;;;;;;;;;;
TPG_communist;Коммунистическая фракция;La faction communiste;Kommunistische Fraktion;;;;;;;;;;x;;;;;;;;;;;;;;;;;;;;;;;;;
TPG_conservative;Вест Кинг;Monarque occidental;Westlicher Monarch;;;;;;;;;;x;;;;;;;;;;;;;;;;;;;;;;;;;
TPG_fascist;Фашистская фракция;La faction fasciste;Faschistische Fraktion;;;;;;;;;;x;;;;;;;;;;;;;;;;;;;;;;;;;
TPG_liberal;И Кинг;Yi King;Yi Monarch;;;;;;;;;;x;;;;;;;;;;;;;;;;;;;;;;;;;
TPG_reactionary;Восточный король;Monarque oriental;Ostlicher Monarch;;;;;;;;;;x;;;;;;;;;;;;;;;;;;;;;;;;;
TPG_socialist;Северный король;Monarque du nord;Nordlicher Monarch;;;;;;;;;;x;;;;;;;;;;;;;;;;;;;;;;;;;
TRA_anarcho_liberal;Радикальная фракция;Faction radicale;Die radikale Fraktion;;La Faccion Radical;;;;;;;;;x;;;;;;;;;;;;;;;;;;;;;;;;
TRA_communist;Коммунистическая фракция;Faction communiste;Die kommunistische Fraktion;;La Faccion Comunista;;;;;;;;;x;;;;;;;;;;;;;;;;;;;;;;;;
TRA_conservative;Королевская фракция;Faction royale;Konigsfraktion;;Faccion Real;;;;;;;;;x;;;;;;;;;;;;;;;;;;;;;;;;
TRA_fascist;Фашистская фракция;Faction fasciste;Die faschistische Fraktion;;La Faccion Fascista;;;;;;;;;x;;;;;;;;;;;;;;;;;;;;;;;;
TRA_liberal;Либеральная фракция;Faction liberale;Die liberale Fraktion;;La Faccion Liberal;;;;;;;;;x;;;;;;;;;;;;;;;;;;;;;;;;
TRA_reactionary;Националистическая фракция;Faction nationaliste;Die nationalistische Fraktion;;La Faccion Nacionalista;;;;;;;;;x;;;;;;;;;;;;;;;;;;;;;;;;
TRA_socialist;Социалистическая фракция;Faction socialiste;Die sozialistische Fraktion;;La Faccion Socialista;;;;;;;;;x;;;;;;;;;;;;;;;;;;;;;;;;
TRE_anarcho_liberal;Радикалы;Radical;Radikali;;Radical;;;;;;;;;x;;;;;;;;;;;;;;;;;;;;;;;;
TRE_communist;Революционеры;Revoluzionari;Revoluzionari;;Revoluzionari;;;;;;;;;x;;;;;;;;;;;;;;;;;;;;;;;;
TRE_conservative;Умеренные;Transigenti;Transigenti;;Transigenti;;;;;;;;;x;;;;;;;;;;;;;;;;;;;;;;;;
TRE_fascist;Фашисты;Fasciste;Fascisti;;Fascista;;;;;;;;;x;;;;;;;;;;;;;;;;;;;;;;;;
TRE_liberal;Непримиримые;Intransigenti;Intransigenti;;Intransigenti;;;;;;;;;x;;;;;;;;;;;;;;;;;;;;;;;;
TRE_reactionary;Монархичи;Monarchisti;Monarchisti;;Monarchisti;;;;;;;;;x;;;;;;;;;;;;;;;;;;;;;;;;
TRE_reactionary_2;Каттоличи;Cattolici;Cattolici;;Cattolici;;;;;;;;;x;;;;;;;;;;;;;;;;;;;;;;;;
TRE_socialist;Социалистический;Socialisti;Socialisti;;Socialisti;;;;;;;;;x;;;;;;;;;;;;;;;;;;;;;;;;
TRI_anarcho_liberal;Радикальная фракция;Faction radicale;Die radikale Fraktion;;La Faccion Radical;;;;;;;;;x;;;;;;;;;;;;;;;;;;;;;;;;
TRI_communist;Коммунистическая фракция;Faction communiste;Die kommunistische Fraktion;;La Faccion Comunista;;;;;;;;;x;;;;;;;;;;;;;;;;;;;;;;;;
TRI_conservative;Королевская фракция;Faction royale;Konigsfraktion;;Faccion Real;;;;;;;;;x;;;;;;;;;;;;;;;;;;;;;;;;
TRI_fascist;Фашистская фракция;Faction fasciste;Die faschistische Fraktion;;La Faccion Fascista;;;;;;;;;x;;;;;;;;;;;;;;;;;;;;;;;;
TRI_liberal;Либеральная фракция;Faction liberale;Die liberale Fraktion;;La Faccion Liberal;;;;;;;;;x;;;;;;;;;;;;;;;;;;;;;;;;
TRI_reactionary;Националистическая фракция;Faction nationaliste;Die nationalistische Fraktion;;La Faccion Nacionalista;;;;;;;;;x;;;;;;;;;;;;;;;;;;;;;;;;
TRI_socialist;Социалистическая фракция;Faction socialiste;Die sozialistische Fraktion;;La Faccion Socialista;;;;;;;;;x;;;;;;;;;;;;;;;;;;;;;;;;
TRN_anarcho_liberal;Радикальная Партия;Parti radical;Radikale Partei;;Partido Radical;;;;;;;;;x;;;;;;;;;;;;;;;;;;;;;;;;
TRN_communist;Коммунистическая партия;Parti communiste ;Kommunistische Partei;;Partido Comunista;;;;;;;;;x;;;;;;;;;;;;;;;;;;;;;;;;
TRN_conservative;Партия фоортреккеров;Voortrekker Partei;Voortrekker Partei;;Voortrekker Partei;;;;;;;;;x;;;;;;;;;;;;;;;;;;;;;;;;
TRN_conservative_2;Бурен Партей;Boeren Partei;Boeren Partei;;Boeren Partei;;;;;;;;;x;;;;;;;;;;;;;;;;;;;;;;;;
TRN_fascist;Фашистская партия;Parti fasciste;Faschistische Partei;;Partido Fascista;;;;;;;;;x;;;;;;;;;;;;;;;;;;;;;;;;
TRN_liberal;Либеральная партия;Parti liberal;Liberale Partei;;Partido Liberal;;;;;;;;;x;;;;;;;;;;;;;;;;;;;;;;;;
TRN_reactionary;Националистическая партия;Partei nationaliste;Nationalist Partei;;Nationalist Partei;;;;;;;;;x;;;;;;;;;;;;;;;;;;;;;;;;
TRN_socialist;Социалистическая партия;Parti socialiste;Sozialistische Partei;;Partido Socialista;;;;;;;;;x;;;;;;;;;;;;;;;;;;;;;;;;
TSW_anarcho_liberal;Радикальная фракция;Faction radicale;Die radikale Fraktion;;;;;;;;;;;;x;;;;;;;;;;;;;;;;;;;;;;;
TSW_communist;Фракция коммунистов;Faction communiste;Die kommunistische Fraktion;;;;;;;;;;;;x;;;;;;;;;;;;;;;;;;;;;;;
TSW_conservative;Королевская фракция;Faction royale;Konigsfraktion;;;;;;;;;;;;x;;;;;;;;;;;;;;;;;;;;;;;
TSW_fascist;Фашистская фракция;Faction fasciste;Die faschistische Fraktion;;;;;;;;;;;;x;;;;;;;;;;;;;;;;;;;;;;;
TSW_liberal;Фракция реформ;Faction de reforme;Verbesserung Fraktion;;;;;;;;;;;;x;;;;;;;;;;;;;;;;;;;;;;;
TSW_reactionary;Фракция Империи;Faction d'empire;Reich Fraktion;;;;;;;;;;;;x;;;;;;;;;;;;;;;;;;;;;;;
TSW_socialist;Социалистическая фракция;Faction socialiste;Die sozialistische Fraktion;;;;;;;;;;;;x;;;;;;;;;;;;;;;;;;;;;;;
TTB_anarcho_liberal;Вечеринка дворецкого;Butler Party;Butler Party;;;;;;;;;;;x;;;;;;;;;;;;;;;;;;;;;;;;
TTB_communist;Рабочая партия;Worker's Party;Worker's Party;;;;;;;;;;;x;;;;;;;;;;;;;;;;;;;;;;;;
TTB_conservative;Консервативная партия;Conservative Party;Conservative Party;;;;;;;;;;;x;;;;;;;;;;;;;;;;;;;;;;;;
TTB_fascist;Фашистская партия;Fascist Party;Fascist Party;;;;;;;;;;;x;;;;;;;;;;;;;;;;;;;;;;;;
TTB_liberal;Гражданский Альянс;Citizens' Alliance;Citizens' Alliance;;;;;;;;;;;x;;;;;;;;;;;;;;;;;;;;;;;;
TTB_reactionary;Национальная партия;National Party;National Party;;;;;;;;;;;x;;;;;;;;;;;;;;;;;;;;;;;;
TTB_socialist;Народное партнерство;People's Partnership;People's Partnership;;;;;;;;;;;x;;;;;;;;;;;;;;;;;;;;;;;;
TUN_anarcho_liberal;Радикальная фракция;Faction radicale;Die radikale Fraktion;;La Faccion Radical;;;;;;;;;x;;;;;;;;;;;;;;;;;;;;;;;;
TUN_communist;Коммунистическая фракция;Faction communiste;Die kommunistische Fraktion;;La Faccion Comunista;;;;;;;;;x;;;;;;;;;;;;;;;;;;;;;;;;
TUN_conservative;Королевская фракция;Faction royale;Konigsfraktion;;Faccion Real;;;;;;;;;x;;;;;;;;;;;;;;;;;;;;;;;;
TUN_fascist;Фашистская фракция;Faction fasciste;Die faschistische Fraktion;;La Faccion Fascista;;;;;;;;;x;;;;;;;;;;;;;;;;;;;;;;;;
TUN_liberal;Либеральная фракция;Faction liberale;Die liberale Fraktion;;La Faccion Liberal;;;;;;;;;x;;;;;;;;;;;;;;;;;;;;;;;;
TUN_reactionary;Националистическая фракция;Faction nationaliste;Die nationalistische Fraktion;;La Faccion Nacionalista;;;;;;;;;x;;;;;;;;;;;;;;;;;;;;;;;;
TUN_socialist;Социалистическая фракция;Faction socialiste;Die sozialistische Fraktion;;La Faccion Socialista;;;;;;;;;x;;;;;;;;;;;;;;;;;;;;;;;;
TUR_anarcho_liberal;Радикальная Партия;Parti radical;Radikale Partei;;Partido Radical;;;;;;;;;x;;;;;;;;;;;;;;;;;;;;;;;;
TUR_communist;Революционная Партия;Parti revolutionnaire;Revolutionspartei;;Partido Revolucionario;;;;;;;;;x;;;;;;;;;;;;;;;;;;;;;;;;
TUR_conservative;Имперская партия;Parti imperial;Kaiserliche Partei;;Partido Imperial;;;;;;;;;x;;;;;;;;;;;;;;;;;;;;;;;;
TUR_fascist;Фашистская партия;Parti fasciste;Faschistische Partei;;Partido Fascista;;;;;;;;;x;;;;;;;;;;;;;;;;;;;;;;;;
TUR_liberal;Партия молодых турок;Parti de la jeunesse turque;Jungturkenpartei;;Partido de los Jovenes Turcos;;;;;;;;;x;;;;;;;;;;;;;;;;;;;;;;;;
TUR_liberal_2;Народный Союз;Union populaire;Volksunion;;Union Popular;;;;;;;;;x;;;;;;;;;;;;;;;;;;;;;;;;
TUR_reactionary;Яничары;Janitschars;Janitscharen;;Janitschars;;;;;;;;;x;;;;;;;;;;;;;;;;;;;;;;;;
TUR_socialist;Курдская партия;Parti kurde;Kurdenpartei;;Partido Kurdo;;;;;;;;;x;;;;;;;;;;;;;;;;;;;;;;;;
TUR_socialist_2;Демократический Фронт;Front democratique;Demokratische Front;;Frente Democratico;;;;;;;;;x;;;;;;;;;;;;;;;;;;;;;;;;
TUS_anarcho_liberal;Радикалы;Radical;Radikali;;Radical;;;;;;;;;x;;;;;;;;;;;;;;;;;;;;;;;;
TUS_communist;Коммунисты;Communistes;Communisti;;Comunista;;;;;;;;;x;;;;;;;;;;;;;;;;;;;;;;;;
TUS_conservative; Модераторы;Moderati ;Moderati;;Moderati ;;;;;;;;;x;;;;;;;;;;;;;;;;;;;;;;;;
TUS_fascist;Фашисты;Fasciste;Fascisti;;Fascista;;;;;;;;;x;;;;;;;;;;;;;;;;;;;;;;;;
TUS_liberal; Риформисты;Reformisti ;Reformisti;;Reformisti ;;;;;;;;;x;;;;;;;;;;;;;;;;;;;;;;;;
TUS_liberal_2;Либеральный;Liberale;Liberali;;Liberale;;;;;;;;;x;;;;;;;;;;;;;;;;;;;;;;;;
TUS_reactionary;Реставраторы;Ristorazionista;Ristorazionista;;Ristorazionista;;;;;;;;;x;;;;;;;;;;;;;;;;;;;;;;;;
TUS_socialist;Социалистический;Sozialisti;Sozialisti;;Sozialisti;;;;;;;;;x;;;;;;;;;;;;;;;;;;;;;;;;
TVL_anarcho_liberal_93;Радикальные либералы;Radical Liberals;Radical Liberals;;;;;;;;;;;x;;;;;;;;;;;;;;;;;;;;;;;;
TVL_communist_86;коммунисты;Communists;Communists;;;;;;;;;;;x;;;;;;;;;;;;;;;;;;;;;;;;
TVL_conservative_92;Консерваторы;Conservatives;Conservatives;;;;;;;;;;;x;;;;;;;;;;;;;;;;;;;;;;;;
TVL_fascist_72;Фашисты;Fascists;Fascists;;;;;;;;;;;x;;;;;;;;;;;;;;;;;;;;;;;;
TVL_liberal_79;либералы;Liberals;Liberals;;;;;;;;;;;x;;;;;;;;;;;;;;;;;;;;;;;;
TVL_liberal_87;Национал-либералы;National Liberals;National Liberals;;;;;;;;;;;x;;;;;;;;;;;;;;;;;;;;;;;;
TVL_reactionary_84;Монархическое лидерство;Monarchy Leadership;Monarchy Leadership;;;;;;;;;;;x;;;;;;;;;;;;;;;;;;;;;;;;
TVL_socialist_85;Социалисты;Socialists;Socialists;;;;;;;;;;;x;;;;;;;;;;;;;;;;;;;;;;;;
TVL_socialist_99;Национал-социалисты;National Socialists;National Socialists;;;;;;;;;;;x;;;;;;;;;;;;;;;;;;;;;;;;
UBD_anarcho_liberals;Анархо-либералы;Anarcho-liberaux;Anarcho-Liberale;;;;;;;;;;;x;;;;;;;;;;;;;;;;;;;;;;;;
UBD_communist;Большевики;Bolcheviques;Bolschewiki;;;;;;;;;;;x;;;;;;;;;;;;;;;;;;;;;;;;
UBD_conservative;Консерваторы;Conservateurs;Konservative;;;;;;;;;;;x;;;;;;;;;;;;;;;;;;;;;;;;
UBD_fascist;Национал-социалистическая партия;Parti national-socialiste;Faschisten;;;;;;;;;;;x;;;;;;;;;;;;;;;;;;;;;;;;
UBD_liberal;либералы;Liberaux;Liberale;;;;;;;;;;;x;;;;;;;;;;;;;;;;;;;;;;;;
UBD_reactionary;Реакционеры;Reactionnaires;Reaktionare;;;;;;;;;;;x;;;;;;;;;;;;;;;;;;;;;;;;
UBD_socialist;Социалисты;Socialistes;Sozialisten;;;;;;;;;;;x;;;;;;;;;;;;;;;;;;;;;;;;
UCA_anarcho_liberal;Радикальная партия;Partido Radical;Partido Radical;;Partido Radical;;;;;;;;;x;;;;;;;;;;;;;;;;;;;;;;;;
UCA_communist;Партидо коммуниста;Partido communiste;Partido Communist;;Partido Comunista;;;;;;;;;x;;;;;;;;;;;;;;;;;;;;;;;;
UCA_conservative;Партия консерваторов;Partido Conservador;Partido Conservador;;Partido Conservador;;;;;;;;;x;;;;;;;;;;;;;;;;;;;;;;;;
UCA_fascist;Фашистская партия;Partido fasciste;Partido Fascist;;Partido Fascista;;;;;;;;;x;;;;;;;;;;;;;;;;;;;;;;;;
UCA_liberal;Либеральная партия;Partido Liberal;Partido Liberal;;Partido Liberal;;;;;;;;;x;;;;;;;;;;;;;;;;;;;;;;;;
UCA_reactionary;Националистическая партия;Partido nationaliste;Partido Nationalist;;Partido Nationalista;;;;;;;;;x;;;;;;;;;;;;;;;;;;;;;;;;
UCA_socialist;Социалистическая партия;Partido socialiste;Partido Socialist;;Partido Socialista;;;;;;;;;x;;;;;;;;;;;;;;;;;;;;;;;;
UGA_anarcho_liberal;Либертарианская партия;Arbeiterpartei radical;Radikale Arbeiterpartei;;Radical Arbeiterpartei;;;;;;;;;x;;;;;;;;;;;;;;;;;;;;;;;;
UGA_communist;Коммунистическая партия;Arbeiterpartei communiste;Kommunistische Arbeiterpartei;;Communist Arbeiterpartei;;;;;;;;;x;;;;;;;;;;;;;;;;;;;;;;;;
UGA_conservative;Консервативная партия;Conservative Party;Conservative Party;;;;;;;;;;;x;;;;;;;;;;;;;;;;;;;;;;;;
UGA_fascist;Фашистская партия;NSDP;NSDP;;NSDP;;;;;;;;;x;;;;;;;;;;;;;;;;;;;;;;;;
UGA_liberal;Либеральная партия;Liberaldem. Partei;Liberaldem. Partei;;Liberaldem. Partei;;;;;;;;;x;;;;;;;;;;;;;;;;;;;;;;;;
UGA_reactionary;Радикальная Партия;National Party;National Party;;;;;;;;;;;x;;;;;;;;;;;;;;;;;;;;;;;;
UGA_socialist;Социалистическая партия;Deutscher Arbeiterverein;Deutscher Arbeiterverein;;Deutscher Arbeiterverein;;;;;;;;;x;;;;;;;;;;;;;;;;;;;;;;;;
UIR_anarcho_liberal;Либертарианская партия;Arbeiterpartei radical;Radikale Arbeiterpartei;;Radical Arbeiterpartei;;;;;;;;;x;;;;;;;;;;;;;;;;;;;;;;;;
UIR_communist;Коммунистическая партия;Arbeiterpartei communiste;Kommunistische Arbeiterpartei;;Communist Arbeiterpartei;;;;;;;;;x;;;;;;;;;;;;;;;;;;;;;;;;
UIR_conservative;Консервативная партия;Conservative Party;Conservative Party;;;;;;;;;;;x;;;;;;;;;;;;;;;;;;;;;;;;
UIR_fascist;Фашистская партия;NSDP;NSDP;;NSDP;;;;;;;;;x;;;;;;;;;;;;;;;;;;;;;;;;
UIR_liberal;Либеральная партия;Liberaldem. Partei;Liberaldem. Partei;;Liberaldem. Partei;;;;;;;;;x;;;;;;;;;;;;;;;;;;;;;;;;
UIR_reactionary;Радикальная Партия;National Party;National Party;;;;;;;;;;;x;;;;;;;;;;;;;;;;;;;;;;;;
UIR_socialist;Социалистическая партия;Deutscher Arbeiterverein;Deutscher Arbeiterverein;;Deutscher Arbeiterverein;;;;;;;;;x;;;;;;;;;;;;;;;;;;;;;;;;
UKR_anarcho_liberal;Радикальная фракция;Faction radicale;Die radikale Fraktion;;La Faccion Radical;;;;;;;;;x;;;;;;;;;;;;;;;;;;;;;;;;
UKR_communist;Коммунистическая фракция;Faction communiste;Die kommunistische Fraktion;;La Faccion Comunista;;;;;;;;;x;;;;;;;;;;;;;;;;;;;;;;;;
UKR_conservative;Королевская фракция;Faction royale;Konigsfraktion;;Faccion Real;;;;;;;;;x;;;;;;;;;;;;;;;;;;;;;;;;
UKR_fascist;Фашистская фракция;Faction fasciste;Die faschistische Fraktion;;La Faccion Fascista;;;;;;;;;x;;;;;;;;;;;;;;;;;;;;;;;;
UKR_liberal;Либеральная фракция;Faction liberale;Die liberale Fraktion;;La Faccion Liberal;;;;;;;;;x;;;;;;;;;;;;;;;;;;;;;;;;
UKR_reactionary;Националистическая фракция;Faction nationaliste;Die nationalistische Fraktion;;La Faccion Nacionalista;;;;;;;;;x;;;;;;;;;;;;;;;;;;;;;;;;
UKR_socialist;Социалистическая фракция;Faction socialiste;Die sozialistische Fraktion;;La Faccion Socialista;;;;;;;;;x;;;;;;;;;;;;;;;;;;;;;;;;
ULA_anarcho_liberal;Народный фронт;x;;;;;;;;;;;;;;;;;;;;;;;;;;;;;;;;;;;;
ULA_communist;Фронт Равенства;x;;;;;;;;;;;;;;;;;;;;;;;;;;;;;;;;;;;;
ULA_conservative;Демократическая партия Латинской Америки;x;;;;;;;;;;;;;;;;;;;;;;;;;;;;;;;;;;;;
ULA_fascist;Единый фронт доколумбовых наций;x;;;;;;;;;;;;;;;;;;;;;;;;;;;;;;;;;;;;
ULA_liberal;Либерал-союзник;x;;;;;;;;;;;;;;;;;;;;;;;;;;;;;;;;;;;;
ULA_reactionary;Движение за развитие;x;;;;;;;;;;;;;;;;;;;;;;;;;;;;;;;;;;;;
ULA_socialist;Профсоюз рабочих;x;;;;;;;;;;;;;;;;;;;;;;;;;;;;;;;;;;;;
URU_anarcho_liberal;Радикальная партия;Partido Radical;Partido Radical;;Partido Radical;;;;;;;;;x;;;;;;;;;;;;;;;;;;;;;;;;
URU_communist;Социалистическая партия;Partido Socialista;Partido Socialista;;Partido Socialista;;;;;;;;;x;;;;;;;;;;;;;;;;;;;;;;;;
URU_conservative;Бланкос;Blancos;Blancos;;Blancos;;;;;;;;;x;;;;;;;;;;;;;;;;;;;;;;;;
URU_conservative_2;Национальная партия;Partido Nacional;Partido Nacional;;Partido Nacional;;;;;;;;;x;;;;;;;;;;;;;;;;;;;;;;;;
URU_conservative_3;Гражданский союз Уругвая;Union Civica de Uruguay;Union Civica de Uruguay;;Union Civica de Uruguay;;;;;;;;;x;;;;;;;;;;;;;;;;;;;;;;;;
URU_fascist;Фашистская партия;Partido fasciste;Partido Fascist;;Partido Fascista;;;;;;;;;x;;;;;;;;;;;;;;;;;;;;;;;;
URU_liberal;Колорадос;Colorados;Colorados;;Colorados;;;;;;;;;x;;;;;;;;;;;;;;;;;;;;;;;;
URU_liberal_2;Колорадос;Colorados;Colorados;;Colorados;;;;;;;;;x;;;;;;;;;;;;;;;;;;;;;;;;
URU_liberal_3;Либералы;Liberales;Liberales;;Liberales;;;;;;;;;x;;;;;;;;;;;;;;;;;;;;;;;;
URU_reactionary;Националистическая партия;Partido nationaliste;Partido Nationalist;;Partido Nationalista;;;;;;;;;x;;;;;;;;;;;;;;;;;;;;;;;;
URU_socialist;Колорадос;Colorados;Colorados;;Colorados;;;;;;;;;x;;;;;;;;;;;;;;;;;;;;;;;;
URU_socialist_2;Социалистическая партия;Partido socialiste;Partido Socialist;;Partido Socialista;;;;;;;;;x;;;;;;;;;;;;;;;;;;;;;;;;
USA_anarcho_liberal;Либертарианская партия;Parti radical;Radical Party;;Partido Radical;;;;;;;;;x;;;;;;;;;;;;;;;;;;;;;;;;
USA_communist;Коммунистическая партия;Parti communiste ;Communist Party;;Partido Comunista;;;;;;;;;x;;;;;;;;;;;;;;;;;;;;;;;;
USA_conrepublican;Республиканская партия;;;;;;x;;;;;;;;;;;;;;;;;;;;;;;;;;;;;;;
USA_conservative;Демократическая партия;Parti democrate;Democratic Party;;Partido Democrata;;;;;;;;;x;;;;;;;;;;;;;;;;;;;;;;;;
USA_conservative_2;Американская партия;Parti americain;American Party;;Partido Americano;;;;;;;;;x;;;;;;;;;;;;;;;;;;;;;;;;
USA_conservative_3;Партия Конституционного Союза;Parti de l'union constitutionnelle;Constitutional Union Party;;Partido de la Union Constitucionalista;;;;;;;;;x;;;;;;;;;;;;;;;;;;;;;;;;
USA_conservative_5;Демократическая партия;Parti democrate;Democratic Party;;Partido Democrata;;;;;;;;;x;;;;;;;;;;;;;;;;;;;;;;;;
USA_fascist;Серебряный Легион Америки;Parti fasciste;Fascist Party;;Partido Fascista;;;;;;;;;x;;;;;;;;;;;;;;;;;;;;;;;;
USA_libdemocrat;Демократическая партия;;;;;;x;;;;;;;;;;;;;;;;;;;;;;;;;;;;;;;
USA_liberal;Республиканская партия;Parti republicain;Republican Party;;Partido Republicano;;;;;;;;;x;;;;;;;;;;;;;;;;;;;;;;;;
USA_liberal_2;Виги;Whigs;Whigs;;Whigs;;;;;;;;;x;;;;;;;;;;;;;;;;;;;;;;;;
USA_liberal_3;Партия свободной земли;Parti du sol libre;Free Soil Party;;Partido de la Tierra Libre;;;;;;;;;x;;;;;;;;;;;;;;;;;;;;;;;;
USA_liberal_4;Популистская партия;Parti populiste;Populist Party;;Partido Populista;;;;;;;;;x;;;;;;;;;;;;;;;;;;;;;;;;
USA_liberal_5;Союзная партия;Parti syndical;Union Party;;Partido Unionista;;;;;;;;;x;;;;;;;;;;;;;;;;;;;;;;;;
USA_liberal_6;Республиканская партия;Parti republicain;Republican Party;;Partido Republicano;;;;;;;;;x;;;;;;;;;;;;;;;;;;;;;;;;
USA_reactionary;Националистическая партия;Parti nationaliste;Nationalist Party;;Partido Nacionalista;;;;;;;;;x;;;;;;;;;;;;;;;;;;;;;;;;
USA_socialist;Партия рабочих;Parti socialiste;Socialist Party;;Partido Socialista;;;;;;;;;x;;;;;;;;;;;;;;;;;;;;;;;;
VEN_anarcho_liberal;Радикалы;Radical;Radikali;;Radical;;;;;;;;;x;;;;;;;;;;;;;;;;;;;;;;;;
VEN_communist;Революционеры;Revoluzionari;Revoluzionari;;Revoluzionari;;;;;;;;;x;;;;;;;;;;;;;;;;;;;;;;;;
VEN_conservative;Умеренные;Transigenti;Transigenti;;Transigenti;;;;;;;;;x;;;;;;;;;;;;;;;;;;;;;;;;
VEN_fascist;Фашисты;Fasciste;Fascisti;;Fascista;;;;;;;;;x;;;;;;;;;;;;;;;;;;;;;;;;
VEN_liberal;Непримиримые;Intransigenti;Intransigenti;;Intransigenti;;;;;;;;;x;;;;;;;;;;;;;;;;;;;;;;;;
VEN_reactionary;Монархичи;Monarchisti;Monarchisti;;Monarchisti;;;;;;;;;x;;;;;;;;;;;;;;;;;;;;;;;;
VEN_reactionary_2;Каттоличи;Cattolici;Cattolici;;Cattolici;;;;;;;;;x;;;;;;;;;;;;;;;;;;;;;;;;
VEN_socialist;Социалистический;Socialisti;Socialisti;;Socialisti;;;;;;;;;x;;;;;;;;;;;;;;;;;;;;;;;;
VNZ_anarcho_liberal;Радикальная партия;Partido Radical;Partido Radical;;Partido Radical;;;;;;;;;x;;;;;;;;;;;;;;;;;;;;;;;;
VNZ_communist;Партидо коммуниста;Partido communiste;Partido Communist;;Partido Comunista;;;;;;;;;x;;;;;;;;;;;;;;;;;;;;;;;;
VNZ_conservative;Партия консерваторов;Partido Conservador;Partido Conservador;;Partido Conservador;;;;;;;;;x;;;;;;;;;;;;;;;;;;;;;;;;
VNZ_conservative_2;Центральная партия;Partido Centralista;Partido Centralista;;Partido Centralista;;;;;;;;;x;;;;;;;;;;;;;;;;;;;;;;;;
VNZ_fascist;Фашистская партия;Partido fasciste;Partido Fascist;;Partido Fascista;;;;;;;;;x;;;;;;;;;;;;;;;;;;;;;;;;
VNZ_liberal;Либеральная партия;Partido Liberal;Partido Liberal;;Partido Liberal;;;;;;;;;x;;;;;;;;;;;;;;;;;;;;;;;;
VNZ_liberal_2;Федералистская партия;Partido Federalista;Partido Federalista;;Partido Federalista;;;;;;;;;x;;;;;;;;;;;;;;;;;;;;;;;;
VNZ_liberal_3;Либеральный Реставратор;Liberal Restaurador;Liberal Restaurador;;Liberal Restaurador;;;;;;;;;x;;;;;;;;;;;;;;;;;;;;;;;;
VNZ_reactionary;Унитарная партия;Partido Unitario;Partido Unitario;;Partido Unitario;;;;;;;;;x;;;;;;;;;;;;;;;;;;;;;;;;
VNZ_socialist;Социалистическая партия;Partido socialiste;Partido Socialist;;Partido Socialista;;;;;;;;;x;;;;;;;;;;;;;;;;;;;;;;;;
WAL_anarcho_liberal;Партидул Радикальный;Partidul radical;Partidul Radical;;Partidul Radical;;;;;;;;;x;;;;;;;;;;;;;;;;;;;;;;;;
WAL_communist;Партия коммунистов;Partidul communiste;Partidul Communist;;Partidul Communist;;;;;;;;;x;;;;;;;;;;;;;;;;;;;;;;;;
WAL_conservative;Партитул Консерватор;Partidul Conservator;Partidul Conservator;;Partidul Conservator;;;;;;;;;x;;;;;;;;;;;;;;;;;;;;;;;;
WAL_conservative_2;Партидул Таранесц;Partidul Taranesc;Partidul Taranesc;;Partidul Taranesc;;;;;;;;;x;;;;;;;;;;;;;;;;;;;;;;;;
WAL_conservative_3;Партия консерваторов-демократов;Partidul conservateur-democrate;Partidul Conservator Democrat;;Partidul Conservator Democrat;;;;;;;;;x;;;;;;;;;;;;;;;;;;;;;;;;
WAL_fascist;Гарда де Фиер;Garda de Fier;Garda de Fier;;Garda de Fier;;;;;;;;;x;;;;;;;;;;;;;;;;;;;;;;;;
WAL_liberal;Национальная партия;Partida Nationala;Partida Nationala;;Partida Nationala;;;;;;;;;x;;;;;;;;;;;;;;;;;;;;;;;;
WAL_liberal_2;Либеральная партия;Partidul liberal;Partidul Liberal;;Partidul Liberal;;;;;;;;;x;;;;;;;;;;;;;;;;;;;;;;;;
WAL_reactionary;Партия Боеряска;Partida Boiereasca;Partida Boiereasca;;Partida Boiereasca;;;;;;;;;x;;;;;;;;;;;;;;;;;;;;;;;;
WAL_reactionary_2;Партия национал-демократов;Partidul nationaliste-democrate;Partidul Nationalist Democrat;;Partidul Nationalist Democrat;;;;;;;;;x;;;;;;;;;;;;;;;;;;;;;;;;
WAL_socialist;Социал-демократическая партия;Partidul social-democrate;Partidul Social Democrat;;Partidul Social Democrat;;;;;;;;;x;;;;;;;;;;;;;;;;;;;;;;;;
WEI_anarcho_liberal;Радикальная рабочая партия;Arbeiterpartei radical;Radikale Arbeiterpartei;;Radical Arbeiterpartei;;;;;;;;;x;;;;;;;;;;;;;;;;;;;;;;;;
WEI_communist;Коммунистическая рабочая партия;Arbeiterpartei communiste;Kommunistische Arbeiterpartei;;Communist Arbeiterpartei;;;;;;;;;x;;;;;;;;;;;;;;;;;;;;;;;;
WEI_conservative;Партия Центра;Zentrumspartei;Zentrumspartei;;Zentrumspartei;;;;;;;;;x;;;;;;;;;;;;;;;;;;;;;;;;
WEI_conservative_2;Консервативная партия;Konservative Partei;Konservative Partei;;Konservative Partei;;;;;;;;;x;;;;;;;;;;;;;;;;;;;;;;;;
WEI_conservative_3;Христианско-социальная рабочая партия;Christsoz. Arbeiterpartei;Christsoz. Arbeiterpartei;;Christsoz. Arbeiterpartei;;;;;;;;;x;;;;;;;;;;;;;;;;;;;;;;;;
WEI_fascist;НСДП;NSDP;NSDP;;NSDP;;;;;;;;;x;;;;;;;;;;;;;;;;;;;;;;;;
WEI_liberal;Либералдем. Партия;Liberaldem. Partei;Liberaldem. Partei;;Liberaldem. Partei;;;;;;;;;x;;;;;;;;;;;;;;;;;;;;;;;;
WEI_liberal_2;Национал-либералы;Nationalliberale ;Nationalliberale ;;Nationalliberale ;;;;;;;;;x;;;;;;;;;;;;;;;;;;;;;;;;
WEI_liberal_3;Свободная партия;Freisinnige Partei;Freisinnige Partei;;Freisinnige Partei;;;;;;;;;x;;;;;;;;;;;;;;;;;;;;;;;;
WEI_reactionary;Национальная партия;Nationale Partei;Nationale Partei;;Nationale Partei;;;;;;;;;x;;;;;;;;;;;;;;;;;;;;;;;;
WEI_socialist;Немецкий рабочий союз;Deutscher Arbeiterverein;Deutscher Arbeiterverein;;Deutscher Arbeiterverein;;;;;;;;;x;;;;;;;;;;;;;;;;;;;;;;;;
WEI_socialist_2; Социал-демократическая партия.;Sozialdem. Arbeiterpartei ;Sozialdem. Arbeiterpartei ;;Sozialdem. Arbeiterpartei ;;;;;;;;;x;;;;;;;;;;;;;;;;;;;;;;;;
WEI_socialist_3; Социальная.Раб.партия;Sozial. Arbeiterpartei ;Sozial. Arbeiterpartei ;;Sozial. Arbeiterpartei ;;;;;;;;;x;;;;;;;;;;;;;;;;;;;;;;;;
WES_anarcho_liberal;Либертарианская партия;Arbeiterpartei radical;Radikale Arbeiterpartei;;Radical Arbeiterpartei;;;;;;;;;x;;;;;;;;;;;;;;;;;;;;;;;;
WES_communist;Коммунистическая партия;Arbeiterpartei communiste;Kommunistische Arbeiterpartei;;Communist Arbeiterpartei;;;;;;;;;x;;;;;;;;;;;;;;;;;;;;;;;;
WES_conservative;Партия Центра;Zentrumspartei;Zentrumspartei;;Zentrumspartei;;;;;;;;;x;;;;;;;;;;;;;;;;;;;;;;;;
WES_conservative_2;Консервативная партия;Christsoz. Arbeiterpartei;Christsoz. Arbeiterpartei;;Christsoz. Arbeiterpartei;;;;;;;;;x;;;;;;;;;;;;;;;;;;;;;;;;
WES_conservative_3;Христианско-социальная партия;Christsoz. Arbeiterpartei;Christsoz. Arbeiterpartei;;Christsoz. Arbeiterpartei;;;;;;;;;x;;;;;;;;;;;;;;;;;;;;;;;;
WES_fascist;Национал-социалистическая Вестфалия Arbeiterpartei;NSDP;NSDP;;NSDP;;;;;;;;;x;;;;;;;;;;;;;;;;;;;;;;;;
WES_liberal;Либерально-демократическая партия;Liberaldem. Partei;Liberaldem. Partei;;Liberaldem. Partei;;;;;;;;;x;;;;;;;;;;;;;;;;;;;;;;;;
WES_liberal_2;Национально-либеральная партия;Nationalliberale ;Nationalliberale ;;Nationalliberale ;;;;;;;;;x;;;;;;;;;;;;;;;;;;;;;;;;
WES_liberal_3;Свободная партия;Freisinnige Partei;Freisinnige Partei;;Freisinnige Partei;;;;;;;;;x;;;;;;;;;;;;;;;;;;;;;;;;
WES_reactionary;Национальная партия;Nationale Partei;Nationale Partei;;Nationale Partei;;;;;;;;;x;;;;;;;;;;;;;;;;;;;;;;;;
WES_socialist;Немецкий рабочий союз;Deutscher Arbeiterverein;Deutscher Arbeiterverein;;Deutscher Arbeiterverein;;;;;;;;;x;;;;;;;;;;;;;;;;;;;;;;;;
WES_socialist_2;Социал-демократическая арбайтерпартия;Partido socialiste;Partido Socialist;;;Partido Socialista;;;;;;;;x;;;;;;;;;;;;;;;;;;;;;;;;
WES_socialist_3;Социалистическая рабочая партия;Partido socialiste;Partido Socialist;;;Partido Socialista;;;;;;;;x;;;;;;;;;;;;;;;;;;;;;;;;
WIA_anarcho_liberal;Радикальная фракция;Faction radicale;Die radikale Fraktion;;La Faccion Radical;;;;;;;;;x;;;;;;;;;;;;;;;;;;;;;;;;
WIA_communist;Коммунистическая фракция;Faction communiste;Die kommunistische Fraktion;;La Faccion Comunista;;;;;;;;;x;;;;;;;;;;;;;;;;;;;;;;;;
WIA_conservative;Королевская фракция;Faction royale;Konigsfraktion;;Faccion Real;;;;;;;;;x;;;;;;;;;;;;;;;;;;;;;;;;
WIA_fascist;Фашистская фракция;Faction fasciste;Die faschistische Fraktion;;La Faccion Fascista;;;;;;;;;x;;;;;;;;;;;;;;;;;;;;;;;;
WIA_liberal;Либеральная фракция;Faction liberale;Die liberale Fraktion;;La Faccion Liberal;;;;;;;;;x;;;;;;;;;;;;;;;;;;;;;;;;
WIA_reactionary;Националистическая фракция;Faction nationaliste;Die nationalistische Fraktion;;La Faccion Nacionalista;;;;;;;;;x;;;;;;;;;;;;;;;;;;;;;;;;
WIA_socialist;Социалистическая фракция;Faction socialiste;Die sozialistische Fraktion;;La Faccion Socialista;;;;;;;;;x;;;;;;;;;;;;;;;;;;;;;;;;
WLL_anarcho_liberal;Радикальная фракция;Faction radicale;Die radikale Fraktion;;La Faccion Radical;;;;;;;;;x;;;;;;;;;;;;;;;;;;;;;;;;
WLL_communist;Коммунистическая фракция;Faction communiste;Die kommunistische Fraktion;;La Faccion Comunista;;;;;;;;;x;;;;;;;;;;;;;;;;;;;;;;;;
WLL_conservative;Королевская фракция;Faction royale;Konigsfraktion;;Faccion Real;;;;;;;;;x;;;;;;;;;;;;;;;;;;;;;;;;
WLL_fascist;Партия Рексист;Parti Rexiste;Rexistenpartei;;Partido Rexista;;;;;;;;;x;;;;;;;;;;;;;;;;;;;;;;;;
WLL_liberal;Либеральная фракция;Faction liberale;Die liberale Fraktion;;La Faccion Liberal;;;;;;;;;x;;;;;;;;;;;;;;;;;;;;;;;;
WLL_reactionary;Националистическая фракция;Faction nationaliste;Die nationalistische Fraktion;;La Faccion Nacionalista;;;;;;;;;x;;;;;;;;;;;;;;;;;;;;;;;;
WLL_socialist;Социалистическая фракция;Faction socialiste;Die sozialistische Fraktion;;La Faccion Socialista;;;;;;;;;x;;;;;;;;;;;;;;;;;;;;;;;;
WUR_anarcho_liberal;Радикальная рабочая партия;Arbeiterpartei radical;Radikale Arbeiterpartei;;Radical Arbeiterpartei;;;;;;;;;x;;;;;;;;;;;;;;;;;;;;;;;;
WUR_communist;Коммунистическая рабочая партия;Arbeiterpartei communiste;Kommunistische Arbeiterpartei;;Communist Arbeiterpartei;;;;;;;;;x;;;;;;;;;;;;;;;;;;;;;;;;
WUR_conservative;Партия Центра;Zentrumspartei;Zentrumspartei;;Zentrumspartei;;;;;;;;;x;;;;;;;;;;;;;;;;;;;;;;;;
WUR_conservative_2;Консервативная партия;Konservative Partei;Konservative Partei;;Konservative Partei;;;;;;;;;x;;;;;;;;;;;;;;;;;;;;;;;;
WUR_conservative_3;Христианско-социальная рабочая партия;Christsoz. Arbeiterpartei;Christsoz. Arbeiterpartei;;Christsoz. Arbeiterpartei;;;;;;;;;x;;;;;;;;;;;;;;;;;;;;;;;;
WUR_fascist;НСДП;NSDP;NSDP;;NSDP;;;;;;;;;x;;;;;;;;;;;;;;;;;;;;;;;;
WUR_liberal;Либералдем. Партия;Liberaldem. Partei;Liberaldem. Partei;;Liberaldem. Partei;;;;;;;;;x;;;;;;;;;;;;;;;;;;;;;;;;
WUR_liberal_2;Национал-либералы;Nationalliberale ;Nationalliberale ;;Nationalliberale ;;;;;;;;;x;;;;;;;;;;;;;;;;;;;;;;;;
WUR_liberal_3;Свободная партия;Freisinnige Partei;Freisinnige Partei;;Freisinnige Partei;;;;;;;;;x;;;;;;;;;;;;;;;;;;;;;;;;
WUR_reactionary;Национальная партия;Nationale Partei;Nationale Partei;;Nationale Partei;;;;;;;;;x;;;;;;;;;;;;;;;;;;;;;;;;
WUR_socialist;Немецкий рабочий союз;Deutscher Arbeiterverein;Deutscher Arbeiterverein;;Deutscher Arbeiterverein;;;;;;;;;x;;;;;;;;;;;;;;;;;;;;;;;;
WUR_socialist_2; Социал-демократическая партия.;Sozialdem. Arbeiterpartei ;Sozialdem. Arbeiterpartei ;;Sozialdem. Arbeiterpartei ;;;;;;;;;x;;;;;;;;;;;;;;;;;;;;;;;;
WUR_socialist_3; Социальная.Раб.партия;Sozial. Arbeiterpartei ;Sozial. Arbeiterpartei ;;Sozial. Arbeiterpartei ;;;;;;;;;x;;;;;;;;;;;;;;;;;;;;;;;;
WYA_anarcho_liberal;Союз вольных общин гуронов;Free Communities of the Huron-Wendat;Partido Federalista;;;Partido Federalista;;;;;;;;x;;;;;;;;;;;;;;;;;;;;;;;;
WYA_communist;Община общей земли гуронов;Common Land Community of the Huron-Wendat;Partido Communist;;;Partido Comunista;;;;;;;;x;;;;;;;;;;;;;;;;;;;;;;;;
WYA_conservative;Совет старейшин гуронов;Council of Elders of the Huron-Wendat;Partido Conservador;;;Partido Conservador;;;;;;;;x;;;;;;;;;;;;;;;;;;;;;;;;
WYA_fascist;Движение единства гуронов;Unity Movement of the Huron-Wendat;Partido Fascist;;;Partido Fascista;;;;;;;;x;;;;;;;;;;;;;;;;;;;;;;;;
WYA_liberal;Торговая лига гуронов;Trade League of the Huron-Wendat;Partido Liberal;;;Partido Liberal;;;;;;;;x;;;;;;;;;;;;;;;;;;;;;;;;
WYA_reactionary;Хранители традиций гуронов;Keepers of Huron-Wendat Traditions;Partido Imperialista;;;Partido Imperialista;;;;;;;;x;;;;;;;;;;;;;;;;;;;;;;;;
WYA_socialist;Союз общинных мастеров гуронов;Guild of Community Crafts of the Huron-Wendat;Partido Socialist;;;Partido Socialista;;;;;;;;x;;;;;;;;;;;;;;;;;;;;;;;;
XBI_anarcho_liberal;Партия Свободы;Parti de la liberte;Freiheitspartei;;Partido Libertario;;;;;;;;;x;;;;;;;;;;;;;;;;;;;;;;;;
XBI_communist;Коммунистическая партия Китая;Parti communiste chinois;Kommunistische Partei China;;Partido Comunista Chino;;;;;;;;;x;;;;;;;;;;;;;;;;;;;;;;;;
XBI_conservative;Фракция Гоминьдана;Faction Kuomintang;Guomintang-Fraktion;;Faccion Kuomintang;;;;;;;;;x;;;;;;;;;;;;;;;;;;;;;;;;
XBI_fascist;Фашистская партия;Parti fasciste;Faschistische Partei;;Partido Fascista;;;;;;;;;x;;;;;;;;;;;;;;;;;;;;;;;;
XBI_liberal;Либеральная партия;Parti liberal;Liberale Partei;;Partido Liberal;;;;;;;;;x;;;;;;;;;;;;;;;;;;;;;;;;
XBI_reactionary;Семья Ма;Famille Ma;Ma-Familie;;Familia Ma;;;;;;;;;x;;;;;;;;;;;;;;;;;;;;;;;;
XBI_socialist;Социалистическая партия;Parti socialiste;Sozialistische Partei;;Partido Socialista;;;;;;;;;x;;;;;;;;;;;;;;;;;;;;;;;;
XIN_anarcho_liberal;Партия Свободы;Parti de la liberte;Freiheitspartei;;Partido Libertario;;;;;;;;;x;;;;;;;;;;;;;;;;;;;;;;;;
XIN_communist;Коммунистическая партия Китая;Parti communiste chinois;Kommunistische Partei China;;Partido Comunista Chino;;;;;;;;;x;;;;;;;;;;;;;;;;;;;;;;;;
XIN_conservative;Фракция Гоминьдана;Faction Kuomintang;Guomintang-Fraktion;;Faccion Kuomintang;;;;;;;;;x;;;;;;;;;;;;;;;;;;;;;;;;
XIN_fascist;Фашистская партия;Parti fasciste;Faschistische Partei;;Partido Fascista;;;;;;;;;x;;;;;;;;;;;;;;;;;;;;;;;;
XIN_liberal;Либеральная партия;Parti liberal;Liberale Partei;;Partido Liberal;;;;;;;;;x;;;;;;;;;;;;;;;;;;;;;;;;
XIN_reactionary;Фракция Зэнсинь;Faction de Zenxin;Zenxin-Fraktion;;Faccion Zenxin;;;;;;;;;x;;;;;;;;;;;;;;;;;;;;;;;;
XIN_socialist;Социалистическая партия;Parti socialiste;Sozialistische Partei;;Partido Socialista;;;;;;;;;x;;;;;;;;;;;;;;;;;;;;;;;;
YEM_anarcho_liberal;Радикальная фракция;Faction radicale;Die radikale Fraktion;;La faccion radical;;;;;;;;;x;;;;;;;;;;;;;;;;;;;;;;;;
YEM_communist;Коммунистическая фракция;Faction communiste;Die kommunistische Fraktion;;La faccion comunista;;;;;;;;;x;;;;;;;;;;;;;;;;;;;;;;;;
YEM_conservative;Фракция Шейхала;Faction Sheikal;Scheichsfraktion;;Faccion de jeques;;;;;;;;;x;;;;;;;;;;;;;;;;;;;;;;;;
YEM_fascist;Фашистская фракция;Faction fasciste;Die faschistische Fraktion;;La faccion fascista;;;;;;;;;x;;;;;;;;;;;;;;;;;;;;;;;;
YEM_liberal;Либеральная фракция;Faction liberale;Die liberale Fraktion;;La faccion liberal;;;;;;;;;x;;;;;;;;;;;;;;;;;;;;;;;;
YEM_reactionary;Националистическая фракция;Faction nationaliste;Die nationalistische Fraktion;;La faccion nacionalista;;;;;;;;;x;;;;;;;;;;;;;;;;;;;;;;;;
YEM_socialist;Социалистическая фракция;Faction socialiste;Die sozialistische Fraktion;;La faccion socialista;;;;;;;;;x;;;;;;;;;;;;;;;;;;;;;;;;
YNN_anarcho_liberal;Партия Свободы;Parti de la liberte;Freiheitspartei;;Partido Libertario;;;;;;;;;x;;;;;;;;;;;;;;;;;;;;;;;;
YNN_communist;Коммунистическая партия Китая;Parti communiste chinois;Kommunistische Partei China;;Partido Comunista Chino;;;;;;;;;x;;;;;;;;;;;;;;;;;;;;;;;;
YNN_conservative;Фракция Гоминьдана;Faction Kuomintang;Guomintang-Fraktion;;Faccion Kuomintang;;;;;;;;;x;;;;;;;;;;;;;;;;;;;;;;;;
YNN_fascist;Фашистская партия;Parti fasciste;Faschistische Partei;;Partido Fascista;;;;;;;;;x;;;;;;;;;;;;;;;;;;;;;;;;
YNN_liberal;Либеральная партия;Parti liberal;Liberale Partei;;Partido Liberal;;;;;;;;;x;;;;;;;;;;;;;;;;;;;;;;;;
YNN_reactionary;Фракция Цай Э;Faction Cai E's;Cai Es Fraktion;;Faccion Cai E's;;;;;;;;;x;;;;;;;;;;;;;;;;;;;;;;;;
YNN_socialist;Социалистическая партия;Parti socialiste;Sozialistische Partei;;Partido Socialista;;;;;;;;;x;;;;;;;;;;;;;;;;;;;;;;;;
YUC_conservative;Партия консерваторов;Partido Conservador;Partido Conservador;;;Partido Conservador;;;;;;;;x;;;;;;;;;;;;;;;;;;;;;;;;
YUC_liberal;Либеральная партия;Partido Liberal;Partido Liberal;;;Partido Liberal;;;;;;;;x;;;;;;;;;;;;;;;;;;;;;;;;
YUC_anarcho_liberal;Федералистская партия;Partido Federalista;Partido Federalista;;;Partido Federalista;;;;;;;;x;;;;;;;;;;;;;;;;;;;;;;;;
YUC_conservative_2;Партия умеренно либеральная;Partido Moderado Liberal;Partido Moderado Liberal;;;Partido Moderado Liberal;;;;;;;;x;;;;;;;;;;;;;;;;;;;;;;;;
YUC_liberal_2;Партия радикальных либералов;Partido Radical Liberal;Partido Radical Liberal;;;Partido Radical Liberal;;;;;;;;x;;;;;;;;;;;;;;;;;;;;;;;;
YUC_liberal_3;Прогрессивная партия;Partido Progresista;Partido Progresista;;;Partido Progresista;;;;;;;;x;;;;;;;;;;;;;;;;;;;;;;;;
YUC_conservative_3;Партия Конституционалиста;Partido Constitucionalista;Partido Constitucionalista;;;Partido Constitucionalista;;;;;;;;x;;;;;;;;;;;;;;;;;;;;;;;;
YUC_liberal_4;Партия Антиперевыборная;Partido Antireelecionista;Partido Antireelecionista;;;Partido Antireelecionista;;;;;;;;x;;;;;;;;;;;;;;;;;;;;;;;;
YUC_reactionary;Партидо Империалист;Partido Imperialista;Partido Imperialista;;;Partido Imperialista;;;;;;;;x;;;;;;;;;;;;;;;;;;;;;;;;
YUC_socialist;Социалистическая партия;Partido socialiste;Partido Socialist;;;Partido Socialista;;;;;;;;x;;;;;;;;;;;;;;;;;;;;;;;;
YUC_communist;Партидо коммунист;Partido communiste;Partido Communist;;;Partido Comunista;;;;;;;;x;;;;;;;;;;;;;;;;;;;;;;;;
YUC_fascist;Фашистская партия;Partido fasciste;Partido Fascist;;;Partido Fascista;;;;;;;;x;;;;;;;;;;;;;;;;;;;;;;;;
YUG_anarcho_liberal;Партия Свободы;Parti de la liberte;Freiheitspartei;;Partido Libertario;;;;;;;;;x;;;;;;;;;;;;;;;;;;;;;;;;
YUG_communist;Коммунистическая партия;Parti communiste ;Kommunistische Partei;;Partido Comunista;;;;;;;;;x;;;;;;;;;;;;;;;;;;;;;;;;
YUG_conservative;Консервативная партия;Parti conservateur;Konservative Partei;;Partido Conservador;;;;;;;;;x;;;;;;;;;;;;;;;;;;;;;;;;
YUG_fascist;Национальный Фронт;Front national;Nationale Front;;Frente Nacional;;;;;;;;;x;;;;;;;;;;;;;;;;;;;;;;;;
YUG_liberal;Народная партия;Parti populaire;Volkspartei;;Partido del Pueblo;;;;;;;;;x;;;;;;;;;;;;;;;;;;;;;;;;
YUG_reactionary;Монархическая партия;Parti monarchiste;Monarchistische Partei;;Partido Monarquico;;;;;;;;;x;;;;;;;;;;;;;;;;;;;;;;;;
YUG_socialist;Социал-демократическая партия;Parti social democratique;Sozialdemokratische Partei;;Partido Democratico Social;;;;;;;;;x;;;;;;;;;;;;;;;;;;;;;;;;
ZAM_anarcho_liberal;Либертарианская партия;Partido Federalista;Partido Federalista;;;Partido Federalista;;;;;;;;x;;;;;;;;;;;;;;;;;;;;;;;;
ZAM_communist;Коммунистическая партия;Partido communiste;Partido Communist;;;Partido Comunista;;;;;;;;x;;;;;;;;;;;;;;;;;;;;;;;;
ZAM_conservative;Консервативная партия;Partido Conservador;Partido Conservador;;;Partido Conservador;;;;;;;;x;;;;;;;;;;;;;;;;;;;;;;;;
ZAM_fascist;Фашистская партия;Partido fasciste;Partido Fascist;;;Partido Fascista;;;;;;;;x;;;;;;;;;;;;;;;;;;;;;;;;
ZAM_liberal;Либеральная партия;Partido Liberal;Partido Liberal;;;Partido Liberal;;;;;;;;x;;;;;;;;;;;;;;;;;;;;;;;;
ZAM_reactionary;Радикальная Партия;Partido Imperialista;Partido Imperialista;;;Partido Imperialista;;;;;;;;x;;;;;;;;;;;;;;;;;;;;;;;;
ZAM_socialist;Социалистическая партия;Partido socialiste;Partido Socialist;;;Partido Socialista;;;;;;;;x;;;;;;;;;;;;;;;;;;;;;;;;
ZAN_anarcho_liberal;Радикальная фракция;Faction radicale;Die radikale Fraktion;;La Faccion Radical;;;;;;;;;x;;;;;;;;;;;;;;;;;;;;;;;;
ZAN_communist;Коммунистическая фракция;Faction communiste;Die kommunistische Fraktion;;La Faccion Comunista;;;;;;;;;x;;;;;;;;;;;;;;;;;;;;;;;;
ZAN_conservative;Королевская фракция;Faction royale;Konigsfraktion;;Faccion Real;;;;;;;;;x;;;;;;;;;;;;;;;;;;;;;;;;
ZAN_fascist;Фашистская фракция;Faction fasciste;Die faschistische Fraktion;;La Faccion Fascista;;;;;;;;;x;;;;;;;;;;;;;;;;;;;;;;;;
ZAN_liberal;Либеральная фракция;Faction liberale;Die liberale Fraktion;;La Faccion Liberal;;;;;;;;;x;;;;;;;;;;;;;;;;;;;;;;;;
ZAN_reactionary;Националистическая фракция;Faction nationaliste;Die nationalistische Fraktion;;La Faccion Nacionalista;;;;;;;;;x;;;;;;;;;;;;;;;;;;;;;;;;
ZAN_socialist;Социалистическая фракция;Faction socialiste;Die sozialistische Fraktion;;La Faccion Socialista;;;;;;;;;x;;;;;;;;;;;;;;;;;;;;;;;;
ZIM_anarcho_liberal;Либертарианская партия;Partido Federalista;Partido Federalista;;;Partido Federalista;;;;;;;;x;;;;;;;;;;;;;;;;;;;;;;;;
ZIM_communist;Коммунистическая партия;Partido communiste;Partido Communist;;;Partido Comunista;;;;;;;;x;;;;;;;;;;;;;;;;;;;;;;;;
ZIM_conservative;Консервативная партия;Partido Conservador;Partido Conservador;;;Partido Conservador;;;;;;;;x;;;;;;;;;;;;;;;;;;;;;;;;
ZIM_fascist;Фашистская партия;Partido fasciste;Partido Fascist;;;Partido Fascista;;;;;;;;x;;;;;;;;;;;;;;;;;;;;;;;;
ZIM_liberal;Либеральная партия;Partido Liberal;Partido Liberal;;;Partido Liberal;;;;;;;;x;;;;;;;;;;;;;;;;;;;;;;;;
ZIM_reactionary;Радикальная Партия;Partido Imperialista;Partido Imperialista;;;Partido Imperialista;;;;;;;;x;;;;;;;;;;;;;;;;;;;;;;;;
ZIM_socialist;Социалистическая партия;Partido socialiste;Partido Socialist;;;Partido Socialista;;;;;;;;x;;;;;;;;;;;;;;;;;;;;;;;;
ZUL_anarcho_liberal;Радикальная фракция;Faction radicale;Die radikale Fraktion;;La Faccion Radical;;;;;;;;;x;;;;;;;;;;;;;;;;;;;;;;;;
ZUL_communist;Коммунистическая фракция;Faction communiste;Die kommunistische Fraktion;;La Faccion Comunista;;;;;;;;;x;;;;;;;;;;;;;;;;;;;;;;;;
ZUL_conservative;Королевская фракция;Faction royale;Konigsfraktion;;Faccion Real;;;;;;;;;x;;;;;;;;;;;;;;;;;;;;;;;;
ZUL_fascist;Фашистская фракция;Faction fasciste;Die faschistische Fraktion;;La Faccion Fascista;;;;;;;;;x;;;;;;;;;;;;;;;;;;;;;;;;
ZUL_liberal;Либеральная фракция;Faction liberale;Die liberale Fraktion;;La Faccion Liberal;;;;;;;;;x;;;;;;;;;;;;;;;;;;;;;;;;
ZUL_reactionary;Националистическая фракция;Faction nationaliste;Die nationalistische Fraktion;;La Faccion Nacionalista;;;;;;;;;x;;;;;;;;;;;;;;;;;;;;;;;;
ZUL_socialist;Социалистическая фракция;Faction socialiste;Die sozialistische Fraktion;;La Faccion Socialista;;;;;;;;;x;;;;;;;;;;;;;;;;;;;;;;;;

# Syndicalist Parties
RUS_syndicalist;Всероссийский синдикальный союз;Syndicat Panrusse;Gesamtrussischer Syndikalistenbund;;Sindicato Panruso;;;;;;;;;x;;;;;;;;;;;;;;;;;;;;;;;;
USA_syndicalist;Индустриальные рабочие мира;Industrial Workers of the World;Industriearbeiter der Welt;;Trabajadores Industriales del Mundo;;;;;;;;;x;;;;;;;;;;;;;;;;;;;;;;;;
FRA_syndicalist;Конфедерация труда;Confederation Generale du Travail;Allgemeiner Arbeiterbund;;Confederacion General del Trabajo;;;;;;;;;x;;;;;;;;;;;;;;;;;;;;;;;;
GER_syndicalist;Свободные рабочие союзы;Freie Arbeiter-Union;Syndicat Libre des Travailleurs;;Union Libre de Trabajadores;;;;;;;;;x;;;;;;;;;;;;;;;;;;;;;;;;
ENG_syndicalist;Британский конгресс профсоюзов;Trades Union Congress;Gewerkschaftskongress;;Congreso de Sindicatos;;;;;;;;;x;;;;;;;;;;;;;;;;;;;;;;;;
AUS_syndicalist;Австрийские синдикалисты;Syndicalistes Autrichiens;Osterreichische Syndikalisten;;Sindicalistas Austriacos;;;;;;;;;x;;;;;;;;;;;;;;;;;;;;;;;;
ITA_syndicalist;Итальянский синдикальный союз;Union Syndicale Italienne;Italienische Syndikalistische Union;;Union Sindical Italiana;;;;;;;;;x;;;;;;;;;;;;;;;;;;;;;;;;
SPA_syndicalist;Конфедерация национального труда;Confederation Nationale du Travail;Nationale Arbeitskonfoderation;;Confederacion Nacional del Trabajo;;;;;;;;;x;;;;;;;;;;;;;;;;;;;;;;;;
CHI_syndicalist;Китайская федерация рабочих;Federation Chinoise du Travail;Chinesische Arbeiterfoderation;;Federacion China del Trabajo;;;;;;;;;x;;;;;;;;;;;;;;;;;;;;;;;;
JAP_syndicalist;Японский синдикальный союз;Syndicat Japonais;Japanischer Syndikalistenbund;;Sindicato Japones;;;;;;;;;x;;;;;;;;;;;;;;;;;;;;;;;;
limited_citizenship_desc;Право голоса имеют только люди, принадлежащие к основным и принятым в вашей стране культурам.;Seule la population de la culture principale et de la culture acceptee de votre nation est autorisee a voter.;Nur Angehorige der Primarkultur und der akzeptierten Kulturen unserer Nation durfen wahlen.;;Solo puede votar la poblacion de la cultura principal y de las culturas aceptadas de tu nacion.;;;;;;;;;x;;;;;;;;;;;;;;;;;;;;;;;;
residency_desc;Право голоса имеют только люди, принадлежащие к основной культуре вашей страны.;Seule la population de la culture principale de votre nation est autorisee a voter.;Nur Angehorige der Primarkultur unserer Nation durfen wahlen.;;Solo puede votar la poblacion de la cultura principal de tu nacion.;;;;;;;;;x;;;;;;;;;;;;;;;;;;;;;;;;
