post_napoleonic_thought;Постнаполеоновская мысль;Pensee post-napoleonienne;Postnapoleonischer Gedanke;;Pensamiento post-napoleonico;x;;;;;;;;;;;;;;;;;;;;;;;;;;;;;;;;;;;;;;;;;;;;
post_napoleonic_thought_desc;Постнаполеоновская мысль;Pensee post-napoleonienne;Postnapoleonischer Gedanke;;Pensamiento post-napoleonico;x;;;;;;;;;;;;;;;;;;;;;;;;;;;;;;;;;;;;;;;;;;;;
strategic_mobility;Стратегическая мобильность;Mobilit?strategique;Strategische Mobilitat;;Movilidad estrategica;x;;;;;;;;;;;;;;;;;;;;;;;;;;;;;;;;;;;;;;;;;;;;
strategic_mobility_desc;Стратегическая мобильность;Mobilit?strategique;Strategische Mobilitat;;Movilidad estrategica;x;;;;;;;;;;;;;;;;;;;;;;;;;;;;;;;;;;;;;;;;;;;;
field_fortifications;Полевые укрепления;Fortifications de campagne;Feldbefestigungen;;Fortificaciones campo;x;;;;;;;;;;;;;;;;;;;;;;;;;;;;;;;;;;;;;;;;;;;;
field_fortifications_desc;Это было первое укрепление, использующее современные материалы и новые инженерные технологии. Это приложение дает вам возможность построить новый тип укрепления.;Il s'agit des premieres fortifications qui utilisaient des materiaux et techniques d'ingenierie moderne. Cette amelioration permet de construire un nouveau type de protection.;Dies war die erste Befestigungsart, fur die moderne Materialien und Ingenieurstechniken zum Einsatz kamen. Diese Anwendung gibt Ihnen die Moglichkeit, einen neuen Befestigungstyp zu bauen.;;Fueron las primeras fortificaciones que usaron materiales modernos y nuevas tecnicas de ingenieria. Esta aplicacion te ofrece la posibilidad de construir un nuevo tipo de fortificacion.;x;;;;;;;;;;;;;;;;;;;;;;;;;;;;;;;;;;;;;;;;;;;;
railroad_transport_groups;Группы железнодорожного транспорта;Groupes de transport ferroviaire;Eisenbahn-Transportgruppen;;Grupos transp. ferroviario;x;;;;;;;;;;;;;;;;;;;;;;;;;;;;;;;;;;;;;;;;;;;;
railroad_transport_groups_desc;В этот момент специалисты сформировали определенные группы, которые обслуживали специализированные железнодорожные части. Они могли быстро загружать и перегружать поезда и обслуживать полное перемещение армейских подразделений.;?cette epoque, des specialistes ont form?quelques unites ferroviaires specialisees. Celles-ci pouvaient charger et decharger les trains rapidement et assurer le deplacement des unites.;Zu diesem Zeitpunkt bildeten Spezialisten gesonderte Servicegruppen fur spezialisierte Eisenbahneinheiten. Diese Gruppen konnte Zuge schnell be- und entladen.;;En ese momento, los especialistas formaron grupos que atendian a unidades ferroviarias especializadas. Estas podian cargar y recargar trenes rapidamente, as?como posibilitar el total desplazamiento de unidades del ejercito.;x;;;;;;;;;;;;;;;;;;;;;;;;;;;;;;;;;;;;;;;;;;;;
signal_detachments;Отряды связи;Detachements des transmissions;Signaltrupps;;Destacamentos senales;x;;;;;;;;;;;;;;;;;;;;;;;;;;;;;;;;;;;;;;;;;;;;
signal_detachments_desc;В этот момент к дивизиям были присоединены отдельные отряды связи, что значительно улучшило их связь.;?cette epoque, des detachements des transmissions furent integres aux divisions, ameliorant ainsi considerablement les communications des unites.;Zu diesem Zeitpunkt wurden Divisionen separate Signaltrupps angefugt, was deren Kommunikationsfahigkeiten enorm steigerte.;;En ese momento, se anadieron destacamentos de senales a las divisiones, que mejoraron enormemente sus comunicaciones.;x;;;;;;;;;;;;;;;;;;;;;;;;;;;;;;;;;;;;;;;;;;;;
point_defense_system;Система точечной обороны;Points de defense;Punktverteidigungssystem;;Sist. defensa puntos;x;;;;;;;;;;;;;;;;;;;;;;;;;;;;;;;;;;;;;;;;;;;;
point_defense_system_desc;Система точечной обороны;Points de defense;Punktverteidigungssystem;;Sist. defensa puntos;x;;;;;;;;;;;;;;;;;;;;;;;;;;;;;;;;;;;;;;;;;;;;
flexible_firepower;Гибкая огневая мощь;Souplesse de la puissance de feu;Flexible Feuerkraft;;Potencia fuego flex.;x;;;;;;;;;;;;;;;;;;;;;;;;;;;;;;;;;;;;;;;;;;;;
flexible_firepower_desc;В этот момент тактическое новшество и развитие как вооружения, так и оборонительных точек позволило армиям строить дугообразные огневые точки, которые могли гибко и эффективно покрывать местность. Это приложение дает вам возможность построить новый тип фортификации.;?ce stade d'innovation tactique et de developpement ?la fois des armes et des points de defense permettant aux armees de construire des points d'appui de tir pouvant couvrir avec souplesse et efficacit?le terrain. Cela vous donne la possiblit?de construire un nouveau type de fortification. ;Zu diesem Zeitpunkt ermoglichte eine taktische Innovation sowie die Entwicklung von Geschutzen und Verteidigungsstellungen den Armeen, das Gefechtsgelande effizient mit flexiblen Schussbereichen abzudecken. Diese Anwendung gibt Ihnen die Moglichkeit, einen neuen Befestigungstyp zu bauen.;;En ese momento, una innovacion tactica y el desarrollo del armamento y de los puntos de defensa permitieron a los ejercitos crear puntos de fuego parabolico que podian cubrir el terreno con flexibilidad y eficacia. Esta aplicacion te ofrece la posibilidad de construir un nuevo tipo de fortificacion.;x;;;;;;;;;;;;;;;;;;;;;;;;;;;;;;;;;;;;;;;;;;;;
synchronized_heavy_support;Синхронизированная тяжелая поддержка;Synchronisation de l'appui lourd;Synchronisierte schwere Feuerunterstutzung;;Apoyo pesado sincronizado;x;;;;;;;;;;;;;;;;;;;;;;;;;;;;;;;;;;;;;;;;;;;;
synchronized_heavy_support_desc;На этом этапе артиллерия и дивизионные части тренировались не только перемещать заградительный огонь для более гибкого перемещения пехоты по полю боя, но и оптимизировать огонь и создавать «зоны поражения».;Rendu ?ce point, le corps d'artillerie et des divisions d'infanterie se sont entraines ?effectuer des tirs de barrages roulants pour permettre des mouvements de troupes plus souples sur le champ de bataille et optimiser les tirs afin de creer des zones letales pour l'ennemi. ;Zu diesem Zeitpunkt ubten Artillerie- und Divisionsgeschutze die Beschussverlagerung zur Steigerung der Gefechtsflexibilitat der Infanterie, aber auch zur Feuerkraftsteigerung und zur Erzeugung von 'Killing Zones'.;;En ese momento, las piezas de artilleria y de division se prepararon para desplazar la barrera y hacer mas flexible el movimiento de la infanteria en el campo de batalla, pero tambien para optimizar el fuego y crear 'radios de peligro'.;x;;;;;;;;;;;;;;;;;;;;;;;;;;;;;;;;;;;;;;;;;;;;
staff_command_support;Поддержка штабного командования;Soutien d'etat-major;Kommandostabsunterstutzung;;Apoyo a la comandancia;x;;;;;;;;;;;;;;;;;;;;;;;;;;;;;;;;;;;;;;;;;;;;
staff_command_support_desc;Введение рабочих штабов в подразделениях низшего эшелона было побочным эффектом эффективного и функционального Генерального штаба. Вскоре все подразделения имели штабы, которые поддерживали их лидеров.;L'efficacit?de l'etat-major aux echelons eleves a entrain?son introduction aux echelons inferieurs. Tous les commandants d'unit?ont rapidement dispos?d'un etat-major.;Die Einfuhrung von Staben in niederrangigen Einheiten war ein Nebeneffekt der Arbeit eines effizienten und funktionalen Generalstabs. Schon bald hatten alle Einheiten Stabe, die ihre Anfuhrer unterstutzten.;;La introduccion de jefaturas de trabajo en unidades de nivel mas bajo fue una consecuencia indirecta de tener un Estado Mayor eficaz y funcional. Pronto, todas las unidades tuvieron jefaturas que ayudaban a sus lideres.;x;;;;;;;;;;;;;;;;;;;;;;;;;;;;;;;;;;;;;;;;;;;;
deep_defense_system;Система глубокой обороны;Defense en profondeur;Raumverteidigungssystem;;Sist. defensa profundidad;x;;;;;;;;;;;;;;;;;;;;;;;;;;;;;;;;;;;;;;;;;;;;
deep_defense_system_desc;Система глубокой обороны;Defense en profondeur;Raumverteidigungssystem;;Sist. defensa profundidad;x;;;;;;;;;;;;;;;;;;;;;;;;;;;;;;;;;;;;;;;;;;;;
trench_systems;Системы траншей;Systeme des tranchees;Schutzengrabensysteme;;Sist. trincheras;x;;;;;;;;;;;;;;;;;;;;;;;;;;;;;;;;;;;;;;;;;;;;
trench_systems_desc;В этот момент огневая мощь была намного мощнее движения, и даже пехотным подразделениям, размещенным на фронте, приходилось окапываться, чтобы выжить под превосходящей огневой мощью вражеской артиллерии. Вскоре линии глубокой обороны заполнили участки линии фронта, создав тупик на фронте. Эти линии получили название траншей. Это приложение дает вам возможность построить новый тип укреплений.;Rendu ?ce point, la puissance de feu etait beaucoup plus forte que le mouvement des troupes et, meme l'avant-poste des unites d'infanterie devait creuser pour sa survie face ?la puissance de feu superieure de l'artillerie ennemie. Bientot de profondes lignes de defense remplirent le front, annoncant l'impasse des combats. Ces lignes porterent le nom de tranchees. Cela vous donne la possiblit?de construire un nouveau type de fortification. ;Zu diesem Zeitpunkt war die Feuerkraft weitaus fortgeschrittener als die Manovertaktik, und so mussten sich selbst Fronteinheiten eingraben, um die uberlegene Feuerkraft der feindlichen Artillerie zu uberleben. Schon bald waren Teile der Front mit tiefen Verteidigungsgraben durchzogen, was zu einer Pattsituation fuhrte. Diese Verteidigungslinien wurden Schutzengraben genannt. Diese Anwendung gibt Ihnen die Moglichkeit, einen neuen Befestigungstyp zu bauen.;;En ese momento, la potencia de fuego era mucho mas poderosa que el movimiento, hasta el punto de que las unidades de infanteria del frente tuvieron que cavar para sobrevivir a la potencia de fuego superior de la artilleria enemiga. Las hileras de profundas lineas defensivas no tardaron en llenar las secciones del frente de batalla, lo que propici?una situacion de punto muerto. A esas lineas se las bautiz?con el nombre de trincheras. Esta aplicacion te ofrece la posibilidad de construir un nuevo tipo de fortificacion.;x;;;;;;;;;;;;;;;;;;;;;;;;;;;;;;;;;;;;;;;;;;;;
gas_attack_capability;Возможность газовой атаки;Attaque aux gaz;Gasangriffsfahigkeit;;Capac. ataques con gas;x;;;;;;;;;;;;;;;;;;;;;;;;;;;;;;;;;;;;;;;;;;;;
gas_attack_capability_desc;За счет снаряжения артиллерийских боеприпасов отравляющим веществом зоны поражения оставались смертоносными в течение длительного времени. Это также снижало возможности передвижения обороняющихся подразделений и защитную способность бетонных укреплений.;"En chargeant les obus d'artillerie avec du gaz empoisonn? les ""zones letales"" le restent longtemps apres l'arret des tirs. Cela reduit la capacit?de mouvement des defenseurs et la valeur protectrice des fortifications en beton.";Durch den Beschuss mit Gasgranaten blieben die Killing Zones uber lange Zeitraume hinweg todlich. Der Gaseinsatz verringerte auch die Beweglichkeit verteidigender Einheiten und reduzierte die Schutzfunktion von Betonbunkern.;;Cargar la municion de artilleria con sustancias de gas venenoso hizo que los radios de peligro resultaran letales durante largos periodos de tiempo. Tambien disminuy?la capacidad de movimiento de las unidades defensoras y la capacidad protectora de las fortificaciones de hormigon.;x;;;;;;;;;;;;;;;;;;;;;;;;;;;;;;;;;;;;;;;;;;;;
gas_defense_capability;Возможности газовой защиты;Defense contre les gaz;Gasverteidigungsfahigkeit;;Capac. defensa contra gas;x;;;;;;;;;;;;;;;;;;;;;;;;;;;;;;;;;;;;;;;;;;;;
gas_defense_capability_desc;Благодаря введению противогазов, набора правил ношения униформы при газовой атаке и стандартных оперативных процедур по передвижению в условиях газовых атак потери и последствия воздействия газа были уменьшены.;Pour diminuer les pertes et les effets des gaz, on a deploy?des masques ?gaz, defini des consignes de port de l'uniforme et on a appliqu?des procedures de deplacement lors des attaques aux gaz.;Durch die Einfuhrung von Gasmasken und Verhaltensregeln fur Gasangriffe wurden deren Effekte reduziert und die Hohe der Verluste verringert.;;La introduccion de mascaras de gas, de un conjunto de reglas sobre como llevar el uniforme cuando se sufre un ataque con esta sustancia y de los procedimientos operativos estandar para el movimiento bajo este tipo de ataque, disminuyeron las perdidas y los efectos del gas.;x;;;;;;;;;;;;;;;;;;;;;;;;;;;;;;;;;;;;;;;;;;;;
elastic_defense_system;Эластичная система защиты;Defense elastique;Elastisches Verteidigungssystem;;Sist. defensa elastica;x;;;;;;;;;;;;;;;;;;;;;;;;;;;;;;;;;;;;;;;;;;;;
elastic_defense_system_desc; В этих местах траншеи разрослись в грозные системы траншей с двумя или даже тремя линиями обороны, подкрепленными бетонными укреплениями и пулеметными позициями. Сцена была как будто запечатлена в разделе «Инферно» «Божественной комедии» Данте Алигьери.;?ce point, les tranchees se developpent en de formidables systemes avec deux ou meme trois lignes de defense renforces avec des fortifications en beton et des positions de mitrailleuses. La scene est comme capturee de la section «Inferno?de Dante Alighieris dans 'Divina Comedia'. ;Zu diesem Zeitpunkt wurden die Schutzengraben zu beeindruckenden Grabensystemen ausgebaut, die oft aus zwei oder drei Grabenreihen bestanden, die zusatzlich mit Betonbunkern und MG-Stellungen verstarkt waren. Die Szene stammt aus dem Abschnitt 'Inferno' von Dante Alighieris 'Divina Comedia'. Diese Anwendung gibt Ihnen die Moglichkeit, einen neuen Befestigungstyp zu bauen.;;En ese momento, las trincheras crecieron hasta convertirse en formidables sistemas de trincheras con dos o hasta tres lineas de defensa reforzadas con fortificaciones de hormigon y plataformas de ametralladora. La escena fue copiada del capitulo del 'Infierno' de la 'Divina Comedia' de Dante. ;x;;;;;;;;;;;;;;;;;;;;;;;;;;;;;;;;;;;;;;;;;;;;
flexible_counterattacks;Гибкие контратаки;Contre-attaques flexibles;Flexible Gegenangriffe;;Contraataques flexibles;x;;;;;;;;;;;;;;;;;;;;;;;;;;;;;;;;;;;;;;;;;;;;
flexible_counterattacks_desc;После того, как противник перешел все границы и его наступление пошло на спад, эта тактика подразумевала использование заранее спланированных контратак против пробелов в линии противника, где наступление не было синхронизировано. Эти контратаки иногда могли отбросить противника даже дальше, чем его первоначальные позиции атаки.;Apres que l'ennemi ait depass?ses possibilites et que son offensive se retire, les tactiques planifiees de contre-attaques consistaient ?pointer les lacunes dans la ligne ennemie, o? eventuellement, l'avance n'aurait pas et?synchronisee. Ces contre-attaques pouvaient parfois repousser l'ennemi encore plus loin que ses positions de depart. ;Nachdem sich der Feind ubernommen hatte und die Starke seiner Offensive abebbte, wurde diese Taktik angewandt, um mit im Voraus geplanten Gegenangriffe dort in Lucken in den feindlichen Linien zu schlagen, wo der Feind seinen Vorsto?nicht ausreichend synchronisiert hatte. Mit diesen Gegenangriffen konnte der Feind manchmal noch hinter seine ursprunglichen Angriffsstellungen zuruckgedrangt werden.;;Estas tacticas pretendian lanzar contraataques planeados con antelacion contra las brechas en la linea enemiga donde no se habia sincronizado el avance despues de que el enemigo se hubiera pasado y su ofensiva fuera disminuyendo. A veces estos contraataques podian hacer retroceder al contrario mas all?de sus posiciones de ataque originales. ;x;;;;;;;;;;;;;;;;;;;;;;;;;;;;;;;;;;;;;;;;;;;;
infiltration;Проникновение;Infiltration;Infiltrierung;;Infiltracion;x;;;;;;;;;;;;;;;;;;;;;;;;;;;;;;;;;;;;;;;;;;;;
infiltration_desc;Проникновение;Infiltration;Infiltrierung;;Infiltracion;x;;;;;;;;;;;;;;;;;;;;;;;;;;;;;;;;;;;;;;;;;;;;
low_echelon_fire_support;Огневая поддержка нижнего эшелона;Support de feu aux echelons inferieurs;Truppen-Feuerunterstutzung;;Fuego de apoyo de escalon inferior;x;;;;;;;;;;;;;;;;;;;;;;;;;;;;;;;;;;;;;;;;;;;;
low_echelon_fire_support_desc;Вводя дивизионную артиллерию и минометы на уровне батальона, подразделения получали лучшую огневую мощь гораздо быстрее. Это, в свою очередь, было очень важно как в наступлении, так и в обороне.;Introduction de l'artillerie de division et des mortiers vers le bas, c'est ?dire, au niveau du bataillon. Les unites pouvaient ainsi beneficier rapidement d'une puissance de feu accrue tres utile en defense comme en attaque.;Durch die Einfuhrung von Divisionsartillerie und -morsern bis auf Batallionsebene erhielten Einheiten viel schneller bessere Feuerkraft, was in Offensive und Defensive gleichermassen wichtig war.;;Mediante la introduccion de la artilleria divisionaria y los morteros en el nivel inferior del batallon las unidades consiguieron mayor potencia de fuego mas rapidamente, lo que era de gran importancia tanto en la defensa como en el ataque.;x;;;;;;;;;;;;;;;;;;;;;;;;;;;;;;;;;;;;;;;;;;;;
stormtrooper_training;Подготовка штурмовиков;Constitution de troupes d'assaut;Sturmtruppenausbildung;;Instruc. tropas asalto;x;;;;;;;;;;;;;;;;;;;;;;;;;;;;;;;;;;;;;;;;;;;;
stormtrooper_training_desc;Это была техника использования специальных подразделений для продавливания бреши в линии и прокладывания траншей за этой новой линией. Используемые подразделения были специально обучены для этой задачи.;Cette technique consistait ?utiliser des unites specialisees pour s'infiltrer dans les breches et isoler les lignes ennemies avancees. Ces unites etaient specialement formees ?cette mission.;Diese Taktik baute auf Sondereinheiten, Lucken in den feindlichen Linien zu schaffen und die Schutzengraben von den feindlichen Truppen zu erobern. Fur diese Aufgabe wurden Einheiten speziell ausgebildet.;;Se trataba de una tecnica que usaba unidades especiales para forzar una brecha en la linea y aislar a las trincheras tras esa nueva linea. Las unidades utilizadas eran entrenadas especialmente para dicha tarea.;x;;;;;;;;;;;;;;;;;;;;;;;;;;;;;;;;;;;;;;;;;;;;
tank_experiments;Эксперименты с танками;Experimentation des chars d'assaut;Panzerexperimente;;Experim. tanques;x;;;;;;;;;;;;;;;;;;;;;;;;;;;;;;;;;;;;;;;;;;;;
tank_experiments_desc;Первый танк, иногда называемый бочкой, имел переменный успех из-за ненадежности этих первых стальных монстров. Однако, когда они работали, они могли открыть фронт, куда бы они ни направлялись.;"Les premiers chars, parfois surnommes ""tank"", n'ont connu qu'un succes mitig?en raison de leur manque de fiabilit? Cependant, quand ils fonctionnaient, ils pouvaient percer le front en n'importe quel point.";Die ersten Panzer, manchmal einfach als Fasser bezeichnet, hatten aufgrund ihrer Unzuverlassigkeit nur mittelmassigen Erfolg. Wenn sie aber funktionierten, konnten sie an einer beliebigen Stelle eine Lucke in die Front reissen.;;El primer tanque fue bendecido con un exito desigual debido a la inestabilidad de estos primeros monstruos de acero. Sin embargo, cuando funcionaban podian abrir el frente all?donde fueran.;x;;;;;;;;;;;;;;;;;;;;;;;;;;;;;;;;;;;;;;;;;;;;
tank_exploits;Танковые подвиги;Exploitation des chars d'assaut;Panzereffizienz;;Proezas tanques;x;;;;;;;;;;;;;;;;;;;;;;;;;;;;;;;;;;;;;;;;;;;;
tank_exploits_desc;На этом этапе танки стали более надежными и применялись в составе небольших подразделений для проделывания брешей в обороне, через которые штурмовики и обычная пехота могли проникнуть и сражаться с противником.;Les chars sont devenus plus fiables et on les utilise en petites unites pour creer des breches dans lesquelles les troupes d'assaut et l'infanterie reguliere peuvent s'engouffrer et combattre l'ennemi.;Zu diesem Zeitpunkt sind Panzer zuverlassiger und werden in kleineren Einheiten dazu eingesetzt, Lucken in die gegnerische Front zu reissen, durch die Sturmtruppen und Infanterie dann eindringen und den Feind bekampfen konnen.;;En ese momento, los tanques son mas fiables y se utilizan en unidades menores para hacer agujeros en las lineas, donde podian introducirse las tropas de asalto y la infanteria regular para combatir al enemigo.;x;;;;;;;;;;;;;;;;;;;;;;;;;;;;;;;;;;;;;;;;;;;;
modern_army_doctrine;Современная армейская доктрина;Doctrine de l'armee moderne;Moderne Heeresdoktrin;;Doctrina del ejercito moderno;x;;;;;;;;;;;;;;;;;;;;;;;;;;;;;;;;;;;;;;;;;;;;
modern_army_doctrine_desc;Современная армейская доктрина;Doctrine de l'armee moderne;Moderne Heeresdoktrin;;Doctrina del ejercito moderno;x;;;;;;;;;;;;;;;;;;;;;;;;;;;;;;;;;;;;;;;;;;;;
firepower_vs_mobility;Огневая мощь против мобильности;Puissance de feu contre Mobilit?Feuerkraft contra Mobilitat;;Potencia de fuego contra movilidad;x;;;;;;;;;;;;;;;;;;;;;;;;;;;;;;;;;;;;;;;;;;;;;
firepower_vs_mobility_desc;После окончания Первой мировой войны крупные державы должны были пересмотреть свои военные стратегии в свете жестоких уроков, полученных за годы безрезультатной позиционной войны. Одна из основных школ мысли, которая возникла, сосредоточилась на важности использования массированной огневой мощи, в основном в форме артиллерии, чтобы сокрушить противника и буквально проделать дыру в его линиях, чтобы облегчить продвижение, в то время как другая школа мысли предполагала, что ключом к победе на современном поле боя является мобильность, чтобы дружественные силы могли маневрировать вокруг опорных пунктов противника, чтобы продолжить атаку на более выгодных условиях.;Apres la fin de la Premiere Guerre mondiale, les Grandes Puissances ont d?reevaluer leurs strategies militaires ?la lumiere des brutales lecons apprises pendant les annees peu concluantes de la guerre des tranchees. Une grande ecole de pensee qui a emerg?mit l'accent sur l'importance d'utiliser la puissance de feu de facon massee, principalement sous la forme d'artillerie, pour ecraser l'ennemi et litteralement percer un trou dans leurs lignes afin de faciliter une avance, tandis qu'une autre ecole de pensee a sugger?que la cl?de la victoire sur le champ de bataille moderne est la mobilit? de sorte que des forces amies pourraient manoeuvrer autour de points forts ennemis pour poursuivre l'attaque dans des conditions plus avantageuses. ;Nach dem Ende des ersten Weltkriegs mussten die Grossmachte ihre Militarstrategien angesichts der brutalen Verluste wahrend des jahrelangen ergebnislosen Stellungskriegs neu bewerten. Eine bedeutende Denkrichtung konzentrierte sich darauf, den Feind zur Begunstigung eines Bodenangriffs mit massiver Feuerkraft zu uberwaltigen, und im wahrsten Sinne des Wortes ein Lucke in seine Linien zu sprengen. Eine andere Denkrichtung sah dagegen die Mobilitat als Schlussel zum Sieg auf dem Schlachtfeld der Moderne an: Dabei sollten die eigenen Truppen feindliche Stutzpunkte umgehen, um den Angriff zu gunstigeren Bedingungen fortzufuhren.;;Tras el final de la Primera Guerra Mundial, las grandes potencias tuvieron que reevaluar sus estrategias militares a la luz de las brutales lecciones aprendidas durante anos de guerra inconcluyente. Una de las principales escuelas de pensamiento que surgieron subrayaba la importancia de utilizar potencia de fuego concentrada, sobre todo en forma de artilleria, para abrumar al enemigo y, literalmente, abrir un agujero en sus lineas para facilitar el avance, mientras que otra sugeria que la clave de la victoria en el campo de batalla moderno era la movilidad, para poder maniobrar alrededor de los puntos fuertes del enemigo y proseguir el ataque en terminos mas ventajosos.;x;;;;;;;;;;;;;;;;;;;;;;;;;;;;;;;;;;;;;;;;;;;;
grand_battle_plan_vs_superior_firepower;План грандиозной битвы против превосходящей огневой мощи;Grand plan de bataille contre Puissance de feu superieure;Grosser Schlachtplan contra Uberlegene Feuerkraft;;Plan de la gran batalla contra potencia de fuego superior;x;;;;;;;;;;;;;;;;;;;;;;;;;;;;;;;;;;;;;;;;;;;;
grand_battle_plan_vs_superior_firepower_desc;Для тех армий, которые сосредоточились на огневой мощи, еще одно важное решение вращалось вокруг того, как эта огневая мощь должна была быть использована. Одна возможность заключалась в разработке сложных и подробных планов, которые включали артиллерийские удары по определенным целям, приуроченные к завершению как раз в момент начала основного штурма, в то время как другая возможность заключалась в том, чтобы просто сосредоточить как можно больше артиллерии и обстреливать противника, пока он не отступит.;Pour ces armees qui comptaient sur la puissance de feu, une autre decision cruciale tournait autour de la facon dont la puissance de feu devait etre utilisee. Une possibilit?consistait ?elaborer des plans complexes et detailles qui integraient des tirs d'artillerie sur des cibles specifiques programmes pour se terminer au moment ou l'attaque principale etait lancee, tandis qu'une autre possibilit?etait tout simplement de les masser ensemble, autant que possible d'artillerie et de bombarder l'ennemi jusqu'?ce qu'il cede. ;Fur Armeen, die auf Feuerkraft fokussiert waren, stellte sich die Frage, wie diese Feuerkraft eingesetzt werden sollte. Eine Moglichkeit war die Erstellung komplizierter und detaillierter Plane, die beinhalteten, dass Artillerieschlage auf bestimmte Ziele zeitlich so abgestimmt wurden, dass sie kurz vor dem Beginn des eigentlichen Hauptangriffs endeten. Eine andere Moglichkeit war die Ansammlung so vieler Geschutze wie moglich und die Bombardierung des Feindes bis zu dessen Kapitulation.;;Para aquellos ejercitos que se centraban en la potencia de fuego, otra decision crucial tenia que ver con el modo de utilizar esa potencia de fuego. Una posibilidad era elaborar complejos y detallados planes que integraban ataques de artilleria contra objetivos especificos que debian terminar en el momento justo en que se lanzaba el ataque principal, mientras que otra era simplemente concentrar toda la artilleria posible y bombardear al enemigo hasta que se rindiera.;x;;;;;;;;;;;;;;;;;;;;;;;;;;;;;;;;;;;;;;;;;;;;
human_wave_vs_spearhead;Human Wave против Spearhead;Vague humaine contre Fer de lance;Massenangriffe contra Angriffsspitzen;;Oleada humana contra punta de lanza;x;;;;;;;;;;;;;;;;;;;;;;;;;;;;;;;;;;;;;;;;;;;;
human_wave_vs_spearhead_desc;Для тех армий, которые фокусировались на мобильности, было важно решить, насколько именно армия должна быть мобильной. Одним из вариантов было использовать стандартные пехотные силы и подавлять противника при контакте, в то время как другим вариантом было сосредоточиться на специализированных передовых отрядах, часто с механизированным компонентом, которые лучше всего подходили для мобильности и могли быстро использовать слабости в линии противника.;Pour ces armees qui mettaient l'accent sur la mobilit? il etait important de decider comment, precisement, l'armee devait etre mobile. Une option etait d'utiliser les forces d'infanterie standard, et d'ecraser l'ennemi, si le contact etait etabli, tandis qu'une autre option etait de s'appuyer sur des unites specialisees dites ?fer de lance », avec souvent une composante mecanisee, qui etait la mieux adaptee ?la mobilit?et pouvait rapidement exploiter les faiblesses de la ligne ennemie.;Fur Armeen, die auf Mobilitat fokussiert waren, spielte die Entscheidung, wie genau die eigenen Truppen mobil sein sollten, eine grosse Rolle. Eine Option bestand darin, normale Infanterietruppen einzusetzen, und den Feind bei Kontakt mit schierer Masse zu uberwaltigen. Eine andere Option konzentrierte sich auf spezialisierte Voraustruppen, zu denen oft auch mechanisierte Einheiten gehorten, die sehr mobil waren und Schwachen in den feindlichen Linien schnell ausnutzen konnten.;;Para aquellos ejercitos que se centraban en la movilidad, era importante decidir como debia obtenerse esta movilidad. Una opcion era utilizar formas de infanteria estandar para aplastar al enemigo al producirse el contacto, mientras que otra se centraba en puntas de lanza formadas por unidades especializadas, a menudo de tipo mecanizado, mas rapidas, que podian explotar mejor las debilidades de la linea enemiga.;x;;;;;;;;;;;;;;;;;;;;;;;;;;;;;;;;;;;;;;;;;;;;
flintlock_rifles;Кремневые винтовки;Fusils ?silex;Steinschlossgewehre;;Fusiles chispa;x;;;;;;;;;;;;;;;;;;;;;;;;;;;;;;;;;;;;;;;;;;;;
flintlock_rifles_desc;Кремневые винтовки;Fusils ?silex;Steinschlossgewehre;;Fusiles chispa;x;;;;;;;;;;;;;;;;;;;;;;;;;;;;;;;;;;;;;;;;;;;;
muzzle_loaded_rifles;Дульнозарядные винтовки;Fusils charges par le canon;Vorderlader;;Fusiles avancarga;x;;;;;;;;;;;;;;;;;;;;;;;;;;;;;;;;;;;;;;;;;;;;
muzzle_loaded_rifles_desc;Дульнозарядные винтовки;Fusils charges par le canon;Vorderlader;;Fusiles avancarga;x;;;;;;;;;;;;;;;;;;;;;;;;;;;;;;;;;;;;;;;;;;;;
breech_loaded_rifles;Винтовки, заряжаемые с казенной части;Fusils charges par la culasse;Hinterlader;;Fusiles postcarga;x;;;;;;;;;;;;;;;;;;;;;;;;;;;;;;;;;;;;;;;;;;;;
breech_loaded_rifles_desc;Винтовки, заряжаемые с казенной части;Fusils charges par la culasse;Hinterlader;;Fusiles postcarga;x;;;;;;;;;;;;;;;;;;;;;;;;;;;;;;;;;;;;;;;;;;;;
machine_guns;Пулеметы;Mitrailleuses;Maschinengewehre;;Ametralladoras;x;;;;;;;;;;;;;;;;;;;;;;;;;;;;;;;;;;;;;;;;;;;;
machine_guns_desc;Пулеметы;Mitrailleuses;Maschinengewehre;;Ametralladoras;x;;;;;;;;;;;;;;;;;;;;;;;;;;;;;;;;;;;;;;;;;;;;
bolt_action_rifles;Винтовки с продольно-скользящим затвором;Fusils ?culasse mobile;Repetiergewehre;;Fusiles cerrojo;x;;;;;;;;;;;;;;;;;;;;;;;;;;;;;;;;;;;;;;;;;;;;
bolt_action_rifles_desc;Винтовки с продольно-скользящим затвором;Fusils ?culasse mobile;Repetiergewehre;;Fusiles cerrojo;x;;;;;;;;;;;;;;;;;;;;;;;;;;;;;;;;;;;;;;;;;;;;
modern_divisional_structure;Современная дивизионная структура;Struct. divisionnaire moderne;Moderne Divisionsstruktur;;Estructura divisional moderna;x;;;;;;;;;;;;;;;;;;;;;;;;;;;;;;;;;;;;;;;;;;;;
modern_divisional_structure_desc;Современная дивизионная структура;Structure divisionnaire moderne;Moderne Divisionsstruktur;;Estructura divisional moderna;x;;;;;;;;;;;;;;;;;;;;;;;;;;;;;;;;;;;;;;;;;;;;
interwar_infantry;Пехота между мировыми войнами;Infanterie de l'entre-deux-guerres;Zwischenkriegsinfanterie;;Infanteria de entreguerras;x;;;;;;;;;;;;;;;;;;;;;;;;;;;;;;;;;;;;;;;;;;;;
interwar_infantry_desc;С конца Великой войны и до конца Депрессии армии многих стран продолжали эволюционировать по своей природе и направленности. Начиная с новых дивизионных структур, многие армии начали разрабатывать специализированные подразделения, начиная от морской пехоты и заканчивая горными пехотинцами. Большая степень моторизации, с массовой доступностью автомобилей и грузовиков, добавила к постоянно меняющейся природе сухопутных подразделений по всему миру.;De la fin de la Grande Guerre ?la fin de la Depression, les armees des pays ont continu?d'evoluer en nature et en concentration. ?partir de nouvelles structures divisionnaires, de nombreuses armees ont commenc??developper des unites specialisees, allant des marines aux alpinistes. A un plus grand degr?de motorisation, avec une disponibilit?en masse de voitures et de camions, s'ajoutait la nature sans cesse changeante des unites terrestres ?travers le monde. ;Zwischen dem Ende des ersten Weltkriegs und dem Ende der Grossen Depression entwickelten sich die Armeen vieler Lander inpunkto Eigenschaften und Fokussierung weiter. Viele Armeen fuhrten neue Divisionsstrukturen ein und begannen mit der Ausbildung verschiedenster Spezialtruppen wie Marineinfanterie und Gebirgsjagern. Die mit der massenhaften Verfugbarkeit von Autos und Lkw einhergehende Mobilitatssteigerung trug weltweit zur standigen Veranderung von Bodentruppen bei.;;Entre el final de la Primera Guerra Mundial y el final de la Gran Depresion, los ejercitos de muchos paises siguieron evolucionando, tanto en su naturaleza como en su enfoque. Empezando por nuevas estructuras divisionales, muchos ejercitos comenzaron a desarrollar unidades especializadas, de marines a fuerzas de montana. La creciente importancia de la motorizacion, gracias a la disponibilidad masiva de coches y camiones, contribuy?a la modificacion de las fuerzas terrestres por todo el mundo.;x;;;;;;;;;;;;;;;;;;;;;;;;;;;;;;;;;;;;;;;;;;;;
interwar_cavalry;Кавалерия между мировыми войнами;Cavalerie de l'entre-deux-guerres;Zwischenkriegskavallerie;;Caballeria de entreguerras;x;;;;;;;;;;;;;;;;;;;;;;;;;;;;;;;;;;;;;;;;;;;;
interwar_cavalry_desc;С массовыми потерями в Первой мировой войне и наступлением эпохи моторизации традиционная конная кавалерия угасала. Новый акцент на моторизации изменил способ использования кавалерии и ее роль на поле боя. Солдаты больше не будут ездить верхом на лошадях, вместо этого они будут ездить на моторизованных транспортных средствах. Моторизация также позволит увеличить огневую мощь более тяжелых орудий и сократить время развертывания.;Avec les pertes massives subies pendant la Grande Guerre, et l'aube de l'age motoris? la cavalerie ?cheval traditionnelle etait en voie de disparition. Le nouvel accent mis sur la motorisation a chang?la facon dont elle devait etre utilisee, et son role sur le champ de bataille. Plus de chevaux montes, les soldats etaient 'montes', ?la place, sur des vehicules motorises. La motorisation permettait egalement une meilleure puissance de feu avec des canons lourds, et permettait d'accelerer la vitesse de deploiement. ;Angesichts der massenhaften Verluste des ersten Weltkriegs und des Anbruchs des motorisierten Zeitalters stand die traditionelle Pferdekavallerie vor dem endgultigen Aus. Die neue Fokussierung auf Motorisierung veranderte die Einsatzart von Kavallerie und ihre Rolle auf dem Schlachtfeld. Anstatt eines Pferds bestiegen die Soldaten nun motorisierte Fahrzeuge. Die Motorisierung ermoglichte ausserdem die Steigerung der Feuerkraft mittels schwererer Geschutze und die Verkurzung der Aufmarschzeit.;;Con las bajas masivas sufridas en la Gran Guerra y el comienzo de la era motorizada, lleg?el final de la caballeria tradicional. La importancia de la motorizacion cambi?el modo en que se utilizaba la caballeria y su papel en el campo de batalla. A partir de entonces, en lugar de usar caballos, los soldados irian montados en vehiculos motorizados. Ademas, la motorizacion permitiria utilizar canones mas pesados y potentes y aumentaria la velocidad de despliegue.;x;;;;;;;;;;;;;;;;;;;;;;;;;;;;;;;;;;;;;;;;;;;;
rear_area_dumps;Свалки в тыловой зоне;Depots en zone arriere;Frontnahe Depots;;Depositos de retaguardia;x;;;;;;;;;;;;;;;;;;;;;;;;;;;;;;;;;;;;;;;;;;;;
rear_area_dumps_desc;По мере развития технологий, особенно в плане моторизации, новые концепции должны были применяться к более традиционным доктринам. Снабжение, всегда являвшееся проблемой для армии, значительно улучшилось благодаря этим изменениям. Теперь стало возможным, а также необходимым, создание крупных складов снабжения, из которых можно было бы снабжать целые сектора. Больше не было необходимости в длинных поездах снабжения для снабжения передовых подразделений, поскольку централизованные склады могли быстро распределять необходимые материалы по подразделениям.;Comme la technologie de pointe, notamment en termes de motorisation, de nouveaux concepts doivent etre appliques ?plus de doctrines traditionnelles. L'approvisionnement, toujours un probleme pour une armee, a et?grandement amelioree par ces changements. Il est desormais possible, autant que necessaire, d'etablir des depots majeures d'approvisionnement, ?partir desquels des secteurs entiers peuvent etre deservis. Il n'etait ainsi plus necessaire d'avoir acces ?des trains d'approvisionnement pour alimenter les unites du front, car les depots centralises pouvaient rapidement passer aux unites le materiel necessaire.;Im Zuge des technologischen Fortschritts, besonders inpunkto Motorisierung, wurden fur die traditionelleren Doktrinen neue Konzepte benotigt. Die Nachschubversorgung, fur jede Armee stets ein wichtiger Punkt, wurde von diesen Anderungen stark verbessert. Nun war es moglich, wie auch notwendig, grosse Nachschubdepots zur Versorgung ganzer Sektoren zu errichten. Die Notwendigkeit langer Nachschubzuge zur Versorgung der Fronteinheiten fiel damit weg, da zentralisierte Depots benotigtes Material schnell an die Einheiten ausgeben konnten.;;A medida que avanzaba la tecnologia, especialmente en terminos de motorizacion, se hacia necesario aplicar nuevos conceptos a doctrinas mas tradicionales. El avituallamiento, que siempre habia sido un problema para los ejercitos, mejor?mucho gracias a estas transformaciones. Ahora era posible, ademas de necesario, establecer depositos de retaguardia desde los que se podia suministrar a sectores enteros del frente. Ya no era necesario que largos trenes de avituallamiento abastecieran a las unidades del frente, puesto que estos depositos podian enviar rapidamente el material que necesitaran las unidades.;x;;;;;;;;;;;;;;;;;;;;;;;;;;;;;;;;;;;;;;;;;;;;
bronze_muzzle_loaded_artillery;Бронзовая артиллерия, заряжаемая с дула;Artill. bronze chargee par bouche;Vorderladergeschutz, Bronze;;Artilleria avancarga (bronce);x;;;;;;;;;;;;;;;;;;;;;;;;;;;;;;;;;;;;;;;;;;;;
bronze_muzzle_loaded_artillery_desc;Бронзовая артиллерия, заряжаемая с дула;Artillerie en bronze chargee par la bouche;Vorderladergeschutz, Bronze;;Artilleria avancarga (bronce);x;;;;;;;;;;;;;;;;;;;;;;;;;;;;;;;;;;;;;;;;;;;;
iron_muzzle_loaded_artillery;Железная артиллерия, заряжаемая с дула;Artill. fer chargee par bouche;Vorderladergeschutz, Eisen;;Artilleria avancarga (hierro);x;;;;;;;;;;;;;;;;;;;;;;;;;;;;;;;;;;;;;;;;;;;;
iron_muzzle_loaded_artillery_desc;Железная артиллерия, заряжаемая с дула;Artillerie en fer chargee par la bouche;Vorderladergeschutz, Eisen;;Artilleria avancarga (hierro);x;;;;;;;;;;;;;;;;;;;;;;;;;;;;;;;;;;;;;;;;;;;;
iron_breech_loaded_artillery;Железная артиллерия с казенной частью;Artillerie en fer ?culasse;Hinterladergeschutz, Eisen;;Artilleria postcarga (hierro);x;;;;;;;;;;;;;;;;;;;;;;;;;;;;;;;;;;;;;;;;;;;;
iron_breech_loaded_artillery_desc;Железная артиллерия с казенной частью;Artillerie en fer ?culasse;Hinterladergeschutz, Eisen;;Artilleria postcarga (hierro);x;;;;;;;;;;;;;;;;;;;;;;;;;;;;;;;;;;;;;;;;;;;;
steel_breech_loaded_artillery;Стальная казнозарядная артиллерия;Artillerie en acier ?culasse;Hinterladergeschutz, Eisen;;Artilleria postcarga (acero);x;;;;;;;;;;;;;;;;;;;;;;;;;;;;;;;;;;;;;;;;;;;;
steel_breech_loaded_artillery_desc;Стальная казнозарядная артиллерия;Artillerie en acier ?culasse;Hinterladergeschutz, Eisen;;Artilleria postcarga (acero);x;;;;;;;;;;;;;;;;;;;;;;;;;;;;;;;;;;;;;;;;;;;;
indirect_artillery_fire;Непрямой артиллерийский огонь;Tir indirect d'artillerie;Indirekter Artilleriebeschuss;;Fuego indir. artilleria;x;;;;;;;;;;;;;;;;;;;;;;;;;;;;;;;;;;;;;;;;;;;;
indirect_artillery_fire_desc;Непрямой артиллерийский огонь;Tir indirect d'artillerie;Indirekter Artilleriebeschuss;;Fuego indir. artilleria;x;;;;;;;;;;;;;;;;;;;;;;;;;;;;;;;;;;;;;;;;;;;;
heavy_armament_dunno;Тяжелое вооружение;Armement lourd ;Schwere Bewaffnung;;Armamento pesado;x;;;;;;;;;;;;;;;;;;;;;;;;;;;;;;;;;;;;;;;;;;;;
heavy_armament_dunno_desc;Тяжелое вооружение;Armement lourd ;Schwere Bewaffnung;;Armamento pesado;x;;;;;;;;;;;;;;;;;;;;;;;;;;;;;;;;;;;;;;;;;;;;
tankette;Танкетка;Chenillette;Tankette;;Tanqueta;x;;;;;;;;;;;;;;;;;;;;;;;;;;;;;;;;;;;;;;;;;;;;
tankette_desc;Опыт Первой мировой войны показал ценность и полезность танков. Однако те, что участвовали в боевых действиях, были немного неповоротливы на пересеченной местности и не очень мобильны. Танкетки были первыми в длинной череде разработок в области танковых технологий, которые позволили добиться большей скорости и лучшей маневренности.;L'experience de la Grande Guerre a montr?la valeur et l'utilit?des tanks. Toutefois, ceux qui ont et?vus en action tendent ?etre un peu lourds en terrain accident? et pas tres mobiles. Les chenillettes ont et?les premieres d'une longue lignee d'evolution de la technologie des blindes, qui ont permis une plus grande vitesse et une meilleure maniabilit? ;Die ersten Panzereinsatze im ersten Weltkrieg hatten die Nutzlichkeit von Panzern gezeigt. Die Panzer des ersten Weltkriegs waren in grobem Gelande aber noch recht schwerfallig und nicht besonders mobil. Tanketten waren der Beginn einer langen Entwicklungsreihe der Panzertechnologie, die hohere Geschwindigkeiten und bessere Manovrierbarkeit ermoglichte.;;Las experiencias de la Gran Guerra demostraron el valor y la utilidad de los tanques. Sin embargo, los que entraron en accion tendian a ser poco manejables en terreno escabroso, ademas de poco moviles. Las tanquetas, primero de una larga linea de avances en la tecnologia de tanques, contaban con mayor velocidad y maniobrabilidad.;x;;;;;;;;;;;;;;;;;;;;;;;;;;;;;;;;;;;;;;;;;;;;
light_tank;Легкий танк;Char leger;Leichter Panzer;;Tanque ligero;x;;;;;;;;;;;;;;;;;;;;;;;;;;;;;;;;;;;;;;;;;;;;
light_tank_desc;Крупным шагом вперед в танковой технологии стал легкий танк. Обычно устанавливаемый на пулеметы или легкие пушки, это были первые «настоящие» танки, которые были произведены. Используемые в роли поддержки пехоты, эти танки давали дивизиям столь необходимую мобильную огневую мощь с надежной оборонительной способностью.;Une avancee majeure dans la technologie du tank a et?le char leger. Generalement surmont?de mitrailleuses ou d'un canon leger, ce sont les ''premiers'' vrais chars ?etre produit. Utilis?dans un role de soutien d'infanterie, ces chars apportent beaucoup aux divisions qui ont grand besoin d'une puissance de feu mobile avec une capacit?de defense sans failles. ;Der leichte Panzer stellte einen grossen Fortschritt der Panzertechnologie dar. Diese ersten richtigen Panzer waren meist mit Maschinengewehren oder einer leichten Panzerkanone bestuckt. Sie wurden zur Infanterieunterstutzung eingesetzt und boten Divisionen dringend benotigte mobile Feuerunterstutzung bei solider Verteidigungsfahigkeit.;;El tanque ligero fue un gran paso adelante en la tecnologia de los tanques. Estos vehiculos, armados con ametralladoras o canones ligeros, fueron los primeros tanques 'de verdad' que se produjeron. Usados en tareas de apoyo de infanteria, proporcionaban a las divisiones potencia de fuego movil, ademas de gran capacidad defensiva.;x;;;;;;;;;;;;;;;;;;;;;;;;;;;;;;;;;;;;;;;;;;;;
armoured_cars;Бронированные автомобили;Vehicules blindes;Panzerwagen;;Coches blindados;x;;;;;;;;;;;;;;;;;;;;;;;;;;;;;;;;;;;;;;;;;;;;
armoured_cars_desc;Бронеавтомобили выполняли роль, не совсем подходящую для танков или обычной пехоты, установленной на грузовиках. Предоставляя более легкие транспортные средства кавалерийским и полицейским подразделениям, бронеавтомобили могли быстро передвигаться по обычным дорогам и обеспечивать высокую степень огневой мощи на единицу транспортного средства.;Les vehicules blindes remplissent un role qui ne convient pas aux chars ou ?l'infanterie montee sur des camions. Avec la fourniture de vehicules legers pour les unites de cavalerie et les unites de la police, des vehicules blindes pouvaient circuler ?grande vitesse sur les routes ordinaires, et fournir un haut degr?de puissance de feu par vehicule. ;Panzerwagen fullten eine Rolle aus, fur die Panzer oder regulare Infanterie auf Lastwagen nicht geeignet waren. Panzerwagen, mit der die Kavallerie und Polizei ausgerustet wurden, konnten auf normalen Strassen schnell fahren und verfugten uber hohe Feuerkraft.;;Los coches blindados desempenaron un papel para el que no estaban bien preparados ni los tanques ni la infanteria montada en camiones. Los coches blindados proporcionaban vehiculos ligeros a las unidades de caballeria y policia, que con ellos podian viajar a gran velocidad por carreteras normales y disponer de una mas que decente potencia de fuego.;x;;;;;;;;;;;;;;;;;;;;;;;;;;;;;;;;;;;;;;;;;;;;
anti_aircraft_artillery;Зенитная артиллерия;Artillerie antiaerienne;Flugabwehrartillerie;;Artilleria antiaerea;x;;;;;;;;;;;;;;;;;;;;;;;;;;;;;;;;;;;;;;;;;;;;
anti_aircraft_artillery_desc;В ответ на растущую роль авиации в вооруженном конфликте были разработаны новые методы и виды оружия для противодействия этой новой угрозе. Специализированная зенитная артиллерия стала важным шагом вперед в этой области.;En reponse au role de plus en plus important de l'aviation lors des conflits armes, de nouvelles methodes et armes furent concues pour contrer une telle menace. En la matiere, l'artillerie antiaerienne jouait un role preponderant.;Als Reaktion auf die zunehmend bedeutende Rolle von Flugzeugen in bewaffneten Konflikten wurden neue Abwehrmethoden und Waffen gegen diese neue Bedrohung entwickelt. Spezialisierte Flugabwehrartillerie war ein grosser Fortschritt auf diesem Gebiet.;;Como respuesta a la creciente importancia de los aviones en el conflicto, se disenaron nuevos metodos y armas para contrarrestar esta nueva amenaza. La artilleria antiaerea fue un importante avance en este campo.;x;;;;;;;;;;;;;;;;;;;;;;;;;;;;;;;;;;;;;;;;;;;;
improved_anti_aircraft_artillery;Улучшенная зенитная артиллерия;Artillerie antiaerienne amelioree;Verbesserte Flugabwehrartillerie;;Artilleria antiaerea mejorada;x;;;;;;;;;;;;;;;;;;;;;;;;;;;;;;;;;;;;;;;;;;;;
improved_anti_aircraft_artillery_desc;По мере того, как со временем совершенствовались самолеты, совершенствовалось и оружие для борьбы с ними. Более тяжелые орудия с улучшенными прицелами и более совершенными снарядами делали страшные «зенитные ракеты» еще более опасными.;Alors que les avions n'avaient de cesse de s'ameliorer, les armes censees les contrer leur emboiterent le pas. Des canons plus lourds dotes de systemes de visee ameliores ainsi que de puissants obus augmentaient la dangerosit?des systemes antiaeriens.;Im Zuge der allmahlichen Weiterentwicklung von Flugzeugen wurden auch die Flugabwehrwaffen verbessert. Schwerere Geschutze mit verbesserten Zielvorrichtungen machten die gefurchtete Flak noch gefahrlicher.;;Al mismo tiempo que progresaban los aviones lo hacian las armas para contrarrestarlos. Los nuevos canones, mas pesados, con miras mejoradas y municion mejor disenada, aumentaron la peligrosidad de estas armas.;x;;;;;;;;;;;;;;;;;;;;;;;;;;;;;;;;;;;;;;;;;;;;
light_artillery;Легкая артиллерия;Artillerie legere;Leichte Artillerie;;Artilleria ligera;x;;;;;;;;;;;;;;;;;;;;;;;;;;;;;;;;;;;;;;;;;;;;
light_artillery_desc;Как показал опыт Первой мировой войны, пехотным подразделениям, особенно тем, которые действовали на пересеченной местности, требовался жизнеспособный вариант для увеличения огневой мощи. Традиционные орудия были слишком тяжелыми и громоздкими, чтобы их можно было эффективно использовать или быстро перемещать в неблагоприятных условиях. Для удовлетворения этой потребности были разработаны орудия с меньшей дальностью стрельбы и меньшим калибром, которые легко перемещались лошадьми, транспортными средствами или живой силой. Это так называемые «горные орудия».;Comme l'experience de la Grande Guerre l'a demontr? les unites d'infanterie, en particulier celles operant en terrain accident? avaient besoin d'une option viable pour augmenter leurs puissances de feu. Les canons traditionnels etaient trop lourds et trop volumineux pour etre utilises de maniere efficace ou deplaces rapidement en conditions defavorables. Des armes, de courte portee et de petit calibre, qui sont facilement deplacables par des chevaux, des vehicules, ou de la main-d'oeuvre, ont et?developpees pour repondre ?ce besoin. Ces armes sont appelees 'canons de montagne'.;Wie die Kampfe des ersten Weltkriegs gezeigt hatten, benotigten Infanterieeinheiten, und zwar besonders jene, die in schwergangigem Gelande operierten, eine praktikable Option zur Steigerung ihrer Feuerkraft. Herkommliche Geschutze waren zu schwer und klobig, um unter widrigen Bedingungen effizient und schnell bewegt zu werden. Zu diesem Zweck wurden Geschutze mit geringeren Reichweiten und kleineren Kalibern entwickelt, die leicht von Pferden, Fahrzeugen oder Soldaten gezogen werden konnten. Dies waren die sogenannten ''Gebirgsgeschutze''.;;Como demostraron las experiencias de la Gran Guerra, las unidades de infanteria, sobre todo las que operaban en terreno escabroso, necesitaban una opcion viable para aumentar su potencia de fuego. Los canones tradicionales eran demasiado pesados y voluminosos como para utilizarlos con efectividad o moverlos rapidamente en condiciones adversas. Para responder a esta necesidad se produjeron canones de menor calibre, que se podian mover rapidamente a caballo, con vehiculos o a mano. Se los conocia como 'canones de montana'.;x;;;;;;;;;;;;;;;;;;;;;;;;;;;;;;;;;;;;;;;;;;;;
medium_artillery;Средняя артиллерия;Artillerie moyenne;Mittlere Artillerie;;Artilleria de mediano calibre;x;;;;;;;;;;;;;;;;;;;;;;;;;;;;;;;;;;;;;;;;;;;;
medium_artillery_desc;Выйдя из формы традиционной артиллерии, в сочетании с опытом Первой мировой войны и быстрым ростом моторизации, было разработано среднее артиллерийское орудие. Имея скромные калибры, эти орудия были стандартом для регулярных пехотных подразделений, обеспечивая им большую огневую мощь и мобильность, которых им ранее не хватало.;Au sortir du moule traditionnel de l'artillerie, combin?avec les experiences de la Grande Guerre et l'augmentation rapide de la motorisation, le canon d'artillerie moyenne a et?developp? De calibres modestes, ces armes ont et?la norme pour les unites d'infanterie, en leur fournissant une capacit?en puissance de feu accrue et la mobilit?dont elles manquaient jusqu'alors.;Mittlere Geschutze wurden basierend auf herkommlicher Artillerie hergestellt, wobei man auf die Erfahrungen des ersten Weltkriegs und die rapide fortschreitende Motorisierung baute. Diese Geschutze hatten mittlere Kaliber und waren der Geschutzstandard fur regulare Infanterieeinheiten, denen sie bessere und mobilere Feuerunterstutzung boten.;;La artilleria de mediano calibre surgi?del molde de la artilleria tradicional, con aportaciones surgidas de las experiencias de la Gran Guerra y el rapido crecimiento de la motorizacion. De modesto calibre, estos canones conformaban el estandar para la infanteria regular, a la que proporcionaban una movilidad y una potencia de fuego mayores que nunca.;x;;;;;;;;;;;;;;;;;;;;;;;;;;;;;;;;;;;;;;;;;;;;
heavy_artillery;Тяжелая артиллерия;Artillerie lourde;Schwere Artillerie;;Artilleria pesada;x;;;;;;;;;;;;;;;;;;;;;;;;;;;;;;;;;;;;;;;;;;;;
heavy_artillery_desc;Монстры поля боя, эти тяжелые орудия были угрозами дальнего действия, которых боялись пехотинцы по всему миру. Крупнокалиберные орудия, которые можно было разместить далеко за линией фронта, они могли поддерживать несколько операций в пределах своего радиуса действия.;Les monstres du champ de bataille, ces armes lourdes ont et?les menaces ?longue portee des fantassins partout sur le terrain. Des canons de gros calibre qui pouvaient etre places loin derriere les lignes de front, ils pouvaient ainsi appuyer des operations multiples ?distance. ;Diese Monster des Schlachtfelds waren die Langstreckenbedrohung, vor der sich jeder Infanterist furchtete. Diese grosskalibrigen Geschutze konnten weit hinter der Front stationiert werden und von dort aus Operationen innerhalb ihrer Schussreichweite unterstutzen.;;Monstruos del campo de batalla, estos canones pesados eran la amenaza mas temida para la infanteria de todas partes del mundo. Estas piezas de gran calibre se podian colocar muy lejos del frente, desde donde podian apoyar numerosas operaciones.;x;;;;;;;;;;;;;;;;;;;;;;;;;;;;;;;;;;;;;;;;;;;;
military_staff_system;Военно-штабная система;Systeme d'etat-major;Militarstabssystem;;Sist. Estado Mayor mil.;x;;;;;;;;;;;;;;;;;;;;;;;;;;;;;;;;;;;;;;;;;;;;
military_staff_system_desc;Военно-штабная система;Systeme d'etat-major;Militarstabssystem;;Sist. Estado Mayor mil.;x;;;;;;;;;;;;;;;;;;;;;;;;;;;;;;;;;;;;;;;;;;;;
military_plans;Военные планы;Plans de campagne;Militarplane;;Planes militares;x;;;;;;;;;;;;;;;;;;;;;;;;;;;;;;;;;;;;;;;;;;;;
military_plans_desc;Военные планы;Plans de campagne;Militarplane;;Planes militares;x;;;;;;;;;;;;;;;;;;;;;;;;;;;;;;;;;;;;;;;;;;;;
telegraph_coordination;Координация телеграфа;Coordination telegraphique;Telegrafische Koordination;;Coordinacion telegrafica;x;;;;;;;;;;;;;;;;;;;;;;;;;;;;;;;;;;;;;;;;;;;;
telegraph_coordination_desc;Благодаря координации действий подразделений посредством связи и передачи приказов по телеграфу значительно возросла скорость работы подразделений и принятия решений.;En utilisant le telegraphe pour communiquer et transmettre les ordres necessaires pour assurer la coordination des unites, leur rapidit?operationnelle de meme que la prise de decisions a et?grandement amelioree.;Durch die Koordination von Einheiten mittels telegrafischer Befehlsubermittlung beschleunigte sich deren Operationsgeschwindigkeit und Entscheidungsfindung betrachtlich.;;Gracias a la coordinacion de unidades a traves de la comunicacion y envio de ordenes via telegrafica, aument?enormemente la velocidad operativa de las unidades y la toma de decisiones.;x;;;;;;;;;;;;;;;;;;;;;;;;;;;;;;;;;;;;;;;;;;;;
mobilization_time_tables;Графики мобилизации;Calendrier de mobilisation;Mobilmachungszeitplane;;Programacion de la movilizacion;x;;;;;;;;;;;;;;;;;;;;;;;;;;;;;;;;;;;;;;;;;;;;
mobilization_time_tables_desc;Заранее спланировав мобилизацию, все резервные части установили мобилизационные районы и графики получения оборудования, посадки в поезда и фронтовые маршевые маршруты. Это значительно ускорило мобилизацию.;La preparation de la mobilisation a permis d'etablir, pour les unites de reserve, des lieux precis de rassemblement, des horaires de chargement des trains de materiel et des ordres de marche vers le front. Cela a acceler?considerablement la mobilisation.;Durch die Vorausplanung der Mobilmachung verfugten alle Reserveeinheiten uber vorbestimmte Mobilisierungsbereiche, Zeitplane fur Ausrustungsaufnahme und Zugtransport sowie Marschrouten zur Front. Dies beschleunigte die Mobilmachung erheblich.;;Planeando la movilizacion con antelacion, todas las unidades de reserva tenian establecidos lugares de movilizacion especiales y horarios para coger los trenes de equipamiento y las rutas de marcha al frente, lo que aceleraba la movilizacion considerablemente.;x;;;;;;;;;;;;;;;;;;;;;;;;;;;;;;;;;;;;;;;;;;;;
personnel_category_tables;Таблицы категорий персонала;Listes de categories d'effectifs;Personalkategorietabellen;;Tablas categoria de personal;x;;;;;;;;;;;;;;;;;;;;;;;;;;;;;;;;;;;;;;;;;;;;
personnel_category_tables_desc;Эти таблицы классифицировали задачи, должности и т. д., чтобы в мирное время было легко размещать личный состав в боевых порядках. Во время мобилизации процесс ускорялся, поскольку было легко узнать, какой солдат должен был пойти в какую роту.;Ces listes de categories d'effectifs, position, etc, de sorte qu'il etait facile en temps de paix de placer le personnel dans des formations au combat. En cours de mobilisation, le processus etait acceler?car il etait facile de savoir qui avait et?soldat pour l'envoyer dans telle compagnie. ;Diese Tabellen kategorisierten Aufgaben, Positionen usw., so dass es in Friedenszeiten einfach war, Personal in Kampfformationen einzugliedern. Dies beschleunigte die Mobilmachung, da leicht festzustellen war, welcher Soldat in welche Kompanie gehorte.;;Estas tablas clasificaban las tareas, posicion, etc., de modo que, en tiempos de paz, era facil situar al personal en formaciones de combate. Durante la movilizacion, el proceso se aceleraba, ya que resultaba sencillo establecer qu?soldado tenia que ir a qu?compania.;x;;;;;;;;;;;;;;;;;;;;;;;;;;;;;;;;;;;;;;;;;;;;
military_statistics;Военная статистика;Statistiques militaires;Militarstatistiken;;Estadistica militar;x;;;;;;;;;;;;;;;;;;;;;;;;;;;;;;;;;;;;;;;;;;;;
military_statistics_desc;Военная статистика;Statistiques militaires;Militarstatistiken;;Estadistica militar;x;;;;;;;;;;;;;;;;;;;;;;;;;;;;;;;;;;;;;;;;;;;;
ammunition_area_effect_calculations;Расчеты площади поражения боеприпасов;Calcul des zones d'effet des munitions;Bereichsseffekt-Munitionsberechnungen;;Calculos area de efecto de municion;x;;;;;;;;;;;;;;;;;;;;;;;;;;;;;;;;;;;;;;;;;;;;
ammunition_area_effect_calculations_desc;Благодаря проведению статистических стандартных измерений необходимого количества боеприпасов для достижения нужного эффекта против заранее определенного размера вражеского подразделения на заранее определенной площади боевые действия стали более экономически эффективными.;En etablissant des mesures statistiques standard sur le nombre de munitions necessaire pour produire l'effet voulu sur un dispositif ennemi de taille donnee dans un espace de combat donn? on a pu baisser le cout des operations militaires.;Durch die Anstellung statistischer Standardberechnungen, wie viel Munition benotigt wird, um gegen eine feindliche Einheit mit vorbestimmter Starke in einem vorbestimmten Gefechtsquadrat den gewunschten Effekt zu erzielen, konnten Gefechte kosteneffizienter gestaltet werden.;;Al hacer mediciones estadisticas estandar de la cantidad de municion necesaria para obtener el efecto deseado contra una unidad enemiga de tamano predeterminado en una zona tambien predefinida, el combate se hizo mas eficiente en cuanto a costes.;x;;;;;;;;;;;;;;;;;;;;;;;;;;;;;;;;;;;;;;;;;;;;
empirical_combat_efficiency_matrix;Эмпирическая матрица боевой эффективности;Tableau empirique sur l'efficacit?au combat;Empirische Kampfeffizienzmatrix;;Matriz empirica eficacia en combate;x;;;;;;;;;;;;;;;;;;;;;;;;;;;;;;;;;;;;;;;;;;;;
empirical_combat_efficiency_matrix_desc;Проверяя такие характеристики, как моральный дух, качество питания солдат, наличие болезней и ранений, можно было заранее проверить, насколько эффективно подразделение будет сражаться в предстоящем бою.;En tenant compte de certaines donnees telles que le moral, l'alimentation des soldats, les maladies et les blessures, il etait possible de prevoir l'efficacit?des troupes lors d'un prochain combat.;Durch die Uberprufung bestimmter Attribute wie Moral, Ernahrungsstand der Soldaten, Krankheiten und Verwundungen wurde es moglich, abzuschatzen, wie effizient sich eine bestimmte Einheit in einem bevorstehenden Gefecht schlagen wurde.;;Mediante el examen de determinados atributos como la moral, la buena alimentacion de los soldados, las enfermedades y las heridas, era posible comprobar con antelacion lo eficazmente que podria luchar una unidad en un futuro combate.;x;;;;;;;;;;;;;;;;;;;;;;;;;;;;;;;;;;;;;;;;;;;;
combat_loss_evaluation_schemata;Схемы оценки боевых потерь;Schema d'evaluation des pertes;Gefechtsverlust-Evaluierungsschemata;;Esq. evaluac. perdidas en combate;x;;;;;;;;;;;;;;;;;;;;;;;;;;;;;;;;;;;;;;;;;;;;
combat_loss_evaluation_schemata_desc;Подсчитав потери с обеих сторон и превратив цифры в матрицу, можно было заранее оценить потери в предстоящем бою.;En comptant les pertes des deux camps et en dressant un tableau de donnees, il etait possible d'estimer ?l'avance les pertes lors d'un prochain combat.;Durch die Ermittlung der Verluste beider Seiten und die Eingabe der Zahlen in einer Matrix konnten die Verluste in einem bevorstehenden Gefecht abgeschatzt werden.;;Mediante el computo de perdidas en ambos bandos y la introduccion de los resultados en una matriz, era posible estimar por adelantado las perdidas de un futuro combate.;x;;;;;;;;;;;;;;;;;;;;;;;;;;;;;;;;;;;;;;;;;;;;
military_logistics;Военная логистика;Logistique militaire;Militarlogistik;;Logistica militar;x;;;;;;;;;;;;;;;;;;;;;;;;;;;;;;;;;;;;;;;;;;;;
military_logistics_desc;Военная логистика;Logistique militaire;Militarlogistik;;Logistica militar;x;;;;;;;;;;;;;;;;;;;;;;;;;;;;;;;;;;;;;;;;;;;;
pre_planned_depot_systems;Заранее спланированные системы депо;Reseau de depots predefinis;Vorausgeplante Depotsysteme;;Sist. deposito anticipados;x;;;;;;;;;;;;;;;;;;;;;;;;;;;;;;;;;;;;;;;;;;;;
pre_planned_depot_systems_desc;Планируя в мирное время систему складов, объединенных в цепочку, можно было превратить их в центры сосредоточения потока поставок во время войны.;En planifiant, en temps de paix, un reseau de depots organises en chaine, ces derniers pouvaient servir de bases logistiques au cours de la guerre.;Zu Friedenszeiten gebaute, kettenformig angeordnete Depotsysteme konnten als zentrale Unterstutzungszentren fur die kampfende Truppe fungieren.;;La planificacion de un sistema de depositos en tiempos de paz, establecidos en cadena, podian convertirlos en puntos centrales del flujo de suministros durante una guerra.;x;;;;;;;;;;;;;;;;;;;;;;;;;;;;;;;;;;;;;;;;;;;;
logistical_calculations;Логистические расчеты;Calculs logistiques;Logistische Berechnungen;;Calculos logisticos;x;;;;;;;;;;;;;;;;;;;;;;;;;;;;;;;;;;;;;;;;;;;;
logistical_calculations_desc;Эти стандартные показатели того, сколько припасов и подкреплений требовалось стандартному подразделению в течение определенного периода времени, упростили планирование войны.;Ces mesures standard, sur les quantites de ravitaillement et de renforts necessaires ?une unit?type pour une periode donnee, permettaient de preparer plus facilement les guerres.;Diese Berechnungen, wie viel Nachschub und Verstarkung eine Standardeinheit uber einen gewissen Zeitraum benotigt, vereinfachten die Kriegsplanungen.;;Estas mediciones habituales de cuantos suministros y refuerzos necesitaba una unidad normal durante un periodo de tiempo concreto facilitaron la planificacion de la guerra.;x;;;;;;;;;;;;;;;;;;;;;;;;;;;;;;;;;;;;;;;;;;;;
replenishment_transport_organisation;Организация пополнения транспорта;Organisation du transport logistique;Nachschub-Transportorganisation;;Organiz. Transp. reaprovisionamiento;x;;;;;;;;;;;;;;;;;;;;;;;;;;;;;;;;;;;;;;;;;;;;
replenishment_transport_organisation_desc;Склады были центральными точками системы снабжения военного времени, но для доставки боеприпасов и туалетной бумаги солдатам требовалась организация пополнения запасов.;Les depots etaient les points cles du systeme logistique en temps de guerre. Mais il etait necessaire d'organiser le transport afin que les hommes disposent en temps voulu des munitions et du papier-toilette.;Depots waren die Hauptstutze des Nachschubsystems zu Kriegszeiten, doch um Patronen, Toilettenpapier und andere Dinge zu den Soldaten zu bringen, war eine Nachschub-Transportorganisation unumganglich.;;Los depositos eran puntos centrales en el sistema de suministros en tiempos de guerra, pero era necesaria una organizacion del transporte de reabastecimiento para hacer llegar a los hombres la municion y el papel higienico.;x;;;;;;;;;;;;;;;;;;;;;;;;;;;;;;;;;;;;;;;;;;;;
military_directionism;Военный дирекционизм;Directivisme militaire;Militarischer Direktionsmus;;Dirigismo militar;x;;;;;;;;;;;;;;;;;;;;;;;;;;;;;;;;;;;;;;;;;;;;
military_directionism_desc;Военный дирекционизм;Directivisme militaire;Militarischer Direktionsmus;;Dirigismo militar;x;;;;;;;;;;;;;;;;;;;;;;;;;;;;;;;;;;;;;;;;;;;;
army_political_lobbying;Политическое лоббирование;Lobby politique;Politische Lobbyarbeit;;Presion politica;x;;;;;;;;;;;;;;;;;;;;;;;;;;;;;;;;;;;;;;;;;;;;
army_political_lobbying_desc;Имея высокопоставленных офицеров, обслуживающих политиков и являющихся экспертами в комиссиях по обороне, армия могла легко оказывать сильное влияние на политические решения, касающиеся политики обороны и безопасности.;Mettre en place des officiers de haut rang aupres des politiciens et dans les commissions de la defense a permis ?l'armee d'influer lourdement sur les decisions politiques concernant la defense et la securit?nationale.;Durch den Kontakt hochrangiger Offiziere mit Politikern und Experten im Umgang mit Verteidigungsausschussen aus den eigenen Reihen konnte die Armee mit Leichtigkeit starken Einfluss auf politische Entscheidungen bezuglich Verteidigungsfragen und Sicherheitspolitik ausuben.;;Que hubiera oficiales de rango superior atendiendo a los politicos y expertos en las comisiones de defensa, etc., facilitaba que el Ejercito pudiera influir poderosamente en decisiones relativas a las politicas de defensa y seguridad.;x;;;;;;;;;;;;;;;;;;;;;;;;;;;;;;;;;;;;;;;;;;;;
army_military_political_decision_making;Принятие военно-политических решений;Prise de decision politico-militaire;Militarisch-politische Entscheidungsfindung;;Toma decisiones politico-militares;x;;;;;;;;;;;;;;;;;;;;;;;;;;;;;;;;;;;;;;;;;;;;
army_military_political_decision_making_desc;В военное время влиятельная армия, которая долгое время лоббировала свои интересы, могла получить полный контроль не только над ведением войны, но и над управлением ресурсами страны. По сути, это можно было бы назвать Военной диктатурой, управляемой Генеральным штабом.;En temps de guerre, une armee influente qui a fait pression pour sa cause, depuis une longue periode, peut avoir le controle complet, non seulement sur l'execution de la guerre, mais aussi sur la gestion des ressources du pays. Cela pourrait en fait etre appel?une dictature militaire regie par l'etat-major general des armees. ;Zu Kriegszeiten konnte eine einflussreiche Armee, die fur ihre Sache lange Zeit Lobbyarbeit geleistet hatte, nicht nur die vollige Kontrolle uber die Kriegsfuhrung ubernehmen, sondern auch uber die Ressourcenverwaltung des Landes. Dies konnte im Grunde eine Militardiktatur unter Fuhrung des Generalstabs genannt werden.;;En tiempos de guerra, un Ejercito influyente que hubiera presionado por sus intereses durante largo tiempo, podria conseguir un control absoluto no solo de la ejecucion de la guerra, sino de toda la gestion de los recursos del pais. A esto se le podria llamar basicamente 'dictadura militar', dirigida por el Estado Mayor.;x;;;;;;;;;;;;;;;;;;;;;;;;;;;;;;;;;;;;;;;;;;;;
army_local_military_government;Местное военное управление;Administration militaire locale;Lokale Militarregierung;;Gobierno militar local;x;;;;;;;;;;;;;;;;;;;;;;;;;;;;;;;;;;;;;;;;;;;;
army_local_military_government_desc;В высоко милитаризованном обществе или в обычном обществе в состоянии войны часто требовались не только советы по военно-гражданскому сотрудничеству на местном уровне, но иногда и большинство местных органов власти могли быть назначены офицерами. Это означало не только сильный военный контроль, но и то, что власть армии непропорционально увеличивалась по сравнению с другими правительственными учреждениями.;Dans une societ?fortement militarisee, ou une societ?normale en guerre, il est souvent necessaire, non seulement d'avoir la cooperation civilo-militaire au niveau local, mais parfois d'avoir dans l'administration locale des officiers en poste. Cela signifie non seulement un fort controle militaire, mais aussi que la puissance de l'Armee peut augmenter de maniere disproportionnee par rapport ?d'autres agences gouvernementales. ;In einer stark militarisierten Gesellschaft bzw. einer normalen Gesellschaft im Krieg wurden militarisch-zivile Kooperationsausschusse nicht nur auf lokaler Ebene benotigt - manchmal bestanden lokale Regierungen sogar fast ausschliesslich aus Offizieren. Dies bedeutete nicht nur starke militarische Kontrolle, sondern auch, dass die Macht der Armee unproportional grosser war als die anderer behordlicher Einrichtungen.;;En una sociedad fuertemente militarizada, o en una sociedad normal en guerra, a menudo eran necesarias no solo juntas de cooperacion entre militares y civiles a nivel local, a veces, los oficiales tambien nombraban a la mayoria de gobiernos locales. Esto suponia un fuerte control militar, pero tambien que el poder del ejercito aumentaba desproporcionadamente en comparacion al de los organismos gubernamentales.;x;;;;;;;;;;;;;;;;;;;;;;;;;;;;;;;;;;;;;;;;;;;;
aeronautics;Аэронавтика;Aeronautique;Luftfahrt;;Aeronautica;x;;;;;;;;;;;;;;;;;;;;;;;;;;;;;;;;;;;;;;;;;;;;
aeronautics_desc;Аэронавтика;Aeronautique;Luftfahrt;;Aeronautica;x;;;;;;;;;;;;;;;;;;;;;;;;;;;;;;;;;;;;;;;;;;;;
early_interwar_bombers;Ранние бомбардировщики межвоенного периода;Premiers bombardiers de l'entre-deux-guerres;Fruher Zwischenkriegsbomber;;Bombarderos entreguerras primitivos;x;;;;;;;;;;;;;;;;;;;;;;;;;;;;;;;;;;;;;;;;;;;;
early_interwar_bombers_desc;Начиная с первого пилота, сбросившего гранату на своего врага, использование самолетов для доставки боеприпасов противнику было признано имеющим большое тактическое и стратегическое значение. Для улучшения и расширения этой возможности были разработаны специальные бомбардировщики.;Apres qu'un premier pilote ait largu?une grenade sur son ennemi, l'utilisation de l'aviation s'est averee etre un grand atout tactique et strategique. Pour ameliorer et developper cette capacit? des bombardiers ont et?mis au point.;Seit der erste Pilot eine Granate uber dem Feind abgeworfen hatte, wurde man sich mehr und mehr uber den enormen taktischen und strategischen Wert der Bekampfung des Feindes aus der Luft bewusst. Zur Erweiterung und Verbesserung dieser Fahigkeit wurden spezialisierte Bomber entwickelt.;;Desde el primer piloto que dej?caer una granada sobre el enemigo, el uso de la aviacion para soltar bombas sobre el enemigo se consolid?como una realidad de gran valor tactico y estrategico. Para mejorar y expandir esta capacidad, se desarrollaron los bombarderos.;x;;;;;;;;;;;;;;;;;;;;;;;;;;;;;;;;;;;;;;;;;;;;
late_interwar_bombers;Поздние бомбардировщики межвоенного периода;Derniers bombardiers de l'entre-deux-guerres;Spate Zwischenkriegsbomber;;Bombarderos de entreguerras tardios;x;;;;;;;;;;;;;;;;;;;;;;;;;;;;;;;;;;;;;;;;;;;;
late_interwar_bombers_desc;Достижения в области проектирования самолетов, усовершенствования конструкции и усовершенствованные авиационные двигатели значительно повысили возможности бомбардировщиков в выполнении их миссий. Увеличенная дальность полета, большая полезная нагрузка и лучшее бронирование сделали бомбардировщики гораздо большей угрозой для воюющих стран.;Les progres dans la conception des avions, les ameliorations en construction, les moteurs d'avion plus puissants, tout cela etend considerablement les capacites des bombardiers ?accomplir leurs missions. L'augmentation de la portee, une plus grande charge utile, et une meilleure armure, concourent ?faire des bombardiers une menace toujours plus grande pour les pays combattants.;Fortschritte in den Bereichen Flugzeugdesign, Flugzeugbau und Flugzeugmotoren verbesserten die Fahigkeiten von Bombern erheblich. Grossere Reichweite, Nutzlast und Panzerung machten Bomber fur alle kriegfuhrenden Nationen zu viel grosseren Bedrohungen als zuvor.;;Los avances en el diseno de los aviones, las mejoras en la construccion y el perfeccionamiento de los motores mejor?en gran medida la capacidad de los bombarderos de cumplir con su mision. El aumento del alcance, la carga util y el blindaje convirti?a los bombarderos en una amenaza mucho mayor para los paises combatientes.;x;;;;;;;;;;;;;;;;;;;;;;;;;;;;;;;;;;;;;;;;;;;;
early_interwar_fighters;Ранние истребители межвоенного периода;Premiers chasseurs de l'entre-deux-guerres;Fruhe Zwischenkriegsjager;;Cazas de entreguerras primitivos;x;;;;;;;;;;;;;;;;;;;;;;;;;;;;;;;;;;;;;;;;;;;;
early_interwar_fighters_desc;Концепция лишения противника доступа к воздуху над своей армией была открыта в самом начале зарождающейся воздушной войны. Самолеты, чьей единственной задачей было поражать и уничтожать вражеские самолеты, нашли свое применение задолго до своих собратьев-бомбардировщиков.;Le concept de denier le droit ?l'ennemi d'acceder au ciel au-dessus de son armee a et?decouvert au debut balbutiant de la guerre aerienne. Les aeronefs dont le seul role etait d'engag?et d'elimin?les avions ennemis ont trouv?leur usage bien avant leurs cousins bombardiers. ;Das Konzept, dem Feind den Zugang zum Luftraum uber der eigenen Armee zu verwehren, wurde schon fruh zu Beginn des aufkommenden Luftkriegs entdeckt. Flugzeuge, deren einzige Aufgabe darin bestand, feindliche Flugzeuge abzuschiessen, waren schon einige Zeit vor den Bombern im Einsatz.;;La idea de impedir que el enemigo accediera al cielo sobre las propias fuerzas apareci?desde los primeros momentos de la guerra aerea. Los aviones cuya unica funcion era interceptar y eliminar a la aviacion enemiga comenzaron a usarse mucho antes que los bombarderos.;x;;;;;;;;;;;;;;;;;;;;;;;;;;;;;;;;;;;;;;;;;;;;
late_interwar_fighters;Истребители позднего межвоенного периода;Derniers chasseurs de l'entre-deux-guerres;Spate Zwischenkriegsjager;;Cazas de entreguerras tardios;x;;;;;;;;;;;;;;;;;;;;;;;;;;;;;;;;;;;;;;;;;;;;
late_interwar_fighters_desc;В бесконечном цикле, достижения в одной области напрямую приводили к достижениям в других областях. Специализированные истребители, чья роль заключается в сражении с вражескими самолетами, получили преимущества из тех же источников, что и бомбардировщики, и в ответ на достижения в области бомбардировочной авиации. Новые двигатели, улучшенные конструкции, улучшенные прицелы и улучшенные пушки сделали эти истребители одними из самых смертоносных вещей в воздухе.;Dans un cycle sans fin, les progres dans un domaine ont men?directement ?des progres dans d'autres secteurs. Les avions de combat dedies, dont le role est d'engag?les avions ennemis, ont acquis des avantages provenant des avancees des avions bombardiers. Les nouveaux moteurs, des meilleures conceptions, des viseurs ameliores, et des armes plus performantes, ont fait des chasseurs les plus meurtrieres des choses en l'air.;Technologische Fortschritte in einem Bereich fuhrten in einer niemals endenden Spirale direkt zu Fortschritten in anderen Bereichen. Spezialisierte Jagdflugzeuge, deren Aufgabe die Bekampfung feindlicher Flugzeuge war, profitierten von technologischen Fortschritten bei der Bomberentwicklung - auch, um mit deren Entwicklung mithalten zu konnen. Neue Motoren, verbesserte Designs, Zielvorrichtungen und Kanonen machten diese Jager zu den todlichsten Flugzeugen uberhaupt.;;En un ciclo interminable, los avances en un area belica llevaban de inmediato a avances en otro. Los aviones especializados en atacar a la aviacion enemiga se beneficiaron de las mismas ventajas que los bombarderos, como respuesta al desarrollo de estos. Nuevos motores, mejores disenos, miras mejoradas y canones mas potentes convirtieron a los cazas en los autenticos depredadores del aire.;x;;;;;;;;;;;;;;;;;;;;;;;;;;;;;;;;;;;;;;;;;;;;
t_air_superiority;Превосходство в воздухе;Superiorit?aerienne;Luftuberlegenheit;;Superioridad aerea;x;;;;;;;;;;;;;;;;;;;;;;;;;;;;;;;;;;;;;;;;;;;;
t_air_superiority_desc;С появлением самолетов не прошло много времени, как встал вопрос о том, как их можно использовать в военное время. Сначала их основным применением была разведка, но вскоре после этого самолеты стали использоваться для бомбардировки военных целей и для сбивания других самолетов. Таким образом, пришлось разрабатывать новые идеи и концепции, чтобы наилучшим образом использовать это новое военное оружие.;Avec l'arrivee des avions, il ne fallut pas longtemps avant que la question ne se pose de savoir comment ils pourraient etre utilises en temps de guerre. Au debut, leur utilisation primaire a et?pour la reconnaissance, mais peu apres, des avions ont commenc??etre utilises pour bombarder des cibles militaires, et abattre d'autres avions. De nouvelles idees et le concept devaient donc evoluer afin d'utiliser au mieux cette nouvelle arme militaire. ;Nicht lange nach der Erfindung des Flugzeugs kam die Frage auf, wie sie zu Kriegszeiten eingesetzt werden konnten. Anfanglich wurden sie militarisch vor allem fur Aufklarungszwecke eingesetzt, doch schon bald bombardierten Flugzeuge militarische Ziele oder schossen andere Flugzeuge ab. Zum besten Einsatz dieser neuen Waffe mussten also neue Ideen und Konzepte entwickelt werden.;;Tras la aparicion de la aviacion, no tard?mucho en plantearse la pregunta de como se podia utilizar en tiempo de guerra. Al principio se utilizaron en misiones de reconocimiento, pero al poco tiempo los aviones comenzaron a utilizarse para bombardear objetivos militares y derribar aviones enemigos. Para sacar el maximo partido a esta nueva arma de guerra hubo que desarrollar nuevos conceptos e ideas.;x;;;;;;;;;;;;;;;;;;;;;;;;;;;;;;;;;;;;;;;;;;;;
flying_circus_doctrine;Доктрина Летающего Цирка;Doctrine du cirque volant;Staffelformationsdoktrin;;Doctrina circo volador;x;;;;;;;;;;;;;;;;;;;;;;;;;;;;;;;;;;;;;;;;;;;;
flying_circus_doctrine_desc;Поскольку перехват и уничтожение вражеских самолетов дружественными истребителями становились все более важными, военные лидеры вскоре поняли, что истребители лучше всего работают, действуя сообща, как группа, так они могут поддерживать друг друга и повышать шансы как на выживание, так и на успешный перехват.;Comme l'interception et la destruction des avions ennemis par les chasseurs sont devenues de plus en plus importantes, les chefs militaires ont vite compris que les chasseurs fonctionnaient bien mieux lorsqu'ils travaillaient ensemble en tant que groupe, afin qu'ils puissent se soutenir mutuellement et augmenter ?la fois les chances de survie et la reussite des interceptions.;Als das Abfangen und Vernichten feindlicher Flugzeuge durch eigene Flugzeuge zunehmend wichtiger wurde, erkannten Militarfuhrer schon bald, dass Jagdflugzeuge am besten als Gruppe funktionierten. Durch die gegenseitige Unterstutzung erhohten sich ihre Uberlebenschancen und die Erfolgswahrscheinlichkeit der ausgefuhrten Missionen.;;A medida que aumentaba la importancia de la destruccion de los aviones enemigos, los lideres militares comenzaron a darse cuenta de que los cazas eran mas eficaces cuando operaban como grupo para poder apoyarse unos a otros y aumentar las probabilidades, tanto de sobrevivir como de interceptar con exito al enemigo.;x;;;;;;;;;;;;;;;;;;;;;;;;;;;;;;;;;;;;;;;;;;;;
force_substitution_doctrine;Доктрина силовой замены;Doctrine de substitution des forces;Staffelformationsdoktrin;;Doctrina de sustitucion de fuerza;x;;;;;;;;;;;;;;;;;;;;;;;;;;;;;;;;;;;;;;;;;;;;
force_substitution_doctrine_desc;Поскольку воздушные бои становились все более частыми, стало важным чередовать самолеты и экипажи на передовых авиабазах, чтобы избежать истощения. Ротация позволяла самым способным пилотам находиться на передовой, тем самым увеличивая шансы на успех.;Comme les combats aeriens sont devenus de plus en plus frequents, il devenait important de faire tourner les avions et les equipages dans les bases aeriennes de premieres lignes, de maniere ?eviter l'epuisement. D'ou la rotation autorisee pour les pilotes les plus capables d'etre ?l'avant, augmentant ainsi les chances de succes. ;Als die Luftkampfe an Haufigkeit immer mehr zunahmen, wurde die Rotation von Flugzeugbesatzungen und Bodenmannschaften durch Luftstutzpunkte an der Front zur Vermeidung von Erschopfung zunehmend wichtiger. Aufgrund der Rotation konnten die fahigsten Piloten an der Front stationiert werden, was die Erfolgschancen erhohte.;;A medida que los combates aereos aumentaban en frecuencia, se hizo cada vez mas importante que los aviones y los pilotos pudieran rotar en el campo de batalla para evitar el agotamiento. La rotacion permitia que los pilotos mas capaces estuvieran en el frente, lo que multiplicaba sus probabilidades de exito.;x;;;;;;;;;;;;;;;;;;;;;;;;;;;;;;;;;;;;;;;;;;;;
battlefield_destruction_doctrine;Доктрина разрушения поля боя;Doctrine de destruction du champ de bataille;Schlachtfeldzerstorungsdoktrin;;Doctrina de la destruccion del campo de batalla;x;;;;;;;;;;;;;;;;;;;;;;;;;;;;;;;;;;;;;;;;;;;;
battlefield_destruction_doctrine_desc;Разрушения на поле боя требовали от авиации сосредоточиться на бомбардировках передовых частей противника в тесном сотрудничестве с дружественными атаками, проводимыми против этих частей.;La destruction du champ de bataille impliquait que la puissance aerienne se concentre sur le bombardement des unites militaires ennemies du front, ainsi qu'une cooperation etroite avec les assauts allies lances contre ces memes unites ennemies.;Die Schlachtfeldzerstorungsdoktrin forderte die Fokussierung auf die Bombardierung feindlicher Fronteinheiten in enger Kooperation mit Bodenangriffen gegen dieselben Einheiten.;;La doctrina de la destruccion del campo de batalla exigia el uso de la fuerza aerea para bombardear las unidades militares enemigas del frente, en estrecha colaboracion con asaltos de unidades enemigas.;x;;;;;;;;;;;;;;;;;;;;;;;;;;;;;;;;;;;;;;;;;;;;
operational_destruction_doctrine;Доктрина оперативного уничтожения;Doctrine de destruction operationnelle;Operative Vernichtungsdoktrin;;Doctrina de destruccion operacional;x;;;;;;;;;;;;;;;;;;;;;;;;;;;;;;;;;;;;;;;;;;;;
operational_destruction_doctrine_desc;Оперативное уничтожение требовало, чтобы авиация сосредоточилась на бомбардировках инфраструктуры, обеспечивающей поддержку полевых подразделений противника, чтобы помешать их пополнению запасов и передислокации, тем самым снижая их мобильность и делая их неспособными реагировать на дружественные наступления, предпринимаемые против слабых мест противника.;L'operation de destruction impliquait que la puissance aerienne se concentre sur le bombardement de l'infrastructure qui appuyait les unites ennemies sur le terrain, afin d'empecher leur ravitaillement et leur redeploiement, diminuant ainsi leur mobilit?et de les rendre incapables de repondre aux offensives lancees contre leurs points faibles. ;Die operative Vernichtungsdoktrin forderte die Fokussierung der Luftwaffe auf die Bombardierung der die feindlichen Bodentruppen unterstutzenden Infrastruktur, um deren Nachschubversorgung und Neueinsatz zu verhindern. Damit sollte die Mobilitat der Feindeinheiten eingeschrankt und sie der Fahigkeit beraubt werden, Offensiven der eigenen Truppen gegen Schwachstellen in den feindlichen Linien zu abzuwehren.;;La doctrina de la destruccion operacional se centraba en el uso de la fuerza aerea para bombardear la infraestructura de apoyo de las unidades militares del enemigo, para impedir su reabastecimiento y redespliegue y as?reducir su movilidad hasta incapacitarlas para responder a las ofensivas contra sus puntos debiles.;x;;;;;;;;;;;;;;;;;;;;;;;;;;;;;;;;;;;;;;;;;;;;
strategic_destruction_doctrine;Стратегическая доктрина уничтожения;Doctrine de destruction strategique;Strategische Vernichtungsdoktrin;;Doctrina de la destruccion estrategica;x;;;;;;;;;;;;;;;;;;;;;;;;;;;;;;;;;;;;;;;;;;;;
strategic_destruction_doctrine_desc;Стратегическое разрушение предполагало сосредоточение авиации на бомбардировках городов и заводов противника с целью не только лишить противника возможности производить боевое оружие, но и сломить волю населения противника, тем самым усилив давление на правительство противника с целью его капитуляции.;La destruction strategique impliquait que la puissance aerienne se concentre sur le bombardement des villes ennemies et de ses usines, afin de non seulement detruire la capacit?adverse ?produire les armes de guerre, mais aussi pour briser la volont?de son peuple, ce qui entrainait une pression accrue sur les gouvernements ennemis pour qu'ils se rendent. ;Die strategische Vernichtungsdoktrin forderte die Fokussierung der Luftwaffe auf die Bombardierung feindlicher Stadte und Fabriken, um nicht nur die feindliche Produktionsfahigkeit von Kriegswaffen zu zerstoren, sondern auch um den Willen der feindlichen Bevolkerung zu brechen. Das Ziel dieser Doktrin war, steigenden Druck auf die feindliche Regierung auszuuben und deren Kapitulation zu erzwingen.;;La doctrina de la destruccion estrategica propugna el uso de la fuerza aerea para bombardear las ciudades y fabricas enemigas, a fin de destruir la capacidad del enemigo para producir armas de guerra, acabar con la voluntad combativa de su poblacion y obligar a su gobierno a rendirse.;x;;;;;;;;;;;;;;;;;;;;;;;;;;;;;;;;;;;;;;;;;;;;
army_command_principle;Принцип командования;Hierarchie militaire;Das Kommandoprinzip;;El Principio de Mando;x;;;;;;;;;;;;;;;;;;;;;;;;;;;;;;;;;;;;;;;;;;;;
army_command_principle_desc;Принцип командования;Hierarchie militaire;Das Kommandoprinzip;;El Principio de Mando;x;;;;;;;;;;;;;;;;;;;;;;;;;;;;;;;;;;;;;;;;;;;;
army_professionalism;Профессионализм армии;Professionnalisme;Berufsoffiziere;;Profesionalismo militar;x;;;;;;;;;;;;;;;;;;;;;;;;;;;;;;;;;;;;;;;;;;;;
army_professionalism_desc;Профессионализм армии;Professionnalisme;Berufsoffiziere;;Profesionalismo militar;x;;;;;;;;;;;;;;;;;;;;;;;;;;;;;;;;;;;;;;;;;;;;
army_academic_training;Академическая подготовка;Ecole navale;Akademische Ausbildung;;Formacion academica;x;;;;;;;;;;;;;;;;;;;;;;;;;;;;;;;;;;;;;;;;;;;;
army_academic_training_desc;Это означало, что для того, чтобы стать офицером, уже недостаточно быть благородного происхождения. Вам также нужно было получить формальное образование, которое в лучшем случае могло быть не хуже любого колледжа. Это было одной из важнейших причин профессионализации офицерского корпуса.;Il ne suffisait plus d'avoir le sang bleu pour devenir officier. Il fallait egalement suivre une formation speciale qui pouvait au mieux egaler celle d'une universit? Ceci a et?l'un des elements majeurs de la professionnalisation du corps des officiers.;Dies bedeutete, dass es fur eine Offizierslaufbahn nicht langer ausreichte, aus einer Adelsfamilie zu stammen. Vielmehr musste man auch uber eine formelle Ausbildung verfugen, die moglichst Universitatsniveau hatte. Dies war einer der wichtigsten Hintergrunde fur die Professionalisierung des Offizierskorps.;;Esto suponia que para convertirse en oficial ya no bastaba con ser de sangre noble. Tambien habia que recibir una educacion formal que podia ser tan buena como la de cualquier universidad. Esta fue una de las causas mas importantes que se hallaban tras la profesionalizacion de los cuerpos de oficiales.;x;;;;;;;;;;;;;;;;;;;;;;;;;;;;;;;;;;;;;;;;;;;;
field_training;Полевая подготовка;Entrainement sur le terrain;Ausbildung im Feld;;Entren. de campo;x;;;;;;;;;;;;;;;;;;;;;;;;;;;;;;;;;;;;;;;;;;;;
field_training_desc;Раньше обучение подразумевало маршевую подготовку и базовую строевую подготовку, но на этом этапе целые подразделения тренировали взаимодействие в полевых условиях, действуя так, как будто их бригада или дивизия находилась в состоянии войны. Такое обучение значительно повысило боевые характеристики подразделений.;L'entrainement, qui se resumait ?la marche et au maniement d'arme, a evolu?pour laisser place ?des exercices inter-armes placant des regiments ou des divisions en situation de guerre. Ceci a considerablement accru les performances au combat des unites.;Anfangs bedeutete Grundausbildung noch Marschieren und einfachen Drill, aber zu diesem Zeitpunkt ubten ganze Einheiten die Gefechtskooperation im Feld unter realen Kampfbedingungen. Dieses Training steigert die Gefechtsleistung von Einheiten betrachtlich.;;Antes, el entrenamiento significaba marchas e instruccion basica, pero ahora todas las unidades entrenaban la operatividad conjunta en el campo, actuando como si su brigada o division estuviera realmente en guerra. Esta formacion aument?notablemente el rendimiento del combate de las unidades.;x;;;;;;;;;;;;;;;;;;;;;;;;;;;;;;;;;;;;;;;;;;;;
army_societal_status;Социальный статус;Statut social;Gesellschaftlicher Status;;Categoria social;x;;;;;;;;;;;;;;;;;;;;;;;;;;;;;;;;;;;;;;;;;;;;
army_societal_status_desc;В это время профессионализация офицерского корпуса и тот факт, что большую его часть составляли представители среднего класса, а не дворяне, повысили его общественный статус.;La professionnalisation et le fait que les officiers provenaient majoritairement des classes moyennes et non plus de la noblesse, ont amelior?le statut social des officiers.;Zu diesem Zeitpunkt erhohte die Professionalisierung des Offizierskorps und die Tatsache, dass die Mehrheit seiner Angehorigen aus der Mittelklasse stammten, den gesellschaftlichen Status der Offiziere.;;En esta epoca, la profesionalizacion de los cuerpos de oficiales y el hecho de que su mayoria estuviera compuesta por hombres de clase media en lugar de nobles mejoraron su categoria social.;x;;;;;;;;;;;;;;;;;;;;;;;;;;;;;;;;;;;;;;;;;;;;
army_decision_making;Принятие решений в армии;Prise de decision;Armee-Entscheidungsfindung;;Toma de decisiones en el ejercito;x;;;;;;;;;;;;;;;;;;;;;;;;;;;;;;;;;;;;;;;;;;;;
army_decision_making_desc;Принятие решений в армии;Prise de decision;Armee-Entscheidungsfindung;;Toma de decisiones en el ejercito;x;;;;;;;;;;;;;;;;;;;;;;;;;;;;;;;;;;;;;;;;;;;;
army_independent_command;Независимое командование;Initiative de commandement;Befehlsunabhangigkeit;;Mando independiente;x;;;;;;;;;;;;;;;;;;;;;;;;;;;;;;;;;;;;;;;;;;;;
army_independent_command_desc;Старые правила гласили, что офицер, нарушивший приказ вышестоящего офицера, должен был предстать перед военным судом. Это делало принятие решений очень нерешительным. В этом случае правила гласили, что офицер должен был продолжить основную идею приказа своего вышестоящего офицера, но как именно — это было на его усмотрение.;Les anciennes regles precisent qu'un officier enfreignant les ordres d'un officier superieur devait passer en cour martiale. Cela rend la prise de decision tres floue. ?ce stade, les reglements disent que les actes d'un officier doivent etre juges par rapport ?l'idee de base du commandement de son superieur, mais la facon dont cela est fait releve de sa propre discretion.;Das alte Regelwerk besagte, dass ein Offizier, der die Befehle eines Vorgesetzten missachtete, vor das Kriegsgericht zu bringen war. Dies fuhrte zu ausserst unentschlossenen Entscheidungsfindungen. Zu diesem Zeitpunkt besagte das Regelwerk, dass ein Offizier zwar den Befehlskern eines Vorgesetzten ausfuhren musste, die Art und Weise aber ihm selbst uberlassen war.;;Las antiguas normas decian que, si un oficial incumplia una orden de un oficial superior, tenia que enfrentarse a un consejo de guerra. Eso hacia que la toma de decisiones fuera muy poco concluyente. En ese momento, las reglas establecieron que un oficial tenia que cumplir la idea central de la orden de su oficial superior, pero como hacerlo quedaba a su eleccion.;x;;;;;;;;;;;;;;;;;;;;;;;;;;;;;;;;;;;;;;;;;;;;
army_continuous_issuing_of_orders;Непрерывная выдача приказов;Continuit?des ordres;Kontinuierliche Befehlserteilungen;;Emision constante de ordenes;x;;;;;;;;;;;;;;;;;;;;;;;;;;;;;;;;;;;;;;;;;;;;
army_continuous_issuing_of_orders_desc; Благодаря использованию штабной системы даже в низовых эшелонах командование получило возможность отдавать приказы непрерывно и точно.;Grace ?l'existence d'etats-majors memes aux echelons inferieurs, le commandant en chef pouvait donner en permanence des ordres precis. ;Durch die Verwendung eines Stabssystems selbst bei niederrangigen Einheiten konnte ein militarischer Anfuhrer seine Befehle kontinuierlich und prazise erteilen.;;El uso de un sistema de Estado Mayor en las unidades de escalones inferiores posibilitaba que el lider diera ordenes continuas y precisas. ;x;;;;;;;;;;;;;;;;;;;;;;;;;;;;;;;;;;;;;;;;;;;;
army_delegated_power;Делегированные полномочия;Delegation de pouvoir;Delegierte Befehlsgewalt;;Delegar el poder;x;;;;;;;;;;;;;;;;;;;;;;;;;;;;;;;;;;;;;;;;;;;;
army_delegated_power_desc;Это означало, что офицер мог временно делегировать полномочия одному или нескольким своим подчиненным, когда дело касалось четко определенных сфер ответственности. Это означало, что ему не нужно было все контролировать самому и что он мог сосредоточиться на важных вопросах.;Cela signifie qu'un officier superieur peut deleguer des pouvoirs temporaires ?un ou plusieurs de ses subordonnes en definissant clairement les domaines de responsabilites. Ainsi, il n'a pas ?tout controler lui-meme en tout temps et il peut se concentrer sur les questions importantes. ;Dies bedeutete, dass ein Offizier einem oder mehreren Untergebenen vorubergehend die Befehlsgewalt fur klar definierte Aufgabengebiete ubergeben konnte. Dies bedeutete, dass er nicht standig alles selbst kontrollieren musste und sich auf die wichtigsten Probleme konzentrieren konnte.;;Un oficial podia delegar su autoridad temporalmente en uno o mas de sus subordinados cuando llegaba a areas de responsabilidad claramente definidas. Esto significaba que no tenia que controlarlo todo el mismo en todo momento y que podia concentrarse en cuestiones mas importantes.;x;;;;;;;;;;;;;;;;;;;;;;;;;;;;;;;;;;;;;;;;;;;;
army_risk_management;Управление армейскими рисками;Gestion des risques;Armee-Risikomanagement;;Supervision de riesgos en el ejercito;x;;;;;;;;;;;;;;;;;;;;;;;;;;;;;;;;;;;;;;;;;;;;
army_risk_management_desc;Управление армейскими рисками;Gestion des risques;Armee-Risikomanagement;;Supervision de riesgos en el ejercito;x;;;;;;;;;;;;;;;;;;;;;;;;;;;;;;;;;;;;;;;;;;;;
army_wargames;Военные игры;Kriegspiel (jeux de guerre);Manover;;Juegos de guerra;x;;;;;;;;;;;;;;;;;;;;;;;;;;;;;;;;;;;;;;;;;;;;
army_wargames_desc;Военные игры были обучением штаба. Это означало разыгрывание ситуации, вымышленной войны или конфликта, выставление штабов друг против друга и обучение их написанию приказов, коммуникации и планированию. В какой-то степени это также тренировало их тактические и оперативные навыки.;Les wargames ou mises en situation des equipes. C'est ?dire jouer une situation, un conflit fictif, et mettre les etats-majors en guerre les uns contre les autres, s'entrainant ?donner par ecrits : les ordres, les communications et la planification. Dans une certaine mesure, cela permet de renforcer egalement les competences tactiques et operationnelles. ;Diese Manover simulierten fur die Ausbildung von Stabsoffizieren fiktive Konflikte, in denen sie gegeneinander antraten. Dabei wurden sie im Verfassen von Befehlen, Kommunizieren und Planen unterwiesen. Auf gewisse Weise wurden dabei auch ihre taktischen und operativen Fahigkeiten ausgebildet.;;Los juegos de guerra eran una instruccion destinada al Estado Mayor. Consistia en recrear una situacion, una guerra o conflicto ficticio, y enfrentar a los mandos entre s? entrenandolos en la escritura de ordenes, comunicaciones y elaboracion de planes. Tambien se entrenaba, hasta cierto grado, tacticas y tecnicas operativas.;x;;;;;;;;;;;;;;;;;;;;;;;;;;;;;;;;;;;;;;;;;;;;
army_alternative_plans;Альтернативные планы;Plans de rechange;Alternativplane;;Planes alternativos;x;;;;;;;;;;;;;;;;;;;;;;;;;;;;;;;;;;;;;;;;;;;;
army_alternative_plans_desc;Позволяя персоналу разрабатывать несколько альтернативных планов, командир мог быстрее определить лучшую альтернативу. Кроме того, если что-то менялось, у командира и его персонала всегда была альтернатива, к которой можно было быстро прибегнуть.;En laissant l'etat-major produire plusieurs plans alternatifs, la meilleure solution peut-etre discerner plus rapidement par le commandant en chef. Ainsi, si les choses ont chang? le commandement a toujours une alternative ?proposer en situation d'urgence. ;Indem der Kommandeur von seinen Stabsoffizieren mehrere Alternativplane ausarbeiten lie? konnte er die beste Alternative schneller erkennen. Im Falle einer unerwarteten Situationsanderung hatte der Kommandeur und sein Stab ausserdem schnell eine Alternative zur Hand.;;Dejando que el Estado Mayor creara algunos planes alternativos, el comandante percibiria mas rapidamente la mejor alternativa. Ademas, si se producia un giro en los acontecimientos, el comandante y su jefatura siempre tendrian lista una alternativa.;x;;;;;;;;;;;;;;;;;;;;;;;;;;;;;;;;;;;;;;;;;;;;
saddle_orders;Заказы на седло;Ordres sous pression;Befehlssicherheit;;Ordenes sobre la marcha;x;;;;;;;;;;;;;;;;;;;;;;;;;;;;;;;;;;;;;;;;;;;;
saddle_orders_desc;Это была способность быстро и в условиях сильного стресса отдавать хорошие приказы. Этому обучали, и, конечно, когда это было возможно, учились на собственном опыте.;Il s'agit de la capacit??donner rapidement le bon ordre en situation de stress. Cela faisait l'objet d'une formation mais s'acquerait aussi, dans la mesure du possible, par l'experience.;Dies war die Fahigkeit, selbst unter grossem Stress gute Befehle zu erteilen. Dies wurde eingeubt, und bei Moglichkeit am besten naturlich durch Erfahrung erlernt.;;Esta era la capacidad de dar ordenes acertadas rapidamente y bajo situaciones de tension. Se ensenaba y, por supuesto, cuando era posible, se aprendia mediante la experiencia.;x;;;;;;;;;;;;;;;;;;;;;;;;;;;;;;;;;;;;;;;;;;;;
army_nco_training;Подготовка сержантов армии;Ecole de sous-officiers;Armee-Unteroffiziersausbildung;;Entrenamiento de suboficiales en el ejercito;x;;;;;;;;;;;;;;;;;;;;;;;;;;;;;;;;;;;;;;;;;;;;
army_nco_training_desc;Подготовка сержантов армии;Ecole de sous-officiers;Armee-Unteroffiziersausbildung;;Entrenamiento de suboficiales en  el ejercito;x;;;;;;;;;;;;;;;;;;;;;;;;;;;;;;;;;;;;;;;;;;;;
army_literate_ncos;Грамотные унтер-офицеры;Sous-officiers instruits;Gebildete Unteroffiziere;;Subof. preparados;x;;;;;;;;;;;;;;;;;;;;;;;;;;;;;;;;;;;;;;;;;;;;
army_literate_ncos_desc;Когда в ряды войск начали поступать грамотные унтер-офицеры, средний уровень подготовки подразделений и солдат повысился.;L'arrivee d'officiers mariniers instruits accrut la qualit?des unites et ameliora la formation des soldats.;Als mehr und mehr gebildete Unteroffiziere in die Armee eintraten, verbesserte sich die durchschnittliche Qualitat der Einheiten und die Ausbildung der Soldaten.;;Cuando los suboficiales con preparacion academica empezaron a acaparar los rangos, la calidad media de las unidades y la formacion de los soldados aument?;x;;;;;;;;;;;;;;;;;;;;;;;;;;;;;;;;;;;;;;;;;;;;
nco_field_training;Полевая подготовка сержантского состава;Entrainement sur le terrain des sous-officiers;Unteroffizierausbildung im Feld;;Entren. campo subof.;x;;;;;;;;;;;;;;;;;;;;;;;;;;;;;;;;;;;;;;;;;;;;
nco_field_training_desc;Благодаря интенсивной подготовке унтер-офицеров в полевых условиях и с использованием боевой техники они не только стали пионерами для солдат, но и высококвалифицированными инструкторами для более мелких подразделений.;En entrainant au maximum les sous-officiers sur le terrain, avec le materiel de temps de guerre, ceux-ci devinrent des modeles pour les autres et des instructeurs tres competents pour les petites unites.;Durch die exzessive Ausbildung der Unteroffiziere im Feld und an der Ausrustung wurden sie nicht nur zu Wegbereitern fur die Soldaten, sondern auch zu hochst kompetenten Ausbildern kleinerer Einheiten.;;Entrenando intensivamente a los suboficiales sobre el campo y con equipamiento, se los convertia no solo en los primeros delante de sus hombres, sino tambien en competentes entrenadores de las unidades menores.;x;;;;;;;;;;;;;;;;;;;;;;;;;;;;;;;;;;;;;;;;;;;;
army_nco_tactical_training;Тактическая подготовка сержантского состава;Formation tactique des officiers mariniers;Taktische Unteroffiziersausbildung;;Form. tact. suboficiales;x;;;;;;;;;;;;;;;;;;;;;;;;;;;;;;;;;;;;;;;;;;;;
army_nco_tactical_training_desc;Благодаря усиленной подготовке унтер-офицеров в полевых условиях и в тактических ситуациях они не только стали лидерами, но и взяли на себя инициативу в бою.;En entrainant au maximum les sous-officiers sur le terrain, dans un cadre tactique, ceux-ci devinrent d'excellents chefs, capables de prendre des initiatives au combat.;Durch die exzessive Ausbildung der Unteroffiziere im Feld mit Schwerpunkt auf taktische Situationen wurden sie nicht nur zu Anfuhrern der Soldaten, sondern ubernahmen auch im Kampf die Initiative.;;Entrenando intensivamente a los suboficiales sobre el campo y con situaciones tacticas, se los convertia no solo en lideres para sus hombres, sino tambien en quienes tomaban la iniciativa en la batalla.;x;;;;;;;;;;;;;;;;;;;;;;;;;;;;;;;;;;;;;;;;;;;;
great_war_experience;Опыт Великой войны;Experience de la Grde Guerre;1. Weltkrieg-Erfahrung;;Experiencia de la Gran Guerra;x;;;;;;;;;;;;;;;;;;;;;;;;;;;;;;;;;;;;;;;;;;;;
great_war_experience_desc;Опыт Великой войны;Experience de la Grande Guerre;1. Weltkrieg-Erfahrung;;Experiencia de la Gran Guerra;x;;;;;;;;;;;;;;;;;;;;;;;;;;;;;;;;;;;;;;;;;;;;
post_nelsonian_thought;Пост-Нельсоновская мысль;Pensee post-nelsonnienne;Postnelsonianischer Gedanke;;Pensamiento post-nelsoniano;x;;;;;;;;;;;;;;;;;;;;;;;;;;;;;;;;;;;;;;;;;;;;
post_nelsonian_thought_desc;Пост-Нельсоновская мысль;Pensee post-nelsonnienne;Postnelsonianischer Gedanke;;Pensamiento post-nelsoniano;x;;;;;;;;;;;;;;;;;;;;;;;;;;;;;;;;;;;;;;;;;;;;
naval_hero_thesis;Диссертация о военно-морском герое;These navale du Heros;Marineheld-These;;Tesis heroe naval;x;;;;;;;;;;;;;;;;;;;;;;;;;;;;;;;;;;;;;;;;;;;;
naval_hero_thesis_desc;Это было основано на иоминианской мысли и позже имело своего последователя в Махане. Основная идея заключалась в том, что превосходство лидера и морального духа подразделения сломают хребет врагу и победят его. Теория Махана была намного сложнее и содержала семена современной геополитики, хотя и улучшенной Маккиндером.;Fondee sur la pensee Jominienne et plus tard sur celle de son successeur Mahan. L'idee de base etait que la superiorit?du chef et du moral de l'unit?romprait le dos de l'ennemi et le deferait. La theorie de Mahan et?beaucoup plus complexe et jetait les graines de la pensee geopolitique moderne reprise par McKinder. ;Diese These grundet sich im jominianischen Gedankengut und wurde spater wieder von Mahan aufgegriffen. Die grundlegende Idee war, dass die Uberlegenheit des Anfuhrers und die moralische Starke der Einheit den Feind brechen und in die Knie zwingen wurde. Mahans Theorie war weitaus komplexer und begrundete das moderne geopolitisches Gedankengut von Mackinder.;;Se basaba en el pensamiento jominiano, y tuvo su sucesor en Mahan. La idea principal era que la superioridad del lider y de la moral de la unidad romperia la retaguardia del enemigo y lo derrotaria. La teoria de Mahan era mucho mas compleja y sembr?las semillas de la geopolitica moderna, aunque perfeccionada por McKinder.;x;;;;;;;;;;;;;;;;;;;;;;;;;;;;;;;;;;;;;;;;;;;;
superior_crew_thesis;Диссертация на тему «Высший экипаж»;These de la superiorit?de l'equipage;Uberlegene Besatzungsthese;;Tesis tripul. superior;x;;;;;;;;;;;;;;;;;;;;;;;;;;;;;;;;;;;;;;;;;;;;
superior_crew_thesis_desc; Это было основано на морских вариантах теории Клаузевица и позже было объединено с элементами, написанными Корбеттом. Основная идея заключалась в том, что организация и обучение экипажа сломают хребет врагу и победят его.;Fondee sur la version navale des theories de Clausewitz, elle integra ensuite des elements tires des ecrits de Corbett. L'idee etait que l'organisation et l'entrainement de l'equipage briseraient l'ennemi et entraineraient sa defaite. ;Diese These begrundete sich auf Marinevarianten der clausewitzschen Theorie und wurde spater mit von Corbett geschriebenen Elementen kombiniert. Die grundlegende Idee war, dass die Organisation und Ausbildung der Besatzung den Feind brechen und in die Knie zwingen wurde.;;Se fundamentaba en las variantes navales de la teoria clausewitziana, y se combin?despues con elementos de Corbett. La idea basica era que la organizacion y la preparacion de la tripulacion romperia la retaguardia del enemigo y lo derrotaria. ;x;;;;;;;;;;;;;;;;;;;;;;;;;;;;;;;;;;;;;;;;;;;;
naval_hero_thesis_vs_superior_crew_thesis;Тезис о военно-морском герое против тезиса о превосходном экипаже;These navale du Heros contre These de la superiorit?de l'equipage;Marineheld-These contra Uberlegene Besatzung-These;;Tesis del heroe naval contra tesis de la tripulacion superior;x;;;;;;;;;;;;;;;;;;;;;;;;;;;;;;;;;;;;;;;;;;;;
naval_hero_thesis_vs_superior_crew_thesis_desc; С развитием пост-нельсоновских идей в нашем флоте наши военные мыслители разделились на два лагеря. Те, кто поддерживает Тезис о военно-морском герое, и те, кто поддерживает Тезис о превосходном экипаже. Нам нужно выбрать, что мы поддерживаем.;Avec des idees post-nelsoniennes developpees dans notre marine, nos penseurs militaires se sont divises eux-memes en deux camps. Les partisans de la these navale du Heros et ceux qui favorisent la these de la superiorit?de l'equipage. Nous avons besoin de choisir qui nous favorisons. ;Wahrend sich die postnapoleonischen Ideen in unserer Marine verbreiten, haben sich unsere militarischen Denker in zwei Lager gespalten. Die eine Seite favorisiert die Marineheld-These, die andere die Uberlegene Besatzung-These. Wir mussen uns fur eine Seite entscheiden.;;Con el desarrollo de ideas post-nelsonianas en nuestra marina, nuestros pensadores militares se han dividido en dos campos. Los que defienden las tesis del heroe naval y los que se decantan por la de la tripulacion superior. Debemos decidir cual preferimos. ;x;;;;;;;;;;;;;;;;;;;;;;;;;;;;;;;;;;;;;;;;;;;;
battleship_column_doctrine;Доктрина колонны линкоров;Doctrine colonne de cuirasses;Schlachtschiffkonzentrations-Doktrin;;Doctrina columna acorazados;x;;;;;;;;;;;;;;;;;;;;;;;;;;;;;;;;;;;;;;;;;;;;
battleship_column_doctrine_desc;Доктрина колонны линкоров;Doctrine de colonne de cuirasses;Schlachtschiffkonzentrations-Doktrin;;Doctrina columna acorazados;x;;;;;;;;;;;;;;;;;;;;;;;;;;;;;;;;;;;;;;;;;;;;
long_range_fire_tactic;Тактика дальнего огня;Tactique du tir ?longue portee;Langstrecken-Feuertaktik;;Tact. fuego larga dist.;x;;;;;;;;;;;;;;;;;;;;;;;;;;;;;;;;;;;;;;;;;;;;
long_range_fire_tactic_desc;Эта тактика подразумевала нахождение вне зоны досягаемости вражеских орудий и поражение их более дальнобойными орудиями или быстрое выдвижение вперед для отхода от орудий и последующее быстрое отступление с целью оказаться вне зоны досягаемости противника.;Cette tactique consistait ?rester hors de portee des tirs de canons ennemis et ?le frapper avec des canons de plus longue portee ou ?ne s'en approcher que le temps d'une salve.;Diese Taktik bedeutete, sich aus dem Feuerbereich des Feindes herauszuhalten und ihn mit Geschutzen grosserer Reichweite zu beschiessen, oder aber, kurz vorzustossen um die eigenen Geschutze abzufeuern und sich dann schnell aus dem feindlichen Feuerbereich zu entfernen.;;Estas tacticas suponian alejarse del alcance de los canones enemigos y golpearlos con armas de mayor alcance, o acercarse rapidamente para evitar los canones y luego marcharse para situarse fuera del alcance enemigo.;x;;;;;;;;;;;;;;;;;;;;;;;;;;;;;;;;;;;;;;;;;;;;
speedy_maneuvering_tactic;Тактика быстрого маневрирования;Tactique des manњuvres rapides;Schnellmanovertaktik;;Tactica maniobras rapidas;x;;;;;;;;;;;;;;;;;;;;;;;;;;;;;;;;;;;;;;;;;;;;
speedy_maneuvering_tactic_desc;Эта тактика подразумевала использование скорости для выхода на огневую позицию в точке, где противнику было бы трудно поразить корабль, а также совершение отходного маневра в оптимальное время.;Cette tactique consistait ?exploiter la vitesse pour rejoindre une position de tir o?l'ennemi ne pouvait tirer sans manњuvrer et ?effectuer ensuite une manњuvre evasive tres rapidement.;Diese Taktik bezog sich darauf, sich mit hoher Geschwindigkeit in Feuerreichweite auf eine gunstige Position zu begeben, um sich dann zum optimalen Zeitpunkt wieder vom Feind abzusetzen.;;Estas tacticas implicaban usar la velocidad para maniobrar hasta conseguir posicion de fuego en un punto donde el enemigo tendria dificultades para acertar al barco, y tambien para hacer una maniobra de ruptura en un tiempo optimo.;x;;;;;;;;;;;;;;;;;;;;;;;;;;;;;;;;;;;;;;;;;;;;
raider_group_doctrine;Доктрина рейдерской группы;Doctrine groupe de chasse;Kapergruppendoktrin;;Doctrina grupo asalto;x;;;;;;;;;;;;;;;;;;;;;;;;;;;;;;;;;;;;;;;;;;;;
raider_group_doctrine_desc;Доктрина рейдерской группы;Doctrine de groupe de chasse;Kapergruppendoktrin;;Doctrina grupo asalto;x;;;;;;;;;;;;;;;;;;;;;;;;;;;;;;;;;;;;;;;;;;;;
sealane_hunters;Охотники за Силейн;Chasseur des voies maritimes ;Seestrassenjager;;Cazadores de rutas maritimas;x;;;;;;;;;;;;;;;;;;;;;;;;;;;;;;;;;;;;;;;;;;;;
sealane_hunters_desc;Это означало создание версии, которая обладала бы хорошей выносливостью и ускорением и могла бы преследовать торговые суда на основных морских путях.;Cela supposait la construction de batiments rapides, autonomes et capables de traquer les navires marchands sur les principales routes maritimes.;Dies bedeutete den Bau von Schiffen mit guter Widerstandskraft, die Handelsschiffe auf den grossen Seestrassen jagen konnten.;;Implicaba construir un modelo resistente y con buena aceleracion y capaz de perseguir mercantes en las principales rutas maritimas.;x;;;;;;;;;;;;;;;;;;;;;;;;;;;;;;;;;;;;;;;;;;;;
fast_ship_killer;Убийца быстрых кораблей;Tueur de navires rapides;Schnellboote;;Caza-navios rapido;x;;;;;;;;;;;;;;;;;;;;;;;;;;;;;;;;;;;;;;;;;;;;
fast_ship_killer_desc;Это означало создание версии, которая была бы быстрее, чем быстрая, но легче, чем тяжелая.;Cela revenait ?construire des bateaux ultra-rapides mais legers.;Dies bedeutete den Bau von leichten Schiffen mit uberlegener Geschwindigkeit.;;Esto implicaba construir un modelo que fuera mas veloz que los mas veloces, pero mas ligero que los pesados.;x;;;;;;;;;;;;;;;;;;;;;;;;;;;;;;;;;;;;;;;;;;;;
big_ship_competitor;Конкурент Большого Корабля;Concurrents des grands batiments;Grossschiffbekampfer;;Rival grandes navios;x;;;;;;;;;;;;;;;;;;;;;;;;;;;;;;;;;;;;;;;;;;;;
big_ship_competitor_desc;Это означало строительство очень маленьких крупных кораблей, то есть, меньшего корабля с явно избыточным основным вооружением.;Cela consistait ?construire des batiments majeurs de petite taille, en d'autres termes, des navires assez petits mais surarmes.;Dies bedeutete den Bau kleiner Grosskampfschiffe mit sehr starker Hauptbewaffnung.;;Significaba construir buques de pequeno tamano: un barco mas pequeno con un armamento principal claramente desproporcionado.;x;;;;;;;;;;;;;;;;;;;;;;;;;;;;;;;;;;;;;;;;;;;;
standard_raider_group_doctrine;Стандартная доктрина рейдерской группы;Doctrine standard des raids;Standard-Kapergruppendoktrin;;Doctrina grupo asalto estandar;x;;;;;;;;;;;;;;;;;;;;;;;;;;;;;;;;;;;;;;;;;;;;
standard_raider_group_doctrine_desc;Эта доктрина позволяла группам кораблей вести охоту и уничтожение на морских путях.;Cette doctrine permettait ?des groupes de navires de chasser et de couler des bateaux sur les routes maritimes.;Diese Doktrin ermoglichte es Schiffskampfgruppen, andere Schiffe auf den Seestrassen zu jagen und zu versenken.;;Esta doctrina permitia que grupos de barcos persiguieran y destruyeran en las rutas maritimas.;x;;;;;;;;;;;;;;;;;;;;;;;;;;;;;;;;;;;;;;;;;;;;
blue_and_brown_water_schools;Школы с синей и коричневой водой;Ecole des eaux brunes;Blau- und Braunwasserschulen;;Esc. Aguas Azules y Aguas Marrones;x;;;;;;;;;;;;;;;;;;;;;;;;;;;;;;;;;;;;;;;;;;;;
blue_and_brown_water_schools_desc;Школы с синей и коричневой водой;Ecole des eaux brunes;Blau- und Braunwasserschulen;;Esc. Aguas Azules y Aguas Marrones;x;;;;;;;;;;;;;;;;;;;;;;;;;;;;;;;;;;;;;;;;;;;;
blue_water_school;Школа Голубой Воды;Ecole des eaux bleues;Blauwasserschule;;Esc. Aguas Azules;x;;;;;;;;;;;;;;;;;;;;;;;;;;;;;;;;;;;;;;;;;;;;
blue_water_school_desc;Это означало создание флотов, которые могли бы бороться за контроль над открытым морем. Они включали множество крупных кораблей и более мелких судов для их защиты.;Elle consistait ?creer des flottes capables de disputer le controle de la haute mer, composees de grands batiments de guerre et de bateaux plus petits pour les proteger.;Dies bezog sich auf Seestreitkrafte, die um die Seehoheit kampfen konnten. Dazu gehorten viele Grosskampfschiffe und kleinere Schiffe zu deren Verteidigung.;;Implicaba construir barcos que pudieran competir por el control de alta mar. Incluia muchas naves grandes y otras menores para defenderlas.;x;;;;;;;;;;;;;;;;;;;;;;;;;;;;;;;;;;;;;;;;;;;;
brown_water_school;Школа коричневой воды;Ecole des eaux brunes;Braunwasserschule;;Esc. Aguas Marrones;x;;;;;;;;;;;;;;;;;;;;;;;;;;;;;;;;;;;;;;;;;;;;
brown_water_school_desc;Это означало создание флотов, которые бы интенсивно защищали внутренние воды, совершая набеги на второстепенные линии противника. Он опирался на более разнообразную смесь кораблей, чем Школа Blue Water, но он также был более экономически эффективным, поскольку ему требовалось меньше дорогих крупных кораблей.;Elle consistait ?creer des flottes qui defendaient les eaux territoriales de maniere intensive en attaquant les lignes secondaires de l'ennemi. Elle s'est appuyee sur une plus grande variet?de navires que l'ecole des eaux bleues, mais d'un rapport efficacit?cout egalement plus efficace car il faut moins de grands batiments de guerre chers ?l'usage.;Dies bezog sich auf Seestreitkrafte, die das eigene Hoheitsgewasser entschlossen verteidigten und die sekundaren Seefahrtsstrassen des Feindes angriffen. Diese Kampfgruppen waren breitgefacherter als die der Blauwasserschule, aber auch kosteneffizienter, da weniger Grosskampfschiffe benotigt wurden.;;Implicaba construir una Armada que defendiera las aguas territoriales con intensidad al tiempo que asaltaba las lineas secundarias del enemigo. Confiaba en una mezcla mas diversa de barcos que la Escuela de Aguas Azules, pero tambien era mas economica, ya que necesitaba menos navios grandes, mas costosos.;x;;;;;;;;;;;;;;;;;;;;;;;;;;;;;;;;;;;;;;;;;;;;
high_sea_battle_fleet;Флот открытого моря;Flotte de guerre de haute mer;Hochsee-Schlachtflotte;;Flota comb. en alta mar;x;;;;;;;;;;;;;;;;;;;;;;;;;;;;;;;;;;;;;;;;;;;;
high_sea_battle_fleet_desc;Флот открытого моря;Flotte de guerre de haute mer;Hochsee-Schlachtflotte;;Flota comb. en alta mar;x;;;;;;;;;;;;;;;;;;;;;;;;;;;;;;;;;;;;;;;;;;;;
offensive_attitude;Оскорбительное отношение;Attitude offensive;Offensive Ausrichtung;;Actitud ofensiva;x;;;;;;;;;;;;;;;;;;;;;;;;;;;;;;;;;;;;;;;;;;;;
offensive_attitude_desc;Это означало необходимость любой ценой обнаружить и уничтожить вражеский флот в открытом море.;Cela consistait ?trouver et ?detruire la marine de haute mer ennemie ?n'importe quel prix.;Dies bedeutete das Auffinden und Vernichten der feindlichen Hochseeflotte um jeden Preis.;;Esto implicaba encontrar y destruir la Armada enemiga de alta mar a cualquier coste.;x;;;;;;;;;;;;;;;;;;;;;;;;;;;;;;;;;;;;;;;;;;;;
defensive_attitude;Защитная позиция;Attitude defensive;Defensive Ausrichtung;;Actitud defensiva;x;;;;;;;;;;;;;;;;;;;;;;;;;;;;;;;;;;;;;;;;;;;;
defensive_attitude_desc;Это означало, что Военно-морской флот открытого моря должен был существовать как действующий флот, а решающее сражение должно было вестись только в крайнем случае или как отличная возможность.;Cela consistait ?avoir une marine de haute mer n'intervenant qu'en dernier recours ou pour saisir une superbe occasion.;Dies bedeutete, eine Hochseeflotte als Fleet-in-being vor Anker zu haben, die nur zu einer Entscheidungsschlacht oder bei einer grossen Gelegenheit auslaufen wurde.;;Esto implicaba tener una Armada de alta mar como flota y librar la batalla definitiva solo como ultimo recurso o como gran oportunidad.;x;;;;;;;;;;;;;;;;;;;;;;;;;;;;;;;;;;;;;;;;;;;;
industrialised_mining_industry;Современная военно-морская доктрина;Doctrine navale moderne;Moderne Marinedoktrin;;Doctrina naval moderna;x;;;;;;;;;;;;;;;;;;;;;;;;;;;;;;;;;;;;;;;;;;;;
industrialised_agricultural_industry;Современная военно-морская доктрина;Doctrine navale moderne;Moderne Marinedoktrin;;Doctrina naval moderna;x;;;;;;;;;;;;;;;;;;;;;;;;;;;;;;;;;;;;;;;;;;;;
modern_naval_doctrine;Современная военно-морская доктрина;Doctrine navale moderne;Moderne Marinedoktrin;;Doctrina naval moderna;x;;;;;;;;;;;;;;;;;;;;;;;;;;;;;;;;;;;;;;;;;;;;
modern_naval_doctrine_desc;Современная военно-морская доктрина;Doctrine navale moderne;Moderne Marinedoktrin;;Doctrina naval moderna;x;;;;;;;;;;;;;;;;;;;;;;;;;;;;;;;;;;;;;;;;;;;;
decisive_firepower_doctrine;Доктрина решительной огневой мощи;Doctrine de la puissance de feu decisive;Defensive Feuerkraftsdoktrin;;Doctrina de la potencia de fuego decisiva;x;;;;;;;;;;;;;;;;;;;;;;;;;;;;;;;;;;;;;;;;;;;;
decisive_firepower_doctrine_desc;С появлением современных линкоров с большим количеством орудий неудивительно, что многие адмиралы сосредоточились на важности концентрации как можно большего количества таких линкоров в одном главном флоте с целью поиска главного флота противника и вступления его в решающее сражение. С этой точки зрения, жизненно важным моментом сражения было иметь наибольшее и самое большое основное вооружение, чтобы заставить противника покориться.;Avec l'avenement du navire de guerre moderne lourdement arm? il n'est pas surprenant que de nombreux amiraux ont mis l'accent sur l'importance de privilegier, autant que possible, la concentration en une unique flotte, avec l'objectif de rechercher la flotte principale ennemie et de l'engager dans une seule bataille decisive. Dans cette optique, le but vital de la bataille etait d'avoir l'armement le plus vaste, dans le but de forcer l'adversaire ?se soumettre.;Einhergehend mit dem Bau moderner Schlachtschiffe mit grosskalibrigen Geschutzen versuchten viele Admirale verstandlicherweise, so viele dieser Schlachtschiffe wie moglich in einer einzelnen Flotte zu konzentrieren und die gegnerische Hauptflotte zu einer Entscheidungsschlacht zu stellen. Bei dieser Denkweise standen die Anzahl der verfugbaren Geschutze und deren Kaliber im Mittelpunkt.;;Con la aparicion de los grandes buques de guerra, no es de extranar que muchos almirantes se decantaran por la idea de concentrar todos los acorazados posibles en una unica y gran flota, con el objetivo de buscar la flota principal del enemigo y enfrentarse a ella en una batalla unica y decisiva. Para esta doctrina, el punto crucial era disponer de mayor armamento, tanto en cantidad como en potencia de fuego, para someter a las fuerzas enemigas.;x;;;;;;;;;;;;;;;;;;;;;;;;;;;;;;;;;;;;;;;;;;;;
naval_firepower_doctrine;Доктрина огневой мощи ВМС;Doctrine de la puissance de feu navale;Marinefeuerkraftdoktrin;;Doctrina de la potencia de fuego naval;x;;;;;;;;;;;;;;;;;;;;;;;;;;;;;;;;;;;;;;;;;;;;
naval_firepower_doctrine_desc;Хотя фокус на победе в решающем морском сражении был важен, также считалось ценным использовать разнообразное вооружение для достижения победы, в дополнение к основному вооружению крупных кораблей. Более легкие военные корабли также были важны, поскольку они могли стремительно приближаться и запускать смертоносные торпедные атаки, в то время как вторичное вооружение было необходимо для защиты от этих атак. Сбалансированный флот как крупных, так и эскортных кораблей был необходим для победы в современном морском бою.;Bien que mettre l'accent sur la victoire navale decisive etait essentiel, il etait jug?utile d'utiliser une variet?de navires afin de parvenir ?cette victoire, en complement de l'armement principal des grands batiments de guerre. Les navires legers etaient egalement importants, car ils pouvaient etre les dards en lancant des attaques de torpilles meurtrieres, et donc tout l'armement secondaire etait necessaire pour se defendre contre ces attaques. Une flotte equilibree ?la fois en navires d'escorte et en grands batiments de guerre, etait essentielle ?la victoire dans le combat naval moderne. ;Obwohl der Hauptaugenmerk auf dem Sieg in der entscheidenden Seeschlacht lag, wurde neben der Hauptbewaffnung der Grosskampfschiffe auch darauf geachtet, den Sieg durch den Einsatz unterschiedlicher Waffen zu erringen. Auch leichtere Kriegsschiffe waren wichtig, da sie schnell vorstossen und todliche Torpedoangriffe vortragen konnten. Gegen solche Angriffe musste der Gegner seine Sekundarbewaffnung zum Einsatz bringen. Zum Sieg in modernen Seegefechten war eine ausgewogene Flotte aus Grosskampf- und Geleitschiffen notwendig.;;Aunque la busqueda de una batalla naval decisiva era importante, tambien se consideraba util emplear armamento diverso para alcanzar la victoria, ademas del armamento principal de los grandes barcos. Los barcos mas pequenos tambien eran muy importantes, puesto que podian lanzar rapidos y letales ataques de torpedos, ademas de que hacia falta disponer de armamento secundario para defenderse contra ellos. Una flota equilibrada de barcos grandes y barcos de escolta era esencial para alcanzar la victoria en el combate moderno.;x;;;;;;;;;;;;;;;;;;;;;;;;;;;;;;;;;;;;;;;;;;;;
fleet_auxiliary_cv_doctrine;Доктрина вспомогательного боевого корабля флота;Doctrine du porte-avions de flotte auxiliaire;Flugzeugtrager-Unterstutzungsdoktrin;;Doctrina de portaaviones auxiliar de flota;x;;;;;;;;;;;;;;;;;;;;;;;;;;;;;;;;;;;;;;;;;;;;
fleet_auxiliary_cv_doctrine_desc;Даже после завершения строительства первых авианосцев основное внимание уделялось надводным боям между крупными кораблями. Роль авианосцев ограничивалась поддержкой сражений между крупными кораблями, например, воздушной разведкой и атакой поврежденных вражеских военных кораблей после боя, в отличие от самостоятельного поиска битвы.;Meme apres que le premier porte-avions fut achev? l'accent est rest?sur le combat entre les grands batiments de surface. Le role du porte-avions a et?limit?au soutien des combats, tels que la reconnaissance aerienne et l'attaque des navires de guerre ennemis endommages apres la bataille, par opposition ?la recherche de la bataille de leur propre chef. ;Selbst nach dem Bau der ersten Flugzeugtrager blieb der Fokus auf dem Oberflachenkampf zwischen Grosskampfschiffen. Die Rolle von Flugzeugtragern war auf die Unterstutzung von Gefechten zwischen Grosskampfschiffen beschrankt, also z.B. Luftaufklarung und Angriff auf gefechtsbeschadigte Feindschiffe nach dem Hauptkampf.;;Incluso despues de la aparicion de los primeros portaaviones, sigui?dandose mas importancia al combate de superficie entre grandes barcos. El papel de los portaaviones e limitaba a apoyar a los buques de gran tamano con misiones de reconocimiento o ataques contra buques danados, en lugar de buscar el combate por s?solos.;x;;;;;;;;;;;;;;;;;;;;;;;;;;;;;;;;;;;;;;;;;;;;
fleet_auxiliary_ss_doctrine;Доктрина вспомогательного флота СС;Doctrine du sous-marin de flotte auxiliaire;U-Boot-Unterstutzungsdoktrin;;Doctrina de submarinos auxiliares de la flota;x;;;;;;;;;;;;;;;;;;;;;;;;;;;;;;;;;;;;;;;;;;;;
fleet_auxiliary_ss_doctrine_desc;Раннее использование подводных лодок было сосредоточено на поддержке боевых операций надводных кораблей, в отличие от вылазок в одиночку для атаки на вражеские суда. Например, эскадра могла быть отправлена для атаки на вражескую эскадру и, действуя так, как будто они отступают, попытаться заманить вражескую эскадру в район, содержащий заранее размещенные подводные лодки, чтобы подводные лодки могли начать торпедные атаки на ничего не подозревающего противника.;L'utilisation precoce de sous-marin centree sur le soutien aux operations de combat des navires de surface, par opposition ?la recherche de la bataille de leur propre chef. Par exemple, une escadre pouvait etre designee, ?engager une flotte ennemie, et agir comme si elle se retirait, tentant d'attirer l'ennemie dans une zone contenant des sous-marins pr?positionnes de telle sorte qu'ils pourraient lancer des torpilles sur l'ennemi sans mefiance. ;Die ersten U-Boote wurden eher zentriert zur Unterstutzung von Oberflachenschiffen eingesetzt, als auf eigenstandige Einsatze geschickt. Ein Flottengeschwader konnte beispielsweise dazu abgestellt werden, ein feindliches Geschwader anzugreifen und durch einen Scheinruckzug in ein Gebiet zu locken, indem sich zuvor U-Boote positioniert hatten, die den ahnungslosen Feind dann mit Torpedos beschossen.;;Los primeros submarinos operaban en misiones de apoyo a las operaciones de combate principales, en lugar de salir por s?solos en busca del enemigo. Por ejemplo, se podia desplegar un escuadron que, mientras fingia batirse en retirada, intentaria atraer al enemigo hacia un area ocupada por submarinos preparados para lanzar sus torpedos contra el enemigo desprevenido.;x;;;;;;;;;;;;;;;;;;;;;;;;;;;;;;;;;;;;;;;;;;;;
convoy_sailing;Конвойное плавание;Utilisation de convois;Konvoifahrten;;Convoyes;x;;;;;;;;;;;;;;;;;;;;;;;;;;;;;;;;;;;;;;;;;;;;
convoy_sailing_desc;Традиционно в военное время торговые суда продолжали плавать поодиночке и без эскорта, полагая, что наиболее эффективным способом защиты торгового судоходства было использование эскадр, охотящихся на вражеских рейдеров. Однако с распространением вражеских рейдеров и ростом подводных лодок становилось все более очевидным, что если торговые суда будут плавать вместе, их будет гораздо легче защищать с помощью эскорта.;Traditionnellement en temps de guerre, la marine marchande continuait ?naviguer individuellement et sans escorte, convaincu que le moyen le plus efficace de defendre la marine marchande passait par l'utilisation d'escadres de chasse face aux raideurs ennemis. Cependant, avec la proliferation des raids, et la montee de la presence des sous-marins, il est devenu de plus en plus clair que les navires marchands devaient naviguer ensembles ce qui les rendrait beaucoup facile ?defendre avec des escortes. ;Zu Kriegszeiten fuhren Handelsschiffe ublicherweise weiterhin alleine und ohne Eskorte, da man der Ansicht war, der effizienteste Weg zur Verteidigung der eigenen Handelsschifffahrt sei die Versenkung feindlicher Handelszerstorer durch Flottengeschwader. Durch die zunehmende Anzahl von Handelszerstorern und die wachsende Bedrohung durch U-Boote wurde es aber zunehmend klar, dass man im Verbund fahrende Handelsschiffe mit Geleitschiffen viel einfacher schutzen konnte.;;Tradicionalmente, en tiempos de guerra los mercantes habian seguido navegando individualmente y sin escolta, en la creencia de que el mejor modo de defender las lineas mercantes era utilizar escuadrones para cazar a los incursores enemigos. Sin embargo, con la proliferacion de estos ultimos y la aparicion de los submarinos, se fue haciendo cada vez mas evidente que concentrar los mercantes permitia protegerlos con escoltas de manera mucho mas sencilla.;x;;;;;;;;;;;;;;;;;;;;;;;;;;;;;;;;;;;;;;;;;;;;
integrated_naval_doctrine;Интегрированная военно-морская доктрина;Doctrine navale integree;Integrations-Marinedoktrin;;Doctrina naval integrada;x;;;;;;;;;;;;;;;;;;;;;;;;;;;;;;;;;;;;;;;;;;;;
integrated_naval_doctrine_desc;Распространение новых военных кораблей, таких как авианосцы и подводные лодки, потребовало от современных флотов все больше внимания уделять подходу к морской войне. Школа Fleet-in-Being выступала за защиту морских путей с использованием традиционных надводных боевых кораблей, в то время как школа Base Strike придерживалась более наступательного подхода, подчеркивая роль авианосцев, а школа Sealane Interdiction выступала за атаку на вражеские морские пути с помощью надводных рейдеров и подводных лодок.;La proliferation des nouveaux navires de guerre comme le porte-avions et le sous-marin dans la marine moderne, mis de plus en plus l'accent sur l'approche qu'ils prendraient dans la guerre navale. L'ecole de la ?flotte-en-devenir » a plaid?en faveur de la defense des voies maritimes utilisant des navires de guerre de surface traditionnels. L'ecole ?de frappe » a adopt?une approche plus offensive, mettant l'accent sur le role des porte-avions. L'ecole ?d'interdiction des routes maritimes ?a fait valoir l'attaque de l'ennemi avec les navires de surface et les sous-marins.;Die Verbreitung neuer Kriegsschiffe wie Flugzeugtragern und U-Booten stellte moderne Flotten zunehmend vor die Aufgabe, sich fur eine bestimmte Art der Seekriegsfuhrung zu entscheiden. Die Fleet-in-being-Schule argumentierte fur die Verteidigung von Seestrassen mit herkommlichen Oberflachenschiffen, wahrend die Basisangriffsschule einen offensiveren Ansatz wahlte und dabei grosse Bedeutung auf die Rolle der Flugzeugtrager legte. Die Seestrassenabriegelungsschule setzte sich fur den Angriff auf feindliche Seestrassen mit Handelszerstorern und U-Booten ein.;;La proliferacion de nuevos tipos de barcos de guerra, como portaaviones y los submarinos, provoc?que las marinas modernas tuvieran que plantearse cada vez mas su enfoque doctrinal. La escuela de la flota en potencia arguia que se debian defender las rutas maritimas por medio de buques de superficie, mientras que la del ataque a base adoptaba un enfoque mas ofensivo que subrayaba el uso de los portaaviones. Por su parte, la interceptacion de rutas maritimas defendia el hostigamiento de las rutas enemigas con barcos pequenos y submarinos.;x;;;;;;;;;;;;;;;;;;;;;;;;;;;;;;;;;;;;;;;;;;;;
clipper_design;Дизайн клиппера;Conception des voiliers;Klipper-Design;;Diseno cliperes;x;;;;;;;;;;;;;;;;;;;;;;;;;;;;;;;;;;;;;;;;;;;;
clipper_design_desc;Дизайн клиппера;Conception des voiliers;Klipper-Design;;Diseno cliperes;x;;;;;;;;;;;;;;;;;;;;;;;;;;;;;;;;;;;;;;;;;;;;
building_station_shipyards;Строительная станция верфи;Chantiers navals ;Bau moderner Werften;;Astilleros modernizados;x;;;;;;;;;;;;;;;;;;;;;;;;;;;;;;;;;;;;;;;;;;;;
building_station_shipyards_desc;Благодаря индустриализации верфей и их строительству таким образом, чтобы рабочий процесс осуществлялся современным способом, значительно возросли объемы производства судов и эффективность.;En industrialisant les chantiers navals et en integrant, lors de leur construction, les procedes modernes d'organisation de la chaine de travail, on ameliora considerablement la qualit?et la production des navires.;Durch die Industrialisierung von Werften und die Modernisierung der Arbeitsablaufe konnten Schiffe schneller und besser gebaut werden.;;Al industrializar los astilleros y construirlos de manera que se pudiesen aplicar metodos modernos de trabajo, la produccion de barcos y la eficiencia de las instalaciones aument?enormemente.;x;;;;;;;;;;;;;;;;;;;;;;;;;;;;;;;;;;;;;;;;;;;;
corvettes;Корветы;Corvettes;Korvetten;;Corbetas;x;;;;;;;;;;;;;;;;;;;;;;;;;;;;;;;;;;;;;;;;;;;;
corvettes_desc;Этот корабль был самым маленьким из трехмачтовых деревянных кораблей и имел только одну пушечную палубу. Его основными задачами было быть глазами и ушами оперативной группы.;Ce navire, le plus petit trois-mats en bois, n'a qu'un seul pont arm?de canons. Sa fonction principale est d'etre les yeux et les oreilles de l'escadre.;Diese Schiffe gehorten zur kleinsten Dreimastklasse und verfugten nur uber ein Geschutzdeck. Sie fuhrten meist Aufklarungsaufgaben durch und waren daher die Augen und Ohren der Flotte.;;Este barco era el menor de los navios de tres mastiles, y solo tenia una cubierta para canones. Su mision principal era ser los ojos y oidos de la fuerza operativa.;x;;;;;;;;;;;;;;;;;;;;;;;;;;;;;;;;;;;;;;;;;;;;
steamers;Промышленные корпуса;Bateaux ?vapeur;Dampfschiffe;;Vapores;x;;;;;;;;;;;;;;;;;;;;;;;;;;;;;;;;;;;;;;;;;;;;
mass_state_media;Государственные СМИ;Bateaux ?vapeur;Dampfschiffe;;Vapores;x;;;;;;;;;;;;;;;;;;;;;;;;;;;;;;;;;;;;;;;;;;;;
international_protocol;Международные протоколы;Bateaux ?vapeur;Dampfschiffe;;Vapores;x;;;;;;;;;;;;;;;;;;;;;;;;;;;;;;;;;;;;;;;;;;;;
cold_war_policy;Переговоры времен холодной войны;Bateaux ?vapeur;Dampfschiffe;;Vapores;x;;;;;;;;;;;;;;;;;;;;;;;;;;;;;;;;;;;;;;;;;;;;
modern_political_negotiations;Современная политическая мысль;Bateaux ?vapeur;Dampfschiffe;;Vapores;x;;;;;;;;;;;;;;;;;;;;;;;;;;;;;;;;;;;;;;;;;;;;
steamers_desc;Используется в строительстве крупных судов.;Bateaux ?vapeur;Dampfschiffe;;Vapores;x;;;;;;;;;;;;;;;;;;;;;;;;;;;;;;;;;;;;;;;;;;;;
mechanized_fishing_vessels;Механизированные рыболовные суда;Bateaux-usines;Mechanisierte Fischereischiffe;;Barcos de pesca mecanizados;x;;;;;;;;;;;;;;;;;;;;;;;;;;;;;;;;;;;;;;;;;;;;
mechanized_fishing_vessels_desc;В этот момент были построены специализированные суда, которые могли не только облавливать море механизированными рыболовными сетями, но и сортировать, чистить и упаковывать рыбу на борту. То, что это увеличивало выход продукции, было очевидно.;On a construit des bateaux specialises capables non seulement d'utiliser des filets de peche mecanises, mais aussi de trier, nettoyer et conditionner les poissons ?bord. Cela a evidemment amelior?le rendement. ;Zu diesem Zeitpunkt wurden spezialisierte Schiffe gebaut, die das Meer nicht nur mit mechanisierten Netzen durchkammten, sondern den Fang auch gleich an Bord sortierten, ausnahmen und verpackten. Dies steigerte die Ertrage naturlich enorm.;;A estas alturas se podian construir barcos especializados que, ademas de explotar los mares con redes de pesca mecanizada, podian limpiarlas, doblarlas y guardarlas a bordo. Esto aumentaba de manera evidente su productividad.;x;;;;;;;;;;;;;;;;;;;;;;;;;;;;;;;;;;;;;;;;;;;;
steamer_automatic_construction_plants;Пароходные автоматические строительные установки;Usines de production automatisee de bateaux ?vapeur;Automatisierte Dampfschiffwerften;;Plantas automatizadas de produccion de vapores;x;;;;;;;;;;;;;;;;;;;;;;;;;;;;;;;;;;;;;;;;;;;;
steamer_automatic_construction_plants_desc;Эти огромные заводы имели подвижные машины, которые перемещались между доками, добавляя детали к корпусу будущего парохода.;Ces usines geantes comportaient des machines mobiles qui se deplacaient d'un bassin ?l'autre pour realiser les coques des bateaux ?vapeur en construction.;In diesen riesigen Werften kamen mobile Maschinen zum Einsatz, die sich von Dock zu Dock bewegten und dort einen weiteren Rumpfteil der im Bau befindlichen Dampfschiffe hinzufugten.;;Estas plantas contaban con maquinaria movil que se desplazaba entre los muelles anadiendo partes al casco de los futuros vapores.;x;;;;;;;;;;;;;;;;;;;;;;;;;;;;;;;;;;;;;;;;;;;;
steamer_transports;Пароходные транспорты;Transports ?vapeur;Dampf-Transporter;;Transportes vapor;x;;;;;;;;;;;;;;;;;;;;;;;;;;;;;;;;;;;;;;;;;;;;
steamer_transports_desc;Пароходные транспорты являются заменой клиперных транспортов. Они заменили традиционные паруса паровыми двигателями и поэтому имели гораздо большую скорость и надежность.;Les transports ?vapeur remplacent les voiliers de transport. Ils n'utilisent plus de voiles mais des moteurs ?vapeur, et sont donc plus rapides et plus fiables.;Dampf-Transporter sind der Ersatz fur Klipper-Transporter. Sie ersetzten die traditionellen Segel durch Dampfantrieb und waren daher schneller und zuverlassiger.;;Los vapores de transporte son el sustituto de los cliperes de transporte. Sustituyeron las velas tradicionales por la propulsion a vapor, por lo que eran mucho mas veloces y fiables.;x;;;;;;;;;;;;;;;;;;;;;;;;;;;;;;;;;;;;;;;;;;;;
#commerce_raiders;Торговые рейдеры;Navires marchands militarises;Handelszerstorer;;Cruceros auxiliares;x;;;;;;;;;;;;;;;;;;;;;;;;;;;;;;;;;;;;;;;;;;;;
submarine;Подводная лодка;Navires marchands militarises;Handelszerstorer;;Cruceros auxiliares;x;;;;;;;;;;;;;;;;;;;;;;;;;;;;;;;;;;;;;;;;;;;;
commerce_raiders_desc;Подводные лодки — опасные суда, которые могут быть использованы для создания хаоса посредством блокады и представляют значительную угрозу для плохо защищенных линкоров и авианосцев.;Les navires marchands militarises sont generalement des navires de commerce armes de canons, parfois de torpilles, et capables de semer la plupart des navires de guerre. Leur mission est de couper les routes commerciales maritimes de l'ennemi.;Handelszerstorer waren ublicherweise Handelsschiffe, die mit Kanonen und manchmal sogar Torpedos ausgerustet zur Storung der feindlichen Handelsschifffahrt eingesetzt wurden.;;Los cruceros auxiliares son normalmente bajeles comerciales reequipados con canones, y a veces torpedos, que pueden dejar atras a la mayoria de barcos militares y lograr desorganizar las rutas maritimas comerciales enemigas.;x;;;;;;;;;;;;;;;;;;;;;;;;;;;;;;;;;;;;;;;;;;;;
iron_steamers;Утюги-пароварки;Bateaux ?vapeur en fer;Eisendampfer;;Vapores hierro;x;;;;;;;;;;;;;;;;;;;;;;;;;;;;;;;;;;;;;;;;;;;;
iron_steamers_desc;Утюги-пароварки;Bateaux ?vapeur en fer;Eisendampfer;;Vapores hierro;x;;;;;;;;;;;;;;;;;;;;;;;;;;;;;;;;;;;;;;;;;;;;
ironclads;Броненосцы;Cuirasses;Panzerschiffe;;Acorazados 'ironclad';x;;;;;;;;;;;;;;;;;;;;;;;;;;;;;;;;;;;;;;;;;;;;
ironclads_desc; Броненосцы — это корабли, построенные из стали без использования древесины. Поэтому они могли выдерживать гораздо больше ударов, чем традиционные деревянные корабли, а также были быстрее, хотя и дороже и обычно намного меньше.;Les cuirasses sont des navires entierement en coque de fer, ils sont donc beaucoup plus resistants que les batiments classiques en bois. Ils sont aussi plus rapides et generalement plus petits, mais plus chers. ;Panzerschiffe wurden vollstandig aus Stahl gebaut. Aus diesem Grund konnten sie mehr Treffer als herkommliche Holzschiffe einstecken und waren ausserdem schneller, obwohl auch kleiner und teurer.;;Los ironclad son barcos construidos totalmente de acero, sin nada de madera. Por tanto, pueden aguantar mas impactos que los tradicionales navios de madera, y tambien son mas rapidos, aunque mas caros y normalmente mucho mas pequenos. ;x;;;;;;;;;;;;;;;;;;;;;;;;;;;;;;;;;;;;;;;;;;;;
monitors;Мониторы;Cuirasses de classe Monitor;Schlachtschiffe;;Monitores;x;;;;;;;;;;;;;;;;;;;;;;;;;;;;;;;;;;;;;;;;;;;;
monitors_desc;Мониторы — это значительное улучшение по сравнению с ранними броненосными кораблями. Их было труднее обнаружить, они были быстрее и имели более тяжелую броню и вооружение.;Les cuirasses de classe Monitor sont nettement superieurs aux premiers cuirasses. Ils sont plus difficiles ?reperer, plus rapides, plus fortement blindes et armes.;Schlachtschiffe waren eine deutliche Verbesserung fruherer Panzerschiffe. Sie waren schwerer zu entdecken, schneller und zudem starker gepanzert und besser bewaffnet.;;Los monitores son una mejora significativa sobre los anteriores acorazados 'ironclad'. Eran mas dificiles de detectar, mas rapidos y estaban mas blindados y armados.;x;;;;;;;;;;;;;;;;;;;;;;;;;;;;;;;;;;;;;;;;;;;;
torpedo_boats;Торпедные катера;Torpilleurs;Torpedoboote;;Lanchas torpederas;x;;;;;;;;;;;;;;;;;;;;;;;;;;;;;;;;;;;;;;;;;;;;
torpedo_boats_desc;Торпедные катера дешевы и многочисленны. Они оснащены торпедами для атаки на более крупные корабли, такие как крейсеры и линкоры.;Les torpilleurs sont peu couteux et nombreux. Ils sont equipes de torpilles pour attaquer les grands navires tels que les croiseurs et cuirasses.;Torpedoboote sind in der Anschaffung gunstig und daher zahlreich. Mit ihren Torpedos konnen sie grossere Schiffe wie Kreuzer und Schlachtschiffe angreifen.;;Las lanchas torpederas son baratas y numerosas. Van equipadas con torpedos para atacar barcos mayores, como cruceros y acorazados.;x;;;;;;;;;;;;;;;;;;;;;;;;;;;;;;;;;;;;;;;;;;;;
steel_steamers;Стальные пароходы;Bateaux ?vapeur en acier;Stahldampfer;;Vapores acero;x;;;;;;;;;;;;;;;;;;;;;;;;;;;;;;;;;;;;;;;;;;;;
steel_steamers_desc;Стальные пароходы;Bateaux ?vapeur en acier;Stahldampfer;;Vapores acero;x;;;;;;;;;;;;;;;;;;;;;;;;;;;;;;;;;;;;;;;;;;;;
protected_cruisers;Защищенные крейсеры;Croiseurs;Geschutzte Kreuzer;;Cruceros protegidos;x;;;;;;;;;;;;;;;;;;;;;;;;;;;;;;;;;;;;;;;;;;;;
protected_cruisers_desc;Крейсеры — это эволюция Man-o-War. Они менее тяжело вооружены и бронированы, чем линкоры, но компенсируют это большей скоростью.;Les croiseurs sont les successeurs des navires de ligne. Leur blindage et leur armement sont inferieurs ?ceux d'un cuirass? mais ils compensent par une vitesse superieure.;Kreuzer waren die Fortentwicklung des traditionellen Kriegsschiffs. Sie waren schwacher gepanzert und bewaffnet als Schlachtschiffe, konnten diese Defizite aber durch hohere Geschwindigkeit wettmachen.;;Los cruceros son la evolucion del buque de guerra. No estan tan fuertemente armados y blindados como un acorazado, pero compensan eso con una mayor velocidad.;x;;;;;;;;;;;;;;;;;;;;;;;;;;;;;;;;;;;;;;;;;;;;
destroyers;Эсминцы;Destroyers;Zerstorer;;Destructores;x;;;;;;;;;;;;;;;;;;;;;;;;;;;;;;;;;;;;;;;;;;;;
destroyers_desc;Эсминцы строятся в основном для борьбы с растущей угрозой со стороны торпедных катеров. Они оснащены несколькими малокалиберными орудийными башнями, которые могут выставить шквал снарядов перед небольшим судном.;Les destroyers servent essentiellement ?lutter contre la menace croissante des torpilleurs. Ils possedent plusieurs tourelles de petit calibre capables de dresser un barrage d'obus devant leurs petites cibles.;Zerstorer wurden hauptsachlich zur Bekampfung der wachsenden Bedrohung durch Torpedoboote gebaut. Sie waren mit mehreren kleinkalibrigen Geschutzturmen bewaffnet, die sich gut zum Beschuss kleinerer Schiffe eigneten.;;Los destructores se construyen principalmente para combatir la creciente amenaza de las lanchas torpederas. Estan equipados con varias torres de artilleria de pequeno calibre que pueden colocar una barrera de proyectiles delante de la pequena embarcacion.;x;;;;;;;;;;;;;;;;;;;;;;;;;;;;;;;;;;;;;;;;;;;;
submarines;Подводные лодки;Sous-marins;U-Boote;;Submarinos;x;;;;;;;;;;;;;;;;;;;;;;;;;;;;;;;;;;;;;;;;;;;;
submarines_desc;Подводные лодки — это небольшие лодки, оснащенные торпедами и пушкой. Они способны погружаться под воду, но для атаки им все равно приходится всплывать на поверхность.;Les sous-marins sont de petits batiments equipes de torpilles et d'un canon. Ils sont submersibles, mais doivent faire surface pour attaquer.;U-Boote sind mit Torpedos und einem Geschutz ausgerustete Kleinschiffe. Sie konnen abtauchen, mussen zum Abgriff aber auftauchen.;;Los submarinos son pequenas naves equipadas con torpedos y un canon. Son sumergibles, pero todavia tienen que subir a la superficie para atacar.;x;;;;;;;;;;;;;;;;;;;;;;;;;;;;;;;;;;;;;;;;;;;;
pre_dreadnought;Предварительно Дредноут;Cuirasses de haute mer;Einheitslinienschiff;;Dreadnought primitivo;x;;;;;;;;;;;;;;;;;;;;;;;;;;;;;;;;;;;;;;;;;;;;
pre_dreadnought_desc;Додредноуты — крупные корабли, оснащенные броней, способной выдержать несколько попаданий, а также крупнокалиберными орудиями.;Les cuirasses de haute mer sont d'imposants navires equipes d'un blindage suffisant pour encaisser plusieurs tirs ainsi que de canons de gros calibre.;Einheitslinienschiffe waren grosse, mit grosskalibrigen Geschutzen bestuckte Schiffe, deren starke Panzerung mehreren Treffern standhalten konnte.;;Los Dreadnought son grandes barcos equipados con el blindaje suficiente como para aguantar varios impactos, incluso de canones de gran calibre.;x;;;;;;;;;;;;;;;;;;;;;;;;;;;;;;;;;;;;;;;;;;;;
steam_turbine_ships;Паротурбинные суда;Bateaux ?turbine ?vapeur;Dampfturbinenschiffe;;Barcos turbina vapor;x;;;;;;;;;;;;;;;;;;;;;;;;;;;;;;;;;;;;;;;;;;;;
steam_turbine_ships_desc;Паротурбинные суда;Bateaux ?turbine ?vapeur;Dampfturbinenschiffe;;Barcos turbina vapor;x;;;;;;;;;;;;;;;;;;;;;;;;;;;;;;;;;;;;;;;;;;;;
dreadnoughts;Дредноуты;Cuirasses lourds;Grosskampfschiffe;;Acorazados 'dreadnought';x;;;;;;;;;;;;;;;;;;;;;;;;;;;;;;;;;;;;;;;;;;;;
dreadnoughts_desc;Дредноуты — первоклассные боевые корабли на рубеже веков. Оснащенные несколькими крупнокалиберными орудиями, они могут выдержать довольно большой урон и при этом нанести сокрушительный удар по вражескому флоту.;Les cuirasses lourds sont les plus gros batiments de guerre de ce debut de siecle. Ils sont equipes de plusieurs pieces de gros calibre et peuvent encaisser d'importants degats tout en restant tres dangereux pour la flotte ennemie.;Grosskampfschiffe waren zur Jahrhundertwende die machtigsten Kampfschiffe. Mit ihren zahlreichen grosskalibrigen Geschutzen waren sie eine todliche Gefahr fur den Feind und konnten selbst etliche Treffer einstecken.;;Los 'dreadnought' son el culmen de las naves de combate en el cambio de siglo. Equipados con varios canones de gran calibre, pueden soportar bastante dano y ser capaces todavia de asestar un golpe devastador a la flota enemiga.;x;;;;;;;;;;;;;;;;;;;;;;;;;;;;;;;;;;;;;;;;;;;;
light_cruisers;Легкие крейсеры;Croiseurs legers;Leichte Kreuzer;;Cruceros ligeros;x;;;;;;;;;;;;;;;;;;;;;;;;;;;;;;;;;;;;;;;;;;;;
light_cruisers_desc;Легкие крейсеры — это по сути крейсеры с дополнительным вооружением. Они все еще не так сильно бронированы, как линкоры, и в результате все еще сохраняют некоторую дополнительную скорость.;Les croiseurs legers sont fondamentalement des croiseurs dotes de pieces d'armement supplementaires. Ils ne sont pas aussi lourdement blindes que les cuirasses, ce qui leur permet de se deplacer plus rapidement.;Leichte Kreuzer waren im Prinzip normale Kreuzer mit verstarkter Bewaffnung. Sie waren nicht so schwer gepanzert wie Schlachtschiffe und hatten ihnen gegenuber deshalb noch einen gewissen Geschwindigkeitsvorteil.;;Los cruceros ligeros son basicamente cruceros con armamento adicional. Siguen sin estar tan fuertemente armados como los acorazados y, como resultado, aun son algo mas rapidos.;x;;;;;;;;;;;;;;;;;;;;;;;;;;;;;;;;;;;;;;;;;;;;
battlecruisers;Линейные крейсеры;Croiseurs de bataille ;Schlachtkreuzer;;Cruceros de batalla;x;;;;;;;;;;;;;;;;;;;;;;;;;;;;;;;;;;;;;;;;;;;;
battlecruisers_desc;Даже когда строились первые дредноуты, был проявлен значительный интерес к военному кораблю, который мог бы объединить основное вооружение дредноута со скоростью крейсеров. Так родился линейный крейсер, мощный военный корабль, способный разведывать впереди основного флота и достаточно сильный, чтобы потопить любой военный корабль, кроме линкора, хотя его слабая броня была бы существенным недостатком.;Alors meme que les premiers Dreadnought etaient en cours de construction, un interet significatif a et?montr?pour un navire de guerre qui pourrait combiner l'armement principal d'un cuirass?Dreadnought avec la vitesse de croisiere. Ainsi est n?le croiseur de bataille, un navire de guerre puissant capable de jouer le role d'eclaireur pour la flotte principale et assez fort pour couler un navire de guerre autre qu'un navire lourd, car sa faible armure restait un inconvenient important. ;Selbst wahrend des Baus der ersten Dreadnoughts gab es grosses Interesse an Kriegsschiffen, welche die Hauptbewaffnung eines Dreadnoughts mit der Geschwindigkeit eines Kreuzers kombinieren konnten. Dies war die Geburtsstunde des Schlachtkreuzers, einem machtigen Kriegsschiff, das vor der Hauptflotte operieren und bis auf Schlachtschiffe jedes feindliche Schiff versenken konnte. Seine schwache Panzerung war jedoch ein deutlicher Nachteil.;;Ya mientras se construian los primeros Dreadnoughts, comenz?a pensarse en disenar un barco de guerra que combinara el armamento principal de un Dreadnought con la velocidad de un crucero. As?naci?el crucero de batalla, un potente barco de guerra capaz de navegar como vanguardia de la flota principal y hundir a cualquier rival salvo un acorazado, y cuya unica desventaja significativa seria la debilidad de su armadura.;x;;;;;;;;;;;;;;;;;;;;;;;;;;;;;;;;;;;;;;;;;;;;
ocean_going_submarines;Океанские подводные лодки;Sous-marins de haute mer;Hochsee-U-Boote;;Submarinos oceanicos;x;;;;;;;;;;;;;;;;;;;;;;;;;;;;;;;;;;;;;;;;;;;;
ocean_going_submarines_desc;В начале XX века конструкция подводных лодок продолжала совершенствоваться, и в результате они получили возможность проводить значительное количество времени в море, что позволяло им перехватывать вражеские военные корабли и суда на значительном расстоянии от баз.;La conception des sous-marins a continu?de s'ameliorer au debut du 20e siecle, en un point o?les sous-marins sont devenus capable de passer beaucoup de temps en mer, leur permettant d'intercepter les navires de guerre ennemis et d'entreprendre des expeditions ?grande distance de leurs bases d'attache. ;Das U-Boot-Design wurde im fruhen 20. Jahrhundert so weit verbessert, dass U-Boote betrachtliche Zeit auf See verbringen konnten. Dies ermoglichte ihnen, feindliche Kriegs- und Handelsschiffe weit vor deren Heimatstutzpunkten abzufangen.;;El diseno de submarinos continu?mejorando a comienzos del siglo XX, hasta llegar a buques capaces de permanecer periodos significativos en el mar, lo que les permitia interceptar a los barcos de guerra enemigos y operar a gran distancia de sus bases.;x;;;;;;;;;;;;;;;;;;;;;;;;;;;;;;;;;;;;;;;;;;;;
oil_driven_ships;Суда на нефтяном топливе;Navires ?moteurs;Motorschiffe;;Barcos impulsados por petroleo;x;;;;;;;;;;;;;;;;;;;;;;;;;;;;;;;;;;;;;;;;;;;;
modern_institutional_economics;Современная институциональная экономика;Navires ?moteurs;Motorschiffe;;Barcos impulsados por petroleo;x;;;;;;;;;;;;;;;;;;;;;;;;;;;;;;;;;;;;;;;;;;;;
oil_driven_ships_desc;Суда на нефтяном топливе;Navires ?moteurs;Motorschiffe;;Barcos impulsados por petroleo;x;;;;;;;;;;;;;;;;;;;;;;;;;;;;;;;;;;;;;;;;;;;;
advanced_destroyers;Продвинутые эсминцы;Destroyers avances;Fortschrittliche Zerstorer;;Destructores avanzados;x;;;;;;;;;;;;;;;;;;;;;;;;;;;;;;;;;;;;;;;;;;;;
advanced_destroyers_desc;Эволюция подводных лодок в мощную угрозу как военным, так и торговым кораблям привела к эволюции эсминцев, которые взяли на себя основную роль защиты от них, в отличие от их прежней роли защиты основного боевого флота от торпедных катеров. Таким образом, в первые годы после Первой мировой войны наблюдались улучшения в конструкции эсминцев, направленные на повышение их способности находить и топить подводные лодки, такие как внедрение и усовершенствование SONAR.;L'evolution du sous-marin en une menace potentielle pour les navires de guerre et les navires de commerce a eu comme debouch?l'evolution des destroyers ?assumer le role principal de defense contre eux, par opposition ?leur ancien role de defendre la flotte de combat principal de torpilleurs. Ainsi les premieres annees apres la Premiere Guerre mondiale ont vu des ameliorations dans la conception du destroyer qui visait ?renforcer leur capacit??trouver et ?couler les sous-marins, tels que la mise en њuvre et le raffinement de SONAR. ;Die Evolution des U-Boots zu einer ernstzunehmenden Bedrohung fur Kriegs- und Handelsschiffe fuhrte zur Weiterentwicklung von Zerstorern als primare Anti-U-Boot-Waffe. Dies stand im Gegensatz zu ihrer vorherigen Rolle, der Verteidigung der Hauptflotte gegen Torpedoboote. In den ersten Jahren nach dem ersten Weltkrieg wurde das Zerstorer-Design hinsichtlich des Aufspurens und Versenkens von U-Booten verbessert;;La evolucion del submarino hasta convertirse en una amenaza para los barcos de guerra y mercantes provoc?la evolucion de los destructores como principal elemento de defensa ante ellos, cuando hasta entonces su cometido fundamental habia sido defender los buques principales frente a los torpederos. Por ello, los primeros anos tras la Primera Guerra Mundial presenciaron grandes mejoras en el diseno de destructores, orientadas a aumentar su capacidad de encontrar y hundir submarinos, como la implantacion y perfeccionamiento del SONAR.;x;;;;;;;;;;;;;;;;;;;;;;;;;;;;;;;;;;;;;;;;;;;;
modern_destroyers;Современные эсминцы;Destroyers modernes;Moderne Zerstorer;;Destructores modernos;x;;;;;;;;;;;;;;;;;;;;;;;;;;;;;;;;;;;;;;;;;;;;
modern_destroyers_desc;В конце межвоенного периода эсминцы увеличились в размерах, а также расширилось число задач, которые они могли выполнять, включая противодействие растущей угрозе со стороны авиации, с введением специального зенитного вооружения.;?la fin de l'entre-deux-guerres, les destroyers etaient plus imposants encore et pouvaient remplir davantage de missions, pour contrer notamment la menace croissante de l'aviation, moyennant l'ajout d'un arsenal antiaerien specifique.;In der spaten Zwischenkriegszeit wurden die Zerstorer immer grosser und konnten immer unterschiedlichere Rollen ausfullen. Dazu gehorte auch die Flugabwehr, wofur spezielle Flugabwehrgeschutze entwickelt wurden.;;El final del periodo de entreguerras presenci?un aumento del tamano de los destructores y de la cantidad de papeles que podian desempenar (incluida la lucha contra la aviacion enemiga, con la introduccion de armamento antiaereo especifico).;x;;;;;;;;;;;;;;;;;;;;;;;;;;;;;;;;;;;;;;;;;;;;
advanced_cruisers;Продвинутые крейсеры;Croiseurs avances;Fortschrittliche Kreuzer;;Cruceros avanzados;x;;;;;;;;;;;;;;;;;;;;;;;;;;;;;;;;;;;;;;;;;;;;
advanced_cruisers_desc;К началу 1920-х годов проектирование крейсеров сосредоточилось на двух основных типах: легкие крейсеры, как правило, с 6-дюймовым главным вооружением, и тяжелые крейсеры, как правило, с 8-дюймовым главным вооружением. Их основными функциями были поддержка флота в сочетании с эсминцами, защита морских путей и рейды.;Au debut des annees 1920, la conception des croiseurs a port?sur deux types principaux : les croiseurs legers, generalement avec un armement principal de 6 pouces, et les croiseurs lourds, generalement avec un armement principal de 8 pouces. Leurs roles principaux etaient le soutien de la flotte en combinaison avec les destroyers, la defense des voies maritimes et de contrer les raids. ;Anfang der 1920er Jahre gab es prinzipiell zwei Kreuzertypen: leichte Kreuzer mit 6-Zoll-Geschutzen als Hauptbewaffnung, und schwere Kreuzer mit 8-Zoll-Geschutzen. Ihre Primarrollen waren die Flottenunterstutzung zusammen mit den Zerstorern, die Verteidigung von Seestrassen und der Uberfall auf Handelsschiffe.;;A comienzos de los anos 20, el diseno de cruceros se centraba en dos tipologias principales: cruceros ligeros, cuyo armamento principal solia estar formado por canones de 6 pulgadas, y cruceros pesados, con canones de 8 pulgadas. Su objetivo principal era apoyar a la flota junto con los destructores, defender las rutas maritimas y hostigar las del enemigo.;x;;;;;;;;;;;;;;;;;;;;;;;;;;;;;;;;;;;;;;;;;;;;
modern_cruisers;Современные крейсеры;Croiseurs modernes;Moderne Kreuzer;;Cruceros modernos;x;;;;;;;;;;;;;;;;;;;;;;;;;;;;;;;;;;;;;;;;;;;;
modern_cruisers_desc;Дальнейшие усовершенствования конструкции крейсера в межвоенный период включали усиление брони и увеличение количества орудий, как основного, так и зенитного вооружения.;La periode de l'entre-deux-guerres permit d'ameliorer encore les croiseurs en termes de blindage et d'armement, principal et antiaerien ?la fois.;Zu den Verbesserungen des Kreuzer-Designs in der Zwischenkriegszeit gehorten starkere Panzerungen und zusatzliche Geschutze (Hauptbewaffnung und Flak).;;Los nuevos avances en el diseno de cruceros durante el periodo de entreguerras incluian aumentos en el numero de canones, tanto principales como antiaereos.;x;;;;;;;;;;;;;;;;;;;;;;;;;;;;;;;;;;;;;;;;;;;;
advanced_battlecruisers;Улучшенные линейные крейсеры;Croiseurs de bataille avances;Fortschrittliche Schlachtkreuzer;;Cruceros de batalla avanzados;x;;;;;;;;;;;;;;;;;;;;;;;;;;;;;;;;;;;;;;;;;;;;
advanced_battlecruisers_desc;Сразу после Первой мировой войны многие линейные крейсеры, находившиеся в стадии строительства, были списаны или переделаны в авианосные крейсеры. Те линейные крейсеры, которые остались, были переоборудованы с улучшенным основным вооружением и усиленной броневой защитой.;Au lendemain de la Premiere Guerre mondiale, de nombreux croiseurs de bataille en cours de construction furent mis au rebut ou transformes en navires de croisiere. Les croiseurs de bataille restants furent dotes d'un armement et d'un blindage renforces.;Kurz nach dem Ende des ersten Weltkriegs wurden viele im Bau befindliche Schlachtkreuzer verschrottet oder zu Flugzeugkreuzern umgebaut. Die verbliebenen Schlachtkreuzer wurden mit besseren Geschutzen und Panzerungen modernisiert.;;En los primeros anos tras la Primera Guerra Mundial, muchos cruceros de batalla en proceso de construccion se desmantelaron o convirtieron en cruceros portaaviones. Los demas se modernizaron mediante la introduccion de canones mas potentes y mayor blindaje.;x;;;;;;;;;;;;;;;;;;;;;;;;;;;;;;;;;;;;;;;;;;;;
advanced_battleships;Усовершенствованные линкоры;Cuirasses avances;Fortschrittliche Schlachtschiffe;;Acorazados avanzados;x;;;;;;;;;;;;;;;;;;;;;;;;;;;;;;;;;;;;;;;;;;;;
pre_war_naval_training;Довоенная военно-морская подготовка;Navires ?moteurs;Motorschiffe;;Barcos impulsados por petroleo;x;;;;;;;;;;;;;;;;;;;;;;;;;;;;;;;;;;;;;;;;;;;;
advanced_battleships_desc;Опыт Первой мировой войны привел к ряду усовершенствований конструкции линкоров, включая более эффективное использование броневой защиты для защиты от навесного огня, улучшенную защиту от торпед, широкое использование масляных двигателей и дальнейшие усовершенствования в вооружении и управлении огнем. Хотя в первые годы после Первой мировой войны было построено мало линкоров, из-за экономических ограничений и договорных ограничений существующие линкоры были переоборудованы для включения этих достижений в конструкцию.;L'experiences de la Premiere Guerre mondiale conduira ?une serie d'amelioration dans la conception des navires de guerre, y compris une utilisation plus efficace des blindages pour se defendre contre le feu plongeant, une meilleure protection contre les torpilles, l'utilisation generalisee de la propulsion au petrole, et d'autres ameliorations en matiere d'armement et de controle du feu. Bien que quelques navires de guerre aient et?construits dans les premieres annees suivant la Premiere Guerre mondiale, en raison de contraintes economiques et des limitations du trait? les cuirasses existants ont et?reamenages pour integrer ces progres dans la conception. ;Die im ersten Weltkrieg gesammelten Erfahrungen fuhrten zu einer Reihe von Verbesserungen am Schlachtschiff-Design. Dazu gehorten der verbesserte Einsatz von Panzerschutz gegen Steilfeuer, besserer Torpedoschutz, die ausgedehnte Verwendung von Verbrennungsmotoren und weitere Verbesserungen in den Bereichen Bewaffnung und Feuerleitsysteme. Obwohl in den ersten Jahren nach dem ersten Weltkrieg wegen der allgemeinen Wirtschaftslage und vertraglicher Einschrankungen nur wenige Schlachtschiffe gebaut wurden, modernisierte man bereits existierende Schlachtschiffe mit diesen Neuerungen.;;Las experiencias de la Primera Guerra Mundial condujeron a una serie de mejoras en el diseno de los acorazados, incluidos un uso mas eficaz del blindaje bajo la linea de flotacion, mejor proteccion frente a los torpedos, generalizacion de la propulsion a petroleo y nuevas mejoras en el armamento y el control de fuego. Aunque en los primeros anos tras la Primera Guerra Mundial se construyeron pocos acorazados, debido a las limitaciones economicas y las impuestas por los tratados de paz, los que ya existian se modernizaron con estos avances.;x;;;;;;;;;;;;;;;;;;;;;;;;;;;;;;;;;;;;;;;;;;;;
modern_battleships;Современные линкоры;Cuirasses modernes;Moderne Schlachtschiffe;;Acorazados modernos;x;;;;;;;;;;;;;;;;;;;;;;;;;;;;;;;;;;;;;;;;;;;;
modern_battleships_desc;В 1930-х годах было спроектировано новое поколение линкоров, отличавшихся улучшенным вооружением, особенно зенитным, усиленной броневой защитой и увеличенной скоростью в среднем до 28 узлов.;Dans les annees 1930, une nouvelle generation de cuirasses a vu le jour avec notamment des ameliorations en termes d'armement, antiaerien plus particulierement, de blindage et de vitesse (28 nњuds en moyenne).;In den 1930er Jahren wurde eine vollige neue Schlachtschiffgeneration entworfen. Neu waren die verbesserte Bewaffnung, besonders hinsichtlich der Flugabwehrfahigkeiten, die verbesserte Panzerung und die Erhohung der Maximalgeschwindigkeit auf durchschnittlich 28 Knoten.;;En los anos 30 apareci?una nueva generacion de acorazados, con mejor armamento (sobre too antiaereo) y blindaje y capaces de alcanzar una velocidad de crucero de 28 nudos.;x;;;;;;;;;;;;;;;;;;;;;;;;;;;;;;;;;;;;;;;;;;;;
experimental_carriers;Экспериментальные перевозчики;Porte-avions experimentaux;Experimental-Flugzeugtrager;;Portaaviones experimentales;x;;;;;;;;;;;;;;;;;;;;;;;;;;;;;;;;;;;;;;;;;;;;
experimental_carriers_desc;Первые эксперименты по запуску самолетов с военных кораблей часто состояли из небольшой полетной палубы, прикрепленной к существующему военному кораблю. После того, как эти эксперименты продемонстрировали жизнеспособность самолетов, взлетающих и приземляющихся на корабли в море, флоты начали переоборудовать небольшие корпуса для запуска самолетов. Эти экспериментальные авианосцы усовершенствовали основные методы авианосных операций и продемонстрировали потенциал авианосной войны, но они были слишком малы, чтобы оказать решающее влияние на морской бой самостоятельно.;Les premieres experimentations de vols des avions ?partir de navires de guerre consistaient souvent en un petit pont d'envol attach?sur un navire de guerre existant. Une fois que ces experimentations ont demontr?la viabilit?des avions decollant et atterrissant sur des navires en mer, la marine a commenc??convertir les petites coques pour lancer des avions. Ces transporteurs experimentaux affinaient les techniques de base et demontraient le potentiel de combat de ces porte-avions, mais ils etaient trop petits pour avoir un impact decisif sur le combat naval de leur propre chef. ;Die ersten Versuche, Flugzeuge von Kriegsschiffen aus zu starten, erfolgten oft von kleinen Flugdecks, die auf ein bestehendes Kriegsschiff montiert wurden. Nachdem diese Experimente die Durchfuhrbarkeit von Flugzeugstarts und -landungen auf hoher See gezeigt hatten, begannen Seestreitkrafte damit, kleinere Schiffsrumpfe fur den Start von Flugzeugen umzubauen. Diese Experimental-Flugzeugtrager verfeinerten die Grundlagen von Flugzeugtragereinsatzen und demonstrierten das Kriegspotential von Flugzeugtragern. Diese Schiffe waren aber noch zu klein, um entscheidenden Einfluss auf Seegefechte zu haben.;;Los primeros experimentos para lanzar aviones desde un barco de guerra consistieron en pequenas cubiertas de vuelo incorporadas a buques ya existentes. Una vez que estas experiencias demostraron que era viable que un avion despegara y volviera a aterrizar en un barco en alta mar, las marinas comenzaron a modificar cascos de pequeno tamano con este fin. Aunque estos portaaviones experimentales refinaron las tecnicas basicas de su uso y demostraron el potencial de este nuevo tipo de barcos, eran demasiado pequenos como para tener impacto en la guerra naval por s?solos.;x;;;;;;;;;;;;;;;;;;;;;;;;;;;;;;;;;;;;;;;;;;;;
converted_hulk_carriers;Переделанные перевозчики Hulk;Porte-avions ?coques converties;Umbau-Flugzeugtrager;;Buques grandes convertidos;x;;;;;;;;;;;;;;;;;;;;;;;;;;;;;;;;;;;;;;;;;;;;
converted_hulk_carriers_desc;Следующим этапом в строительстве авианосцев стало использование корпусов более крупных военных кораблей, таких как линкоры и линейные крейсеры, для строительства более крупных авианосцев. Эти авианосцы имели гораздо большую вместимость самолетов и были первыми, кто был действительно способен на независимые операции, но они все еще были ограничены своим происхождением как переоборудованные авианосцы.;La prochaine etape dans la construction du porte-avions etait d'utiliser des coques de navires de guerre plus larges, tels que les cuirasses et croiseurs de bataille, pour construire de grands transporteurs. Ces porte-avions avaient une capacit?beaucoup plus grande en avions et etaient les premiers ?etre vraiment capable d'operations independantes, mais ils etaient encore limites par leurs origines de conception adaptee. ;Die nachste Stufe beim Flugzeugtragerbau war die Verwendung von grosseren Kriegsschiffsrumpfen, beispielsweise von Schlachtschiffen und Schlachtkreuzern, fur den Bau grosserer Flugzeugtrager. Diese Flugzeugtrager konnten weitaus mehr Flugzeuge aufnehmen und waren die ersten, die unabhangige Einsatze fahren konnten. Die Tatsache, dass sie auf modifizierten Schiffsrumpfen basierten, schrankte sie aber immer noch ein.;;La siguiente fase en la construccion de portaaviones lleg?con el uso de cascos de barcos mas grandes, como los acorazados y cruceros de batalla, para construir portaaviones. Estos buques, dotados de una capacidad muy superior de llevar aparatos, fueron los primeros realmente capaces de llevar a cabo operaciones independientes, pero aun as? el origen de sus cascos seguia lastrando sus operaciones.;x;;;;;;;;;;;;;;;;;;;;;;;;;;;;;;;;;;;;;;;;;;;;
purpose_built_carriers;Специализированные носители;Porte-avions dedies;Spezial-Flugzeugtrager;;Portaaviones de diseno especifico;x;;;;;;;;;;;;;;;;;;;;;;;;;;;;;;;;;;;;;;;;;;;;
purpose_built_carriers_desc;Используя уроки более ранних конструкций авианосцев, флоты начали проектировать и строить авианосцы с нуля, что позволило внести ряд усовершенствований, от вместимости до брони полетной палубы, противовоздушной обороны и усовершенствованного контроля повреждений. Именно эти специально построенные авианосцы, наконец, смогли продемонстрировать вне всякого сомнения мощь и решительность войны авианосцев.;Tirant les lecons de la conception des debuts des porte-avions, les marines ont commenc??concevoir des transporteurs construits ?partir de zero, ce qui permit une serie d'ameliorations, de la capacit?du blindage du pont de vol, des defenses anti-aeriennes, et du controle des dommages. Ce serait ces porte-avions construits ?cet effet qui serait enfin capable de demontrer hors de tout doute la puissance et le caractere decisif de la guerre aeroportee. ;Aufbauend auf den Erfahrungen, die mit fruheren Flugzeugtrager-Designs gesammelt worden waren, begannen Seestreitkrafte damit, Flugzeugtrager von Grund auf neu zu bauen, was die Implementierung einer Reihe von Verbesserungen ermoglichte. Dazu gehorten die Erhohung der Flugzeugkapazitat, die Verstarkung der Flugdeckpanzerung sowie die Verbesserung der Flugabwehr und die Modernisierung der Schadensbekampfung. Diese Spezial-Flugzeugtrager waren endlich in der Lage, letzte Zweifel an der Schlagkraft und Massgeblichkeit der Flugzeugtrager-Kriegsfuhrung zu beseitigen.;;Aprovechando las lecciones obtenidas con sus primeros disenos, las marinas comenzaron a disenar y construir portaaviones desde cero, lo que permitia una amplia gama de mejoras, de la capacidad al blindaje de la cubierta de vuelo, pasando por las defensas antiaereas y el control avanzado de danos. Serian estos portaaviones de diseno especifico los que terminarian por demostrar, mas all?de toda duda, la potencia y decisiva capacidad de este tipo de embarcaciones.;x;;;;;;;;;;;;;;;;;;;;;;;;;;;;;;;;;;;;;;;;;;;;
advanced_submarines;Современные подводные лодки;Sous-marins avances;Fortschrittliche U-Boote;;Submarinos avanzados;x;;;;;;;;;;;;;;;;;;;;;;;;;;;;;;;;;;;;;;;;;;;;
advanced_submarines_desc;Уроки, извлеченные из подводной войны во время Первой мировой войны, были применены при строительстве подводных лодок в 1920-х и 1930-х годах, что еще больше повысило роль подводных лодок в качестве оружия морской войны.;Les enseignements tires de la guerre sous-marine du premier conflit mondial furent appliques ?la construction de sous-marins dans les annees 1920 et 1930 et renforcerent le sous-marin en tant qu'arme de guerre navale.;Die Erfahrungen des ersten Weltkriegs flossen in den 1920er und 1930er Jahren in den U-Boot-Bau ein, wodurch diese Schiffe fur die Seekriegsfuhrung noch bedeutender wurden.;;Las lecciones extraidas de la Primera Guerra Mundial se aplicaron a la construccion de submarinos durante los anos 20 y 30, que vivieron un desarrollo aun mayor de este tipo de buques como armas de guerra.;x;;;;;;;;;;;;;;;;;;;;;;;;;;;;;;;;;;;;;;;;;;;;
modern_battlecruisers;Современные линейные крейсеры;Croiseurs de bataille modernes;Moderne Schlachtkreuzer;;Cruceros de batalla modernos;x;;;;;;;;;;;;;;;;;;;;;;;;;;;;;;;;;;;;;;;;;;;;
modern_battlecruisers_desc;Конструкция линейных крейсеров пережила кратковременное возрождение в 1930-х годах, когда несколько военно-морских держав построили новые линейные крейсеры, предназначенные либо для рейдов на вражеские суда, либо для выслеживания и потопления вражеских торговых рейдеров. Лучшая защита брони была достигнута без значительного снижения скорости и предвещала будущее развитие быстрых линкоров.;La conception des croiseurs de bataille a eu une renaissance breve dans les annees 1930 ou plusieurs puissances navales construisirent de nouveaux croiseurs concus, soit pour effectuer des operations de raids sur les navires ennemis soit pour traquer et couler les commerce-raiders (navires marchands militarises sous un camouflage). La meilleure protection blindee a et?atteinte sans une reduction significative de la vitesse, et presageait le developpement futur du cuirass?rapide. ;Schlachtkreuzer erlebten in den 1930er Jahren eine kurze Renaissance, als mehrere Seemachte neue Schlachtkreuzer bauten, die fur die Jagd auf feindliche Handelsschiffe oder Handelszerstorer ausgelegt waren. Trotz besserer Panzerung waren diese Schlachtkreuzer fast so schnell wie ihre Vorganger, was bereits die Entwicklung schneller Schlachtschiffe andeutete.;;El diseno de cruceros de batalla experiment?un breve renacimiento en los anos 30, cuando varias potencias navales disenaron nuevos tipos de ellos para atacar las lineas maritimas enemigas o para perseguir y hundir los corsarios enemigos. Estos barcos contaban con mejor blindaje sin una merma significativa de la velocidad, lo que presagiaba el futuro nacimiento del acorazado rapido.;x;;;;;;;;;;;;;;;;;;;;;;;;;;;;;;;;;;;;;;;;;;;;
naval_design_bureaus;Военно-морские конструкторские бюро;Bureau d'etudes navales;Marine-Entwicklungsamter;;Depart. diseno naval;x;;;;;;;;;;;;;;;;;;;;;;;;;;;;;;;;;;;;;;;;;;;;
naval_design_bureaus_desc;Военно-морские конструкторские бюро;Bureau d'etudes navales;Marine-Entwicklungsamter;;Depart. diseno naval;x;;;;;;;;;;;;;;;;;;;;;;;;;;;;;;;;;;;;;;;;;;;;
fire_control_systems;Системы управления огнем;Systemes de conduite de tir;Feuerleitsysteme;;Sistemas control tiro;x;;;;;;;;;;;;;;;;;;;;;;;;;;;;;;;;;;;;;;;;;;;;
fire_control_systems_desc;Системы управления огнем;Systemes de conduite de tir;Feuerleitsysteme;;Sistemas control tiro;x;;;;;;;;;;;;;;;;;;;;;;;;;;;;;;;;;;;;;;;;;;;;
optical_rangefinders;Оптические дальномеры;Telemetres optiques;Optische Entfernungsmesser;;Telemetros opticos;x;;;;;;;;;;;;;;;;;;;;;;;;;;;;;;;;;;;;;;;;;;;;
optical_rangefinders_desc;Это были приборы, которые позволяли точно измерить расстояние от орудия до вражеского судна, что значительно повышало вероятность попадания.;Ces instruments permettaient de mesurer avec exactitude la distance entre les armes et la cible, ameliorant ainsi considerablement la precision de tir.;Dies waren Instrumente, mit denen man die Entfernung zwischen Geschutz und Feindschiff exakt bestimmen und so die Trefferwahrscheinlichkeit erhohen konnte.;;Eran instrumentos que hicieron posible medir con exactitud la distancia desde el canon hasta el bajel enemigo, y mejor?drasticamente las probabilidades de acertar.;x;;;;;;;;;;;;;;;;;;;;;;;;;;;;;;;;;;;;;;;;;;;;
gyrostabilized_fire_control;Гиростабилизированное управление огнем;Conduite de tir gyrostabilisee;Gyroskopische Feuerleitsysteme;;Control fuego giroestabiliz.;x;;;;;;;;;;;;;;;;;;;;;;;;;;;;;;;;;;;;;;;;;;;;
gyrostabilized_fire_control_desc;Это изобретение значительно упростило и ускорило управление огнем и корректировку попаданий, увеличило скорострельность и вероятность попадания.;Cette invention a facilit?la conduite de tir et les corrections de tir, ameliorant la cadence et la precision des salves. ;Diese Erfindung vereinfachte und beschleunigte die Zielerfassung und Beschusskorrektur stark und erhohte sowohl die Feuergeschwindigkeit als auch die Trefferwahrscheinlichkeit.;;Esta invencion hizo mucho mas faciles y rapidos el control y las correcciones de los disparos, e increment?la velocidad de disparo, ademas de la probabilidad de acierto.;x;;;;;;;;;;;;;;;;;;;;;;;;;;;;;;;;;;;;;;;;;;;;
torpedo_gyroscope;Торпедный гироскоп;Gyroscope pour torpille;Torpedo-Gyroskop;;Giroscopio torpedo;x;;;;;;;;;;;;;;;;;;;;;;;;;;;;;;;;;;;;;;;;;;;;
torpedo_gyroscope_desc;Это изобретение превратило торпеды в надежное оружие. Оно значительно уменьшило вероятность выхода торпед из строя из-за движения слоев воды.;Cette invention fit des torpilles une arme fiable. Elle diminua considerablement le risque de defaillance des torpilles d?au mouvement des couches d'eau.;Diese Erfindung machte Torpedos zu zuverlassigen Waffen. Sie verringerte durch Wasserbewegungen bedingte Torpedoausfalle drastisch.;;Esta invencion convirti?a los torpedos en armas fiables. Hizo disminuir enormemente los errores de funcionamiento de la forma de los torpedos debido al movimiento de las aletas.;x;;;;;;;;;;;;;;;;;;;;;;;;;;;;;;;;;;;;;;;;;;;;
weapon_platforms;Оружейные платформы;Plates-formes d'armement;Waffenplattform;;Plataformas armadas;x;;;;;;;;;;;;;;;;;;;;;;;;;;;;;;;;;;;;;;;;;;;;
weapon_platforms_desc;Оружейные платформы;Plates-formes d'armement;Waffenplattform;;Plataformas armadas;x;;;;;;;;;;;;;;;;;;;;;;;;;;;;;;;;;;;;;;;;;;;;
sea_mine_equipment;Оборудование для морского минирования;Equipement de minage;Seeminenausrustung;;Equip. minas navales;x;;;;;;;;;;;;;;;;;;;;;;;;;;;;;;;;;;;;;;;;;;;;
sea_mine_equipment_desc;На этом этапе эффективное оборудование позволило создать специальные суда, которые могли устанавливать мины или удалять их из моря. Мины ограничивали движение противника и могли быть очень опасны, особенно ночью или в плохую погоду.;L'introduction d'un equipement efficace a permis de construire des navires specialises dans le minage ou le deminage en mer. Les mines limitaient les deplacements de l'ennemi et representaient un danger reel, surtout de nuit ou par mauvais temps.;Zu diesem Zeitpunkt konnten Spezialschiffe mit effizienten Ausrustungen bestuckt werden, mit denen sie im Meer Minen legen und aufnehmen konnten. Minen schrankten die Bewegungen des Feindes ein und konnten besonders bei Nacht oder bei schlechtem Wetter sehr gefahrlich sein.;;En ese momento, el eficaz equipamiento hizo posible la construccion de barcos especiales que pudieran colocar o quitar minas marinas. Las minas limitaban el movimiento del enemigo y podian ser muy peligrosas, especialmente por la noche o con mal tiempo.;x;;;;;;;;;;;;;;;;;;;;;;;;;;;;;;;;;;;;;;;;;;;;
self_propelled_torpedoes;Самоходные торпеды;Torpilles autopropulsees;Torpedos mit Selbstantrieb;;Torpedo autopropulsado;x;;;;;;;;;;;;;;;;;;;;;;;;;;;;;;;;;;;;;;;;;;;;
self_propelled_torpedoes_desc;Этот новый тип торпеды позволял кораблю стрелять и убегать. Затем торпеда сама направлялась к цели. Однако они управлялись только в момент выстрела, поэтому попасть в цель было все еще сложно.;Ce nouveau type de torpilles permettait ?un bateau de tirer et de s'enfuir. La torpille suivait sa route toute seule. Elles demeuraient cependant depourvues de guidage et suivaient la direction imprimee au lancement, ce qui ne facilitait pas les tirs.;Dieser neue Torpedotyp ermoglichte Schiffen, direkt nach Abschuss abzudrehen. Der Torpedo fand dann eigenstandig ins Ziel. Da die einzige Zielausrichtung beim Abschuss stattfand, waren Treffer aber immer noch schwierig.;;Este nuevo tipo de torpedo permitia a un barco disparar y moverse. El torpedo iria hacia su objetivo por s?solo. Aunque iban dirigidos solo en el momento de su disparo, por lo que seguia siendo complicado el acertar.;x;;;;;;;;;;;;;;;;;;;;;;;;;;;;;;;;;;;;;;;;;;;;
armour_piercing_projectiles;Бронебойные снаряды;Projectiles perforants;Panzerbrechende Granaten;;Proyectiles perforantes;x;;;;;;;;;;;;;;;;;;;;;;;;;;;;;;;;;;;;;;;;;;;;
armour_piercing_projectiles_desc;Эти снаряды были специально разработаны для проникновения через толстые броневые пластины крупных кораблей. Это изобретение открыло путь к эволюции новых снарядов в качестве контрмеры против постоянно увеличивающейся толщины пластин.;Ces projectiles etaient concus specialement pour percer l'epais blindage des navires majeurs. Cette invention a ouvert la voie au developpement de nouveaux projectiles destines ?faire face ?des blindages de plus en plus epais.;Diese Granaten wurden speziell zur Durchdringung der dicken Panzerplatten von Grosskampfschiffen entwickelt. Diese Erfindung begann eine Entwicklungswelle neuer Granaten, um auf die standig zunehmende Dicke der Panzerplatten eine passende Antwort zu finden.;;Estos proyectiles se desarrollaron especificamente para penetrar las gruesas planchas de blindaje de los grandes barcos. Esta invencion inaugur?una evolucion en los proyectiles como contramedida al siempre creciente espesor de las planchas.;x;;;;;;;;;;;;;;;;;;;;;;;;;;;;;;;;;;;;;;;;;;;;
armour_piercing_exploding_projectiles;Бронебойные разрывные снаряды;Projectiles explosifs perforants;Panzerbrechende Sprenggranaten;;Proyectiles perforantes explosivos;x;;;;;;;;;;;;;;;;;;;;;;;;;;;;;;;;;;;;;;;;;;;;
armour_piercing_exploding_projectiles_desc;Эти снаряды были специально разработаны для проникновения через толстые броневые пластины крупных кораблей. Это изобретение открыло путь к эволюции новых снарядов в качестве контрмеры против постоянно увеличивающейся толщины пластин.;Ces projectiles etaient concus specialement pour percer l'epais blindage des navires majeurs. Cette invention a ouvert la voie au developpement de nouveaux projectiles destines ?faire face ?des blindages de plus en plus epais.;Diese Granaten wurden speziell zur Durchdringung der dicken Panzerplatten von Grosskampfschiffen entwickelt. Diese Erfindung begann eine Entwicklungswelle neuer Granaten, um auf die standig zunehmende Dicke der Panzerplatten eine passende Antwort zu finden.;;Estos proyectiles se desarrollaron especificamente para penetrar las gruesas planchas de blindaje de los grandes barcos. Esta invencion inaugur?una evolucion en los proyectiles como contramedida al siempre creciente espesor de las planchas.;x;;;;;;;;;;;;;;;;;;;;;;;;;;;;;;;;;;;;;;;;;;;;
armoured_turrets;Бронированные башни;Tourelles blindees;Panzerdrehturme;;Torretas blindadas;x;;;;;;;;;;;;;;;;;;;;;;;;;;;;;;;;;;;;;;;;;;;;
armoured_turrets_desc;Благодаря бронированию орудийных башен корабль стал менее уязвимым к попаданиям, из-за которых он не мог защитить себя.;Blinder les tourelles de canons a rendu les navires moins vulnerables aux tirs susceptibles de les desarmer.;Durch die Panzerung der Geschutzturme von Schiffen wurden diese weniger verwundbar gegen Treffer, die ihre Verteidigungsfahigkeit eliminierten.;;Blindar las torretas de artilleria del barco las hizo menos vulnerables a los impactos que lo dejaban incapaz de defenderse.;x;;;;;;;;;;;;;;;;;;;;;;;;;;;;;;;;;;;;;;;;;;;;
main_armament;Основное вооружение;Armement principal;Hauptbewaffnung;;Armam. princ.;x;;;;;;;;;;;;;;;;;;;;;;;;;;;;;;;;;;;;;;;;;;;;
main_armament_desc;Основное вооружение;Armement principal;Hauptbewaffnung;;Armam. princ.;x;;;;;;;;;;;;;;;;;;;;;;;;;;;;;;;;;;;;;;;;;;;;
bomb_guns;Бомбовые пушки;Canons ?bombes;Steilfeuerkanonen;;Canones bombarderos;x;;;;;;;;;;;;;;;;;;;;;;;;;;;;;;;;;;;;;;;;;;;;
bomb_guns_desc;Эти орудия стреляли под углом 45 градусов и сбрасывали бомбы, которые должны были пробить палубу вражеского судна. Палуба часто была менее бронированной, чем другие части.;Ces canons tiraient ?45 degres des bombes destinees ?penetrer le pont des navires ennemis car le blindage du pont etait souvent moins epais.;Diese Geschutze feuerten in 45 Grad-Winkeln Granaten ab, die die Decks von Feindschiffen durchschlagen sollten, die meist weniger als andere Schiffsteile gepanzert waren.;;Estos canones disparaban bombas en un angulo de 45 grados destinadas a perforar la cubierta del navio enemigo. A menudo, la cubierta estaba menos blindada que las demas partes.;x;;;;;;;;;;;;;;;;;;;;;;;;;;;;;;;;;;;;;;;;;;;;
rifled_guns;Нарезные ружья;Canons rayes;Geschutze mit Zug;;Ca? rayados;x;;;;;;;;;;;;;;;;;;;;;;;;;;;;;;;;;;;;;;;;;;;;
rifled_guns_desc;Благодаря такому усовершенствованию орудий они стреляли дальше и точнее, поскольку снаряды вращались вокруг своей центральной точки.;Cette amelioration des canons a augment?la portee et la precision en imprimant une rotation au projectile.;Diese Geschutze gaben dem abgefeuerten Projektil einen Drall um ihre Langsachse, wodurch die Geschossflugbahn stabilisiert wurde. Deshalb konnten diese Geschutze weiter und viel genauer feuern.;;Esta mejora de los canones los hizo disparar mas lejos y con mayor precision, ya que el proyectil giraba sobre su centro.;x;;;;;;;;;;;;;;;;;;;;;;;;;;;;;;;;;;;;;;;;;;;;
quick_firing_guns;Скорострельные пушки;Canons ?tir rapide;Schnellfeuerkanonen;;Canones tiro rapido;x;;;;;;;;;;;;;;;;;;;;;;;;;;;;;;;;;;;;;;;;;;;;
quick_firing_guns_desc;Эти новые и меньшие орудия в основном использовались для борьбы с небольшими и быстрыми кораблями, атакующими торпедами. Однако их скорострельность вскоре показала, что было бы выгодно ввести аналогичные механизмы для более крупных калибров.;Ces nouveaux canons, plus petits, servaient ?repousser les petits torpilleurs rapides. Leur cadence de tir montra rapidement l'interet present?par la creation de mecanismes similaires adaptes ?de plus gros calibres.;Diese neuen und kleinkalibrigeren Kanonen kamen hauptsachlich zur Abwehr schneller Torpedoboote zum Einsatz. Ihre Feuergeschwindigkeit zeigte schon bald, dass die Einfuhrung vergleichbarer Mechanismen fur grossere Kaliber Sinn machen wurde.;;Estos canones nuevos y mas pequenos se usaban principalmente para combatir barcos pequenos y rapidos que atacaban con torpedos. Sin embargo, su cadencia de fuego no tard?en demostrar que seria beneficioso introducir mecanismos similares en los calibres superiores.;x;;;;;;;;;;;;;;;;;;;;;;;;;;;;;;;;;;;;;;;;;;;;
armoured_citadels;Бронированные цитадели;Citadelles blindees;Gepanzerte Zitadellen;;Ciudadelas acorazadas;x;;;;;;;;;;;;;;;;;;;;;;;;;;;;;;;;;;;;;;;;;;;;
armoured_citadels_desc;Это были огромные бронированные платформы, оснащенные несколькими орудиями, которые становились менее уязвимыми для попаданий, которые могли лишить корабль возможности защищаться.;Il s'agissait d'enormes plates-formes blindees abritant plusieurs canons et diminuant la vulnerabilit?des batiments aux tirs susceptibles de les desarmer.;Dies waren riesige gepanzerte Plattformen, auf denen mehrere Geschutze montiert waren. Dadurch wurde die Anfalligkeit gegen Geschutztreffer reduziert.;;Se trataba de enormes plataformas blindadas que albergaban varios canones, menos vulnerables a los impactos que podian dejar al barco indefenso.;x;;;;;;;;;;;;;;;;;;;;;;;;;;;;;;;;;;;;;;;;;;;;
heavy_caliber_guns;Тяжёлые калибры орудий;Canons de gros calibre;Grosskalibrige Geschutze;;Canones gran calibre;x;;;;;;;;;;;;;;;;;;;;;;;;;;;;;;;;;;;;;;;;;;;;
heavy_caliber_guns_desc;В этот момент произошла новая эволюция калибра орудий. Эти новые чудовища массового поражения могли пробить броню всего, кроме самых крупных кораблей.;?cette epoque, le calibre des canons augmenta de maniere significative. Ces nouveaux monstres pouvaient penetrer n'importe quel blindage ?l'exception de ceux des plus importants batiments majeurs.;Zu diesem Zeitpunkt hatte eine neue Entwicklungswelle grosskalibriger Geschutze begonnen. Diese neuen Ungeheuer der Massenvernichtung konnten bis auf die Panzerungen der schwersten Grosskampfschiffe alle Panzerungen durchschlagen.;;En ese momento se habia producido una nueva evolucion en el calibre de los canones. Los nuevos gigantes de destruccion masiva podian aplastar el blindaje de cualquier cosa, con la unica excepcion de los buques de guerra mas grandes.;x;;;;;;;;;;;;;;;;;;;;;;;;;;;;;;;;;;;;;;;;;;;;
advanced_naval_design;Передовой военно-морской дизайн;Etudes navales avancees;Fortschrittliche Marine-Entwicklung;;Diseno naval avanzado;x;;;;;;;;;;;;;;;;;;;;;;;;;;;;;;;;;;;;;;;;;;;;
advanced_naval_design_desc;Передовой военно-морской дизайн;Etudes navales avancees;Fortschrittliche Marine-Entwicklung;;Diseno naval avanzado;x;;;;;;;;;;;;;;;;;;;;;;;;;;;;;;;;;;;;;;;;;;;;
on_board_recon_aircraft;Бортовой разведывательный самолет;Avions de reconnaissance embarques;Bordaufklarungsflugzeug;;Aviacion recon. a bordo;x;;;;;;;;;;;;;;;;;;;;;;;;;;;;;;;;;;;;;;;;;;;;
on_board_recon_aircraft_desc;Добавив небольшие летательные аппараты на вершины башен, корабль мог бы получить гораздо лучшую разведку. Позже эти самолеты были оснащены пулеметами и бомбами, в конечном итоге став пикирующими бомбардировщиками.;En placant de petits avions au-dessus des tourelles, les navires ont benefici?d'une bien meilleure reconnaissance. Plus tard, ces avions furent equipes de mitrailleuses et de bombes et evoluerent en bombardiers en piqu?;Durch die Aufrustung mit kleinen Aufklarungsflugzeugen konnten Schiffe viel bessere Aufklarung betreiben. Diese Aufklarungsflugzeuge wurden spater mit Maschinengewehren und Bomben ausgerustet und schliesslich zu Sturzkampfbombern weiterentwickelt.;;Con pequenas maquinas voladoras en las torretas, el barco podia realizar un reconocimiento mucho mejor. Despues, se equiparia a esta aviacion con ametralladoras y bombas, y mas tarde se convertirian en bombarderos en picado.;x;;;;;;;;;;;;;;;;;;;;;;;;;;;;;;;;;;;;;;;;;;;;
gun_hydraulics;Гидравлика пушки;Hydraulique d'artillerie;Geschutzhydraulik;;Hidraulica ca?;x;;;;;;;;;;;;;;;;;;;;;;;;;;;;;;;;;;;;;;;;;;;;
gun_hydraulics_desc;Благодаря использованию гидравлики орудийные башни можно было перемещать быстрее, и, таким образом, прицеливание занимало меньше времени, но также можно было механизировать систему перезарядки с помощью гидравлики, что увеличивало скорость стрельбы.;En utilisant un systeme hydraulique, on a pu accelerer le systeme de pointage et le rechargement des pieces de tourelles pouvait etre mecanis?avec une cadence de tir plus rapide.;Durch die Ausrustung mit Hydrauliksystemen konnten sich Geschutzturme schneller drehen, was die Zielerfassungsdauer reduzierte. Durch die Mechanisierung des Ladesystems mit Hydraulik konnte auch die Feuergeschwindigkeit erhoht werden.;;La adicion de elementos hidraulicos a las torres de artilleria permiti?que se movieran mas rapido y, por tanto, llevara menos tiempo apuntar, pero la hidraulica tambien podia mecanizar el sistema de recarga, lo que aceler?la velocidad de disparo.;x;;;;;;;;;;;;;;;;;;;;;;;;;;;;;;;;;;;;;;;;;;;;
heavy_armour_plates;Тяжелые броневые пластины;Blindage epais;Schwere Panzerplatten;;Planchas blind. pes.;x;;;;;;;;;;;;;;;;;;;;;;;;;;;;;;;;;;;;;;;;;;;;
heavy_armour_plates_desc;Добавление на корабль дополнительных тяжелых броневых пластин не только улучшило его защиту, но и обеспечило дополнительную защиту от специальных средств поражения, таких как бронебойные снаряды и торпеды.;En ajoutant du blindage lourd ?un navire, on a pu accroitre sa protection generale et introduire une protection specialisee contre les torpilles et les projectiles perforants.;Durch die Ausrustung von Schiffen mit schweren Panzerplatten wurde nicht nur deren allgemeiner Schutz erhoht, sondern auch die Widerstandsfahigkeit gegen Spezialprojektile wie panzerbrechende Granaten und Torpedos verbessert.;;La adicion de planchas de blindaje pesado al barco no solo lo protegia mejor, sino que lo hacia tambien contra artilleria especial, como los proyectiles perforantes o los torpedos.;x;;;;;;;;;;;;;;;;;;;;;;;;;;;;;;;;;;;;;;;;;;;;
large_hull_form;Большая форма корпуса;Coque large;Grosser Schiffsrumpf;;Mayor forma casco;x;;;;;;;;;;;;;;;;;;;;;;;;;;;;;;;;;;;;;;;;;;;;
large_hull_form_desc;Сделав корпус больше и шире, корабль можно было оснастить более крупными орудиями и более крупными механизмами без потери устойчивости. Более совершенные двигатели также компенсировали возросший вес корабля.;En construisant des coques plus vastes et plus larges, on a pu equiper les navires de canons plus lourds et augmenter la taille des machines sans nuire ?leur stabilit? Les moteurs plus puissants compensaient l'excedent de poids.;Durch die Vergrosserung und Verbreiterung des Schiffsrumpfes konnten Schiffe mit grosserkalibrigen Geschutzen und starkeren Antriebssystemen ausgerustet werden, ohne dadurch Stabilitat einzubussen. Die besseren Motoren kompensierten auch das erhohte Gesamtgewicht der Schiffe.;;Hacer el casco mayor y mas ancho permitia que el barco se equipara con canones mayores, y tambien mayor maquinaria, sin perder estabilidad. La mejora de los motores tambien compens?el mayor peso del barco.;x;;;;;;;;;;;;;;;;;;;;;;;;;;;;;;;;;;;;;;;;;;;;
modern_naval_design;Современный военно-морской дизайн;Technologie navale moderne;Moderne Marine-Entwicklung;;Diseno naval moderno;x;;;;;;;;;;;;;;;;;;;;;;;;;;;;;;;;;;;;;;;;;;;;
modern_naval_design_desc;Современный военно-морской дизайн;Technologie navale moderne;Moderne Marine-Entwicklung;;Diseno naval moderno;x;;;;;;;;;;;;;;;;;;;;;;;;;;;;;;;;;;;;;;;;;;;;
wireless;Беспроводной;Technologie sans fil;Drahtlose Kommunikation;;Telegrafia sin hilos;x;;;;;;;;;;;;;;;;;;;;;;;;;;;;;;;;;;;;;;;;;;;;
wireless_desc;Важным достижением в военно-морской войне в начале 20-го века стала беспроводная связь, или радиосвязь. Это позволило военно-морскому штабу связываться с флотами в море для отдачи обновленных приказов, а также позволило адмиралам гораздо эффективнее связываться с отдельными военными кораблями в своих флотах по сравнению со старыми методами, такими как сигнальные флаги. Однако одним из недостатков беспроводной связи было то, что противник также мог прослушивать беспроводную связь, и вскоре основные флоты создали организации для сбора ценных разведданных из вражеских коммуникаций.;Un developpement important dans la guerre navale du debut du 20eme siecle a et?la communication sans fil, ou radiocommunication. Cela a permis au quartier general de la marine de communiquer avec les flottes en mer afin d'actualiser les ordres, et a egalement permis aux amiraux de communiquer beaucoup plus efficacement avec les navires de guerre individuellement dans leurs flottes, en comparaison d'avec les anciennes methodes comme les pavillons de signalisation. Toutefois, un inconvenient du sans fil est qu'il est egalement possible pour l'ennemi d'ecouter les communications, et bientot les marines majeures etabliraient des organisations pour glaner de precieux renseignements des communications ennemies. ;Eine wichtige Entwicklung in der Seekriegsfuhrung des fruhen 20. Jahrhunderts war die drahtlose Kommunikation mit Funkgeraten. Dank dieser Innovation konnten die Oberkommandos der Seestreitkrafte ihre Flotten auf hoher See erreichen und ihnen neue Befehle ubermitteln. Ausserdem konnten Admirale im Vergleich zum veralteten Signalflaggensystem nun mit einzelnen Kriegsschiffen in ihren Flotten effizienter kommunizieren. Ein Nachteil der drahtlosen Kommunikation war jedoch, dass sie vom Feind mitgehort werden konnte. Viele grosse Seestreitkrafte stellten deshalb schon bald Spezialabteilungen zum Abfangen des feindlichen Funkverkehrs auf.;;Un hito en la guerra naval de comienzos del siglo XX fue la telegrafia sin hilos, o radiocomunicacion. Esto permitia que los altos mandos navales se comunicaran con las flotas en alta mar para actualizar sus ordenes y que los almirantes dieran ordenes de manera mucho mas eficaz a los buques individuales de su flota, en comparacion con los metodos mas arcaicos, como las banderas de senales. Sin embargo, una desventaja de la telegrafia sin hilos era que el enemigo tambien podia escuchar las comunicaciones, por lo que, al poco tiempo, todas las marinas importantes formarian organizaciones encaminadas a extraer valiosa informacion de ellas.;x;;;;;;;;;;;;;;;;;;;;;;;;;;;;;;;;;;;;;;;;;;;;
advanced_fire_control;Расширенное управление огнем;Conduite de tir avancee;Fortschrittliche Feuerleitsysteme;;Control de fuego avanzado;x;;;;;;;;;;;;;;;;;;;;;;;;;;;;;;;;;;;;;;;;;;;;
advanced_fire_control_desc;Достижения в области основного вооружения и строительства военных кораблей привели к появлению крупных кораблей с большим количеством и большими главными орудиями, способными стрелять снарядами на большие расстояния. Становилось все более важным одновременно разрабатывать передовые методы измерения мест падения снарядов и выводить из этих наблюдений точные измерения того, куда следует нацеливать главные орудия, чтобы поразить вражеские военные корабли.;Les progres de l'armement principal et de la construction navale militaire ont entrain?des navires de guerre avec plus et de plus grands armements, capable de tirer des obus sur de grandes distances. Il est devenu ainsi primordial de developper simultanement des methodes avancees pour mesurer o?les obus tombaient et decoulant de ces observations precises, de l'endroit o?les canons principaux devaient tirer pour atteindre avec succes les navires ennemis. ;Fortschritte bei der Hauptbewaffnung und dem Kriegsschiffsbau fuhrten zum Bau von Grosskampfschiffen mit mehr und grosskalibrigeren Geschutzen, die den Feind uber grosse Distanzen hinweg beschiessen konnten. Es wurde zunehmend wichtiger, gleichzeitig auch fortschrittliche Berechnungsmethoden dafur zu entwickeln, wo abgeschossene Granaten landeten, und mit diesen Daten die genaue Geschutzausrichtung zum Beschuss feindlicher Kriegsschiffe zu ermitteln.;;Los avances en el armamento principal y en la construccion de buques de guerra produjeron la aparicion de barcos con canones mas grandes y numerosos, capaces de disparar sus salvas sobre distancias cada vez mayores. De este modo, se hizo cada vez mas importante desarrollar de manera simultanea metodos para determinar donde caian las salvas y extraer de estas observaciones pautas precisas de disparo para alcanzar a los buques enemigos.;x;;;;;;;;;;;;;;;;;;;;;;;;;;;;;;;;;;;;;;;;;;;;
15_inch_main_armament;15-дюймовое основное орудие;Armement principal de 15 pouces;15-Zoll-Hauptgeschutze;;Canones de 15 pulgadas;x;;;;;;;;;;;;;;;;;;;;;;;;;;;;;;;;;;;;;;;;;;;;
15_inch_main_armament_desc;Основное вооружение первых дредноутов в большинстве случаев состояло из 12-дюймовых или 13,5-дюймовых орудий, но современные флоты вскоре начали желать иметь основное вооружение большего калибра. Это привело к тому, что более поздние линкоры были вооружены 15-дюймовыми или 16-дюймовыми главными орудиями, которые имели значительно большую разрушительную силу и дальность, чем их предшественники.;L'armement principal des premiers dreadnought consistait dans la plupart des cas ?des canons de 12 pouces ou de 13,5 pouces, mais les marines modernes ne tarderent pas ?desirer un plus gros calibre en armement principal. Il en resulta des cuirasses sur le tard, armes de canons principaux de 15 pouces ou de 16 pouces, qui avaient nettement plus de puissance destructrice et de portee que leurs predecesseurs. ;Die Hauptbewaffnung der ersten Dreadnoughts bestand meistens aus 12- oder 13,5-Zoll-Geschutzen, moderne Seestreitkrafte verlangte es aber schon bald nach einer grosskalibrigeren Hauptbewaffnung. Dies fuhrte dazu, dass spatere Schlachtschiffe mit 15- oder 16-Zoll-Hauptgeschutzen bewaffnet wurden, die weitaus grossere Zerstorungskraft und Reichweite als ihre Vorganger hatten.;;El armamento principal de los primeros acorazados solia consistir en canones de 12 o incluso 13,5 pulgadas, pero las marinas modernas no tardaron en desear canones aun mayores. El resultado fue que los acorazados posteriores se armaron con canones de 15 ?16 pulgadas, cuyo alcance y capacidad de destruccion eran significativamente mas grandes que los de sus predecesores.;x;;;;;;;;;;;;;;;;;;;;;;;;;;;;;;;;;;;;;;;;;;;;
alphabetic_flag_signaling;Алфавитная сигнализация флагами;Pavillons de signalisation;Flaggenalphabet;;Senaliz. alfab. banderas;x;;;;;;;;;;;;;;;;;;;;;;;;;;;;;;;;;;;;;;;;;;;;
alphabetic_flag_signaling_desc;Алфавитная сигнализация флагами;Pavillons de signalisation;Flaggenalphabet;;Senaliz. alfab. banderas;x;;;;;;;;;;;;;;;;;;;;;;;;;;;;;;;;;;;;;;;;;;;;
naval_plans;Военно-морские планы;Plans de campagne navale;Marineplane;;Planes navales;x;;;;;;;;;;;;;;;;;;;;;;;;;;;;;;;;;;;;;;;;;;;;
naval_plans_desc;Военно-морские планы;Plans de campagne navale;Marineplane;;Planes navales;x;;;;;;;;;;;;;;;;;;;;;;;;;;;;;;;;;;;;;;;;;;;;
night_training;Ночные тренировки;Entrainement nocturne;Nachtmanover;;Entren. noct.;x;;;;;;;;;;;;;;;;;;;;;;;;;;;;;;;;;;;;;;;;;;;;
night_training_desc;Благодаря тренировкам крупных соединений в ночное время повысилась эффективность действий военно-морских подразделений в суровых условиях, а также повысилась готовность командиров ВМС к особым тактическим ситуациям ночью или в тумане.;L'entrainement de nuit de vastes formations a permis d'ameliorer les performances des unites navales en conditions difficiles. Les commandants ont aussi pu s'habituer aux conditions tactiques particulieres de la nuit et du brouillard.;Nachtmanover mit grossen Schiffsverbanden steigerten die Leistungsfahigkeit der Marineeinheiten unter harten Bedingungen und bereiteten Marinekommandeure besser auf die besonderen taktischen Bedingungen in der Nacht und bei Nebel vor.;;El entrenamiento de grandes formaciones por la noche mejor?la actuacion de las unidades navales bajo condiciones adversas e hizo que los lideres navales se acostumbraran mejor a las situaciones tacticas nocturnas o con niebla.;x;;;;;;;;;;;;;;;;;;;;;;;;;;;;;;;;;;;;;;;;;;;;
enemy_plotting_cards;Карты заговоров противника;Fiches d'identification de l'ennemi;Feindschiffskarten;;Planos diseno enemigo;x;;;;;;;;;;;;;;;;;;;;;;;;;;;;;;;;;;;;;;;;;;;;
enemy_plotting_cards_desc;Эти карты содержали полную производительность и изображение каждого класса вражеских кораблей. Это облегчало понимание того, с чем сражается корабль, какова его максимальная скорость, его основное вооружение и т. д. Это значительно облегчало принятие решений как на мостике, так и на боевых постах.;Ces fiches detenaient toutes les caracteristiques et l'image de la classe de chaque navire ennemie. C'etait une facilit?de savoir contre quoi on se battait, sa vitesse maximale, son armement principal, etc. Cela rendait beaucoup plus facile de prendre des decisions ?la fois sur le pont et dans les postes de combat.;Diese bebilderten Karten zeigten samtliche Leistungsdaten aller feindlichen Schiffsklassen. So konnte man einfach ermitteln, welchen Gegner man vor sich hatte, was seine Maximalgeschwindigkeit und Hauptbewaffnung war usw. Dies erleichterte die Entscheidungsfindung auf der Brucke und auf den Kampfstationen ungemein.;;Estas cartas contenian imagenes y caracteristicas de cada tipo de nave enemiga. Esto hizo mas sencillo saber contra qu?se luchaba, qu?velocidad maxima tenia, cual era su armamento principal, etc. Facilit?enormemente la toma de decisiones, tanto en el puente como en los puestos de combate.;x;;;;;;;;;;;;;;;;;;;;;;;;;;;;;;;;;;;;;;;;;;;;
target_hit_profile_analysis;Анализ профиля попадания в цель;Analyse de profil de cible;Beschussanalyse;;Anal. perfil obj. para impacto;x;;;;;;;;;;;;;;;;;;;;;;;;;;;;;;;;;;;;;;;;;;;;
target_hit_profile_analysis_desc;Это был анализ характеристик вражеской цели, чтобы определить, куда бить и каким типом боеприпасов добиться наилучшего эффекта.;Il s'agissait des analyses des caracteristiques des unites ennemies, permettant de savoir o?tirer et avec quel type de munitions pour obtenir un effet maximal.;Diese Analyse studierte die Eigenschaften von Feindzielen, um die optimalen Trefferbereiche und den bestgeeignetsten Munitionstyp zu ermitteln.;;Era un analisis de las caracteristicas del objetivo enemigo para ver donde golpear y con qu?tipo de municion con el fin de obtener el mayor efecto.;x;;;;;;;;;;;;;;;;;;;;;;;;;;;;;;;;;;;;;;;;;;;;
naval_statistics;Военно-морская статистика;Statistiques navales;Marinestatistik;;Estadisticas navales;x;;;;;;;;;;;;;;;;;;;;;;;;;;;;;;;;;;;;;;;;;;;;
naval_statistics_desc;Военно-морская статистика;Statistiques navales;Marinestatistik;;Estadisticas navales;x;;;;;;;;;;;;;;;;;;;;;;;;;;;;;;;;;;;;;;;;;;;;
hit_evaluation_reports;Отчеты об оценке попаданий;Rapport d'evaluation de tir;Trefferberichte;;Informes eval. impactos;x;;;;;;;;;;;;;;;;;;;;;;;;;;;;;;;;;;;;;;;;;;;;
hit_evaluation_reports_desc;Благодаря внедрению системы, при которой по крайней мере один человек у каждого орудия и передовые наблюдатели сообщали о последствиях заградительного огня, вероятность попадания значительно возросла.;On a pu ameliorer la precision des tirs d'artillerie en instaurant un systeme permettant de transmettre ?toutes les pieces, et meme ?d'autres postes, les informations sur les effets des tirs precedents.;Durch die Einfuhrung eines Systems, bei dem mindestens ein Mitglied jeder Geschutzmannschaft und vorgeschobene Beobachter die Effekte von Beschussen berichtete, wurde die Trefferquote deutlich erhoht.;;Al introducir un sistema en el que hubiera al menos un hombre en cada canon y exploradores que informasen de los efectos de las descargas, la probabilidad de impactar aument?considerablemente.;x;;;;;;;;;;;;;;;;;;;;;;;;;;;;;;;;;;;;;;;;;;;;
empirical_interdiction_reports;Отчеты об эмпирических запретах;Rapports empiriques d'interception;Empirische Abriegelungsberichte;;Informes intercepcion empirica;x;;;;;;;;;;;;;;;;;;;;;;;;;;;;;;;;;;;;;;;;;;;;
empirical_interdiction_reports_desc;Измеряя волнение, скорость как вражеских, так и дружественных кораблей, а также предыдущее поведение противника, можно было оптимизировать место и время для перехвата противника, а также получить реалистичный прогноз возможных перехватов противника.;En mesurant le pied marin (distance en mille marin) et la vitesse ?la fois des navires ennemis et des navires amis et le comportement anterieur de l'adversaire. Il a et?possible d'optimiser o?et quand intercepter l'ennemi et aussi pour obtenir des previsions realistes des possibles interceptions de l'ennemi.;Durch die Ausmessung von Einsatzreichweiten und der Geschwindigkeit von feindlichen wie eigenen Schiffen sowie der Berucksichtigung des fruheren Feindverhaltens war es moglich, optimale Abriegelungspunkte zu ermitteln und auch die Positionen moglicher feindlicher Abriegelungsversuche realistisch vorauszubestimmen.;;Al evaluar el movimiento y la velocidad tanto de barcos enemigos como aliados, y el comportamiento anterior del enemigo, era posible aventurar donde y cuando bloquearlo. Ademas, tambien se podria realizar una prediccion realista de posibles intercepciones enemigas.;x;;;;;;;;;;;;;;;;;;;;;;;;;;;;;;;;;;;;;;;;;;;;
naval_strike_success_criterium;Критерий успеха морского удара;Critere de reussite d'une frappe navale;Marineeinsatz-Erfolgskriterien;;Criterio exito de ataque naval;x;;;;;;;;;;;;;;;;;;;;;;;;;;;;;;;;;;;;;;;;;;;;
naval_strike_success_criterium_desc;Измеряя волнение, скорость как вражеских, так и дружественных кораблей, а также предыдущее поведение противника, можно было оптимизировать место и время нанесения удара по противнику, а также получить реалистичный прогноз возможных ударов противника.;En mesurant le pied marin (distance en mille marin) et la vitesse ?la fois des navires ennemis et des navires amis et le comportement anterieur de l'adversaire. Il a et?possible d'optimiser o?et quand frapper l'ennemi et aussi pour obtenir des previsions realistes des possibles frappes de l'ennemi.;Durch die Ausmessung von Einsatzreichweiten und der Geschwindigkeit von feindlichen wie eigenen Schiffen sowie der Berucksichtigung des fruheren Feindverhaltens war es moglich, optimale Angriffszeitpunkte und -positionen zu ermitteln und auch mogliche feindliche Angriffe realistisch vorauszubestimmen.;;Al evaluar el movimiento y la velocidad tanto de barcos enemigos como aliados, y el comportamiento anterior del enemigo, era posible aventurar donde y cuando atacarlo. Ademas, tambien se podria realizar una prediccion realista de posibles ataques enemigos.;x;;;;;;;;;;;;;;;;;;;;;;;;;;;;;;;;;;;;;;;;;;;;
naval_logistics;Военно-морская логистика;Logistique navale;Marinelogistik;;Logistica naval;x;;;;;;;;;;;;;;;;;;;;;;;;;;;;;;;;;;;;;;;;;;;;
naval_logistics_desc;Военно-морская логистика;Logistique navale;Marinelogistik;;Logistica naval;x;;;;;;;;;;;;;;;;;;;;;;;;;;;;;;;;;;;;;;;;;;;;
underway_refueling;Идет заправка;Ravitaillement en mer;Hochseebetankung;;Repostado en ruta;x;;;;;;;;;;;;;;;;;;;;;;;;;;;;;;;;;;;;;;;;;;;;
underway_refueling_desc;Благодаря использованию специальных судов снабжения военно-морские подразделения могли пополнять запасы в море и, таким образом, значительно повышать свою выносливость.;En utilisant des navires logistiques specialises, les unites navales ont pu se ravitailler ?la mer et augmenter considerablement la duree de leurs operations.;Durch die Einfuhrung spezieller Versorgungsschiffe konnten Marineeinheiten ihren Nachschub auf hoher See auffullen und dementsprechend deutlich langere Einsatze fahren.;;La introduccion de barcos especiales de abastecimiento hizo que las unidades navales pudieran repostar durante la travesia y as?mejorar enormemente su aguante.;x;;;;;;;;;;;;;;;;;;;;;;;;;;;;;;;;;;;;;;;;;;;;
ammunition_conservation_system;Система сохранения боеприпасов;Economie des munitions;Munitions-Einsparsystem;;Sistema conservacion municion;x;;;;;;;;;;;;;;;;;;;;;;;;;;;;;;;;;;;;;;;;;;;;
ammunition_conservation_system_desc;Это было сочетание предварительно измеренной скорости стрельбы и дифференциаторов зоны поражения. Это позволило орудию вести оптимизированный огонь, чтобы получить наилучшую картину поражения при наименьшем расходе боеприпасов.;En combinant les mesures de cadence de tir et les differentiels de zones d'impact, on a pu optimiser les tirs et ameliorer le rapport efficacit?depense en munitions.;Dies war die Kombination aus vorausberechneter Feuergeschwindigkeit und Trefferbereichsermittlung. Dieses System ermoglichte Geschutzen, mit geringstmoglichem Munitionsverbrauch bestmogliche Treffer zu erzielen.;;Era la combinacion de una velocidad predispuesta de disparo y de diferenciadores de impacto de area. Permitia al canon disparar de manera optimizada para as?obtener los mejores impactos con la menor cantidad de municion.;x;;;;;;;;;;;;;;;;;;;;;;;;;;;;;;;;;;;;;;;;;;;;
radio_telegraphy;Радиотелеграфия;Radiotelegraphie;Funktelegrafie;;Radiotelegrafia;x;;;;;;;;;;;;;;;;;;;;;;;;;;;;;;;;;;;;;;;;;;;;
pre_war_small_armament;Довоенное стрелковое вооружение;Pre-War Defence;Pre-War Defence;;Pre-War Defence;x;;;;;;;;;;;;;;;;;;;;;;;;;;;;;;;;;;;;;;;;;;;;
great_war_heavy_armament;Тяжелое вооружение Первой мировой войны;Pre-War Defence;Pre-War Defence;;Pre-War Defence;x;;;;;;;;;;;;;;;;;;;;;;;;;;;;;;;;;;;;;;;;;;;;
main_field_operating_base;Основная полевая оперативная база;Pre-War Defence;Pre-War Defence;;Pre-War Defence;x;;;;;;;;;;;;;;;;;;;;;;;;;;;;;;;;;;;;;;;;;;;;
revamped_light_weaponry;Модернизированное легкое вооружение;Pre-War Defence;Pre-War Defence;;Pre-War Defence;x;;;;;;;;;;;;;;;;;;;;;;;;;;;;;;;;;;;;;;;;;;;;
modern_light_armament;Современное легкое вооружение;Pre-War Defence;Pre-War Defence;;Pre-War Defence;x;;;;;;;;;;;;;;;;;;;;;;;;;;;;;;;;;;;;;;;;;;;;
modern_troop_heirarchy;Современная иерархия войск;Pre-War Defence;Pre-War Defence;;Pre-War Defence;x;;;;;;;;;;;;;;;;;;;;;;;;;;;;;;;;;;;;;;;;;;;;
redesigned_heavy_ordnance;Переработанная тяжелая артиллерия;Pre-War Defence;Pre-War Defence;;Pre-War Defence;x;;;;;;;;;;;;;;;;;;;;;;;;;;;;;;;;;;;;;;;;;;;;
modern_heavy_armament;Современное тяжелое вооружение;Pre-War Defence;Pre-War Defence;;Pre-War Defence;x;;;;;;;;;;;;;;;;;;;;;;;;;;;;;;;;;;;;;;;;;;;;
heavy_arms_cyber_integration;Киберинтеграция тяжелого вооружения;Pre-War Defence;Pre-War Defence;;Pre-War Defence;x;;;;;;;;;;;;;;;;;;;;;;;;;;;;;;;;;;;;;;;;;;;;
advanced_aerodynamics;Продвинутая аэродинамика;Pre-War Defence;Pre-War Defence;;Pre-War Defence;x;;;;;;;;;;;;;;;;;;;;;;;;;;;;;;;;;;;;;;;;;;;;
military_cyber_intregration;Военная киберинтеграция;Pre-War Defence;Pre-War Defence;;Pre-War Defence;x;;;;;;;;;;;;;;;;;;;;;;;;;;;;;;;;;;;;;;;;;;;;
combined_arms_maneuver;Маневр комбинированных войск;Pre-War Defence;Pre-War Defence;;Pre-War Defence;x;;;;;;;;;;;;;;;;;;;;;;;;;;;;;;;;;;;;;;;;;;;;
overhauled_military_education;Реформированное военное образование;Pre-War Defence;Pre-War Defence;;Pre-War Defence;x;;;;;;;;;;;;;;;;;;;;;;;;;;;;;;;;;;;;;;;;;;;;
modern_military_management;Современное военное управление;Pre-War Defence;Pre-War Defence;;Pre-War Defence;x;;;;;;;;;;;;;;;;;;;;;;;;;;;;;;;;;;;;;;;;;;;;
cyber_integrated_training;Киберинтегрированное обучение;Pre-War Defence;Pre-War Defence;;Pre-War Defence;x;;;;;;;;;;;;;;;;;;;;;;;;;;;;;;;;;;;;;;;;;;;;
military_cyber_integration;Военная киберинтеграция;Pre-War Defence;;Pre-War Defence;x;;;;;;;;;;;;;;;;;;;;;;;;;;;;;;;;;;;;;;;;;;;;;
fox_hole;Лисья нора;Pre-War Defence;Pre-War Defence;;Pre-War Defence;x;;;;;;;;;;;;;;;;;;;;;;;;;;;;;;;;;;;;;;;;;;;;
trench_system;Система траншей;Pre-War Defence;Pre-War Defence;;Pre-War Defence;x;;;;;;;;;;;;;;;;;;;;;;;;;;;;;;;;;;;;;;;;;;;;
barbed_wire;Колючая проволока;Pre-War Defence;Pre-War Defence;;Pre-War Defence;x;;;;;;;;;;;;;;;;;;;;;;;;;;;;;;;;;;;;;;;;;;;;
electric_fence;Электрический забор;Pre-War Defence;Pre-War Defence;;Pre-War Defence;x;;;;;;;;;;;;;;;;;;;;;;;;;;;;;;;;;;;;;;;;;;;;
bunker;Бункер;Pre-War Defence;Pre-War Defence;;Pre-War Defence;x;;;;;;;;;;;;;;;;;;;;;;;;;;;;;;;;;;;;;;;;;;;;
pillbox;Дот;Pre-War Defence;Pre-War Defence;;Pre-War Defence;x;;;;;;;;;;;;;;;;;;;;;;;;;;;;;;;;;;;;;;;;;;;;
dragon's_teeth;Зубы Дракона;Pre-War Defence;Pre-War Defence;;Pre-War Defence;x;;;;;;;;;;;;;;;;;;;;;;;;;;;;;;;;;;;;;;;;;;;;
casemate;Каземат;Pre-War Defence;Pre-War Defence;;Pre-War Defence;x;;;;;;;;;;;;;;;;;;;;;;;;;;;;;;;;;;;;;;;;;;;;
industrialised_armament_industry;Индустриализированная военная промышленность;Pre-War Defence;Pre-War Defence;Pre-War Defence;;Pre-War Defence;x;;;;;;;;;;;;;Casemate;Pre-War Defence;Pre-War Defence;;Pre-War Defence;;;;;;;;;x;;;;;Pre-War Defence;Pre-War Defence;;Pre-War Defence;;;;;;;;;x
drilling_rig;Буровая установка;Pre-War Defence;Pre-War Defence;;Pre-War Defence;x;;;;;;;;;;;;;;;;;;;;;;;;;;;;;;;;;;;;;;;;;;;;
science_of_logic;Наука логики;Pre-War Defence;Pre-War Defence;;Pre-War Defence;x;;;;;;;;;;;;;;;;;;;;;;;;;;;;;;;;;;;;;;;;;;;;
flak_tower;Зенитная башня;Pre-War Defence;Pre-War Defence;;Pre-War Defence;x;;;;;;;;;;;;;;;;;;;;;;;;;;;;;;;;;;;;;;;;;;;;
computerised_targeting_system;Компьютеризированная система наведения;Pre-War Defence;Pre-War Defence;;Pre-War Defence;x;;;;;;;;;;;;;;;;;;;;;;;;;;;;;;;;;;;;;;;;;;;;
czech_hedgehog;Чешский ёжик;Pre-War Defence;Pre-War Defence;;Pre-War Defence;x;;;;;;;;;;;;;;;;;;;;;;;;;;;;;;;;;;;;;;;;;;;;
revised_strength_gradient;Измененный градиент прочности;Pre-War Defence;Pre-War Defence;;Pre-War Defence;x;;;;;;;;;;;;;;;;;;;;;;;;;;;;;;;;;;;;;;;;;;;;
forward_operating_base;Передовая оперативная база;Pre-War Defence;Pre-War Defence;;Pre-War Defence;x;;;;;;;;;;;;;;;;;;;;;;;;;;;;;;;;;;;;;;;;;;;;
tactical_operations_centre;Центр тактических операций;Pre-War Defence;Pre-War Defence;;Pre-War Defence;x;;;;;;;;;;;;;;;;;;;;;;;;;;;;;;;;;;;;;;;;;;;;
cooperative_security_location;Расположение кооперативной безопасности;Pre-War Defence;Pre-War Defence;;Pre-War Defence;x;;;;;;;;;;;;;;;;;;;;;;;;;;;;;;;;;;;;;;;;;;;;
hesco_bastion;Хеско Бастион;Pre-War Defence;Pre-War Defence;;Pre-War Defence;x;;;;;;;;;;;;;;;;;;;;;;;;;;;;;;;;;;;;;;;;;;;;
bremer_wall;Бремер Уолл;Pre-War Defence;Pre-War Defence;;Pre-War Defence;x;;;;;;;;;;;;;;;;;;;;;;;;;;;;;;;;;;;;;;;;;;;;
battlespace_digitisation;Оцифровка боевого пространства;Pre-War Defence;Pre-War Defence;;Pre-War Defence;x;;;;;;;;;;;;;;;;;;;;;;;;;;;;;;;;;;;;;;;;;;;;
field_training;Полевая подготовка;Pre-War Defence;Pre-War Defence;;Pre-War Defence;x;;;;;;;;;;;;;;;;;;;;;;;;;;;;;;;;;;;;;;;;;;;;
tactical_training;Тактическая подготовка;Pre-War Defence;Pre-War Defence;;Pre-War Defence;x;;;;;;;;;;;;;;;;;;;;;;;;;;;;;;;;;;;;;;;;;;;;
great_war_field_training;Полевая подготовка времен Великой войны;Pre-War Defence;Pre-War Defence;;Pre-War Defence;x;;;;;;;;;;;;;;;;;;;;;;;;;;;;;;;;;;;;;;;;;;;;
great_war_tactical_training;Тактическая подготовка времен Первой мировой войны;Pre-War Defence;Pre-War Defence;;Pre-War Defence;x;;;;;;;;;;;;;;;;;;;;;;;;;;;;;;;;;;;;;;;;;;;;
tank_desant;Десант танка;Pre-War Defence;Pre-War Defence;;Pre-War Defence;x;;;;;;;;;;;;;;;;;;;;;;;;;;;;;;;;;;;;;;;;;;;;
schwerpunkt;Главное направление удара;Pre-War Defence;Pre-War Defence;;Pre-War Defence;x;;;;;;;;;;;;;;;;;;;;;;;;;;;;;;;;;;;;;;;;;;;;
blitzkrieg;Блицкриг;Pre-War Defence;Pre-War Defence;;Pre-War Defence;x;;;;;;;;;;;;;;;;;;;;;;;;;;;;;;;;;;;;;;;;;;;;
revised_field_training;Пересмотренная полевая подготовка;Pre-War Defence;Pre-War Defence;;Pre-War Defence;x;;;;;;;;;;;;;;;;;;;;;;;;;;;;;;;;;;;;;;;;;;;;
revised_tactical_training;Пересмотренная тактическая подготовка;Pre-War Defence;Pre-War Defence;;Pre-War Defence;x;;;;;;;;;;;;;;;;;;;;;;;;;;;;;;;;;;;;;;;;;;;;
modern_field_principles;Современные принципы полевых исследований;Pre-War Defence;Pre-War Defence;;Pre-War Defence;x;;;;;;;;;;;;;;;;;;;;;;;;;;;;;;;;;;;;;;;;;;;;
modern_tactical_protocol;Современный тактический протокол;Pre-War Defence;Pre-War Defence;;Pre-War Defence;x;;;;;;;;;;;;;;;;;;;;;;;;;;;;;;;;;;;;;;;;;;;;
modern_electronic_conduct;Современное электронное поведение;Pre-War Defence;Pre-War Defence;;Pre-War Defence;x;;;;;;;;;;;;;;;;;;;;;;;;;;;;;;;;;;;;;;;;;;;;
cyber_integrated_approach;Киберинтегрированный подход;Pre-War Defence;Pre-War Defence;;Pre-War Defence;x;;;;;;;;;;;;;;;;;;;;;;;;;;;;;;;;;;;;;;;;;;;;
bolt_action_rifle;Винтовка с продольно-скользящим затвором;Pre-War Defence;Pre-War Defence;;Pre-War Defence;x;;;;;;;;;;;;;;;;;;;;;;;;;;;;;;;;;;;;;;;;;;;;
portable_machine_guns;Переносные пулеметы;Pre-War Defence;Pre-War Defence;;Pre-War Defence;x;;;;;;;;;;;;;;;;;;;;;;;;;;;;;;;;;;;;;;;;;;;;
supressive_fire;Подавляющий огонь;Pre-War Defence;Pre-War Defence;;Pre-War Defence;x;;;;;;;;;;;;;;;;;;;;;;;;;;;;;;;;;;;;;;;;;;;;
hand_grenade;Ручная граната;Pre-War Defence;Pre-War Defence;;Pre-War Defence;x;;;;;;;;;;;;;;;;;;;;;;;;;;;;;;;;;;;;;;;;;;;;
land_mine;Наземная мина;Pre-War Defence;Pre-War Defence;;Pre-War Defence;x;;;;;;;;;;;;;;;;;;;;;;;;;;;;;;;;;;;;;;;;;;;;
rifle_grenade;Винтовочная граната;Pre-War Defence;Pre-War Defence;;Pre-War Defence;x;;;;;;;;;;;;;;;;;;;;;;;;;;;;;;;;;;;;;;;;;;;;
flamethrower;Огнемет;Pre-War Defence;Pre-War Defence;;Pre-War Defence;x;;;;;;;;;;;;;;;;;;;;;;;;;;;;;;;;;;;;;;;;;;;;
armour_support;Поддержка брони;Pre-War Defence;Pre-War Defence;;Pre-War Defence;x;;;;;;;;;;;;;;;;;;;;;;;;;;;;;;;;;;;;;;;;;;;;
close_air_support;Непосредственная поддержка с воздуха;Pre-War Defence;Pre-War Defence;;Pre-War Defence;x;;;;;;;;;;;;;;;;;;;;;;;;;;;;;;;;;;;;;;;;;;;;
reconnaissance_by_fire;Разведка огнем;Pre-War Defence;Pre-War Defence;;Pre-War Defence;x;;;;;;;;;;;;;;;;;;;;;;;;;;;;;;;;;;;;;;;;;;;;
assault_rifle;Штурмовая винтовка;Pre-War Defence;Pre-War Defence;;Pre-War Defence;x;;;;;;;;;;;;;;;;;;;;;;;;;;;;;;;;;;;;;;;;;;;;
shoulder_fired_missile;Ракета, запускаемая с плеча;Pre-War Defence;Pre-War Defence;;Pre-War Defence;x;;;;;;;;;;;;;;;;;;;;;;;;;;;;;;;;;;;;;;;;;;;;
minigun;Миниган;Pre-War Defence;Pre-War Defence;;Pre-War Defence;x;;;;;;;;;;;;;;;;;;;;;;;;;;;;;;;;;;;;;;;;;;;;
semi_automatic_sniper_rifle;Полуавтоматическая снайперская винтовка;Pre-War Defence;Pre-War Defence;;Pre-War Defence;x;;;;;;;;;;;;;;;;;;;;;;;;;;;;;;;;;;;;;;;;;;;;
modern_infantry_divisions;Современные пехотные дивизии;Pre-War Defence;Pre-War Defence;;Pre-War Defence;x;;;;;;;;;;;;;;;;;;;;;;;;;;;;;;;;;;;;;;;;;;;;
modern_infantry_logistics;Современная пехотная логистика;Pre-War Defence;Pre-War Defence;;Pre-War Defence;x;;;;;;;;;;;;;;;;;;;;;;;;;;;;;;;;;;;;;;;;;;;;
gun_field_artillery;Орудие полевой артиллерии;Pre-War Defence;Pre-War Defence;;Pre-War Defence;x;;;;;;;;;;;;;;;;;;;;;;;;;;;;;;;;;;;;;;;;;;;;
howitzer;Гаубица;Pre-War Defence;Pre-War Defence;;Pre-War Defence;x;;;;;;;;;;;;;;;;;;;;;;;;;;;;;;;;;;;;;;;;;;;;
mortar;Миномет;Pre-War Defence;Pre-War Defence;;Pre-War Defence;x;;;;;;;;;;;;;;;;;;;;;;;;;;;;;;;;;;;;;;;;;;;;
self_propelled_gun_artillery;Самоходная артиллерийская установка;Pre-War Defence;Pre-War Defence;;Pre-War Defence;x;;;;;;;;;;;;;;;;;;;;;;;;;;;;;;;;;;;;;;;;;;;;
creeping_barrage;Ползучий шквал;Pre-War Defence;Pre-War Defence;;Pre-War Defence;x;;;;;;;;;;;;;;;;;;;;;;;;;;;;;;;;;;;;;;;;;;;;
mounted_heavy_machine_gun;Установленный тяжелый пулемет;Pre-War Defence;Pre-War Defence;;Pre-War Defence;x;;;;;;;;;;;;;;;;;;;;;;;;;;;;;;;;;;;;;;;;;;;;
concentrated_fire;Концентрированный огонь;Pre-War Defence;Pre-War Defence;;Pre-War Defence;x;;;;;;;;;;;;;;;;;;;;;;;;;;;;;;;;;;;;;;;;;;;;
fire_for_effect;Огонь ради эффекта;Pre-War Defence;Pre-War Defence;;Pre-War Defence;x;;;;;;;;;;;;;;;;;;;;;;;;;;;;;;;;;;;;;;;;;;;;
revamped_light_howitzer;Модернизированная легкая гаубица;Pre-War Defence;Pre-War Defence;;Pre-War Defence;x;;;;;;;;;;;;;;;;;;;;;;;;;;;;;;;;;;;;;;;;;;;;
revamped_heavy_howitzer;Модернизированная тяжелая гаубица;Pre-War Defence;Pre-War Defence;;Pre-War Defence;x;;;;;;;;;;;;;;;;;;;;;;;;;;;;;;;;;;;;;;;;;;;;
modern_armoured_systems;Современные бронированные системы;Pre-War Defence;Pre-War Defence;;Pre-War Defence;x;;;;;;;;;;;;;;;;;;;;;;;;;;;;;;;;;;;;;;;;;;;;
modern_artillery_land_system;Современная артиллерийская наземная система;Pre-War Defence;Pre-War Defence;;Pre-War Defence;x;;;;;;;;;;;;;;;;;;;;;;;;;;;;;;;;;;;;;;;;;;;;
satellite_assisted_coordinates;Координаты, полученные со спутника;Pre-War Defence;Pre-War Defence;;Pre-War Defence;x;;;;;;;;;;;;;;;;;;;;;;;;;;;;;;;;;;;;;;;;;;;;
integrated_missile_guidance_system;Интегрированная система наведения ракет;Pre-War Defence;Pre-War Defence;;Pre-War Defence;x;;;;;;;;;;;;;;;;;;;;;;;;;;;;;;;;;;;;;;;;;;;;
gas_mask;Противогаз;Pre-War Defence;Pre-War Defence;;Pre-War Defence;x;;;;;;;;;;;;;;;;;;;;;;;;;;;;;;;;;;;;;;;;;;;;
phosgene;Фосген;Pre-War Defence;Pre-War Defence;;Pre-War Defence;x;;;;;;;;;;;;;;;;;;;;;;;;;;;;;;;;;;;;;;;;;;;;
tear_gas;Слезоточивый газ;Pre-War Defence;Pre-War Defence;;Pre-War Defence;x;;;;;;;;;;;;;;;;;;;;;;;;;;;;;;;;;;;;;;;;;;;;
mustard_gas;Горчичный газ;Pre-War Defence;Pre-War Defence;;Pre-War Defence;x;;;;;;;;;;;;;;;;;;;;;;;;;;;;;;;;;;;;;;;;;;;;
miltary_cyber_integration;Военная киберинтеграция;Pre-War Defence;Pre-War Defence;;Pre-War Defence;x;;;;;;;;;;;;;;;;;;;;;;;;;;;;;;;;;;;;;;;;;;;;
air_fighter;Воздушный Истребитель;Pre-War Defence;Pre-War Defence;;Pre-War Defence;x;;;;;;;;;;;;;;;;;;;;;;;;;;;;;;;;;;;;;;;;;;;;
air_bomber;Воздушный бомбардировщик;Pre-War Defence;Pre-War Defence;;Pre-War Defence;x;;;;;;;;;;;;;;;;;;;;;;;;;;;;;;;;;;;;;;;;;;;;
turboprop;Турбовинтовой;Pre-War Defence;Pre-War Defence;;Pre-War Defence;x;;;;;;;;;;;;;;;;;;;;;;;;;;;;;;;;;;;;;;;;;;;;
dogfight_group_tactics;Тактика группового ведения воздушного боя;Pre-War Defence;Pre-War Defence;;Pre-War Defence;x;;;;;;;;;;;;;;;;;;;;;;;;;;;;;;;;;;;;;;;;;;;;
radar_jammer;Постановщик помех радарам;Pre-War Defence;Pre-War Defence;;Pre-War Defence;x;;;;;;;;;;;;;;;;;;;;;;;;;;;;;;;;;;;;;;;;;;;;
vehicular_radio_system;Система автомобильной радиосвязи;Pre-War Defence;Pre-War Defence;;Pre-War Defence;x;;;;;;;;;;;;;;;;;;;;;;;;;;;;;;;;;;;;;;;;;;;;
critical_mass;Критическая масса;Pre-War Defence;Pre-War Defence;;Pre-War Defence;x;;;;;;;;;;;;;;;;;;;;;;;;;;;;;;;;;;;;;;;;;;;;
fission_weaponry;Оружие деления;Pre-War Defence;Pre-War Defence;;Pre-War Defence;x;;;;;;;;;;;;;;;;;;;;;;;;;;;;;;;;;;;;;;;;;;;;
fusion_weaponry;Термоядерное оружие;Pre-War Defence;Pre-War Defence;;Pre-War Defence;x;;;;;;;;;;;;;;;;;;;;;;;;;;;;;;;;;;;;;;;;;;;;
ballistic_missile_weaponry;Баллистическое ракетное вооружение;Pre-War Defence;Pre-War Defence;;Pre-War Defence;x;;;;;;;;;;;;;;;;;;;;;;;;;;;;;;;;;;;;;;;;;;;;
jet_engine;Реактивный двигатель;Pre-War Defence;Pre-War Defence;;Pre-War Defence;x;;;;;;;;;;;;;;;;;;;;;;;;;;;;;;;;;;;;;;;;;;;;
rotor_blades;Лопасти ротора;Pre-War Defence;Pre-War Defence;;Pre-War Defence;x;;;;;;;;;;;;;;;;;;;;;;;;;;;;;;;;;;;;;;;;;;;;
modern_telecommunication_system;Современная система телекоммуникаций;Pre-War Defence;Pre-War Defence;;Pre-War Defence;x;;;;;;;;;;;;;;;;;;;;;;;;;;;;;;;;;;;;;;;;;;;;
global_positioning_system;Глобальная система позиционирования;Pre-War Defence;Pre-War Defence;;Pre-War Defence;x;;;;;;;;;;;;;;;;;;;;;;;;;;;;;;;;;;;;;;;;;;;;
radio_telegraphy_desc;Внедрение радиотелеграфии произвело революцию в мобильности на море, поскольку кораблям больше не нужно было ждать приказов от других кораблей или подачи флаговых сигналов.;L'apparition de la radiotelegraphie a revolutionn?la mobilit?en mer, les navires n'ayant plus ?attendre qu'un autre navire ou des pavillons de signalisation leur communiquent leurs ordres.;Die Einfuhrung der Funktelegrafie revolutionierte die Mobilitat zur See, da Schiffe nicht mehr auf Befehle warten mussten, die von anderen Schiffe mit Flaggensignalen ubermittelt wurden.;;La introduccion de la radiotelegrafia revolucion?la movilidad en el mar, porque  los barcos ya no tenian que esperar ordenes provenientes de otros buques o de banderas de senalizacion.;x;;;;;;;;;;;;;;;;;;;;;;;;;;;;;;;;;;;;;;;;;;;;
naval_directionism;Военно-морской дирекционизм;Directivisme naval;Marinedirektionismus;;Dirigismo naval;x;;;;;;;;;;;;;;;;;;;;;;;;;;;;;;;;;;;;;;;;;;;;
naval_directionism_desc;Военно-морской дирекционизм;Directivisme naval;Marinedirektionismus;;Dirigismo naval;x;;;;;;;;;;;;;;;;;;;;;;;;;;;;;;;;;;;;;;;;;;;;
political_lobbying;Политическое лоббирование;Lobby politique;Politische Lobbyarbeit;;Presion politica;x;;;;;;;;;;;;;;;;;;;;;;;;;;;;;;;;;;;;;;;;;;;;
political_lobbying_desc;Имея высокопоставленных офицеров, обслуживающих политиков и являющихся экспертами в оборонных комиссиях, ВМС могли легко оказывать сильное влияние на политические решения, касающиеся политики обороны и безопасности.;Mettre en place des officiers de haut rang aupres des politiciens et dans les commissions de la defense a permis ?la marine d'influer lourdement sur les decisions politiques concernant la defense et la securit?nationale.;Durch den Kontakt hochrangiger Offiziere mit Politikern und Experten im Umgang mit Verteidigungsausschussen aus den eigenen Reihen konnte die Marine mit Leichtigkeit starken Einfluss auf politische Entscheidungen bezuglich Verteidigungsfragen und Sicherheitspolitik ausuben.;;Que hubiera oficiales superiores atendiendo a los politicos y expertos en las comisiones de defensa, etc., facilitaba que la Armada pudiera influir poderosamente en decisiones relativas a las politicas de defensa y seguridad.;x;;;;;;;;;;;;;;;;;;;;;;;;;;;;;;;;;;;;;;;;;;;;
military_political_decision_making;Принятие военно-политических решений;Prise de decision politico-militaire;Militarisch-politische Entscheidungsfindung;;Toma decisiones politico-militares;x;;;;;;;;;;;;;;;;;;;;;;;;;;;;;;;;;;;;;;;;;;;;
military_political_decision_making_desc;В военное время влиятельный флот, который долгое время лоббировал свои интересы, мог получить полный контроль не только над ведением войны, но и над управлением ресурсами страны. По сути, это можно было бы назвать Военной диктатурой, управляемой Адмиралтейством.;En temps de guerre, une influente marine qui fait fait pression depuis une longue periode, peut avoir le controle complet non seulement sur l'execution de la guerre, mais aussi sur la gestion des ressources du pays. Cela pourrait en fait etre appel?une dictature militaire regie par l'amiraut? ;Zu Kriegszeiten konnte eine einflussreiche Marine, die fur ihre Sache lange Zeit Lobbyarbeit geleistet hatte, nicht nur die vollige Kontrolle uber die Kriegsfuhrung ubernehmen, sondern auch uber die Ressourcenverwaltung des Landes. Dies konnte im Grunde eine Militardiktatur unter Fuhrung der Admiralitat genannt werden.;;En tiempos de guerra, una Armada influyente que hubiera presionado por sus intereses durante largo tiempo, podria conseguir un control absoluto no solo de la ejecucion de la guerra, sino de toda la gestion de los recursos del pais. Esto podia llamarse basicamente 'dictadura militar', dirigida por el Almirantazgo.;x;;;;;;;;;;;;;;;;;;;;;;;;;;;;;;;;;;;;;;;;;;;;
local_military_government;Местное военное управление;Administration militaire locale;Lokale Militarregierung;;Gobierno militar local;x;;;;;;;;;;;;;;;;;;;;;;;;;;;;;;;;;;;;;;;;;;;;
local_military_government_desc;В высоко милитаризованном обществе или в обычном обществе в состоянии войны часто требовались не только советы по военно-гражданскому сотрудничеству на местном уровне, но иногда и большинство местных органов власти могли быть назначены офицерами. Это означало не только сильный военный контроль, но и то, что мощь ВМС непропорционально увеличивалась по сравнению с другими правительственными агентствами.;Dans une societ?fortement militarisee, ou une societ?normale en guerre, il est souvent necessaire, non seulement d'avoir la cooperation civilo-militaire au niveau local, mais parfois d'avoir dans l'administration locale des officiers en poste. Cela signifie non seulement un fort controle militaire, mais aussi que la puissance de la Marine peut augmenter de maniere disproportionnee par rapport ?d'autres agences gouvernementales. ;In einer stark militarisierten Gesellschaft bzw. einer normalen Gesellschaft im Krieg wurden militarisch-zivile Kooperationsausschusse nicht nur auf lokaler Ebene benotigt - manchmal bestanden lokale Regierungen sogar fast ausschliesslich aus Offizieren. Dies bedeutete nicht nur starke militarische Kontrolle, sondern auch, dass die Macht der Marine unproportional grosser war als die anderer behordlicher Einrichtungen.;;En una sociedad fuertemente militarizada, o en una sociedad normal en guerra, a menudo eran necesarias no solo juntas de cooperacion entre militares y civiles a nivel local. A veces, los oficiales tambien nombraban a la mayoria de gobiernos locales. Esto suponia no solo un fuerte control militar, sino tambien que el poder de la Armada aumentaba desproporcionadamente en comparacion al de los organismos gubernamentales.;x;;;;;;;;;;;;;;;;;;;;;;;;;;;;;;;;;;;;;;;;;;;;
naval_integration;Военно-морская интеграция;Integration navale;Marineintegration;;Integracion naval;x;;;;;;;;;;;;;;;;;;;;;;;;;;;;;;;;;;;;;;;;;;;;
naval_integration_desc;Военно-морская интеграция;Integration navale;Marineintegration;;Integracion naval;x;;;;;;;;;;;;;;;;;;;;;;;;;;;;;;;;;;;;;;;;;;;;
war_gamming;Военные игры;Jeux de guerre;Manover;;Juegos de guerra;x;;;;;;;;;;;;;;;;;;;;;;;;;;;;;;;;;;;;;;;;;;;;
war_gamming_desc;Использование военных игр для планирования и подготовки к войне так же старо, как и сама война, и включает в себя такие отличительные черты, как шахматы. Однако серьезные аналитические морские военные игры появились в конце 19-го и начале 20-го веков. Крупные морские державы использовали подробные игровые системы, которые учитывали такие переменные, как броня корабля, скорость, а также количество и калибр орудий, чтобы определить повреждения в бою и окончательного победителя. Эти морские военные игры использовались для проверки стратегических планов и различных средств противодействия потенциальным вражеским стратегиям и военным кораблям.;L'utilisation de jeux de guerre ?planifier et ?preparer ?la guerre est aussi vieille que la guerre elle-meme, et comprend des caracteristiques comme pour les echecs. Cependant, des jeus serieux analytiques de simulation de guerres navales ont emerg??la fin du 19e et debut 20e siecle. Les grandes puissances navales utilisaient ces systemes de jeu detailles qui tenaient compte de variables telles que le blidage d'un navire, la vitesse, le nombre et le calibre des armes afin de determiner les dommages de combat et la victoire ultime. Ces jeux de guerre navale ont et?utilises pour tester les plans strategiques, et les differents moyens de lutter contre les strategies potentielles de l'ennemi. ;Die Ausfuhrung von Manovern zur Planung und Vorbereitung auf den Krieg ist so alt wie die Kriegsfuhrung selbst und beinhaltet auch Klassiker wie Schach. Ernsthafte analytische Marinemanover wurden aber erst im spaten 19. und fruhen 20. Jahrhundert durchgefuhrt. Grosse Seemachte setzten dabei auf detaillierte Manoversysteme, bei denen zur Errechnung von Gefechtsschaden und dem letztendlichen Sieger Variablen wie Panzerung, Geschwindigkeit und Anzahl und Kaliber der Geschutze berucksichtigt wurden. Diese Marinemanover wurden zum Testen strategischer Plane sowie verschiedener Gegenmassnahmen gegen feindliche Strategien und Kriegsschiffe benutzt.;;El uso de juegos de guerra como metodo d planificacion y preparacion de la guerra es tan antiguo como la propia guerra, e incluye hitos tan conocidos como el ajedrez. Sin embargo, las simulaciones de guerra naval analiticas y serias aparecieron entre finales del siglo XIX y principios del XX. Las grandes potencias navales utilizaban detallados sistemas de juego, que tenian en cuenta variables tales como el blindaje, la velocidad o el numero y calibre de los canones de los barcos para determinar los posibles danos sufridos en una batalla y su probable vencedor. Estos juegos de guerra navales se utilizaban para probar planes estrategicos y distintos medios de contrarrestar las posibles estrategias del enemigo y sus flotas.;x;;;;;;;;;;;;;;;;;;;;;;;;;;;;;;;;;;;;;;;;;;;;
combined_arms_planning;Планирование комбинированных боевых действий;Planification d'Armes combinees;Einsatzplanung verb. Waffen;;Planificacion de armas combinadas;x;;;;;;;;;;;;;;;;;;;;;;;;;;;;;;;;;;;;;;;;;;;;
combined_arms_planning_desc;После Первой мировой войны крупные державы стали уделять все больше внимания тому, что стало известно как комбинированные операции. Это представляло собой совместное использование сухопутных, морских и воздушных сил для достижения единой стратегической цели. Часто вращаясь вокруг десантных операций, комбинированные операции часто вписывались в более крупные военно-морские стратегические цели, включая уничтожение вражеских военно-морских активов и обеспечение безопасности морских путей. Военно-морские силы больше не могли действовать изолированно от других родов войск, и требовалась разработка новой тактики для интеграции морской войны в более широкую стратегическую перспективу.;Au lendemain de la Premiere Guerre mondiale, les grandes puissances ont mis davantage l'accent sur ce qui allait etre connu sous le nom d'operations combinees. Cela represente l'utilisation des forces terrestres, des forces navales, et des forces de l'air de concert pour atteindre un objectif strategique unique. Souvent tournant autour d'operations amphibies, ces operations combinees entrent dans les grands objectifs strategiques de la marine, incluant la destruction des moyens ennemis et la securisation des voies maritimes. La marine ne pouvait plus fonctionner en vase clos des autres branches de l'armee, et le developpement de nouvelles tactiques a et?necessaire pour integrer le combat naval dans une plus grande perspective strategique. ;Nach dem ersten Weltkrieg konzentrierten sich die Grossmachte zunehmend auf einen Ansatz, der als Einsatz verbundener Waffen bekannt werden sollte. Dabei ging es um den Einsatz von Land-, See- und Luftstreitkraften zur Erreichung eines einzelnen strategischen Ziels. Der Einsatz verbundener Waffen drehte sich oft um amphibische Operationen und war Teil grosserer strategischer Marineziele, einschliesslich der Vernichtung feindlicher Schiffe und der Sicherung von Seestrassen. Seestreitkrafte konnten nicht langer isoliert von anderen Truppenteilen operieren, und zur Integration der Seekriegsfuhrung in die ubergreifende strategische Perspektive wurde die Entwicklung neuer Taktiken notwendig.;;Tras el fin de la Primera Guerra Mundial, las grandes potencias pusieron un enfasis cada vez mayor en lo que pas?a conocerse como 'operaciones combinadas'. Esto representaba la utilizacion de fuerzas terrestres, marinas y aereas en combinacion para alcanzar un objetivo estrategico. Centradas muchas veces alrededor de operaciones anfibias, las operaciones combinadas solian perseguir objetivos estrategicos de mayor calado, como la destruccion de las fuerzas navales enemigas y la proteccion de las lineas de navegacion. Las marinas ya no podian operar aisladas de las demas armas del ejercito y hubo que desarrollar nuevas tacticas para integrar la guerra naval en una perspectiva estrategica mas amplia.;x;;;;;;;;;;;;;;;;;;;;;;;;;;;;;;;;;;;;;;;;;;;;
the_command_principle;Принцип командования;Hierarchie militaire;Das Kommandoprinzip;;El Principio de Mando;x;;;;;;;;;;;;;;;;;;;;;;;;;;;;;;;;;;;;;;;;;;;;
the_command_principle_desc;Принцип командования;Hierarchie militaire;Das Kommandoprinzip;;El Principio de Mando;x;;;;;;;;;;;;;;;;;;;;;;;;;;;;;;;;;;;;;;;;;;;;
naval_professionalism;Профессионализм ВМС;Professionnalisme;Berufsoffiziere;;Profesionalismo naval;x;;;;;;;;;;;;;;;;;;;;;;;;;;;;;;;;;;;;;;;;;;;;
naval_professionalism_desc;Профессионализм ВМС;Professionnalisme;Berufsoffiziere;;Profesionalismo naval;x;;;;;;;;;;;;;;;;;;;;;;;;;;;;;;;;;;;;;;;;;;;;
academic_training;Академическая подготовка;Ecole navale;Akademische Ausbildung;;Formacion academica;x;;;;;;;;;;;;;;;;;;;;;;;;;;;;;;;;;;;;;;;;;;;;
academic_training_desc;Это означало, что для того, чтобы стать офицером, уже недостаточно быть благородного происхождения. Вам также нужно было получить формальное образование, которое в лучшем случае могло быть не хуже любого колледжа. Это было одной из важнейших причин профессионализации офицерского корпуса.;Il ne suffisait plus d'avoir le sang bleu pour devenir officier. Il fallait egalement suivre une formation speciale qui pouvait au mieux egaler celle d'une universit? Ceci a et?l'un des elements majeurs de la professionnalisation du corps des officiers.;Dies bedeutete, dass es fur eine Offizierslaufbahn nicht langer ausreichte, aus einer Adelsfamilie zu stammen. Vielmehr musste man auch uber eine formelle Ausbildung verfugen, die moglichst Universitatsniveau hatte. Dies war einer der wichtigsten Hintergrunde fur die Professionalisierung des Offizierskorps.;;Esto suponia que para convertirse en oficial ya no bastaba con ser de sangre noble. Tambien habia que recibir una educacion formal que podia ser tan buena como la de cualquier universidad. Esta fue una de las causas mas importantes que se hallaban tras la profesionalizacion de los cuerpos de oficiales.;x;;;;;;;;;;;;;;;;;;;;;;;;;;;;;;;;;;;;;;;;;;;;
combat_station_training;Боевая подготовка станции;Entrainement aux postes de combat;Kampfstationsausbildung;;Entren. puestos combate;x;;;;;;;;;;;;;;;;;;;;;;;;;;;;;;;;;;;;;;;;;;;;
combat_station_training_desc;Поскольку война на море становилась все более механизированной, обучение на боевой станции становилось все более важным. Часто это обучение проводилось в реалистичных условиях, когда две эскадры сражались в воображаемом морском сражении.;Les affrontements navals devenant de plus en plus mecanises, l'entrainement aux postes de combat a pris de l'importance. Cet entrainement s'effectuait souvent en situation realiste, deux escadres menant une bataille navale fictive.;Im Zuge der zunehmenden Mechanisierung der Seekriegsfuhrung wurde die Kampfstationsausbildung immer wichtiger. Oftmals wurde diese Ausbildung unter realen Bedingungen durchgefuhrt, wenn sich zwei Geschwader wahrend eines imaginaren Seegefechts bekampften.;;Debido a que la guerra naval se fue mecanizando cada vez mas, el entrenamiento en puestos de combate se volvi?mas importante. A menudo, esta instruccion se hacia bajo condiciones realistas, donde dos escuadrones libraban una batalla naval imaginaria.;x;;;;;;;;;;;;;;;;;;;;;;;;;;;;;;;;;;;;;;;;;;;;
societal_status;Социальный статус;Statut social;Gesellschaftlicher Status;;Categoria social;x;;;;;;;;;;;;;;;;;;;;;;;;;;;;;;;;;;;;;;;;;;;;
societal_status_desc;В это время профессионализация офицерского корпуса и тот факт, что большую его часть составляли представители среднего класса, а не дворяне, повысили его общественный статус.;La professionnalisation et le fait que les officiers provenaient majoritairement des classes moyennes et plus de la noblesse, ont amelior?le statut social des officiers.;Zu diesem Zeitpunkt erhohte die Professionalisierung des Offizierskorps und die Tatsache, dass die Mehrheit seiner Angehorigen aus der Mittelklasse stammte, den gesellschaftlichen Status der Offiziere.;;En esta epoca, la profesionalizacion de los cuerpos de oficiales y el hecho de que su mayoria estuviera compuesta por hombres de clase media en lugar de nobles mejoraron su categoria social.;x;;;;;;;;;;;;;;;;;;;;;;;;;;;;;;;;;;;;;;;;;;;;
naval_decision_making;Принятие решений на флоте;Prise de decision;Marine-Entscheidung;;Toma de decisiones navales;x;;;;;;;;;;;;;;;;;;;;;;;;;;;;;;;;;;;;;;;;;;;;
naval_decision_making_desc;Принятие решений на флоте;Prise de decision;Marine-Entscheidung;;Toma de decisiones navales;x;;;;;;;;;;;;;;;;;;;;;;;;;;;;;;;;;;;;;;;;;;;;
independent_command;Независимое командование;Initiative de commandement;Befehlsunabhangigkeit;;Mando independiente;x;;;;;;;;;;;;;;;;;;;;;;;;;;;;;;;;;;;;;;;;;;;;
independent_command_desc;Старые правила гласили, что офицер, нарушивший приказ вышестоящего офицера, должен был предстать перед военным судом. Это делало принятие решений очень нерешительным. В этом случае правила гласили, что офицер должен был продолжить основную идею приказа своего вышестоящего офицера, но как именно — это было на его усмотрение.;Les anciennes regles precisent qu'un officier enfreignant les ordres d'un officier superieur devait passer en cour martiale. Cela rend la prise de decision tres floue. ?ce stade, les reglements disent que les actes d'un officier doivent etre juges par rapport ?l'idee de base du commandement de son superieur, mais la facon dont cela est fait releve de sa propre discretion.;Das alte Regelwerk besagte, dass ein Offizier, der die Befehle eines Vorgesetzten missachtete, vor das Kriegsgericht zu bringen war. Dies fuhrte zu ausserst unentschlossenen Entscheidungsfindungen. Zu diesem Zeitpunkt besagte das Regelwerk, dass ein Offizier zwar den Befehlskern eines Vorgesetzten ausfuhren musste, die Art und Weise aber ihm selbst uberlassen war.;;Las antiguas normas decian que, si un oficial incumplia una orden de un oficial superior, tenia que enfrentarse a un consejo de guerra. Eso hacia que la toma de decisiones fuera muy poco concluyente. En ese momento, las reglas establecieron que un oficial tenia que cumplir la idea central de la orden de su oficial superior, pero como hacerlo quedaba a su eleccion.;x;;;;;;;;;;;;;;;;;;;;;;;;;;;;;;;;;;;;;;;;;;;;
continuous_issuing_of_orders;Непрерывная выдача приказов;Continuit?des ordres;Kontinuierliche Befehlserteilungen;;Emision constante de ordenes;x;;;;;;;;;;;;;;;;;;;;;;;;;;;;;;;;;;;;;;;;;;;;
continuous_issuing_of_orders_desc;Использование штабной системы даже в низовых эшелонах позволяло командирам отдавать приказы непрерывно и точно.;Grace ?l'existence d'etats-majors aux echelons inferieurs, le commandant pouvait donner en permanence des ordres precis. ;Durch die Verwendung eines Stabssystems selbst bei niederrangigen Einheiten konnte ein militarischer Anfuhrer seine Befehle kontinuierlich und prazise erteilen.;;El uso de un sistema de Estado Mayor en las unidades de escalones inferiores posibilitaba que el lider diera ordenes continuas y precisas. ;x;;;;;;;;;;;;;;;;;;;;;;;;;;;;;;;;;;;;;;;;;;;;
delegated_power;Делегированные полномочия;Delegation de pouvoir;Delegierte Befehlsgewalt;;Delegar el poder;x;;;;;;;;;;;;;;;;;;;;;;;;;;;;;;;;;;;;;;;;;;;;
delegated_power_desc;Это означало, что офицер мог временно делегировать полномочия одному или нескольким своим подчиненным, когда дело касалось четко определенных сфер ответственности. Это означало, что ему не нужно было все контролировать самому и что он мог сосредоточиться на важных вопросах.;Cela signifie qu'un officier superieur peut deleguer des pouvoirs temporaires ?un ou plusieurs de ses subordonnes en definissant clairement les domaines de responsabilites. Ainsi, il n'a pas ?tout controler lui-meme en tout temps et il peut se concentrer sur les questions importantes. ;Dies bedeutete, dass ein Offizier einem oder mehreren Untergebenen vorubergehend die Befehlsgewalt fur klar definierte Aufgabengebiete ubergeben konnte. Dies bedeutete, dass er nicht standig alles selbst kontrollieren musste und sich auf die wichtigsten Probleme konzentrieren konnte.;;Un oficial podia delegar su autoridad temporalmente en uno o mas de sus subordinados cuando llegaba a areas de responsabilidad claramente definidas. Esto significaba que no tenia que controlarlo todo el mismo en todo momento y que podia concentrarse en cuestiones mas importantes.;x;;;;;;;;;;;;;;;;;;;;;;;;;;;;;;;;;;;;;;;;;;;;
naval_risk_management;Управление военно-морскими рисками;Gestion des risques;Marine-Risikomanagement;;Supervision de riesgos navales;x;;;;;;;;;;;;;;;;;;;;;;;;;;;;;;;;;;;;;;;;;;;;
naval_risk_management_desc;Управление военно-морскими рисками;Gestion des risques;Marine-Risikomanagement;;Supervision de riesgos navales;x;;;;;;;;;;;;;;;;;;;;;;;;;;;;;;;;;;;;;;;;;;;;
wargames;Военные игры;Kriegspiel;Manover;;Juegos de guerra;x;;;;;;;;;;;;;;;;;;;;;;;;;;;;;;;;;;;;;;;;;;;;
wargames_desc;Военные игры были обучением штаба. Это означало разыгрывание ситуации, вымышленной войны или конфликта, выставление штабов друг против друга и обучение их написанию приказов, коммуникации и планированию. В какой-то степени это также тренировало их тактические и оперативные навыки.;Les wargames ou mises en situation des equipes. C'est ?dire jouer une situation, un conflit fictif, et mettre les etats-majors en guerre les uns contre les autres, s'entrainant ?donner par ecrits : les ordres, les communications et la planification. Dans une certaine mesure, cela permet de renforcer egalement les competences tactiques et operationnelles. ;Diese Manover simulierten fur die Ausbildung von Stabsoffizieren fiktive Konflikte, in denen sie gegeneinander antraten. Dabei wurden sie im Verfassen von Befehlen, Kommunizieren und Planen unterwiesen. Auf gewisse Weise wurden dabei auch ihre taktischen und operativen Fahigkeiten ausgebildet.;;Los juegos de guerra eran una instruccion destinada al Estado Mayor. Consistia en recrear una situacion, una guerra o conflicto ficticio, y enfrentar a los mandos entre s? entrenandolos en la escritura de ordenes, comunicaciones y elaboracion de planes. Tambien se entrenaba, hasta cierto grado, tacticas y tecnicas operativas.;x;;;;;;;;;;;;;;;;;;;;;;;;;;;;;;;;;;;;;;;;;;;;
alternative_plans;Альтернативные планы;Plans de rechange;Alternativplane;;Planes alternativos;x;;;;;;;;;;;;;;;;;;;;;;;;;;;;;;;;;;;;;;;;;;;;
alternative_plans_desc;Позволяя персоналу разрабатывать несколько альтернативных планов, командир мог быстрее определить лучшую альтернативу. Кроме того, если что-то менялось, у командира и его персонала всегда была альтернатива, к которой можно было быстро прибегнуть.;En laissant l'etat-major produire plusieurs plans alternatifs, la meilleure solution peut-etre discerner plus rapidement par le commandant en chef. Ainsi, si les choses ont chang? le commandement a toujours une alternative ?proposer en situation d'urgence. ;Indem der Kommandeur von seinen Stabsoffizieren mehrere Alternativplane ausarbeiten lie? konnte er die beste Alternative schneller erkennen. Im Falle einer unerwarteten Situationsanderung hatte der Kommandeur und sein Stab ausserdem schnell eine Alternative zur Hand.;;Dejando que el Estado Mayor creara algunos planes alternativos, el comandante percibiria mas rapidamente la mejor alternativa. Ademas, si se producia un giro en los acontecimientos, el comandante y su jefatura siempre tendrian lista una alternativa.;x;;;;;;;;;;;;;;;;;;;;;;;;;;;;;;;;;;;;;;;;;;;;
n_saddle_orders;Заказы на седло;Ordres sous pression;Befehlssicherheit;;Ordenes sobre la marcha;x;;;;;;;;;;;;;;;;;;;;;;;;;;;;;;;;;;;;;;;;;;;;
n_saddle_orders_desc;Это была способность быстро и в условиях сильного стресса отдавать приказы. Этому обучали, и, конечно, когда это было возможно, учились на собственном опыте.;Il s'agit de la capacit??donner rapidement le bon ordre en situation de stress. Cela faisait l'objet d'une formation mais s'acquerait aussi, dans la mesure du possible, par l'experience.;Dies war die Fahigkeit, selbst unter grossem Stress gute Befehle zu erteilen. Dies wurde eingeubt, und bei Moglichkeit am besten naturlich durch Erfahrung erlernt.;;Esta era la capacidad de dar ordenes acertadas rapidamente y bajo situaciones de tension. Se ensenaba y, por supuesto, cuando era posible, se aprendia mediante la experiencia.;x;;;;;;;;;;;;;;;;;;;;;;;;;;;;;;;;;;;;;;;;;;;;
naval_nco_training;Подготовка военно-морских сержантов;Ecole d'officiers mariniers;Marine-Unteroffiziersausbildung ;;Formacion de suboficiales navales;x;;;;;;;;;;;;;;;;;;;;;;;;;;;;;;;;;;;;;;;;;;;;
naval_nco_training_desc;Подготовка военно-морских сержантов;Ecole d'officiers mariniers;Marine-Unteroffiziersausbildung ;;Formacion de suboficiales navales;x;;;;;;;;;;;;;;;;;;;;;;;;;;;;;;;;;;;;;;;;;;;;
literate_ncos;Грамотные унтер-офицеры;Officiers mariniers instruits;Gebildete Unteroffiziere;;Subof. preparados;x;;;;;;;;;;;;;;;;;;;;;;;;;;;;;;;;;;;;;;;;;;;;
literate_ncos_desc;Когда в ряды войск начали поступать грамотные унтер-офицеры, средний уровень подготовки подразделений и солдат повысился.;L'arrivee d'officiers mariniers instruits accrut la qualit?des unites et ameliora la formation des soldats.;Als mehr und mehr gebildete Unteroffiziere in die Armee eintraten, verbesserte sich die durchschnittliche Qualitat der Einheiten und die Ausbildung der Soldaten.;;Cuando los suboficiales con preparacion academica empezaron a acaparar los rangos, la calidad media de las unidades y la formacion de los soldados aument?;x;;;;;;;;;;;;;;;;;;;;;;;;;;;;;;;;;;;;;;;;;;;;
nco_combat_station_training;Подготовка боевого дежурства сержантского состава;Entrainement aux postes de combat des officiers mariniers;Unteroffizier-Kampfstationausbildung;;Entren. puestos comb. subof.;x;;;;;;;;;;;;;;;;;;;;;;;;;;;;;;;;;;;;;;;;;;;;
nco_combat_station_training_desc;Благодаря интенсивной подготовке унтер-офицеров на боевых постах и с использованием техники они не только стали пионерами для солдат, но и высококвалифицированными инструкторами для более мелких подразделений.;En entrainant au maximum les officiers mariniers aux postes de combat, ceux-ci devinrent des modeles pour les autres et des instructeurs tres competents pour les equipes.;Durch die exzessive Ausbildung der Unteroffiziere an den Kampfstationen und an der Ausrustung wurden sie nicht nur zu Wegbereitern fur die Soldaten, sondern auch zu hochst kompetenten Ausbildern kleinerer Einheiten.;;Entrenando intensivamente a los suboficiales en los puestos de combate y con equipamiento, se convirtieron no solo en los primeros para los hombres, sino tambien en competentes entrenadores de las unidades menores.;x;;;;;;;;;;;;;;;;;;;;;;;;;;;;;;;;;;;;;;;;;;;;
nco_tactical_training;Тактическая подготовка сержантского состава;Formation tactique des officiers mariniers;Taktische Unteroffiziersausbildung;;Form. tact. suboficiales;x;;;;;;;;;;;;;;;;;;;;;;;;;;;;;;;;;;;;;;;;;;;;
nco_tactical_training_desc;Благодаря усиленной подготовке унтер-офицеров на боевых постах и в тактических ситуациях они не только стали лидерами солдат, но и взяли на себя инициативу в бою.;En entrainant au maximum les officiers mariniers aux postes de combat, dans un cadre tactique, ceux-ci devinrent d'excellents chefs, capables de prendre des initiatives au combat.;Durch die exzessive Ausbildung der Unteroffiziere an den Kampfstationen mit Schwerpunkt auf taktische Situationen wurden sie nicht nur zu Anfuhrern der Soldaten, sondern ubernahmen auch im Kampf die Initiative.;;Entrenando intensivamente a los suboficiales en los puestos de combate y con situaciones tacticas, se convirtieron no solo en lideres para sus hombres, sino tambien en quienes tomaban la iniciativa en la batalla.;x;;;;;;;;;;;;;;;;;;;;;;;;;;;;;;;;;;;;;;;;;;;;
modern_naval_training;Современная военно-морская подготовка;Entrainement naval moderne;Moderne Marineausbildung;;Instruccion naval moderna;x;;;;;;;;;;;;;;;;;;;;;;;;;;;;;;;;;;;;;;;;;;;;
modern_naval_training_desc;Современная военно-морская подготовка;Entrainement naval moderne;Moderne Marineausbildung;;Instruccion naval moderna;x;;;;;;;;;;;;;;;;;;;;;;;;;;;;;;;;;;;;;;;;;;;;
amphibious_warfare_training;Подготовка к ведению десантных операций;Entrainement ?la guerre amphibie;Weiterentwicklung der amphib. Kriegsfuhrung;;Instruccion de guerra anfibia;x;;;;;;;;;;;;;;;;;;;;;;;;;;;;;;;;;;;;;;;;;;;;
amphibious_warfare_training_desc;Опыт Первой мировой войны продемонстрировал не только потенциал крупномасштабной десантной войны, но и ограничения современных методов и оборудования. Таким образом, в межвоенный период основные державы работали над повышением своих возможностей по проведению эффективных десантных операций. Эти усилия включали не только разработку необходимого оборудования, такого как специально построенные десантные суда, но и создание и подготовку сухопутных подразделений, специализирующихся на десантных операциях, а также разработку конкретных военно-морских стратегий и тактик для наилучшего использования военных кораблей для поддержки и защиты десантных операций.;Les experiences de la Premiere Guerre mondiale avaient demontr?non seulement le potentiel de la guerre amphibie de grande ampleur, mais aussi les limites des pratiques actuelles et de l'equipement. Ainsi, dans l'entre deux guerres les grandes puissances ont travaill??accroitre leur capacit??lancer des assauts amphibies efficaces. Ces efforts comprennent non seulement le developpement des equipements necessaires, tels que les peniches de debarquement construites ?cet effet, mais aussi la creation et la formation d'unites de terrain specialisees en assaut amphibie, et la creation de strategies navales specifiques et de plus, des tactiques pour utiliser au mieux les navires de guerre en appui et en defense des ces operations amphibies. ;Die Erfahrungen des ersten Weltkriegs hatten nicht nur das Potential der amphibischen Kriegsfuhrung gezeigt, sondern auch die Beschrankungen der aktuellen Methoden und Ausrustungen. Aus diesem Grund arbeiteten die Grossmachte in der Zwischenkriegszeit an der Verbesserung ihrer Fahigkeiten, effiziente amphibische Angriffe durchzufuhren. Diese Bemuhungen beinhalteten nicht nur die Entwicklung benotigter Ausrustungen wie spezialisierte Landungsfahrzeuge, sondern auch die Aufstellung und Ausbildung spezialisierter Landeinheiten fur amphibische Angriffe. Daruber hinaus wurden bestimmte Marinestrategien und -taktiken entworfen, um Kriegsschiffe zur Unterstutzung und zum Schutz amphibischer Operationen bestmoglich einzusetzen.;;Las experiencias de la Primera Guerra Mundial no solo habian demostrado el potencial de las operaciones anfibias a gran escala, sino tambien las limitaciones de las practicas y el equipo de la epoca. Por tanto, en el periodo de entreguerras, las grandes potencias se esforzaron en aumentar su capacidad de realizar asaltos anfibios con exito. Estos avances no incluyeron tan solo el desarrollo del necesario equipo (como embarcaciones de desembarco de diseno especifico) sino tambien la creacion e instruccion de fuerzas de tierra especializadas en este tipo de operaciones y el desarrollo de estrategias navales especificas para el uso de los buques de guerra en tareas de apoyo y defensa.;x;;;;;;;;;;;;;;;;;;;;;;;;;;;;;;;;;;;;;;;;;;;;
naval_exercises;Военно-морские учения;Exercices navals;Trainingsmanover;;Maniobras navales;x;;;;;;;;;;;;;;;;;;;;;;;;;;;;;;;;;;;;;;;;;;;;
naval_exercises_desc;Важнейшим компонентом подготовки к войне на море были военно-морские учения, в которых корабли участвовали в учебных боях и других реалистичных учебных миссиях, чтобы понять, как действовать в условиях военного времени. Эти учения могли включать целые флоты и длиться днями, если не неделями, и были важны не только для обучения, которое они давали, но и для оценки способностей под давлением самих офицеров и матросов.;Un element essentiel de la formation ?la guerre en mer est l'exercice naval, o?les navires se livrent aux batailles fictives et ?d'autres missions d'entrainement realistes afin de comprendre comment agir en temps de guerre. Ces exercices pouvaient impliquer des flottes entieres et s'etirer sur plusieurs jours voire des semaines, et ils etaient importants non seulement pour la formation qu'ils donnaient, mais aussi pour l'evaluation des capacites des officiers sous la pression et des marins eux-memes. ;Trainingsmanover waren eine wichtige Komponente der Kriegsvorbereitung auf hoher See: Hierbei traten Schiffe in imaginaren Gefechten und bei anderen Missionen unter realen Bedingungen gegeneinander an, um die Gefechtsablaufe fur den Ernstfall zu uben. Diese Ubungen konnten ganze Flotten beinhalten und mehrere Tage oder Wochen dauern. Sie waren nicht nur angesichts des Ubungseffekts wichtig, sondern auch wegen den Evaluierungsmoglichkeiten der Fahigkeiten der eigenen Offiziere und Mannschaften unter Stresssituationen.;;Un componente crucial de la preparacion de la guerra en el mar eran los ejercicios navales, en los que los buques se enfrentaban en batallas ficticias y realizaban otras misiones de entrenamiento realistas para acostumbrarse a actuar en condiciones de guerra. Estas maniobras, que podian implicar flotas enteras, duraban dias (si no semanas) y eran muy importantes, no solo como operaciones de entrenamiento, sino porque permitian evaluar el comportamiento bajo presion de los oficiales y la propia marineria.;x;;;;;;;;;;;;;;;;;;;;;;;;;;;;;;;;;;;;;;;;;;;;
private_banks;Частные банки;Banques privees;Privatbanken;;Bancos privados;x;;;;;;;;;;;;;;;;;;;;;;;;;;;;;;;;;;;;;;;;;;;;
private_banks_desc;Частные банки;Banques privees;Privatbanken;;Bancos privados;x;;;;;;;;;;;;;;;;;;;;;;;;;;;;;;;;;;;;;;;;;;;;
stock_exchange;Фондовая биржа;Bourse;Borse;;La Bolsa;x;;;;;;;;;;;;;;;;;;;;;;;;;;;;;;;;;;;;;;;;;;;;
stock_exchange_desc;Фондовая биржа;Bourse;Borse;;La Bolsa;x;;;;;;;;;;;;;;;;;;;;;;;;;;;;;;;;;;;;;;;;;;;;
multitude_of_financial_instruments;Множество финансовых инструментов;Instruments financiers multiples;Vielfaltige Finanzinstrumente;;Multiples instrumentos financieros;x;;;;;;;;;;;;;;;;;;;;;;;;;;;;;;;;;;;;;;;;;;;;
multitude_of_financial_instruments_desc;Введение множества финансовых инструментов означало не только более плавный поток капитала, но и то, что средний класс получил более высокую отдачу от своих частных инвестиций.;La mise en place de divers instruments financiers a non seulement permis d'assurer un flux constant de capitaux, mais aussi permis d'ameliorer le rendement des placements financiers des classes moyennes.;Die Einfuhrung vielfaltiger Finanzinstrumente bedeutete nicht nur einen verbesserten Kapitalfluss, sondern brachte der Mittelklasse auch hohere Ertrage aus ihren Privatinvestitionen ein.;;La introduccion de diversos instrumentos financieros supuso no solo un flujo uniforme de capital, sino tambien que la clase media obtuviera un mayor beneficio de sus inversiones privadas.;x;;;;;;;;;;;;;;;;;;;;;;;;;;;;;;;;;;;;;;;;;;;;
insurance_companies;Страховые компании;Compagnies d'assurance;Versicherungen;;Companias de seguros;x;;;;;;;;;;;;;;;;;;;;;;;;;;;;;;;;;;;;;;;;;;;;
insurance_companies_desc;Создание компаний, продающих страховки, сделало бизнес более простым и безопасным. Также семьи воспользовались новыми интеллектуальными продуктами, такими как страхование жилья и т. д.;La creation de compagnies vendant des assurances simplifia et securisa les operations economiques. Les familles beneficierent aussi de ce nouveau type de service, sous la forme d'assurances pour l'habitation, etc.;Die Grundung von Firmen, die Versicherungen verkauften, trug zur Vereinfachung und Sicherung der Geschaftswelt bei. Von diesen intellektuellen Produkten wie z.B. Hausversicherungen profitierten auch Familien.;;La creacion de companias vendedoras de seguros tuvo como consecuencia que los negocios fueran mas sencillos y seguros. Ademas, las familias se aprovecharon de nuevos productos intelectuales, como los seguros para el hogar, etc.;x;;;;;;;;;;;;;;;;;;;;;;;;;;;;;;;;;;;;;;;;;;;;
regulated_buying_and_selling_of_stocks;Регулируемая покупка и продажа акций;Reglementation des achats et ventes de stocks;Regulierte Aktienkaufe und -verkaufe;;Regulacion compra y venta de reservas;x;;;;;;;;;;;;;;;;;;;;;;;;;;;;;;;;;;;;;;;;;;;;
regulated_buying_and_selling_of_stocks_desc;Это сделало покупку акций не только более безопасной, но и более дешевой в долгосрочной перспективе, поскольку процедура покупки и продажи теперь была институционализирована во времени и месте.;En reglementant le fonctionnement quotidien des achats et des ventes de stock, on a pu securiser ces operations tout en diminuant leur cout ?long terme.;Dies machte den Kauf von Aktien langfristiger nicht nur sicherer, sondern auch gunstiger, da die Kauf- und Verkaufsroutine nun in Zeit und Ort institutionalisiert war.;;Esto no solo hizo mas segura, sino tambien mas barata a la larga, la compra de reservas, ya que la rutina de comprar y vender estaba ahora institucionalizada en tiempo y lugar.;x;;;;;;;;;;;;;;;;;;;;;;;;;;;;;;;;;;;;;;;;;;;;
business_banks;Бизнес-банки;Banques d'affaires;Geschaftsbanken;;Bancos comerciales;x;;;;;;;;;;;;;;;;;;;;;;;;;;;;;;;;;;;;;;;;;;;;
business_banks_desc;Бизнес-банки;Banques d'affaires;Geschaftsbanken;;Bancos comerciales;x;;;;;;;;;;;;;;;;;;;;;;;;;;;;;;;;;;;;;;;;;;;;
liquidation_of_assets;Ликвидация активов;Liquidation judiciaire;Liquidierung von Vermogenswerten;;Liquidacion capitales;x;;;;;;;;;;;;;;;;;;;;;;;;;;;;;;;;;;;;;;;;;;;;
liquidation_of_assets_desc;Это означало, что обанкротившаяся фирма продавала свои активы, чтобы заплатить ростовщикам. Это был сложный, но важный набор законов, который был первым шагом к стабильной юрисдикции для банкротств.;Desormais, lorsqu'une entreprise faisait faillite, on vendait ses actifs pour rembourser ses creanciers. Cette serie de lois complexes mais necessaires, a constitu?la premiere etape vers une legislation sur les faillites.;Dies bedeutete, dass die Vermogenswerte von bankrotten Firmen zur Entschadigung der Glaubiger verkauft wurden. Dies war eine komplexe, aber wichtige Gesetzesreihe und der erste Schritt fur eine stabile Rechtsprechung fur Firmenpleiten.;;Significaba que una empresa en quiebra tenia que vender su capital para pagar a los prestamistas. Se trataba de un complejo pero importante conjunto de leyes que supuso el primer paso hacia la creacion de una jurisdiccion estable para bancarrotas.;x;;;;;;;;;;;;;;;;;;;;;;;;;;;;;;;;;;;;;;;;;;;;
capital_for_investors;Капитал для инвесторов;March?des capitaux;Kapital fur Investoren;;Capital para inversores;x;;;;;;;;;;;;;;;;;;;;;;;;;;;;;;;;;;;;;;;;;;;;
capital_for_investors_desc;На этом этапе поведение рынка стало направленным, а спрос на капитал был сфокусирован таким образом, что был создан рынок капитала.;Avec le controle du fonctionnement de la bourse et l'organisation des demandes de fonds d'investissement, il est devenu possible de creer un veritable march?des capitaux.;Zu diesem Zeitpunkt war das Marktverhalten geregelt und die Kapitalnachfrage konzentriert worden, was die Schaffung eines Kapitalmarkts ermoglicht hatte.;;En ese momento, el comportamiento del mercado habia estado dirigido y la demanda de capital se habia concentrado tanto que se habia creado un mercado para el capital.;x;;;;;;;;;;;;;;;;;;;;;;;;;;;;;;;;;;;;;;;;;;;;
distribution_channels;Каналы распространения;Canaux de distribution;Vertriebswege;;Canales de distribucion;x;;;;;;;;;;;;;;;;;;;;;;;;;;;;;;;;;;;;;;;;;;;;
distribution_channels_desc;По мере того, как линия от ресурсов до готового продукта с добавленной стоимостью становилась длиннее из-за специализации, каналы распределения открывались, поскольку некоторые компании специализировались на распределении в магазины. Это сделало сторону поставок более эффективной.;De la ressource au produit fini ?valeur ajoutee, ne transitant plus par les canaux de la grande distribution, mais par certaines societes specialisees dans la livraison aux magasins. Cela rend le cot?approvisionnement plus efficace.;Als die Verlaufskette vom Rohprodukt zum fertigen Wertschopfungsprodukt langer wurde, richtete man spezialisierte Vertriebswege ein. Manche Firmen spezialisierten sich auf die Verteilung an Geschafte, was die Belieferung effizienter gestaltete.;;Segun se alargaba la linea que iba desde los recursos hasta los productos finales con valor anadido, los canales especializados en distribucion abrieron como empresas especializadas en la distribucion a tiendas, lo que aument?la eficacia de la parte relacionada con el suministro.;x;;;;;;;;;;;;;;;;;;;;;;;;;;;;;;;;;;;;;;;;;;;;
investment_banks;Инвестиционные банки;Banques d'investissement;Investmentbanken;;Bancos inversion;x;;;;;;;;;;;;;;;;;;;;;;;;;;;;;;;;;;;;;;;;;;;;
investment_banks_desc;Инвестиционные банки;Banques d'investissement;Investmentbanken;;Bancos inversion;x;;;;;;;;;;;;;;;;;;;;;;;;;;;;;;;;;;;;;;;;;;;;
industrial_rnd_investments;Инвестиции в промышленные НИОКР;Investissements industriels en recherche et developpement;Industrielle F&E-Investitionen;;Invers. indust. en I+D;x;;;;;;;;;;;;;;;;;;;;;;;;;;;;;;;;;;;;;;;;;;;;
industrial_rnd_investments_desc;На этом этапе предприятия начинают повышать эффективность долгосрочного производства, инвестируя в исследования новых инструментов и продуктов.;Avec le developpement economique, il devenait interessant pour les entreprises d'investir dans la recherche de nouveaux outils et de nouveaux produits pour se developper ?long terme.;Zu diesem Zeitpunkt begannen Unternehmen damit, langfristige Produktionen durch Investitionen in neue Hilfsmittel und Produkte effizienter zu gestalten.;;En ese momento, los negocios aumentaron la eficiencia de la produccion invirtiendo en la investigacion de nuevas herramientas y productos.;x;;;;;;;;;;;;;;;;;;;;;;;;;;;;;;;;;;;;;;;;;;;;
industrial_production_investments;Инвестиции в промышленное производство;Investissements industriels dans la production;Industrielle Produktionsinvestitionen;;Invers. en produccion industrial;x;;;;;;;;;;;;;;;;;;;;;;;;;;;;;;;;;;;;;;;;;;;;
industrial_production_investments_desc;На этом этапе предприятия начинают повышать эффективность крупносерийного производства, инвестируя в новые заводы и покупая поставщиков деталей низшего звена.;Avec le developpement economique, il devenait interessant pour les entreprises d'investir dans de nouvelles usines et de racheter leurs sous-traitants pour se developper ?long terme.;Zu diesem Zeitpunkt begannen Unternehmen damit, langfristige Produktionen durch Investitionen in Fabrikanlagen und Aufkaufe von Kleinzulieferern effizienter zu gestalten.;;En ese momento, los negocios aumentaron la eficiencia de la produccion a largo plazo invirtiendo en maquinaria nueva y comprando a pequenos proveedores de piezas.;x;;;;;;;;;;;;;;;;;;;;;;;;;;;;;;;;;;;;;;;;;;;;
industrial_distribution_investments;Инвестиции в промышленную дистрибуцию;Investissements industriels dans la distribution;Industrielle Verteilungsinvestitionen;;Invers. industriales de distribucion;x;;;;;;;;;;;;;;;;;;;;;;;;;;;;;;;;;;;;;;;;;;;;
industrial_distribution_investments_desc;На этом этапе предприятия начинают повышать эффективность долгосрочного производства, покупая себе доступ к каналу сбыта.;Avec le developpement economique, il devenait interessant pour les entreprises de racheter leur reseau de distribution pour se developper ?long terme.;Zu diesem Zeitpunkt begannen Unternehmen damit, langfristige Produktionen durch Einkaufe in die Vertriebswege effizienter zu gestalten.;;En ese momento, los negocios aumentaron la eficiencia de la produccion comprando canales de distribucion para su propio uso.;x;;;;;;;;;;;;;;;;;;;;;;;;;;;;;;;;;;;;;;;;;;;;
bank_inspection_board;Банковская инспекционная комиссия;Inspection des affaires bancaires;Bankenuberwachungsausschuss;;Comis. inspec. bancaria;x;;;;;;;;;;;;;;;;;;;;;;;;;;;;;;;;;;;;;;;;;;;;
bank_inspection_board_desc;Банковская инспекционная комиссия;Inspection des affaires bancaires;Bankenuberwachungsausschuss;;Comis. inspec. bancaria;x;;;;;;;;;;;;;;;;;;;;;;;;;;;;;;;;;;;;;;;;;;;;
private_bank_monitoring;Мониторинг частного банка;Controle des banques privees;Uberwachung von Privatbanken;;Control banca privada;x;;;;;;;;;;;;;;;;;;;;;;;;;;;;;;;;;;;;;;;;;;;;
private_bank_monitoring_desc;Создав отдельное агентство по контролю за поведением частных банков, правительство получило возможность остановить банковские крахи, а также удержать банки от совершения мошенничества.;Le gouvernement a institu?un organisme independant pour controler les agissements des banques et eviter ainsi, autant que possible, les faillites et les fraudes.;Durch die Institutionalisierung einer separaten Agentur zur Uberwachung von Privatbanken schuf sich die Regierung eine Moglichkeit, Bankzusammenbruche zu verhindern und Bankenbetrug zu unterbinden.;;El establecimiento de una agencia aparte para el seguimiento de la conducta de la banca privada, dio al gobierno una posibilidad de impedir las quiebras bancarias y tambien de inhibir el fraude bancario.;x;;;;;;;;;;;;;;;;;;;;;;;;;;;;;;;;;;;;;;;;;;;;
market_behaviour_monitoring;Мониторинг поведения рынка;Controle de la bourse;Marktverhaltensuberwachung;;Seguimiento comport. mercado;x;;;;;;;;;;;;;;;;;;;;;;;;;;;;;;;;;;;;;;;;;;;;
market_behaviour_monitoring_desc;Создав отдельное агентство по контролю за поведением участников рынка, правительство получило возможность предотвратить крах компаний, а также удержать их от совершения мошенничества.;Le gouvernement a cree un organisme independant pour controler le comportement des acteurs de la bourse et eviter ainsi, autant que possible, les faillites et les fraudes des societes.;Durch die Institutionalisierung einer separaten Agentur zur Uberwachung von Firmen schuf sich die Regierung eine Moglichkeit, Firmenbankrotte zu verhindern und Firmenbetrug zu unterbinden.;;El establecimiento de una agencia aparte para el seguimiento de la conducta de los actores del mercado, dio al gobierno una posibilidad de impedir las bancarrotas empresariales y tambien de inhibir posibles fraudes de las companias.;x;;;;;;;;;;;;;;;;;;;;;;;;;;;;;;;;;;;;;;;;;;;;
mutual_funds;Паевые инвестиционные фонды;Fonds mutuels;Investmentfonds;;Fondos mutualistas;x;;;;;;;;;;;;;;;;;;;;;;;;;;;;;;;;;;;;;;;;;;;;
mutual_funds_desc;Паевые инвестиционные фонды;Fonds mutuels;Investmentfonds;;Fondos mutualistas;x;;;;;;;;;;;;;;;;;;;;;;;;;;;;;;;;;;;;;;;;;;;;
buying_on_margin;Покупка с маржой;Achat sur marge;Kaufe auf Gewinnmarge;;Compra en descubierto;x;;;;;;;;;;;;;;;;;;;;;;;;;;;;;;;;;;;;;;;;;;;;
buying_on_margin_desc;По мере того как в начале двадцатого века все больше людей стали заниматься инвестированием в рынки ценных бумаг, практика покупки с маржой развивалась, чтобы увеличить количество акций, которые можно было купить с минимальными первоначальными накладными расходами. Принцип покупки с маржой заключается в том, что если инвестиции приносят прибыль, прибыль покроет стоимость комиссии, взимаемой за разрешение покупки большого количества ценных бумаг с минимальными первоначальными инвестициями. Риск, связанный с этим типом инвестиций, заключается в том, что если инвестиции показывают убыток, разница между первоначальными инвестициями и комиссией, взимаемой за покупку, должна быть компенсирована инвестором. Насколько низкая первоначальная маржа была бы благоразумной для индустрии ценных бумаг, станет предметом интенсивных дебатов, поскольку более низкая маржа позволяла инвесторам с ограниченным капиталом инвестировать в рынки, но повышала риск дефолта этих инвесторов с ограниченным капиталом, если инвестиции не принесут прибыли;Comme de plus en plus de personnes participaient ?l'investissement sur les marches des valeurs mobilieres au debut du XXe siecle, la pratique des achats sur marge fut mis au point pour augmenter la quantit?d'actions pouvant etre achetee avec des frais generaux initiaux minimum. Le principal de l'achat sur marge, c'est que si l'investissement rapporte un benefice, le profit doit couvrir le cout de la commission chargee de permettre l'achat de montants important de titres avec un investissement minimal. Le risque inherent ?ce type d'investissement est que si l'investissement represente une perte, la difference entre l'investissement initial et la commission chargee de l'achat doit etre supportee par l'investisseur. Quel niveau de marge initiale restait prudent pour le secteur des valeurs mobilieres faisait l'objet d'un intense debat, car la baisse des marges a permis aux investisseurs avec un capital limit?d'investir sur les marches, mais a soulev?le risque de defaillance que ces investissements ne produisent pas les benefices attendus. ;Da Anfang des 20. Jahrhunderts immer mehr Privatpersonen in Wertpapiere investierten, verbreiteten sich Kaufe auf Gewinnmarge zusehends, da so mehr Aktien mit minimalem Startkapital gekauft werden konnten. Das Prinzip des Aktienkaufs auf Gewinnmarge beruht darauf, dass eventuelle Ertrage der Investition die Kaufkommission fur grosse Aktienpakete tragen, und so nur geringes Startkapital vonnoten ist. Das Risiko bei dieser Investitionsart ist, dass der Investor im Falle von Verlusten seiner Anlagen fur die Differenz zwischen der anfanglichen Investition und der Kommission aufkommen muss. Die minimal akzeptierbare Startkapitalhohe wurde an der Wertpapierborse intensiv diskutiert, da geringe Margen auch Investoren mit eingeschranktem Kapitel ermoglichten, in Markte zu investieren. Die Involvierung dieser Investoren war es aber gleichzeitig auch, die fur Verlustfalle das Risiko erhohte.;;A medida que crecia la cantidad de individuos que participaban en los mercados de bonos a comienzos del siglo XX se desarroll?la practica de la compra en descubierto para aumentar la cantidad de acciones que se podian adquirir con unos gastos iniciales minimos. El fundamento de esta practica es que si la inversion obtiene beneficios, estos cubriran el coste de la comision cobrada por permitir la compra de gran cantidad de valores con apenas una inversion inicial minima. El riesgo que implica es que si la inversion registra perdidas, la diferencia entre la inversion inicial y la comision de la compra la debe cubrir el inversor. Hasta donde era prudente reducir el margen inicial seria un tema objeto de profunda controversia entre los especialistas, puesto que un margen mas reducido, si bien permitia invertir en los mercados a capitales mas reducidos, tambien aumentaba el riesgo de impagos por parte de estos en caso de no haber beneficios.;x;;;;;;;;;;;;;;;;;;;;;;;;;;;;;;;;;;;;;;;;;;;;
no_standard;Нет стандарта;Pas de normes;Kein Standard;;No estandar;x;;;;;;;;;;;;;;;;;;;;;;;;;;;;;;;;;;;;;;;;;;;;
no_standard_desc;Нет стандарта;Pas de normes;Kein Standard;;No estandar;x;;;;;;;;;;;;;;;;;;;;;;;;;;;;;;;;;;;;;;;;;;;;
ad_hoc_money_bill_printing;Печать специальных денежных купюр;Emission monetaire selon les besoins;Ad-Hoc-Notenpressung;;Emision papel moneda ad hoc;x;;;;;;;;;;;;;;;;;;;;;;;;;;;;;;;;;;;;;;;;;;;;
ad_hoc_money_bill_printing_desc;Печать специальных денежных купюр;Emission monetaire selon les besoins;Ad-Hoc-Notenpressung;;Emision papel moneda ad hoc;x;;;;;;;;;;;;;;;;;;;;;;;;;;;;;;;;;;;;;;;;;;;;
silver_standard;Серебряный стандарт;Etalon argent;Silberstandard;;El patron plata;x;;;;;;;;;;;;;;;;;;;;;;;;;;;;;;;;;;;;;;;;;;;;
silver_standard_desc;Это означало валютную систему, основанную на серебре. Деньги было дешевле производить правительству, что означало, что в стране редко возникал недостаток денег. Однако проблема заключалась в том, что цены на серебро имели тенденцию доминировать над ценами на золото, что означало, что внешняя торговля часто страдала.;Cela signifie un systeme monetaire bas?sur l'argent. L'argent etait moins cher ?produire pour le gouvernement, ce qui voulait dire qu'il etait rare d'avoir un manque d'argent dans le pays. Le probleme est cependant que le prix de l'argent a tendance ?etre domin?par les prix de l'or, ce qui fait que le commerce exterieur est souvent en souffrance.;Dies bedeutete, dass ein Wahrungssystem auf Silber basierte. Geld war von Regierungen einfacher herzustellen, was gleichbedeutend damit war, dass es im Land kaum an Geld fehlte. Das Problem war jedoch, dass der Silberpreis dazu tendierte, vom Goldpreis dominiert zu werden. Darunter hatte der Aussenhandel oft zu leiden.;;Se trataba de un sistema de moneda basado en la plata. Para el gobierno era mas barato producir dinero, lo que significaba que rara vez habia escasez del mismo en el pais. El problema, sin embargo, venia con los precios de la plata, que tenian tendencia a ser dominados por los del oro, lo que suponia que el comercio exterior sufria con frecuencia.;x;;;;;;;;;;;;;;;;;;;;;;;;;;;;;;;;;;;;;;;;;;;;
decimal_monetary_system;Десятичная денежная система;Systeme monetaire decimal;Dezimales Wahrungssystem;;Sist. monetario decimal;x;;;;;;;;;;;;;;;;;;;;;;;;;;;;;;;;;;;;;;;;;;;;
decimal_monetary_system_desc;Отмена нестандартных и странных единиц валюты, таких как гинеи и шиллинги, и введение только десятичной системы, такой как в Соединенных Штатах (1 доллар США = 100 центов), упростила повседневное использование денег.;En supprimant des divisions monetaires etranges ou non standard, comme la guinee ou le shilling, et en adoptant un systeme decimal comme aux Etats-Unis (1 dollar = 100 cents), on simplifia l'usage quotidien de la monnaie.;Durch die Abschaffung nicht genormter und unublicher Wahrungsunterteilungen wie Guineen, Schillinge usw. und die Verwendung eines Dezimalsystems wie in den USA (1 US Dollar = 100 Cent) wurde der tagliche Gebrauch von Geld vereinfacht.;;Mediante la abolicion de divisiones de moneda extranas y no normalizadas, como la guinea y los chelines, y la adopcion de un unico sistema decimal, como por ejemplo el de los EE.UU. (1 dolar americano equivale a 100 centavos), se simplific?el uso diario del dinero.;x;;;;;;;;;;;;;;;;;;;;;;;;;;;;;;;;;;;;;;;;;;;;
private_bank_money_bill_printing;Печать счетов в частном банке;Emission via banques privees;Privatbank-Notenpressung;;Emis. papel moneda por banca privada;x;;;;;;;;;;;;;;;;;;;;;;;;;;;;;;;;;;;;;;;;;;;;
private_bank_money_bill_printing_desc;Печать счетов в частном банке;Emission via banques privees;Privatbank-Notenpressung;;Emis. papel moneda por banca privada;x;;;;;;;;;;;;;;;;;;;;;;;;;;;;;;;;;;;;;;;;;;;;
double_standard;Двойной стандарт;Double etalon;Doppelstandard;;El patron doble;x;;;;;;;;;;;;;;;;;;;;;;;;;;;;;;;;;;;;;;;;;;;;
double_standard_desc;Это означало валютную систему, в которой золото и серебро ходили как параллельные денежные единицы. Это гарантировало государству постоянную возможность производить дешевые деньги, но разница в изменении цен между валютами могла иметь серьезные последствия для отдельного гражданина.;Cela signifie un systeme monetaire bas??la fois sur l'or et l'argent, en unites monetaires paralleles. C'est ?l'Etat de veiller ?toujours etre en mesure de produire de l'argent bon march? mais la difference dans les prix de change entre les monnaies pourrait avoir un effet grave pour le citoyen. ;Dies bedeutete ein Wahrungssystem, fur das Gold und Silber als parallele Wahrungseinheiten fungierten. Es versetzte den Staat in die Lage, jederzeit billiges Geld zu produzieren. Die Preisunterschiede zwischen den Wahrungen konnten fur den einzelnen Burger aber gravierende Folgen haben.;;Significaba la existencia de un sistema monetario donde el oro y la plata circulaban como unidades monetarias paralelas. As?se aseguraba que el Estado siempre pudiera producir dinero barato, pero la diferencia en los cambios de precio entre las monedas podria tener un grave efecto para el ciudadano.;x;;;;;;;;;;;;;;;;;;;;;;;;;;;;;;;;;;;;;;;;;;;;
fixed_intramonetary_exchange_rates;Фиксированные внутриденежные обменные курсы;Taux de change fixe;Feste Wechselkurse;;Tipo de cambios fijo;x;;;;;;;;;;;;;;;;;;;;;;;;;;;;;;;;;;;;;;;;;;;;
fixed_intramonetary_exchange_rates_desc;Это означало систему сравнения цен разных валют и упрощенную систему их покупки и продажи. Это значительно повысило эффективность внешней торговли.;Ce systeme etablissait les equivalences entre les differentes monnaies et simplifiait le change. Cela ameliora considerablement l'efficacit?du commerce international.;Dies bedeutete ein Preisvergleichssystem fur verschiedene Wahrungen und vereinfachte den Wahrungskauf und -verkauf. Die verbesserte die Effizienz des Aussenhandels enorm.;;Esto suponia un sistema de comparacion de precios de diversas divisas, y un sistema simplificado de compra y venta de las mismas, lo que mejor?enormemente la eficacia del comercio exterior.;x;;;;;;;;;;;;;;;;;;;;;;;;;;;;;;;;;;;;;;;;;;;;
central_bank_money_bill_printing;Печать банкнот Центрального банка;Emission via banque centrale;Zentralbank-Notenpressung;;Emis. papel moneda por Banco Central;x;;;;;;;;;;;;;;;;;;;;;;;;;;;;;;;;;;;;;;;;;;;;
central_bank_money_bill_printing_desc;Печать банкнот Центрального банка;Emission via banque centrale;Zentralbank-Notenpressung;;Emis. papel moneda por Banco Central;x;;;;;;;;;;;;;;;;;;;;;;;;;;;;;;;;;;;;;;;;;;;;
gold_standard;Золотой стандарт;Etalon or;Goldstandard;;El patron oro;x;;;;;;;;;;;;;;;;;;;;;;;;;;;;;;;;;;;;;;;;;;;;
gold_standard;Золотой стандарт;Etalon or;Goldstandard;;El patron oro;x;;;;;;;;;;;;;;;;;;;;;;;;;;;;;;;;;;;;;;;;;;;;
gold_standard_desc;Это означало валютную систему, основанную на золоте. Деньги были довольно дорогими для производства правительством, и это иногда могло привести к низкому объему денежной массы. Однако, хорошо то, что цены на золото были довольно стабильными, а доверие к золоту было высоким, что делало валюту стабильной.;Cela signifie un systeme monetaire bas?sur l'or. L'argent etait plutot cher ?produire pour le gouvernement, ce qui pouvait parfois aboutir ?un faible stock de monnaie. Cependant, la bonne chose est que le prix de l'or est plutot stable et la confiance dans l'or elevee et fait ainsi la stabilit?de la monnaie. ;Dies bedeutete, dass ein Wahrungssystem auf Gold basierte. Geld war fur die Regierung eher teuer herzustellen, was manchmal zu geringen Geldvorraten fuhren konnte. Gut waren jedoch die relative Bestandigkeit des Goldpreises und das allgemeine Vertrauen in Gold, was die Wahrung stabilisierte.;;Se trataba de un sistema de moneda basado en la plata. Para el gobierno era mas caro producir dinero, y a veces, como consecuencia, podia haber escasez de fondo monetario. Como lado positivo, la confianza en el oro era alta y los precios del mismo eran mas estables, lo que hacia que la moneda tambien lo fuera.;x;;;;;;;;;;;;;;;;;;;;;;;;;;;;;;;;;;;;;;;;;;;;
international_monetary_exchange_rates;Международные валютные курсы;Taux de change internationaux;Internationale Wechselkurse;;Indices internac. de cambio de moneda;x;;;;;;;;;;;;;;;;;;;;;;;;;;;;;;;;;;;;;;;;;;;;
international_monetary_exchange_rates_desc;Это означало систему сравнения цен разных валют и упрощенную систему их покупки и продажи. Это значительно повысило эффективность внешней торговли.;Ce systeme etablissait les equivalences entre les differentes monnaies et simplifiait le change. Cela ameliora considerablement l'efficacit?du commerce international.;Dies bedeutete ein Preisvergleichssystem fur verschiedene Wahrungen und vereinfachte den Wahrungskauf und -verkauf. Die verbesserte die Effizienz des Aussenhandels enorm.;;Esto suponia un sistema de comparacion de precios de diversas divisas, y un sistema simplificado de compra y venta de las mismas, lo que mejor?enormemente la eficacia del comercio exterior.;x;;;;;;;;;;;;;;;;;;;;;;;;;;;;;;;;;;;;;;;;;;;;
modern_central_bank_system;Современная система центрального банка;Systeme de banque centrale;Modernes Zentralbanksystem;;Sist. mod. de Banco Central;x;;;;;;;;;;;;;;;;;;;;;;;;;;;;;;;;;;;;;;;;;;;;
modern_central_bank_system_desc;Современная система центрального банка;Systeme de banque centrale;Modernes Zentralbanksystem;;Sist. mod. de Banco Central;x;;;;;;;;;;;;;;;;;;;;;;;;;;;;;;;;;;;;;;;;;;;;
state_bond_monetary_mechanism;Денежно-кредитный механизм государственных облигаций;Mecanisme monetaire d'emprunts d'Etat;Staatsanleihen-Wahrungssystem;;Mecanismo monetario de Bonos del Estado;x;;;;;;;;;;;;;;;;;;;;;;;;;;;;;;;;;;;;;;;;;;;;
state_bond_monetary_mechanism_desc;Регулируя надежную систему государственных облигаций, правительство могло бы ссужать деньги внутри страны и контролировать валютные потоки. Это была одна из важных мер для получения стабильной денежной системы.;En instaurant un systeme d'emprunts d'Etat, le gouvernement a pu preter de l'argent et controler les flux monetaires. Cette mesure a fortement stabilis?le systeme monetaire.;Durch die Regulierung eines stimmigen Staatsanleihen-Wahrungssystems konnte Geld national geliehen und Wahrungsschwankungen unter Kontrolle gebracht werden. Dies war eine wichtige Massnahme zur Etablierung eines stabilen Wahrungssystems.;;Mediante la regulacion de un solido sistema de bonos del estado, el gobierno podia hacer prestamos a nivel interno y obtener el control del flujo de dinero. Se trataba de una medida importante para que el sistema monetario fuera estable.;x;;;;;;;;;;;;;;;;;;;;;;;;;;;;;;;;;;;;;;;;;;;;
interest_inflation_weapon;Оружие процентной инфляции;Taux d'interet et inflation;Zinsinflation-Gegenmassnahme;;Tasas de interes e inflacion;x;;;;;;;;;;;;;;;;;;;;;;;;;;;;;;;;;;;;;;;;;;;;
interest_inflation_weapon_desc;Позволив Национальному банку изменять процентные ставки, правительство могло бы, по крайней мере, в некоторой степени сбалансировать инфляцию и безработицу.;Le gouvernement pouvait dans une certaine mesure lutter contre le chomage en jouant sur l'inflation, en laissant la banque centrale modifier les taux d'interet.;Durch die Ermachtigung der Nationalbank, die Zinssatze zu andern, konnte die Regierung in gewissem Masse die Inflation gegen die Arbeitslosigkeit abwagen.;;Permitir que el Banco Nacional cambiara la tasa de interes posibilitaba al gobierno, al menos hasta cierto punto, equilibrar la inflacion con el desempleo.;x;;;;;;;;;;;;;;;;;;;;;;;;;;;;;;;;;;;;;;;;;;;;
market_determined_exchange_rates;Рыночные обменные курсы;Taux de change determines par le march?Marktbestimmte Wechselkurse;;Нndices de intercambio fijados por el mercado;x;;;;;;;;;;;;;;;;;;;;;;;;;;;;;;;;;;;;;;;;;;;;;
market_determined_exchange_rates_desc;Рыночные обменные курсы;Taux de change determines par le march?Marktbestimmte Wechselkurse;;Нndices de intercambio fijados por el mercado;x;;;;;;;;;;;;;;;;;;;;;;;;;;;;;;;;;;;;;;;;;;;;;
hyperinflation;Гиперинфляция;Hyper-inflation;Hyperinflation;;Hiper-inflacion;x;;;;;;;;;;;;;;;;;;;;;;;;;;;;;;;;;;;;;;;;;;;;
hyperinflation_desc;Для многих стран социально-экономические напряжения, вызванные участием в войнах с другими промышленными странами, привели к огромным дефицитам, которые сделали невозможным немедленное возвращение к золотому стандарту. Некоторые страны, столкнувшись с новыми требованиями к своим доходам в результате новых социальных обязательств перед теми, кто участвовал в недавних войнах, или обязательств за то, что они были на проигравшей стороне войн, посчитали эти требования слишком большими и попытались решить свои проблемы путем увеличения количества валюты в обращении. При отсутствии гарантий ценности валюты результатом стало бы быстрое обесценивание валюты по отношению к другим валютам или материалам, таким как золото. Социальные последствия такой государственной политики были травматичными, особенно для тех, кто жил на ограниченные или фиксированные доходы, или тех, кто имел инвестиции, номинированные в быстро обесценивающейся валюте. Для многих готовность государства заниматься такой деятельностью и реакция рынка на такую деятельность привели бы к поиску альтернативных идеологий для восстановления порядка и стабильности в обществе;Pour de nombreux pays, les efforts socio-economiques causes par la participation aux guerres avec d'autres pays industrialises ont entrain?d'enormes deficits qui rendaient impossible de retourner immediatement ?l'etalon-or. Ces pays, confrontes ?des demandes nouvelles ?la suite des obligations sociales pour les personnes impliquees dans les guerres ou les obligations financieres d'etre du cot?des perdants, ont trouv?les exigences trop grandes, et ont cherch??resoudre leurs problemes en augmentant le compte de monnaie en circulation. Avec rien pour garantir la valeur de la monnaie, le resultat est de rapidement diminuer la valeur de celle-ci par rapport aux autres monnaies ou des materiaux tels que l'or. L'impact social de ces politiques gouvernementales a et?traumatisante, surtout pour ceux qui ont vecu avec un revenu limit?ou fixe ou ceux qui avaient des investissements libelles dans la monnaie se depreciant rapidement. Pour beaucoup, la volont?de l'Etat ?s'engager dans une telle activit? et la reaction du march??de telles activites, conduirait ?une recherche d'ideologies alternatives pour retablir l'ordre et la stabilit?dans la societ?;Fur viele Nationen resultierten die durch Kriege mit anderen Industrienationen verursachten soziookonomischen Spannungen zu riesigen Haushaltsdefizisten, die eine sofortige Ruckkehr zum Goldstandard unmoglich machten. Manche Nationen, die sich mit Forderungen gegen ihre Einkunfte als Resultat neuer soziale Verpflichtungen gegenuber Teilnehmern kurzlicher Kriege oder in Form von Reparationsleistungen durch die Niederlage in Kriegen konfrontiert sagen, empfanden diese Anspruche als zu hoch, und versuchten, ihre Probleme dadurch zu losen, indem sie mehr Geld in Umlauf brachten. Ohne die Moglichkeit, den Wert der Wahrung zu garantieren, verfiel deren Wert im Vergleich zu anderen Wahrungen oder Materialien wie Gold rapide. Die sozialen Auswirkungen einer solchen Wahrungspolitik waren traumatisch, besonders fur jene, die bereits mit eingeschrankten und festen Gehaltern auskommen mussten, und fur Investoren, deren Anlagen durch den raschen Wahrungsverlust entwertet wurden. Fur viele wurden die Bereitschaft des Staats, solche Machenschaften zu betreiben und die Marktreaktion darauf zu Beweggrunden, sich zur Wiederherstellung der Ordnung und Stabilitat in der Gesellschaft anderen Ideologien zuzuwenden.;;Para muchos paises, las tensiones socioeconomicas provocadas por la guerra con otros paises industrializados provocaban enormes deficits que hacian imposible volver de manera inmediata al patron oro. Algunos de ellos, acosados por nuevas demandas de gasto como consecuencia de sus nuevas obligaciones sociales con los veteranos o de las obligaciones adquiridas por estar en el bando perdedor de un conflicto, descubrieron que su unica salida era ampliar la cantidad de moneda en circulacion. Sin nada que garantizase el valor de la moneda, el resultado seria una acelerada depreciacion frente a otras monedas o materias primas como el oro. El impacto social de este tipo de politicas fue traumatico, especialmente para quienes vivian de ingresos limitados o fijos, o quienes tenian inversiones en la moneda en proceso de depreciacion. A muchos, la participacion del estado en estas actividades y la reaccion del mercado antes ellas les llevarian a una busqueda de ideologias alternativas, capaces de restablecer el orden y la estabilidad social.;x;;;;;;;;;;;;;;;;;;;;;;;;;;;;;;;;;;;;;;;;;;;;
early_classical_theory_and_critique;Ранняя классическая теория и критика;Theories et critiques classiques;Fruhe klassische Theorie und Kritik;;Primeras teorias y criticas clasicas;x;;;;;;;;;;;;;;;;;;;;;;;;;;;;;;;;;;;;;;;;;;;;
early_classical_theory_and_critique_desc;Ранняя классическая теория и критика;Theories et critiques classiques;Fruhe klassische Theorie und Kritik;;Primeras teorias y criticas clasicas;x;;;;;;;;;;;;;;;;;;;;;;;;;;;;;;;;;;;;;;;;;;;;
late_classical_theory;Поздняя классическая теория;Theories classiques tardives;Spate klassische Theorie;;Teoria clasica tardia;x;;;;;;;;;;;;;;;;;;;;;;;;;;;;;;;;;;;;;;;;;;;;
late_classical_theory_desc;Поздняя классическая теория;Theories classiques tardives;Spate klassische Theorie;;Teoria clasica tardia;x;;;;;;;;;;;;;;;;;;;;;;;;;;;;;;;;;;;;;;;;;;;;
john_elliot_cairnes;Джон Эллиот Кэрнс;John Elliot Cairnes;John Elliot Cairnes;;John Elliot Cairnes;x;;;;;;;;;;;;;;;;;;;;;;;;;;;;;;;;;;;;;;;;;;;;
john_elliot_cairnes_desc; Джон Эллиот Кэрнс был последователем Джона Стюарта Милля. Его «Рабская власть» (1862), защита Севера в Гражданской войне в США, произвела большое впечатление в Англии. Он писал о неконкурирующих группах на рынке труда и известен своим недоверием к математической экономике. Среди его работ — «Характер и логический метод политической экономии» (1857) и «Некоторые ведущие принципы политической экономии, недавно изложенные» (1874).;John Elliot Cairnes etait un disciple de John Stuart Mill. Son oeuvre Slave Power (1862), une defense du Nord dans la guerre civile americaine, a fait grande impression en Angleterre. Il a ecrit sur les groupes non concurrentielles dans le march?du travail et est connu pour sa mefiance ?l'egard de l'economie mathematique. Citons parmi ses њuvres : le caractere et la methode logique de l'economie politique (1857) et certains principes avances de l'economie politique nouvellement exposee (1874). ;"John Elliot Cairnes war ein Gefolgsmann von John Stuart Mill. Sein Werk ""The Slave Power, its Character, Career and probable Designs"" (1862), eine Verteidigung der Nordstaaten im amerikanischen Burgerkrieg, machte in England grossen Eindruck. Er schrieb uber nicht miteinander konkurrierende Gruppen auf dem Arbeitsmarkt und war fur sein Misstrauen der mathematischen Volkswirtschaftslehre gegenuber bekannt. Zu seinen Werken gehorten ""The Character and Logical Method of Political Economy"" (1857) und ""Some Leading Principles of Political Economy Newly Expounded"" (1874).";;John Elliot Cairnes fue discipulo de John Stuart Mill. Su 'Poder de los esclavos' (1862), una defensa del Norte en la Guerra de Secesion, caus?una gran impresion en Inglaterra. Habia escrito sobre los grupos incompetentes++ en el mercado de trabajo, y es conocido por su desconfianza hacia la economia matematica. Entre sus trabajos estan 'El caracter y el metodo logico de la economia politica' (1857) y 'Principios directivos de la economia politica recien expuesta' (1874). ;x;;;;;;;;;;;;;;;;;;;;;;;;;;;;;;;;;;;;;;;;;;;;
robert_torrens;Роберт Торренс;Robert Torrens;Robert Torrens;;Robert Torrens;x;;;;;;;;;;;;;;;;;;;;;;;;;;;;;;;;;;;;;;;;;;;;
robert_torrens_desc;Роберт Торренс был офицером британской армии и владельцем влиятельной газеты Globe. Торренс был независимым первооткрывателем принципа Рикардо «сравнительного преимущества» в международной торговле (хотя и сторонником «взаимных тарифов», а не односторонней свободной торговли). Торренс также был соавтором рикардианской теории «дифференциальной ренты», хотя в более поздних изданиях отрекся от мальтузианской доктрины народонаселения, на которой она частично основывалась. Торренс оставался последовательным критиком «трудовой теории стоимости».;"Robert Torrens etait un officier de l'armee britanique et proprietaire de l'influent journal Globe. Torrens fut un decouvreur independant du principe de Ricardo, ""l'avantage comparatif"", dans le commerce international (un promoteur des ""droits de douane reciproques"", plutot que du libre-echange unilaterale). Torrens fut aussi un co-decouvreur de la theorie Ricardienne de la ""rente differentielle"", bien que, dans les editions ulterieures, il refutait la doctrine Malthusienne de la population, sur laquelle la theorie Ricardienne est en partie fondee. Torrens resta toutefois un critique coherent de la ""theorie de la valeur du travail"".";Robert Torrens war ein britischer Armeeoffizier und Eigentumer der einflussreichen Zeitung Globe. Torrens war ein unabhangiger Entdecker von Ricardos Prinzip der komparativen Kostenvorteile im internationalen Handel, obwohl er eher reziproke Tarife als unilateralen Freihandel unterstutzte. Torrens war ausserdem ein Mitentdecker der ricardischen Theorie der Grundrente, obwohl er in spateren Ausgaben Malthus' Bevolkerungstheorie widerrief, auf der sie teilweise basierte. Torrens blieb ein bestandiger Kritiker der Arbeitswerttheorie.;;Robert Torrens fue un oficial del ejercito britanico, propietario del influyente periodico 'Globe'. Torrens fue un descubridor independiente del principio de Ricardo de la 'ventaja comparativa' en el comercio internacional (aunque mas partidario de los 'aranceles reciprocos' que del libre comercio unilateral). Torrens fue tambien co-descubridor de la teoria de Ricardo sobre 'el arriendo diferencial', aunque en posteriores ediciones se retract?de la doctrina malthusiana sobre la poblacion en que se basaba parcialmente la primera.  Torrens se mantuvo como un critico coherente de la 'teoria del valor-trabajo'. ;x;;;;;;;;;;;;;;;;;;;;;;;;;;;;;;;;;;;;;;;;;;;;
john_ramsay_mcculloch;Джон Рэмси Маккалок;John Ramsay McCulloch;John Ramsay McCulloch;;John Ramsay McCulloch;x;;;;;;;;;;;;;;;;;;;;;;;;;;;;;;;;;;;;;;;;;;;;
john_ramsay_mcculloch_desc;Плодовитый шотландский журналист Джон Рэмси Маккалок был одним из самых ярых и доктринерских толкователей классической рикардианской школы. Маккалок начал свою карьеру в качестве редактора The Scotsman, в конечном итоге перейдя в вигигский Edinburgh Review, где он был редактором экономики до конца 1830-х годов. Маккалок использовал свою должность в Review для популяризации классических теорий и продвижения своих любимых экономических политик, таких как отмена хлебных законов, сохранение законов о бедных и легализация профсоюзов. Маккалок также читал лекции по политической экономии в Университетском колледже Лондона с 1828 по 1832 год. В 1838 году он был назначен контролером канцелярии Ее Величества. Основная работа Маккалока, Principles (1825), была, возможно, первым успешным «серьезным» учебником по экономике (и довольно лояльным прочтением теории Рикардо). Однако Маккалоха часто считают «легковесом» в плане развития экономической теории. Его главным вкладом стала злополучная доктрина «фонда заработной платы» (1824, 1825, 1826). Маккалох также был редактором издания «Богатства народов» Адама Смита 1828 года и издания «Трудов» Давида Рикардо 1846 года. Он также составил некоторые из самых ранних отчетов по истории экономической мысли (естественно, лестных для рикардианцев). Его монументальный трактат 1837 года дает статистический отчет о провале мальтузианской доктрины народонаселения.;"Un prolifique journaliste ecossais, John Ramsay McCulloch est l'un des commentateurs les plus ardents et doctrinaires de l'ecole classique ricardienne. McCulloch a commenc?sa carriere comme redacteur en chef de The Scotsman, avant de passer ?la whig revue d'Edimbourg, o?il a et?redacteur economique jusqu'?la fin des annees 1830. McCulloch s'est servi de sa position ?la revue pour populariser les theories classiques et promouvoir ses politiques favorites economiques, telles que l'abrogation des Corn Laws, le maintien de la loi sur les pauvres et la legalisation des syndicats. McCulloch a egalement donn?des conferences sur l'economie politique ?l'University College de Londres de 1828 ?1832. En 1838, il a et?nomm?controleur des HM Stationary Office. Le principal travail de McCulloch, Principes (1825), etait peut-etre le premier succes serieux en terme de manuel d'economie (et une lecture assez fidele de la theorie de Ricardo). Toutefois, McCulloch est souvent consideree comme ""leger"" en termes de developpement de la theorie economique. Sa principale contribution a et?la doctrine de l'infortun?«fonds des salaires?(1824, 1825, 1826). McCulloch etait egalement le redacteur en chef de l'edition 1828 du patrimoine d'Adam Smith des Nations Unies et de l'edition 1846 de Travaux David Ricardo. Il a egalement compos?quelques-uns des premiers recits de l'histoire de la pensee economique (naturellement, flatteur pour les ricardiens). Son monumental trait?de 1837 presente un compte rendu statistique de l'echec de la doctrine malthusienne de la population. ";John Ramsay McCulloch war ein erfolgreicher schottischer Journalist und einer der gluhendsten und doktrinarsten Verfechter der klassischen ricardischen Schule. McCulloch begann seine Karriere als Herausgeber von 'The Scotsman' und arbeitete schliesslich bis in die spaten 1830iger Jahre als Redakteur des Wirtschaftsteils des Whig-Blattes 'Edinburgh Review'. Dort setzte McCulloch seine Position zur Bekanntmachung der klassischen Theorien und zur Forderung der von ihm favorisierten Wirtschaftsstrategien ein. Dazu gehorten die Aufhebung der Getreidezollgesetze, die Beibehaltung des Armenrechts und die Legalisierung von Gewerkschaften. Daruber hinaus unterrichtete McCulloch von 1828 bis 1832 am University College London Volkswirtschaftslehre. 1838 wurde er zum Kontrolleur des HM Stationary Office ernannt. McCullochs Hauptwerk, 'Principles' (1825) war vermutlich das erste erfolgreiche, ernstzunehmende Wirtschaftslehrbuch - eine der ricardischen Theorie gegenuber relativ loyale Abhandlung. Hinsichtlich der Eintwicklung volkswirtschaftlicher Theorien wird McCulloch dennoch oft als eher unbedeutend angesehen. Sei wichtigster Beitrag war die unter keinem guten Stern stehende 'Wages Fund'-Doktrin (1824, 1825, 1826). McCulloch war ausserdem Herausgeber der 1828er Ausgabe von Adam Smiths 'Wealth of Nations' und der 1846er Ausgabe von David Ricardos Werken. Daruber hinaus stellte er eine der ersten Zusammenfassungen der Geschichte wirtschaftlichen Gedankenguts zusammen - wobei die Ideen Ricardos naturlich gut wegkamen. Sein monumentales Traktat von 1837 bietet eine statistische Auffuhrung des Scheiterns der malthusischen Bevolkerungstheorie.;;Prolifico periodista escoces, John Ramsay McCulloch fue uno de los mas apasionados y doctrinarios exponentes de la escuela ricardiana clasica. McCulloch comenz?su carrera como redactor de 'The Scotsman'. Con el tiempo se traslad?al 'Edinburgh Review', de tendencia whig, donde trabaj?como redactor de economia hasta finales de la decada de 1930. McCulloch utiliz?su posicion en 'Review' para divulgar las teorias clasicas y promover sus politicas economicas favoritas, como la derogacion de las Leyes del Trigo, la retencion de la Ley de Pobres y la legalizacion de los sindicatos. Tambien dio clases de economia politica en la universidad de Londres desde 1828 hasta 1832. En 1838 fue nombrado interventor de la oficina permanente de Su Majestad. Puede que la obra principal de McCulloch, 'Principios' (1825), fuera el primer libro de texto 'serio' de Economia (y una lectura bastante fiel de la teoria de Ricardo). No obstante, a menudo es considerado un 'peso ligero' en cuanto al desarrollo de la teoria economica. Su principal contribucion fue la desafortunada doctrina de 'fondo de salarios' (1824, 1825 y 1826). McCulloch fue tambien director de la edicion de 1828 de 'La Riqueza de las Naciones' de Adam Smith y de la edicion de las obras de David Ricardo. Tambien redact?algunas de las primeras relaciones de la historia del pensamiento economico (naturalmente, favoreciendo a los ricardianos).  Su tratado monumental de 1837 proporciona un informe estadistico del fracaso de la doctrina malthusiana sobre la poblacion.;x;;;;;;;;;;;;;;;;;;;;;;;;;;;;;;;;;;;;;;;;;;;;
nassau_william_sr;Нассау Уильям старший;William Nassau Senior;Nassau William Senior;;Nassau William, Sr;x;;;;;;;;;;;;;;;;;;;;;;;;;;;;;;;;;;;;;;;;;;;;
nassau_william_sr_desc;Работы этого экономиста были напечатаны и распространены в вашей стране. Когда ученые обсудят и отточат свой диалог, его достоинства вскоре станут известны широким слоям вашего населения. В этот момент он приведет к изменению экономического поведения и процедур в вашей стране.;Les travaux de cet economiste ont et?imprimes et distribues dans votre pays. Lorsque les universitaires auront debattu et affin?leur dialogue, ses merites seront bientot connus par de larges segments de votre population. ?ce stade, cela va produire un changement de comportement economique et un changement des procedures dans votre pays. ;Die Werke dieses Okonomen wurden in Ihrem Land gedruckt und verbreitet. Wenn die Akademiker ihre Debatten abgeschlossen haben, werden sie bald grossen Teilen Ihrer Bevolkerung bekannt sein. Zu diesem Zeitpunkt werden sie das wirtschaftliche Denken und Prozedere in Ihrem Land andern.;;Las obras de este economista han sido impresas y distribuidas en tu pais. Cuando los teoricos hayan debatido y perfeccionado su discusion, sus meritos no tardaran en ser conocidos por grandes segmentos de tu poblacion. En este punto, pronto se producir?un cambio en la conducta economica y en los procedimientos de tu pais.;x;;;;;;;;;;;;;;;;;;;;;;;;;;;;;;;;;;;;;;;;;;;;
james_mill;Джеймс Милл;James Mill;James Mill;;James Mill;x;;;;;;;;;;;;;;;;;;;;;;;;;;;;;;;;;;;;;;;;;;;;
james_mill_desc;Джеймс Милль был радикальным мыслителем, работавшим в тени гениального Джереми Бентама. Вместе эти два человека могут быть названы изобретателями утилитаризма, и большая часть его общей применимости была объяснена в работах Милля «Элементы политической экономии» (1821) и «Анализ феномена человеческого разума» (1829).;James Mill etait un penseur radical qui a travaill?dans l'ombre du brillant Jeremy Bentham. Ensemble, ces deux hommes peuvent etre decrits comme les inventeurs de l'utilitarisme, et une grande partie de son applicabilit?generale a et?expliquee dans les њuvres de Mills, elements d'economie politique (1821) et de l'analyse du phenomene de l'esprit humain (1829). ;"James Mill war ein radikaler Denker, der im Schatten des genialen Jeremy Bentham arbeitete. Diese beiden Manner konnen als die Erfinder des Nutzlichkeitsprinzips bezeichnet werden, dessen allgemeine Anwendbarkeit grosstenteils in Mills Werken 'Elements of Political Economy' (1821) und ""Analysis of the Phenomenon of the Human Mind' (1829) beschrieben wurde.";;James Mill fue un pensador radical que trabaj?a la sombra del brillante Jeremy Bentham. Juntos, estos dos hombres pueden definirse como los inventores del Utilitarismo, y gran parte de su aplicabilidad fue explicada en las obras de Mill, 'Elementos de economia politica' (1821) y 'Analisis de los fenomenos de la mente humana' (1829).;x;;;;;;;;;;;;;;;;;;;;;;;;;;;;;;;;;;;;;;;;;;;;
john_stuart_mill;Джон Стюарт Милл;John Stuart Mill;John Stuart Mill;;John Stuart Mill;x;;;;;;;;;;;;;;;;;;;;;;;;;;;;;;;;;;;;;;;;;;;;
john_stuart_mill_desc;Джон Стюарт Милль был сыном Джеймса Милля, знаменитого утилитариста, он быстро стал известен как один из самых блестящих умов Соединенного Королевства, а также один из самых радикальных. Он опубликовал несколько книг, среди которых «Система логики» (1843), «Принципы политической экономии» (1848), «О свободе» (1859), «Соображения о представительном правительстве» (1861) и «Утилитаризм» (1861), все из которых сделали его центральной фигурой социального либерализма и более гуманного взгляда на общество.;John Stuart Mill etait le fils de James Mill, le celebre utilitaire, il est rapidement devenu connu comme l'un des esprits les plus brillants du Royaume-Uni, et aussi l'un des plus radical. Il a publi?plusieurs livres parmi eux : Systeme de logique (1843), Principes d'economie politique (1848), De la libert?(1859), Considerations sur le gouvernement representatif (1861) et l'utilitarisme (1861), qui fait de lui la figure de prou du social-liberalisme en une vision plus humaine de la societ? ;John Stuart Mill war der Sohn des beruhmten Utilitariers James Mill. Er machte sich schnell einen Namen als einer der genialsten und radikalsten Denker Grossbritanniens. Er veroffentlichte mehrere Bucher, darunter 'A System of Logic' (1843), 'Principles of Political Economy' (1848), 'On Liberty' (1859), 'Considerations on Representative Government' (1861) und 'Utilitarianism' (1861). Diese Werke machten ihn zu einer zentralen Figur des Sozialliberalismus und einer humaneren Betrachtung der Gesellschaft.;;John Stuart Mill fue el hijo de James Mill, el famoso utilitarista. Rapidamente fue reconocido como una de las mentes mas brillantes del Reino Unido, y tambien como una de las mas radicales. Public?varios libros, entre ellos, 'Un sistema de logica' (1843), 'Principios de economia politica' (1848), 'Sobre la libertad' (1859), 'Consideraciones sobre el gobierno representativo' (1861) y 'Utilitarismo' (1861). Todas ellas le convirtieron en la figura principal del socioliberalismo y de una vision mas humana de la sociedad.;x;;;;;;;;;;;;;;;;;;;;;;;;;;;;;;;;;;;;;;;;;;;;
collectivist_theory;Теория коллективизма;Theorie collectiviste;Kollektivistische Theorie;;Teoria colectivista;x;;;;;;;;;;;;;;;;;;;;;;;;;;;;;;;;;;;;;;;;;;;;
collectivist_theory_desc;Теория коллективизма;Theorie collectiviste;Kollektivistische Theorie;;Teoria colectivista;x;;;;;;;;;;;;;;;;;;;;;;;;;;;;;;;;;;;;;;;;;;;;
pierre_joseph_proudhon;Пьер Жозеф Прудон;Pierre Joseph Proudhon;Pierre Joseph Proudhon;;Pierre Joseph Proudhon;x;;;;;;;;;;;;;;;;;;;;;;;;;;;;;;;;;;;;;;;;;;;;
new_deal_modifier;Новый курс;Karl Marx;Karl Marx;;Karl Marx;x;;;;;;;;;;;;;;;;;;;;;;;;;;;;;;;;;;;;;;;;;;;;
new_deal_modifier_desc;Новый курс представлял собой комплекс реформ, реализованных Рузвельтом в основном в самые известные первые «100 дней» его правления, что привело к беспрецедентному вмешательству в американскую экономику и спасло американскую демократию — хотя Вторая мировая война спасла американскую экономику.;Karl Marx;Karl Marx;;Karl Marx;x;;;;;;;;;;;;;;;;;;;;;;;;;;;;;;;;;;;;;;;;;;;;
pierre_joseph_proudhon_desc;Прудон был учеником печатника и заинтересовался политикой после того, как он принял участие в печати «Нового индустриального и кооперативного мира» Шарля Фурье. Теперь Прудон обратился к писательству и в 1843 году опубликовал книгу «Что такое собственность?». В этой книге Прудон критикует несправедливость неравенства и придумал фразу «собственность — это кража». Прудон опубликовал свою самую важную работу «Система экономических противоречий», которая была опубликована в 1846 году. Карл Маркс ответил на книгу Прудона, написав «Нищету философии» (1847). Это стало началом длительной борьбы идей между двумя мужчинами. Прудон был противником авторитаризма Маркса, и его основное влияние было на либертарианское социалистическое движение.;"Proudhon fut mis en apprentissage comme imprimeur, et s'interessa ?la politique apres avoir et?impliqu?dans l'impression de ""la nouvelle zone industrielle et de cooperation mondiale"" par Charles Fourier. Proudhon desormais se tourna vers l'ecriture et publia en 1843 ""Qu'est-ce que la propriet??"". Dans le livre, Proudhon attaque les injustices de l'inegalit?et invente l'expression, «la propriet?c'est le vol? Proudhon a publi?son travail le plus important, ""systeme des contradictions economiques"", en 1846. Karl Marx a repondu au livre de Proudhon en ecrivant ""La Misere de la philosophie"" (1847). Ce fut le debut de la lutte ?long terme d'idees entre les deux hommes. Proudhon etait oppos??l'autoritarisme de Marx et sa principale influence a pes?sur le mouvement socialiste libertaire. ";Proudhon war ein ausgebildeter Drucker. Sein Interesse an der Politik wurde durch seine Mitarbeit beim Druck der Werke 'The New Industrial' und 'Cooperative World' von Charles Fourier geweckt. Proudhon wandte sich nun dem Schreiben zu und veroffentlichte im Jahr 1843 das Werk 'Avertissement aux proprietaires'. In diesem Buch griff Proudhon die Ungerechtigkeiten der Ungleichheit an und pragte den Ausdruck 'Eigentum ist Diebstahl'. 1846 veroffentlichte Proudhon sein wichtigstes Werk, 'Systeme des contradictions economiques ou Philosophie de la misere'. Karl Marx reagierte auf dieses Werk von Proudhon mit seinem Buch 'Das Elend der Philosophie' (1847). Dies war der Beginn des fortwahrenden Konflikts zwischen diesen beiden Mannern. Proudhon lehnte Marx' Autoritarismus ab;;A Proudhon le colocaron como aprendiz de impresor, y se interes?por la politica despues de estar implicado en la impresion de 'La nueva industria y el mundo cooperativo' de Charles Fourier. Proudhon pas?a la literatura, y en 1843 public?'їQu?es la propiedad?'. En dicho libro, su autor ataca las injusticias de la desigualdad y acuno la frase, 'la propiedad es robo'. Proudhon public?su obra mas importante, 'Sistema de las contradicciones economicas' en 1846. Karl Marx respondi?al libro de Proudhon escribiendo 'La pobreza de la filosofia' (1847). Este fue el comienzo de la larga lucha de ideas entre los dos. Proudhon se oponia al autoritarismo de Marx, y su influencia principal se dio en el movimiento socialista libertario.;x;;;;;;;;;;;;;;;;;;;;;;;;;;;;;;;;;;;;;;;;;;;;
karl_marx;Карл Маркс;Karl Marx;Karl Marx;;Karl Marx;x;;;;;;;;;;;;;;;;;;;;;;;;;;;;;;;;;;;;;;;;;;;;
karl_marx_desc;Карл Маркс изначально был учеником Гегеля, но развил его идеалистическую философию. Позже в Париже он впервые начал общаться с представителями рабочего класса. Маркс был шокирован их бедностью, но впечатлен их чувством товарищества. В статье, которую он написал для Franco-German Annals, Маркс применил диалектическую теорию Гегеля к тому, что он наблюдал в Париже. Маркс, который теперь называл себя коммунистом, утверждал, что рабочий класс (пролетариат) в конечном итоге станет освободителем общества. Наиболее влиятельными работами Маркса были «Немецкая идеология», «Манифест коммунистической партии», «Принципы коммунизма» и «Капитал». Большую часть своей жизни он прожил в Англии, где опубликовал свои работы и откуда стал самым влиятельным социалистом всех времен.;Karl Marx a et??l'origine disciple de Hegel, mais a evolu?vers sa philosophie idealiste. Plus tard, ?Paris, il commence ?se melanger pour la premiere fois, avec les membres de la classe ouvriere. Marx a et?choqu?par leur pauvret? mais impressionn?par leur sens de la camaraderie. Dans un article qu'il a ecrit pour les Annales franco-allemandes, Marx a appliqu?la theorie dialectique de Hegel ?ce qu'il avait observ??Paris. Marx, qui maintenant se decrit comme un communiste, fait valoir que la classe ouvriere (le proletariat), serait finalement l'emancipateur de la societ? Les travaux les plus influents de Marx ont et?: L'Ideologie allemande, Le Manifeste du Parti communiste, Principes du communisme, et Das Kapital. Durant une bonne partie de sa vie, il a vecu en Angleterre o?il publia ses њuvres et d'o?il devint le socialiste le plus influent de tous les temps. ;Karl Marx war ursprunglich ein Schuler von Hegel, entwickelte aber seine eigene idealistische Philosophie. In Paris traf er spater dann erstmals mit Angehorigen der Arbeiterklasse zusammen. Marx war von ihrer Armut schockiert, aber ihre Kameradschaft beeindruckte ihn. In einem Artikel fur die deutschfranzosischen Annalen wandte Marx Hegels dialektische Theorie auf das in Paris Gesehene an. Marx, der sich nun als Kommunist bezeichnete, behauptete darin, dass die Arbeiterklasse (das Proletariat) letztendlich zum Befreier der Gesellschaft werden wurde. Marx' einflussreichste Werke waren 'Die deutsche Ideologie', 'Manifest der Kommunistischen Partei' und 'Das Kapital'. Er lebte den Grossteil seines Lebens in England, wo er seine Werke veroffentlichte und zum einflussreichsten Sozialisten aller Zeiten wurde.;;Karl Marx fue originariamente discipulo de Hegel, pero su filosofia idealista evolucion? Tiempo despues, en Paris, comenz?a mezclarse con miembros de la clase obrera por primera vez. Qued?impactado por su pobreza, pero tambien impresionado por su sentido de la camaraderia. En un articulo que escribi?para los Anales Franco-Alemanes, Marx aplic?la teoria dialectica de Hegel a lo que habia observado en Paris. Marx, que ahora se define como comunista, arguia que la clase obrera (el proletariado), seria al final la emancipadora de la sociedad. Sus obras mas influyentes fueron 'La ideologia alemana', 'El manifiesto comunista', 'Los principios del comunismo' y 'El capital'. Vivi?la mayor parte de su vida en Inglaterra, donde public?sus obras y donde se convirti?en el socialista mas influyente de todos los tiempos.;x;;;;;;;;;;;;;;;;;;;;;;;;;;;;;;;;;;;;;;;;;;;;
friedrich_engels;Фридрих Энгельс;Friedrich Engels;Friedrich Engels;;Friedrich Engels;x;;;;;;;;;;;;;;;;;;;;;;;;;;;;;;;;;;;;;;;;;;;;
friedrich_engels_desc;В молодости Энгельс отправился в Манчестер, чтобы помочь отцу управлять его хлопчатобумажной фабрикой. Энгельс был потрясен нищетой в городе и начал писать отчет, который был опубликован под названием «Состояние рабочих классов в Англии» (1844). Здесь Энгельс встретил Маркса, с которым он будет писать и пытаться организовать международные рабочие организации до конца своей жизни. Энгельс жил в тени Маркса интеллектуально, но экономически он финансировал Маркса, чтобы тот мог писать. По сути, не было бы Маркса без Энгельса и наоборот.;"Jeune homme Engels est all??Manchester pour aider son pere ?gerer son usine de coton. Engels a et?choqu?par la pauvret?dans la ville et a commenc??ecrire un compte-rendu qui a et?publi?en tant que ""Condition des classes laborieuses en Angleterre"" (1844). L?bas, Engels a rencontr?Marx avec qui il ecrira et essayera de structurer les organisations internationales de travailleurs pour le reste de sa vie. Engels a vecu dans l'ombre de Marx intellectuellement, mais economiquement, il a financ?Marx pour qu'il puisse ecrire. Fondamentalement, il n'y aurait pas eu un Marx sans un Engels et vice versa. ";Als junger Mann ging Engels nach Manchester, um seinem Vater bei der Leitung seiner Baumwollfabrik zu helfen. Engels war von der Armut der Stadt schockiert und schrieb als Konsequenz die Abhandlung 'Die Lage der arbeitenden Klasse in England' (1844). In England traf er auch Marx, mit dem zusammen er bis an sein Lebensende schreiben sollte. Zusammen versuchten sie auch, die internationalen Arbeitervereinigungen zu organisieren. Zwar war Engels Marx intellektuell unterlegen, aber durch seine wirtschaftliche Stellung konnte er die schriftstellerischen Bemuhungen der beiden finanzieren. Ohne Engels hatte es Marx quasi nicht gegeben, und ohne Marx keinen Engels.;;En su juventud, Engels fue a Manchester para ayudar a su padre a llevar su fabrica de algodon. Qued?impresionado por la pobreza de la ciudad, y comenz?a escribir un informe que fue publicado como 'La situacion de la clase obrera en Inglaterra' (1844). Aqu?fue donde Engels conoci?a Marx, con quien escribiria y trataria de organizar las asociaciones internacionales de trabajadores durante el resto de su vida. Engels vivi?a la sombra del intelecto de Marx, pero le financi?economicamente para que pudiera escribir. Basicamente, sin Engels no hubiera existido un Marx y viceversa.;x;;;;;;;;;;;;;;;;;;;;;;;;;;;;;;;;;;;;;;;;;;;;
eduard_bernstein;Эдуард Бернштейн;Eduard Bernstein;Eduard Bernstein;;Eduard Bernstein;x;;;;;;;;;;;;;;;;;;;;;;;;;;;;;;;;;;;;;;;;;;;;
eduard_bernstein_desc;Эдуард Бернштейн изначально был верным учеником Маркса и начал свою жизнь в Германской социал-демократической партии, но во время своего последующего изгнания в Лондоне Бернштейн постепенно убедился, что лучший способ добиться социализма в индустриальной стране — это профсоюзная деятельность и парламентская политика. Он опубликовал ряд статей, в которых утверждал, что предсказания Карла Маркса о развитии капитализма не сбылись. Он указал, что реальная заработная плата рабочих выросла, а поляризация классов между угнетенным пролетариатом и капиталистами не материализовалась. Капитал также не стал концентрироваться в меньшем количестве рук. Ревизионистские взгляды Бернштейна были изложены в его чрезвычайно влиятельной книге «Эволюционный социализм» (1899).;"Eduard Bernstein fut ?l'origine un fervent disciple de Marx et il debuta dans le parti allemand social-democrate, mais plus tard pendant son exil ?Londres, Bernstein devint peu ?peu convaincu que la meilleure facon d'obtenir le socialisme dans un pays industrialis?passait par l'activit?syndicale et par la politique parlementaire. Il a publi?une serie d'articles o?il a fait valoir que les predictions de Karl Marx sur le developpement du capitalisme n'etaient pas devenues realit? Il a soulign?que les salaires reels des travailleurs avaient augment?et que la polarisation des classes entre un proletariat opprim?et les capitalistes, ne s'etait pas materialisee. Pas plus le capital ne s'etait concentr?dans moins de mains. Les vues revisionnistes de Bernstein sont exposees dans son livre tres influent ""Socialisme evolutif"" (1899). ";Eduard Bernstein war ursprunglich ein fanatischer Anhanger von Marx und begann seine politische Karriere in der Sozialdemokratischen Partei Deutschlands, aber wahrend seines spateren Exils in London kam Bernstein mehr und mehr zu der Uberzeugung, dass die besten Methoden zur Etablierung des Sozialismus in einem industrialisierten Land gewerkschaftliche Aktivitat und parlamentarische Politik waren. Er veroffentlichte eine Reihe von Artikeln, in denen er behauptete, die Ankundigungen von Karl Marx bezuglich der Entwicklung des Kapitals seien nicht wahr geworden. Er fuhrte an, dass die Reallohne der Arbeiter gestiegen waren und dass es nicht zur Polarisation der Klassen zwischen den unterdruckten Proletariern und den Kapitalisten gekommen war. Auch das Kapital hatte sich nicht auf wenigere Menschen konzentriert. Bernsteins revisionistische Ansichten flossen in sein ausserst einflussreiches Buch 'Die Voraussetzungen des Sozialismus und die Aufgaben der Sozialdemokratie' aus dem Jahre 1899 ein.;;Eduard Bernstein fue al principio un discipulo incondicional de Marx, y comenz?su vida en el partido socialdemocrata aleman, pero durante su posterior exilio en Londres, Bernstein fue convenciendose poco a poco de que el mejor modo de lograr el socialismo en un pais industrializado era a traves de la actividad de los sindicatos y de la politica parlamentaria. Public?una serie de articulos donde argumentaba que las predicciones realizadas por Karl Marx sobre el desarrollo del capitalismo no se habian cumplido. Senal?que los salarios reales de los trabajadores habian subido y que no se habia materializado la polarizacion de las clases entre un proletariado oprimido y el capitalista, ni tampoco se habia concentrado el capital en menos manos. La vision revisionista de Bernstein apareci?en su extremadamente influyente libro titulado 'Socialismo evolucionario' (1899).;x;;;;;;;;;;;;;;;;;;;;;;;;;;;;;;;;;;;;;;;;;;;;
sidney_webb;Сидни Уэбб;Sidney Webb;Sidney Webb;;Sidney Webb;x;;;;;;;;;;;;;;;;;;;;;;;;;;;;;;;;;;;;;;;;;;;;
sidney_webb_desc;Уэбб развивал социалистические идеи во время учебы в университете и в 1885 году вступил в Фабианское общество. Общество считало, что капитализм создал несправедливое и неэффективное общество. Члены общества согласились, что конечной целью группы должно быть восстановление «общества в соответствии с высшими моральными возможностями». Фабианское общество было «органом по установлению и распространению фактов» и выпустило серию памфлетов по широкому кругу различных социальных вопросов. Многие из них были написаны Сиднеем Уэббом, включая «Факты для социалистов» (1887), «Факты для лондонцев» (1888) и «Восьмичасовой рабочий день» (1891). Уэбб также написал «План кампании за труд» совместно с Джорджем Бернардом Шоу. Позже Уэбб стал важной социал-демократической фигурой, имеющей влияние в международных рабочих организациях.;"Webb a developp?des idees socialistes ?l'universit?et en 1885, il rejoint la Fabian Society. Cette societ?croit que le capitalisme a cree une societ?injuste et inefficace. Les membres ont convenu que l'objectif ultime du groupe doit etre de reconstruire la societ?en conformit?avec les plus hautes possibilites morales. La Fabian Society fut un ""organe d'enquete et de distribution"" et il a produit une serie de brochures sur une variet?de differents problemes sociaux. Beaucoup d'entre eux etaient ecrits par Sidney Webb y compris des Faits pour les socialistes (1887), Faits pour les Londoniens (1888) et La journee de huit heures (1891). Webb a aussi ecrit un plan de campagne pour le travail avec George Bernard Shaw. Webb est devenu, plus tard, une figure importante de la sociale-democratique ayant une influence dans les organisations internationales de travailleurs.";Webb entwickelte wahrend seines Studiums sozialistische Ideen und trat 1885 der Fabian-Gesellschaft beit. Diese Vereinigung war der Ansicht, dass der Kapitalismus eine ungerechte und ineffiziente Gesellschaft geschaffen hatte. Die Mitglieder dieser Vereinigung einigten sich darauf, dass das gemeinsame ultimative Ziel die Rekonstruktion der Gesellschaft in Ubereinstimmung mit den hochstmoglichen sozialen Werten sein sollte. Die Fabian-Gesellschaft war eine sozialistische intellektuelle Bewegung, die eine Reihe von Pamphleten bezuglich einer grossen Anzahl unterschiedlicher sozialer Probleme herausgab. Zu vielen dieser von Sidney Webb geschriebenen Pamphlete gehorten 'Facts for Socialists' (1887), 'Facts for Londoners' (1888) und 'The Eight Hour Day' (1891). Zusammen mit George Bernard Shaw schrieb Webb ausserdem 'A Plan on Campaign for Labour'. Webb wurde spater zu einer wichtigen sozialdemokratischen Figur mit Einfluss auf internationale Arbeitervereinigungen.;;Webb desarroll?ideas socialistas durante su estancia en la universidad, y en 1885 se uni?a la Sociedad Fabiana, que creia que el capitalismo habia creado una sociedad injusta e ineficaz. Sus miembros acordaron que el objetivo ultimo del grupo debia ser reconstruir la 'sociedad de acuerdo con las mas altas posibilidades morales'. La Sociedad Fabiana fue 'un cuerpo buscador y suministrador de hechos', y producia una serie de panfletos sobre una amplia variedad de asuntos sociales. Muchos de ellos los escribi?Sidney Webb, incluyendo los 'Hechos para socialistas' (1887), los 'Hechos para londinenses' (1888) y 'La octava hora del dia' (1891). Webb escribi?tambien 'Un plan de campana para el trabajo' con George Bernard Shaw. Tiempo despues, Webb se convirti?en una importante figura de la socialdemocracia, con influencia en las asociaciones internacionales de trabajadores.;x;;;;;;;;;;;;;;;;;;;;;;;;;;;;;;;;;;;;;;;;;;;;
karl_kautsky;Карл Каутский;Karl Kautsky;Karl Kautsky;;Karl Kautsky;x;;;;;;;;;;;;;;;;;;;;;;;;;;;;;;;;;;;;;;;;;;;;
karl_kautsky_desc;Карл Каутский вступил в Социал-демократическую партию (СДП) и отвечал за разработку Эрфуртской программы, которая обязывала СДП придерживаться эволюционной формы марксизма. Он также написал и опубликовал «Экономические доктрины Карла Маркса» (1887) и «Томас Мур и его утопия» (1888). Через некоторое время он порвал с Бернштейном, которого считал слишком снисходительным, и вместо этого остался верен своему более революционному взгляду на социализм.;Karl Kautsky a rejoint le parti social-democrate (SDP) et a et?charg?de rediger le programme d'Erfurt qui engagea le SDP comme une forme evolutive du marxisme. Il a egalement ecrit et publi?les doctrines economiques de Karl Marx (1887) et Thomas Moore et son Utopie (1888). Apres un certain temps, il rompt avec Bernstein, qu'il considerait comme trop clement et, ?la place, il est rest?fidele ?son point de vue plus revolutionnaire du socialisme.;Karl Kautsky trat der Sozialdemokratischen Partei Deutschlands (SPD) bei und war fur die Formulierung des Erfurter Programms verantwortlich, mit dem sich die SPD einer evolutionaren Form des Marxismus verschrieb. Ausserdem schrieb und veroffentlichte er 'Die wirtschaftlichen Theorien des Karl Marx' (1887) und 'Thomas Moore und seine Utopie (1888). Nach einer Weile brach er mit Bernstein, den er fur zu gemassigt hielt, und blieb stattdessen seiner eigenen, revolutionareren Betrachtung des Sozialismus treu.;;Karl Kautsky se uni?al Partido Social-Democrata (SDP) y fue responsable del anteproyecto del Programa Erfurt, que comprometi?al SDP a ser una forma evolucionada de Marxismo. Tambien escribi?y public?'Las doctrinas economicas de Karl Marx' (1887) y 'Tomas Moro y su utopia' (1888). Tiempo despues rompi?con Bernstein, a quien veia demasiado indulgente, y permaneci?fiel a su vision mas revolucionaria del socialismo.;x;;;;;;;;;;;;;;;;;;;;;;;;;;;;;;;;;;;;;;;;;;;;
jean_jaurиs;Жан Жорес;Jean Jaures;Jean Jaures;;Jean Jaures;x;;;;;;;;;;;;;;;;;;;;;;;;;;;;;;;;;;;;;;;;;;;;
jean_jaurиs_desc;Жорис был избран в Палату депутатов в 1885 году. Потерпев поражение на выборах 1889 года, он вернулся в Тулузский университет. Он становился все более радикальным в своих политических взглядах и после прочтения Карла Маркса начал выступать за социализм. Он не был революционером и поддерживал независимых социалистов. Находясь вне парламента, Жорис завершил свою гигантскую социалистическую историю Французской революции. Он также объединился с Аристидом Брианом и Рене Вивиани в 1904 году, чтобы основать левую газету L'Humanit? в 1904 году. Новая социалистическая партия под руководством Жореса быстро росла в начале века, но раскололась из-за правильного ответа на немецкий милитаризм. Жорис выступал за политику международного арбитража, тогда как другие поддерживали Тройственное согласие.;"Jaures a et?elu ?la Chambre des deputes en 1885. Battu aux elections de 1889, il est retourn??l'universit?de Toulouse. Il est devenu de plus en plus radical dans ses opinions politiques et ?la lecture de Karl Marx, il a commenc??se revendiquer du socialisme. Il n'etait pas un revolutionnaire et il a soutenu les socialistes independants. Bien que parlementaire, Jaures a achev?son monumental ""Histoire socialiste de la Revolution francaise"". Il s'est egalement joint ?Aristide Briand et ?Ren?Viviani en 1904 pour etablir le journal de gauche, L'Humanit? Un nouveau parti socialiste sous l'aile de Jaures s'est developp?rapidement au debut du siecle, mais le parti est rest?diviser sur la reponse correcte ?apporter au militarisme allemand. Jaures a preconis?une politique de l'arbitrage international, tandis que d'autres ont soutenu la Triple Entente. ";Jaures wurde im Jahr 1885 als Abgeordneter ins franzosische Parlament berufen. Nach seiner Niederlage in den Wahlen von 1889 kehrte er an die Universitat von Toulouse zuruck. Seine politischen Ansichten wurden zunehmend radikaler, und nachdem er die Werke von Karl Marx studiert hatte, begann er mit der Befurwortung des Sozialismus. Er war aber kein Revolutionar und unterstutzte die unabhangigen Sozialisten. Wahrend er nicht dem Parlament angehorte, vollendete Jaures seine mammuthafte Abhandlung 'Histoire socialiste de la revolution francaise'. 1904 schloss er sich mit Aristide Briand und Rene Viviani zur Grundung der linksgerichteten Zeitung 'L'Humanit? zusammen. Unter Jaures' Fuhrung wuchs eine neue sozialistische Partei anfangs schnell heran, spaltete sich zu Beginn des Jahrhunderts aber uber die passende Antwort auf den deutschen Militarismus auf. Jaures befurwortete eine pazifistische Politik, wohingegen andere die Triple Entente unterstutzten.;;Jaures fue elegido para la Camara de los Diputados en 1885. Derrotado en las elecciones de 1889, volvi?a la universidad de Toulouse. Fue haciendose cada vez mas radical en su vision politica y, tras leer a Karl Marx, comenz?a abogar por el socialismo. No fue un revolucionario, y apoy?a los Socialistas Independientes. Mientras estuvo fuera del parlamento, Jaures complet?su mastodontica 'Historia Socialista de la Revolucion Francesa'. Tambien se uni?a Aristide Briand y Rene Viviani en 1904 para fundar un periodico de izquierdas, 'L'Humanit? en ese mismo ano.  Un nuevo Partido Socialista bajo el auspicio de Jaures creci?rapidamente al comienzo del siglo, pero se escindi?en la busqueda de la respuesta correcta al militarismo aleman. Jaures abog?por una politica de arbitrio internacional mientras que otros apoyaban la Triple Entente.;x;;;;;;;;;;;;;;;;;;;;;;;;;;;;;;;;;;;;;;;;;;;;
the_historical_theory;Историческая теория;Theorie historiciste;Die Geschichtstheorie;;La Teoria Historica;x;;;;;;;;;;;;;;;;;;;;;;;;;;;;;;;;;;;;;;;;;;;;
the_historical_theory_desc;Историческая теория;Theorie historiciste;Die Geschichtstheorie;;La Teoria Historica;x;;;;;;;;;;;;;;;;;;;;;;;;;;;;;;;;;;;;;;;;;;;;
friedrich_list;Фридрих Лист;Friedrich List;Friedrich List;;Friedrich List;x;;;;;;;;;;;;;;;;;;;;;;;;;;;;;;;;;;;;;;;;;;;;
friedrich_list_desc;Фридрих Лист был националистом и романтическим критиком экономической теории и одним из основоположников Немецкой исторической школы. Его самая известная работа «Национальная система политической экономии» (1841) была написана в противовес доктринам свободной торговли, пронизывающим классическую экономику. Однако его работа не была полемической защитой протекционизма. Он аргументировал это на основе своего анализа экономики, который подчеркивал политические факторы — в частности, «нацию» — в экономике. Лист утверждал, что правительство несет ответственность за содействие «производительным силам» нации, и как только они будут созданы, тогда может последовать свободная торговля, но не раньше. Это похоже на современный аргумент о «зарождающейся промышленности» в пользу защиты. Что еще более важно, он разработал теорию экономических «стадий», которая должна была послужить проектом для Немецкой исторической школы.;Friedrich List etait un nationaliste et critique romantique de la theorie economique et l'un des ancetres de l'ecole historique allemande. Son ouvrage le plus connu, Le Systeme national d'economie politique (1841) a et?ecrit contre les doctrines de libre-echange qui ont regn?dans les economies classiques. Toutefois, son systeme n'etait pas un moyen de defense polemique du protectionnisme. Il a fait valoir sur la base de son analyse des economies, qui a soulign?des facteurs politiques - notamment, la nation - dans l'economie. List a soutenu que c'etait de la responsabilit?du gouvernement de viser ?favoriser la «force productive?d'une nation et, une fois que cette force etait mise en place, un libre-echange pourrait en resulter, mais pas avant. Cela ressemble ?l'argument de «l'industrie naissante?moderne pour la protection. Plus pertinemment, il developpa une theorie de l'economie «par etapes?qui devait servir de modele pour l'ecole historique allemande. ;Friedrich List war ein Nationalist, romantischer Kritiker der Wirtschaftstheorie und einer der Wegbereiter der Historischen Schule der Nationalokonomie. Sein bekanntestes Werk, 'Das nationale System der Wirtschaftspolitik' (1841) wurde als Kontrast zu den Freihandelstheorien geschrieben, mit denen die klassischen Wirtschaftstheorien durchzogen waren. Sein Werk war aber keine polemische Verteidigung des Protektionismus. Vielmehr argumentierte er auf der Grundlage seiner Wirtschaftsanalyse, die sich mit den politischen Faktoren in der Wirtschaft, vor allem der Nation, befassten. List war der Ansicht, dass es in der Verantwortung einer Regierung lage, die produktiven Krafte einer Nation aufzubauen und dass Freihandelsbedingungen erst nach Abschluss dieses Vorgangs gelten sollten. Dies war dem protektionaren 'Junge Industrie'-Argument der Moderne vergleichbar. Noch relevanter war die von ihm entwickelte Theorie der wirtschaftlichen 'Stufen', die fur die deutsche Historische Schule der Nationalokonomie als Blaupause dienen sollte.;;Friedrich List fue un nacionalista y un critico romantico de la teoria economica, y uno de los antepasados de la Escuela Historica Alemana. Su obra mas conocida, 'El sistema nacional de la economia politica' (1841) fue escrito contra las doctrinas librecambistas que impregnan la economia clasica. Sin embargo, la suya no fue una defensa polemica del proteccionismo. La argument?sobre las bases de su analisis de la economia, que subrayaba los factores politicos (sobre todo, el pais) en la economia. List sostenia que era responsabilidad del gobierno fomentar los 'poderes productivos' de un pais y, que el libre comercio podia continuar una vez se hubieran puesto en marcha dichos planes, pero no antes. Esto es similar al argumento moderno de la proteccion de las 'industrias emergentes'. Mas relevante fue su desarrollo de una teoria de 'etapas' economicas que iba a servir como anteproyecto para la Escuela Historica Alemana.;x;;;;;;;;;;;;;;;;;;;;;;;;;;;;;;;;;;;;;;;;;;;;
wilhelm_roscher;Вильгельм Рошер;Wilhelm Roscher;Wilhelm Roscher;;Wilhelm Roscher;x;;;;;;;;;;;;;;;;;;;;;;;;;;;;;;;;;;;;;;;;;;;;
wilhelm_roscher_desc;Профессор Лейпцигского университета (1848-94), он был основателем немецкой исторической школы экономики, которая отвергла классическую точку зрения laissez-faire. Работа Рошера подчеркивала эволюционный характер капитализма посредством детального исторического анализа культур древних народов. Его System der Volkswirtschaft (5 томов, 1854-94, перевод 13-го изд., Principles of Political Economy, 1878) была влиятельным учебником во второй половине 19 века. Его наиболее значимая работа - Geschichte der National-oekonomik in Deutschland (1874).;"Professeur ?l'universit? de Leipzig (1848-1894), il a et?un des fondateurs de l'ecole historique allemande de l'economie, qui a rejet?la classique vue du ""laissez-faire"". Roscher, dans son travail, insiste sur le caractere developpemental du capitalisme ?travers des analyses detaillees historiques de la culture des peuples anciens. Son Systeme de l'economie nationale (5 vol., 1854-1894, 13eme edition, Principes d'economie politique, 1878) a et?un manuel influent dans la seconde moiti?du 19eme siecle. Son travail le plus significatif est Histoire de l'economie nationale en Allemagne (1874). ";Roscher lehrte von 1848 bis 1894 als Professor an der Universitat von Leipzig. Er war ein Mitbegrunder der deutschen Historischen Schule der Nationalokonomie, die den klassischen Laissez-Faire-Ansatz ablehnte. Roschers Arbeit betonte den entwicklungsgemassen Charakter des Kapitalismus durch historische Analysen der Kulturen alter Nationen. Sein Werk 'System der Volkswirtschaft (5 Bande, 1854 ff, 13. Ausgabe 1878) war in der zweiten Halfte des 19. Jahrhunderts ein einflussreiches Lehrbuch. Sein bedeutendstes Werk war 'Geschichte der Nationaloekonomik in Deutschland' (1874).;;Profesor en la Universidad  de Leipzig (1848-1894), fue fundador de la escuela historica alemana de economia, que rechazaba la clasica vision liberal. La obra de Roscher destacaba el caracter del desarrollo del capitalismo a traves de detallados analisis historicos de las culturas de naciones antiguas. Su 'System der Volkswirtschaft' (5 vol., 1854-94, tr.  inglesa de la 13?ed., 'Principios de economia politica', 1878), fue un influyente libro de texto en la segunda mitad del siglo XIX. Su obra mas significativa es Geschichte der National-oekonomik in Deutschland (1874).;x;;;;;;;;;;;;;;;;;;;;;;;;;;;;;;;;;;;;;;;;;;;;
bruno_hildebrand;Бруно Хильдебранд;Bruno Hildebrand;Bruno Hildebrand;;Bruno Hildebrand;x;;;;;;;;;;;;;;;;;;;;;;;;;;;;;;;;;;;;;;;;;;;;
bruno_hildebrand_desc;Будучи крайне критически настроенным по отношению к классической теории, Хильдебранд провел большую часть своего времени, неустанно нападая на Рикардо за его материализм, универсализм и космополитизм. Только позже в своей жизни он изложил свою собственную идею - в частности, разработав линейную теорию «стадий» экономической истории. Однако его эмпирические и статистические работы не слишком использовали эти идеи.;Hautement critique de la theorie classique, Hildebrand a pass?beaucoup de temps ?attaquer sans relache Ricardo d'etre materialiste, universaliste et cosmopolite. C'est seulement plus tard dans sa vie qu'il eut son idee sur le developpement de la theorie lineaire des «etapes?de l'histoire economique. Ses travaux empiriques et statistiques, cependant, n'ont pas vu de grand usage de ces idees. ;Hildebrand war ein scharfer Kritiker der klassischen Theorie und verbrachte einen Grossteil seiner Zeit damit, Ricardo unablassig zu bezichtigen, materialistisch, universalistisch und kosmopolitsch zu sein. Seine eigenen Ideen brachte er erst spat im seinem Leben zu Papier - dabei ist besonders seine Entwicklung einer linearen Stufentheorie der Wirtschaftsgeschichte zu nennen. Bei seiner empirischen und statistischen Arbeit machte er sich diese Erkenntnisse jedoch nicht besonders zunutze.;;Enormemente critico con la teoria clasica, Hildebrand pas?gran parte de su tiempo atacando sin descanso a Ricardo por ser materialista, universalista y cosmopolita. Solo despues de algunos anos dej?su propia idea, mas exactamente, desarrollando una teoria de 'etapas' lineales sobre la historia economica. Sin embargo, su obra empirica y estadistica no hizo demasiado uso de esas ideas.;x;;;;;;;;;;;;;;;;;;;;;;;;;;;;;;;;;;;;;;;;;;;;
karl_knies;Карл Книс;Karl Knies;Karl Knies;;Karl Knies;x;;;;;;;;;;;;;;;;;;;;;;;;;;;;;;;;;;;;;;;;;;;;
karl_knies_desc;Аргумент Книса о линейных стадиях говорил о «моральном прогрессе», который сделает большинство теорий устаревшими. Однако его работа 1873 года содержала в себе мало исторического метода. Его политические занятия принесли ему временное изгнание в 1848 году. Он написал «Политическую экономию с точки зрения исторического метода» (1853) и «Деньги и кредит» (1873).;L'argument lineaire par etapes de Knies, parle de «progres moral?qui rendrait la plupart des theories obsoletes. Son travail de 1873, cependant, ne contenait que peu de la methode historique en lui. Ses engagements politiques lui ont valu l'exil temporaire en 1848. Il a ecrit l'economie politique du point de vue de la methode historique (1853), et de l'argent et de credit (1873). ;Knies' lineares Stufenmodell bezog sich auf die moralische Entwicklung, was die meisten anderen Theorien uberholt aussehen lie? Sein Werk von 1873 enthielt jedoch wenig von dieser historischen Methodik. Sein politisches Engagement brachten ihm 1848 die vorubergehende Verbannung ins Exil ein. Er schrieb 'Die politische Okonomie vom Standpunkt der geschichtlichen Methode' (1853) sowie 'Geld und Kredit' (1873).;;El argumento de las etapas lineales de Knie hablaba de un 'progreso moral' que dejaria obsoletas a la mayoria de las teorias. No obstante, su obra de 1873 contenia poco del metodo historico. Sus enredos politicos le llevaron a un exilio temporal en 1848. Escribi?'Economia politica desde el punto de vista del metodo historico' (1853) y 'Capital y credito' (1873).;x;;;;;;;;;;;;;;;;;;;;;;;;;;;;;;;;;;;;;;;;;;;;
gustav_von_schmoller;Густав фон Шмоллер;Gustav von Schmoller;Gustav von Schmoller;;Gustav von Schmoller;x;;;;;;;;;;;;;;;;;;;;;;;;;;;;;;;;;;;;;;;;;;;;
gustav_von_schmoller_desc;Оппозиция Шмоллера неоклассической экономике привела его к известному методологическому спору (Methodenstreit) с Карлом Менгером. Хотя многие утверждают, что он проиграл спор просто из-за невмешательства (сообщается, что, получив «Исследования» Менгера, он вернул их автору непрочитанными и опубликовал «полуобзор» на них, утверждая, что, на самом деле, их даже не стоило читать), Шмоллер тем не менее сохранил свою власть над немецкой университетской системой назначений и держал классическую и неоклассическую экономическую теорию в значительной степени вне преподавания в Германии, заслужив вечную вражду единственного потенциального соперника в то время, австрийской школы Менгера. Политическая деятельность Густава Шмоллера также была важна: в 1872 году он основал Verein fьr Sozialpolitik («Общество социальной политики»), группу в основном консервативных экономистов, которые поддерживали своего рода корпоративистскую связь государство-промышленность-труд. Либералы осуждали их за поддержку государственного вмешательства и стали называть Шмоллера и историцистов катедерсоциалистами (или «социалистами кафедры») — шутка, от которой они так и не смогли избавиться.;L'opposition, de von Schmoller ?l'economie neoclassique, a conclu un celebre debat methodologique (Methodenstreit) avec Carl Menger. Bien que beaucoup affirment qu'il a perdu le debat par le simple fait de sa non-participation (il est indiqu??la reception des enquetes de Menger, qu'elles sont retournees sans etre lues ?son auteur), Schmoller neanmoins a conserv?son emprise sur le systeme de nomination ?l'universit?allemande et a gard?la theorie economique classique et neoclassique en grande partie hors de l'enseignement allemand ?ce qui lui a valu l'inimiti?eternelle du seul rival potentiel de l'epoque, l'ecole autrichienne de Menger. Les engagements politiques de Gustav von Schmoller ont egalement et?importantes, en 1872, il a form?le Verein fur Sozialpolitik, (societ?pour la politique sociale), un large groupe d'economistes conservateurs qui ont soutenu une sorte de corporatiste dans un lien Etat-industrie et travailleur. Les liberaux deploraient ce plaidoyer en faveur de l'interventionnisme etatique et ont brocard?Schmoller et les historicistes de Kathedersozialisten (ou socialistes de la chaire) - une plaisanterie tres basse. ;Schmollers Kritik an den neoklassischen Wirtschaftsansatzen fuhrte zu seinem beruhmten Methodenstreit mit Carl Menger. Obwohl die meisten der Ansicht sind, dass er die Debatte schlicht durch die Verweigerung jeglicher Diskussion verlor (es ist uberliefert, dass er Mengers Untersuchungen kommentarlos zuruckgeschickt und eine Art von Halbkritik veroffentlicht hatte, in der er Mengers Arbeit als nicht des Lesens wert bezeichnete), anderte dies nichts an seinem Einfluss auf das Berufungssystem an deutschen Universitaten. Schmoller konnte klassische und neoklassische Wirtschaftstheorien grosstenteils von der deutschen Wirtschaftslehre fernhalten - was ihm ewigen Ruhm als dem damals einzigen potentiellen Herausforderer von Mengers osterreichischer Schule einbrachte. Gustav Schmoller verfugte auch uber wichtige politische Verbindungen. Im Jahr 1872 grundete er den 'Verein fur Socialpolitik', einer grosstenteils aus konservativen Wirtschaftswissenschaftlern bestehende Gruppe, die eine Art Verknupfung von korporativistischem Staat und Industriearbeit unterstutzte. Liberale beklagten ihre Befurwortung des staatlichen Interventionismus und nannten Schmoller und die Historiokraten Kathedersozialisten (oder Stuhlsozialisten) - eine spottische Bezeichnung, die sie nie vollig vergessen machen konnten.;;La oposicion de Schmoller a la economia neoclasica le introdujo en un famoso debate metodologico (Methodenstreit) con Carl Menger. Aunque muchos argumentaban que perdi?dicho debate por el simple hecho de no enzarzarse en el mismo(es sabido que tras recibir las investigaciones de Menger se las devolvi?sin leerlas y public?una 'semi-critica' de las mismas declarando que, de hecho, ni siquiera merecian leerse), Schmoller conserv?su control sobre el sistema de nombramientos de la universidad alemana y mantuvo la teoria economica clasica y neoclasica apartada de las ensenanzas alemanas, ganandose la eterna enemistad de la unica rival potencial del momento, la escuela austriaca de Menger. La participacion de Gustav Schmoller en politica fue importante: en 1872 fund?la Verein fur Sozialpolitik (Sociedad para la politica social), un grupo de economistas enormemente conservadores que apoyaban una especie de nexo corporativista estado-industria-trabajo. Los liberales deploraban su defensa del intervencionismo del estado y llegaron a etiquetar a Schmoller y a los historicistas de Kathedersozialisten (socialistas de sillon), una broma que nunca se olvid?del todo.;x;;;;;;;;;;;;;;;;;;;;;;;;;;;;;;;;;;;;;;;;;;;;
adolph_wagner;Адольф Вагнер;Adolph Wagner;Adolph Wagner;;Adolph Wagner;x;;;;;;;;;;;;;;;;;;;;;;;;;;;;;;;;;;;;;;;;;;;;
adolph_wagner_desc; Хотя Вагнер был одним из наиболее активных членов Schmoller's Verein, он фактически поддерживал Менгера в Methodenstreit. Его работа по государственным финансам — это то, чем он наиболее известен в экономике. За пределами экономики он был соратником Лассаля и Родбертуса — хотя и не разделял полностью их социалистических идеалов и более консервативных инстинктов в политических вопросах, Вагнер был суровым критиком неограниченного капитализма и рекомендовал государственное облегчение бремени труда. Он написал Science of Finance Vol 1-4 (1877-1901) и Foundations of Political Economy (1876).;Bien que Wagner etait l'un des membres les plus actifs du club Schmoller, il prit part dans l'argumentaire de la methode faite par Menger. Son travail sur les finances publiques ?est ce qu'il est le mieux connu en economie. Il a et?un compagnon des economistes Lassalle et Rodbertus - bien que ne partageant pas tout ?fait leurs ideaux socialistes et avec des instincts plus conservateurs en matiere politique, Wagner a et?un critique severe du capitalisme debrid?et a recommand?la reduction de la charge de l'Etat sur le travail. Il a ecrit la science des finances Vol 1-4 (1877-1901), et Fondations de l'economie politique (1876). ;Obwohl Wagner eines der aktiveren Mitglieder von Schmollers Verein war, unterstutzte er im Methodenstreit tatsachlich Menger. In der Wirtschaftswelt ist er am meisten fur sein Werk uber offentliche Finanzwirtschaft bekannt. Ausserhalb der Wirtschaftswelt war er ein Gefahrte von Lassalle und Rodbertus - obwohl er deren sozialistischen Ideale nicht vollig teilte und in politischen Angelegenheiten eher konservativeren Instinkten vertraute. Wagner war ein heftiger Kritiker des uneingeschrankten Kapitalismus und empfahl die staatliche Linderung der Muhen der arbeitenden Bevolkerung. Er schrieb 'Finanzwissenschaft' (4 Bande, 1877-1901) und 'Grundlegung der politischen Oekonomie' (1876).;;Aunque fue uno de los miembros mas activos del Verein de Schmoller, en realidad, Wagner apoy?a Menger en el Methodenstreit. Por lo que mas se le conoce en Economia es por su obra sobre finanzas publicas. Fuera de la Economia, fue companero de Lassalle y Rodbertus, aunque no compartia completamente sus ideales socialistas y era de instintos mas conservadores en cuanto a asuntos politicos, Wagner fue un critico severo del capitalismo sin trabas y recomend?un alivio estatal de la carga en el trabajo. Escribi?cuatro volumenes de 'La ciencia de las finanzas' (1877-1901) y 'Tratado de Economia Politica' (1876). ;x;;;;;;;;;;;;;;;;;;;;;;;;;;;;;;;;;;;;;;;;;;;;
william_cunningham;Уильям Каннингем;William Cunningham;William Cunningham;;William Cunningham;x;;;;;;;;;;;;;;;;;;;;;;;;;;;;;;;;;;;;;;;;;;;;
william_cunningham_desc;Каннингем был ярым противником зарождающейся неоклассической экономики, особенно предложенной его коллегой Альфредом Маршаллом и Кембриджской школой. В экономике он стремился продвигать исторический метод, что сделало его одним из ведущих сторонников английской исторической школы. Несмотря на постоянные нападки Каннингема, Маршалл был достаточно впечатлен его призывами, чтобы попытаться включить больше исторического содержания в свою работу и действовать более «индуктивно» при выводе своих экономических принципов. Однако он отказался принять главное обвинение Каннингема — что действительность экономических законов обусловлена историческим, социальным и культурным контекстом. Оппозиция Каннингема неоклассицизму была не только методом, но и политикой. Каннингем был ярым противником утилитаристской философии и политики невмешательства и написал несколько трактатов в защиту профсоюзов и протекционизма. Он также возродил большой интерес к старой меркантилистской мысли.;Cunningham etait un opposant declar?de l'economie neoclassique naissante, proposee en particulier par son collegue, Alfred Marshall et l'Ecole de Cambridge. En economie, il a cherch??promouvoir la methode historique, faisant de lui l'un des ardants defenseurs des grands de l'ecole anglaise. Par les attaques soutenues de Cunningham, Marshall a et?suffisamment influenc?par ses moyens d'essayer d'inclure un contenu plus historique dans son travail et un fonctionnement plus «inductif?dans la declinaison de ses principes economiques. Toutefois, il a refus?d'accepter l'accusation principale de Cunningham - que la validit?des lois economiques est subordonnee ?un contexte historique, social et culturel. L'opposition de Cunningham au neoclassicisme n'etait pas seulement une question de methode, mais aussi de politique. Cunningham etait profondement oppos??la philosophie utilitariste et ?la politique du laissez-faire, il a ecrit plusieurs traites defendant les syndicats et le protectionnisme.;Cunningham war ein lautstarker Gegner der aufkommenden neoklassischen Wirtschaftsansatze, besonders der von seinem Kollegen Alfred Marshall und der Cambridge-Schule befurworteten. In Wirtschaftsfragen bemuhte er sich, die historische Methode zu fordern, was ihn zu einem der grossten Fursprecher der English Historical School machte. Trotz fortwahrender Attacken von Cunningham lie?sich Marshall von dessen Drangen genugend beeinflussen, um mehr historische Inhalte in seine eigene Arbeit einzubeziehen und bei der Ableitung seiner wirtschaftlichen Prinzipien 'induktiver' vorzugehen. Er weigerte sich jedoch, das Hauptargument Cunninghams zu akzeptieren, dass die Gultigkeit des Wirtschaftsrechts vom historischen, sozialen und kulturellen Kontext abhinge. Cunninghams Gegnerschaft zum Neoklassizismus bezog sich nicht nur auf die Methodik, sondern hatte auch politische Grunde: Cunninghams Ansichten standen im krassen Gegensatz zur utilitaristischen Philosophie und Laissez-Faire-Politik, was sich in mehreren Traktaten zur Verteidigung von Gewerkschaften und des Protektionismus ausserste. Daruber hinaus weckte er wieder grosses Interesse an altem kaufmannischem Gedankengut.;;Cunningham fue un escandaloso oponente de la naciente economia neoclasica, particularmente de la que proponia su colega, Alfred Marshall, en la Universidad de Cambridge.  En Economia buscaba promover el metodo historico, lo que le convirti?en uno de los principales defensores de la Escuela Historica Inglesa.  A pesar de los constantes ataques por parte de Cunningham, Marshall qued?lo suficientemente influido por sus peticiones como para intentar incluir algun contenido historico mas en su obra y operar mas 'inductivamente' en la derivacion de sus principios economicos.  Sin embargo, se neg?a aceptar la carga central de Cunningham: que la validez de las leyes economicas est?condicionada por el contexto historico, social y cultural. La oposicion de Cunningham al Neoclasicismo no fue solo de metodo, sino tambien en politica.  Se oponia profundamente a la filosofia utilitaria y a la politica liberal, y redact?varios tratados en defensa de los sindicatos y el proteccionismo.  Tambien resucit?el interes por el viejo pensamiento mercantilista.;x;;;;;;;;;;;;;;;;;;;;;;;;;;;;;;;;;;;;;;;;;;;;
neoclassical_theory;Неоклассическая теория;Theorie neo-classique;Neoklassische Theorie;;Teoria neoclasica;x;;;;;;;;;;;;;;;;;;;;;;;;;;;;;;;;;;;;;;;;;;;;
neoclassical_theory_desc;Неоклассическая теория;Theorie neo-classique;Neoklassische Theorie;;Teoria neoclasica;x;;;;;;;;;;;;;;;;;;;;;;;;;;;;;;;;;;;;;;;;;;;;
johann_heinrich_von_thьnen;Иоганн Генрих фон Тюнен;Johann Heinrich von Thunen;Johann Heinrich von Thunen;;Johann Heinrich von Thunen;x;;;;;;;;;;;;;;;;;;;;;;;;;;;;;;;;;;;;;;;;;;;;
johann_heinrich_von_thьnen_desc;Иоганн Генрих фон Тюнен был северогерманским землевладельцем из Мекленбурга. Хотя он получил образование в Геттингене, большую часть жизни он провел, управляя своим сельским поместьем Теллов. В первом томе своего трактата «Изолированное государство» (1826) он изложил первую серьезную трактовку пространственной экономики, связанную с теорией ренты. Его второй том (1850) математически точно развил суть теории предельной производительности распределения, тем самым сделав одного из самых важных протомаржиналистов той эпохи. Приближаясь к смерти, он попросил, чтобы его знаменитое уравнение для предельного продукта труда, или естественной заработной платы, было высечено на его надгробии.;Johann Heinrich von Thunen etait un proprietaire terrien d'Allemagne du nord de la region de Mecklembourg. Bien qu'eduqu??Gottingen, il a pass?presque toute sa vie ?la gestion de son domaine rural, Tellow. Dans le premier volume de son trait? Etat isol?(1826), il a pos?le premier traitement serieux de l'economie spatiale, la connexion avec la theorie de la rente. Son second volume (1850) a developp?l'essence de la theorie de la productivit?marginale dans la distribution d'une facon mathematiquement precise, le faisant ainsi l'un des plus importants proto-marginalistes de l'epoque. Sentant approch?sa mort, il a demand?que sa fameuse equation de la productivit?marginale du travail, ou salaire naturel, soit grav?sur sa pierre tombale. ;Johann Heinrich von Thunen war ein norddeutscher Grundbesitzer aus dem Raum Mecklenburg. Obwohl er in Gottingen ausgebildet worden war, verbrachte er den Grossteil seines Lebens mit der Verwaltung seines Landguts Tellow. Mit dem ersten Band seiner Abhandlung 'Der isoli[e]rte Staat in Beziehung auf Landwirtschaft und Nationalokonomie, oder Untersuchungen uber den Einflu? den die Getreidepreise, der Reichthum des Bodens und die Abgaben auf den Ackerbau ausuben' (1826) lieferte er die erste ernstzunehmende Raumstrukturtheorie in Verbindung mit der Rententheorie. Sein zweiter, im Jahr 1850 erschienener Band entwickelte die Essenz der marginalen Produktivitatstheorie des Vertriebs auf prazise mathematische Art und Weise und machte ihn zu einem der wichtigsten Proto-Marginalisten seiner Zeit. Kurz vor seinem Tod bat er darum, seine beruhmte Gleichung fur das marginale Produkt der Arbeit, oder Lagerente, in seinen Grabstein meisseln zu lassen.;;Johann Heinrich von Thunen fue un terrateniente del norte de Alemania, de la zona de Mecklenberg. Aunque fue educado en Gotinga, pas?la mayor parte de su vida dirigiendo su finca rural.  En el primer volumen de su tratado, 'El estado aislado' (1826), estableci?el primer tratado serio para la economia espacial, conectandola con la teoria de la renta.  Su segundo volumen (1850) desarrollaba la esencia de la teoria de la distribucion de la productividad marginal de un modo matematico muy preciso, por lo que fue uno de los proto-marginalistas mas importantes de la epoca. A punto de morir, pidi?que se grabara en su tumba su famosa ecuacion del producto marginal del trabajo, o salario natural.;x;;;;;;;;;;;;;;;;;;;;;;;;;;;;;;;;;;;;;;;;;;;;
lйon_walras;Леон Вальрас;Leon Walras;Leon Walras;;Leon Walras;x;;;;;;;;;;;;;;;;;;;;;;;;;;;;;;;;;;;;;;;;;;;;
lйon_walras_desc;Французский экономист Леон Вальрас (произносится как «Вальрасс») был провозглашен Йозефом Шумпетером «величайшим из всех экономистов». Вальрас был одним из трех лидеров маржиналистской революции, хотя его величайшая работа «Элементы чистой экономики» была опубликована в 1874 году, на три года позже работ Уильяма Стэнли Джевонса и Карла Менгера. Тем не менее, единственный из трех революционеров, Леон Вальрас изложил новую «маржиналистскую» или «неоклассическую» теорию в формальной обстановке общего равновесия. Таким образом, он наделил ее многорыночными соображениями, которых Джевонс в значительной степени избегал, и математической точностью, которой сторонился Менгер. Леон Вальрас широко и по праву считается отцом теории общего равновесия.;L'economiste francais Leon Walras (prononc?Valrasse) a et?salu?par Joseph Schumpeter comme «le plus grand de tous les economistes? Walras a et?l'un des trois leaders de la revolution marginaliste, meme si sa plus grande њuvre, Elements de pure economie, a et?publi?en 1874, trois ans apres ceux de William Stanley Jevons et de Carl Menger. Neanmoins, seul des trois revolutionnaires, Leon Walras enonce les nouveaux 'marginaliste' ou 'neo-classique' une theorie dans un cadre d'equilibre general formel. Ainsi, il l'a dot?avec les considerations multi-march?que Jevons avait largement evit?et de la precision mathematique que Menger avait evit? Leon Walras est partout et ?juste titre consider?comme le pere de la theorie de l'equilibre general. ;Der franzosische Wirtschaftswissenschaftler Leon Walras wurde von Joseph Schumpeter als 'grosser Okonom aller Zeiten' gepriesen. Walras war einer der drei Anfuhrer der marginalistischen Revolution, obwohl sein grosstes Werk, 'Elements d'economie pure ou theorie de la richesse sociale' erst 1874 veroffentlicht worden war und somit drei Jahre nach den Werken von William Stanley Jevons und Carl Menger. Nichtsdestotrotz brachte Leon Walras als einziger der drei Revolutionare die neue marginalistische oder neoklassische Theorie in einer allgemeinen Gleichgewichtstheorie voran. Demgemass wandte er die Uberlegungen hinsichtlich multipler Markte auf sie an, die Jevons und vor allem der mathematisch prazise Menger weitestgehend gemieden hatten. Leon Walras wird weithin zurecht als Vater der Allgemeinen Gleichgewichtstheorie angesehen.;;El economista frances Leon Walras (pronunciado 'Balras'), ha sido aclamado por Joseph Schumpeter como 'el mayor de todos los economistas'. Walras fue uno de los tres lideres de la Revolucion Marginalista, incluso a pesar de que su mejor obra, los 'Elementos de economia pura' fue publicada en 1874, tres anos despues de las de William Stanley Jevons and Carl Menger. A pesar de ello, solo el de entre los tres revolucionarios coloc?a la nueva teoria 'marginalista' o 'Neoclasica' en un entorno general de equilibrio formal.   As? la dot?de unas consideraciones sobre el multi-mercado que Jevons habia evitado, al igual que hizo la precision matematica de Menger. A Leon Walras se le considera, acertadamente, el padre de la teoria general del equilibrio.;x;;;;;;;;;;;;;;;;;;;;;;;;;;;;;;;;;;;;;;;;;;;;
stanley_jevons;Стэнли Джевонс;Stanley Jevons;Stanley Jevons;;Stanley Jevons;x;;;;;;;;;;;;;;;;;;;;;;;;;;;;;;;;;;;;;;;;;;;;
stanley_jevons_desc;Влияние Джевонса на экономику вряд ли можно переоценить. Как отец неоклассической экономики, его наследие надежно. Однако в некотором смысле он не достиг цели. Джевонс мог бы пойти дальше, связав свои идеи чистого обмена с более широкой теорией, включающей производство, капитал, деньги и деловой цикл более систематическим и последовательным образом, что полностью выбило бы рикардианскую школу из общей картины. Если бы он не умер таким молодым, Джевонс, возможно, сделал бы это, но следующий экономический трактат, над которым он работал (опубликованный посмертно в 1905 году), на самом деле, похоже, не шел в этом амбициозном направлении. Таким образом, к моменту его смерти маржиналистская революция все еще находилась в своей повстанческой фазе. Это было все еще предварительное предложение, а не твердо установленная и интегрированная система, научная гипотеза, но еще не наука. Следует отметить, что Джевонс сделал, возможно, столько же для предмета логики, сколько и для экономики, что является настоящим подвигом.;L'impact de Jevons sur l'economie ne saurait etre exageree. En tant que pere de l'economie neoclassique, son heritage est securis? Cependant, ?certains egards, il s'arreta tout court pres du but. Jevons aurait pu aller plus loin en reliant son point de vue en pur echange dans une plus large theorie integrant la production, le capital, l'argent et le cycle economique d'une maniere plus systematique et coherente qui aurait frapp?fortement l'ecole de Ricardo completement hors jeu. S'il n'etait pas mort si jeune, Jevons aurait pu encore le faire, mais le prochain trait?d'economie sur lequel il travaillait (publi??titre posthume en 1905), ne semble pas vraiment aller dans cette direction ambitieuse. En tant que tel, au moment de sa mort, la revolution marginaliste etait encore dans sa phase insurrectionnelle. Elle etait encore une proposition provisoire plutot qu'un systeme bien-n?et integr? une hypothese scientifique, mais pas encore tout ?fait une science. Il convient de noter que Jevons a fait peut-etre autant pour le sujet des logiques que pour l'economie, ce qui est un exploit en soi. ;Der Einfluss von Jevons auf die Wirtschaftswissenschaften war von grosster Bedeutung. Als Vater des neoklassischen Wirtschaftsansatzes ist sein Namen untrennbar mit der Geschichte verbunden. In manchen Fragen hielt er aber kurz vor dem Ziel an: Jevons hatte noch weiter gehen konnen, wenn er seine Erkenntnisse in eine breitere, Produktions-, Geld-, und Geschaftszyklen auf systematischere und konsistentere Weise integrierende Theorie hatte einfliessen lassen, welche die ricardische Schule komplett aus den Angeln gehoben hatte. Ware er nicht so jung gestorben, hatte er dies wahrscheinlich noch gemacht. Seine nachste Wirtschaftsabhandlung (posthum im Jahr 1905 veroffentlicht) ging jedoch nicht in diese ambitionierte Richtung, und so steckte die marginalistische Revolution zum Zeitpunkt seines Todes immer noch in ihrer aufruhrerischen Phase. Noch war sie mehr ein zaghafter Vorschlag als ein solide fundiertes und integriertes System ... eine wissenschaftliche Hypothese, aber noch keine Wissenschaft fur sich. Jevons hat ubrigens fur die Logik ebenso viel beigetragen wie fur die Wirtschaft, was eine enorme Leistung darstellt.;;Es dificil exagerar el impacto de Jevons en la Economia.  Como padre de la economia Neoclasica, su legado est?asegurado.  Sin embargo, pas?bastante desapercibido en ciertos aspectos.  Jevons podria haber llegado mas lejos si hubiera asociado sus ideas a una teoria amplia que incluyera la produccion, el capital, el dinero y los negocios de una forma mas sistematica y consistente. Eso hubiera sido un gran golpe contra la Escuela Ricardiana.  Si no hubiera muerto tan joven, Jevons podria haberlo hecho, aunque el tratado sobre economia en que estaba trabajando (publicado postumo en 1905), no parecia ir realmente en tan ambiciosa direccion.  La Revolucion Marginalista como tal todavia estaba en su fase de insurreccion en el momento de su muerte.  Aun era una proposicion tentadora mas que un sistema integrado y firmemente establecido, una hipotesis cientifica, pero no una ciencia. Deberia observarse que Jevons hizo tanto por la Logica como por la Economia, lo que es todo un logro.;x;;;;;;;;;;;;;;;;;;;;;;;;;;;;;;;;;;;;;;;;;;;;
carl_menger;Карл Менгер;Carl Menger;Carl Menger;;Carl Menger;x;;;;;;;;;;;;;;;;;;;;;;;;;;;;;;;;;;;;;;;;;;;;
carl_menger_desc; Карл Менгер был провозглашен одним из трех лидеров «Маржиналистской революции» 1870-х годов, наряду с Уильямом Стэнли Джевонсом и Леоном Вальрасом. Однако «Grundsдtze» («Принципы») Менгера, опубликованные в 1871 году, избегали всех математических лесов, которые были характерны для работ двух других революционеров. Поэтому многие экономисты настаивали на том, что Менгера следует поместить отдельно. В каком-то смысле его можно считать другим. В отличие от Джевонса или Вальраса, Карл Менгер основал настоящую «школу мысли», которая с тех пор более или менее сохранила свой отличительный характер, а именно — австрийскую школу. Его два ученика в Вене, Ойген фон Бём-Баверк и Фридрих фон Визер, сделали многое для продвижения и формирования этой школы.;"Carl Menger a et?salu?comme l'un des trois meneurs de la «revolution marginaliste?des annees 1870, avec Stanley Jevons et Leon Walras. Toutefois, 'Grundsatze' de Menger (Principes), publi?en 1871, renonce ?tout l'echafaudage mathematique qui caracterise les њuvres des deux autres revolutionnaires. En tant que tel, de nombreux economistes ont insist?sur le fait que Menger devait etre plac??part. En un sens, son oeuvre ne peut etre consideree comme differente. Contrairement ?Jevons ou ?Walras, Carl Menger a fond?une veritable ""ecole de pensee"" qui a plus ou moins conserv?son caractere distinctif depuis - ?savoir, l'ecole autrichienne. Ses deux disciples ?Vienne, Eugen von Bohm-Bawerk et Friedrich von Wieser ont beaucoup contribu??forg?l'avance de cette ecole. ";Carl Menger wurde zusammen mit William Stanley Jevons und Leon Walras als einer der drei Anfuhrer der 'marginalistischen Revolution' der 1870er Jahre bejubelt. Mengers Werk 'Grundsatze der Volkswirthschaftslehre' (1871) umging dabei aber das mathematische Gerust vollig, das die Arbeit der anderen beiden Revolutionare gekennzeichnet hatte. Aus diesem Grund haben viele Wirtschaftswissenschaftlicher darauf bestanden, dass Mengers Arbeit separat betrachtet werden sollte. In einem Aspekt kann er mit Sicherheit als anders betrachtet werden: Im Gegensatz zu Jevons oder Walras grundete Carl Menger eine sachgerechte 'Gedankenschule', der Osterreichischen Schule, die sich ihren unverwechselbaren Charakter bis heute bewahrt hat. Seine beiden Wiener Schuler, Eugen von Bohm-Bawerk und Friedrich von Wieser ihrerseits taten viel, diese Gedankenschule zu ferstigen und fordern.;;Carl Menger ha sido aclamado, junto a William Stanley Jevons y Leon Walras, como uno de los tres lideres de la 'Revolucion Marginalista' de la decada de 1870. Sin embargo, los Grundsatze (Principios) de Menger, publicados en 1871 evitaron todo el andamiaje matematico que caracterizaba las obras de los otros dos revolucionarios. Por ello, muchos economistas han insistido en que habria que colocar a Menger aparte. Puede considerarsele diferente en un sentido: al contrario que Jevons o Walras, Carl Menger fund?una verdadera 'escuela de pensamiento', que ha conservado, mas o menos, su caracter distintivo. A saber, la Escuela Austriaca. Sus dos discipulos en Viena, Eugen von Bohm-Bawerk y Friedrich von Wieser, hicieron mucho para que dicha escuela evolucionara y se fraguara. ;x;;;;;;;;;;;;;;;;;;;;;;;;;;;;;;;;;;;;;;;;;;;;
thorstein_veblen;Торстейн Веблен;Thorstein Veblen;Thorstein Veblen;;Thorstein Veblen;x;;;;;;;;;;;;;;;;;;;;;;;;;;;;;;;;;;;;;;;;;;;;
thorstein_veblen_desc;Торстейн Веблен для экономики то же, что Джонатан Свифт для английской литературы: мастер искусства сатиры. Для эффективной сатиры важно, чтобы ее послание было двусмысленным: читатель никогда не должен быть уверен, говорит ли автор абсолютно серьезно или просто шутит. Это качество, безусловно, присутствует в «Путешествиях Гулливера» Свифта, а также в «Теории праздного класса» Веблена (1899), «Инстинкте мастерства» (1914), «Императорской Германии и промышленной революции» (1915), «Высшем образовании в Америке» (1918), «Отсутствующем владении» (1923) и его многочисленных эссе. Фактически, оно присутствует во всем, что он написал, за исключением «Теории делового предпринимательства» (1904), которая является самым близким к написанию им традиционной академической книги. Какую бы из этих книг мы ни открыли, мы находим в ней идею о том, что жизнь в современном индустриальном сообществе является результатом полярного конфликта между «денежными занятиями» и «промышленными занятиями», между «деловым предприятием» и «машинным процессом», между «продаваемостью» и «сервисностью» — короче говоря, между зарабатыванием денег и производством товаров. При капитализме идет классовая борьба, не между буржуазией и пролетариатом, а между бизнесменами и инженерами. Денежные привычки мышления объединяют банкиров, брокеров, юристов и менеджеров в защите частного приобретения;Thorstein Veblen est ?l'economie ce que Jonathan Swift est ?la litterature anglaise: un maitre dans l'art de la satire. Il est aussi indispensable ?l'efficacit?de la satire que son message est ambigu: le lecteur ne devait jamais etre sur que l'auteur soit tout ?fait serieux ou tout simplement trait?par dessus la jambe qui la qualit?certainement presente dans 'les Voyages de Gulliver' de Swift et egalement presente dans la theorie de Veblen de la Leisure Class (1899), L'Instinct de qualit?d'execution (1914), l'Allemagne imperiale et la revolution industrielle (1915), L'apprentissage superieur en Amerique (1918),L' absence de proprietaires (1923), et ses nombreux essais. En fait, elle est l?dans tout ce qu'il a ecrit, sauf La theorie des affaires des entreprises (1904), qui est plus proche de l'ecriture d'un livre classique academique. Peu importe lequels de ces livres nous ouvrons, nous trouverons l'idee que la vie dans une communaut?industrielle moderne est le resultat d'un conflit entre 2 poles 'emplois pecuniers' et 'emplois industriels', entre 'affaires d'entreprises' et 'le processus de la machine', entre 'attrait de la vente' et 'capacit?de service', bref, entre faire de l'argent et fabriquer des biens. Il y a une lutte des classes sous le capitalisme, non pas entre bourgeoisie et proletariat, mais entre hommes d'affaires et ingenieurs. Les habitudes de pensee pecuniaire unissent banquiers, courtiers, avocats et gestionnaires dans une defense de l'acquisition privee.;Thorstein Veblen hat fur die Wirtschaftswissenschaft dieselbe Bedeutung wie Jonathan Swift fur die englische Literatur: Er war ein Meister der Satire. Fur effiziente Satire ist es unerlasslich, dass sich der Leser nie sicher sein kann, ob es der Autor ernst meint oder ihn auf den Arm nimmt. Diese Qualitat ist in Swifts 'Gulliver's Travels' und Veblens 'Theory of the Leisure Class' (1899), 'The Instinct of Workmanship' (1914), 'Imperial Germany and the Industrial Revolution' (1915), 'The Higher Learning in America' (1918), 'Absentee Ownership' (1923) und seinen zahlreichen Aufsatzen auf jeden Fall prasent. Tatsachlich haben samtliche seiner Werke ausser 'The Theory of Business Enterprise' (1904), das einem konventionellen wissenschaftlichen Buch noch am nachsten kommt, diesen satirischen Charakter. Ganz gleich, welches dieser Bucher wir aufschlagen, in jedem findet sich der Gedanke, dass das Leben in einer modernen Industriegesellschaft das Ergebnis eines Konflikts zwischen 'pekunioser Beschaftigung' und 'industrieller Beschaftigung', zwischen 'Gewerbebetrieb' und 'dem maschinellen Prozess', zwischen 'Verkaufbarkeit' und 'Zweckdienlichkeit' ist - kurz gesagt: zwischen Geld verdienen und der Guterproduktion. Im Kapitalismus gibt es einen Klassenkampf zwischen Geschaftsleuten und Ingenieuren, nicht zwischen der Bourgeoisie und dem Proletariat. Pekuniose Gedankenmuster vereinen Bankiers, Borsenmakler und Manager in der Verteidigung der Privatakquisition.;;Thorstein Veblen es a la economia lo que Jonathan Swift a la literatura inglesa: un maestro en el arte de la satira. Lo esencia para que una satira sea eficaz es que el mensaje resulte ambiguo: el lector nunca debe saber con seguridad si el autor habla totalmente en serio o solo le est?tomando el pelo. Esa cualidad est?verdaderamente presente en 'Los viajes de Gulliver' de Swift, y tambien en las obras de Veblen, 'Teoria de la clase ociosa' (1899), 'El instinto de produccion' (1914), 'la Alemania imperial y la revolucion industrial' (1915), 'La educacion superior en America' (1918), 'La propiedad ausente' (1923) y en sus muchos ensayos. De hecho, existe satira en todo lo que escribi? con excepcion de 'La teoria sobre la iniciativa del negocio' (1904), que es lo mas cercano a un libro teorico convencional que lleg?a escribir. No importa cual de estos libros se abra, siempre encontramos la idea de que la vida en una comunidad industrial moderna es el resultado de un conflicto popular entre 'empleos pecuniarios' y 'empleos industriales', entre 'iniciativa de negocio' y 'el proceso de la maquina', entre 'vendibilidad' y 'utilidad';x;;;;;;;;;;;;;;;;;;;;;;;;;;;;;;;;;;;;;;;;;;;;
alfred_marshall;Альфред Маршалл;Alfred Marshall;Alfred Marshall;;Alfred Marshall;;;x;;;;;;;;;;;;;;;;;;;;;;;;;;;;;;;;;;;;;;;;;;
alfred_marshall_desc;Он был, прежде всего, блестящим и оригинальным теоретиком.;Il fut avant tout un theoricien brillant et original.;Er war in erster Linie ein brillanter und origineller Theoretiker.;;Fue, ante todo y sobre todo, un teorico brillante y original, pero tambien creia apasionadamente que la Economia debia contribuir al bienestar humano, y que los estudiantes de la misma debian saber tanto sobre los hechos economicos y sociales del mundo real como sobre los acercamientos teoricos a traves de los cuales aquellos podian organizarse y entenderse.;;;x;;;;;;;;;;;;;;;;;;;;;;;;;;;;;;;;;;;;;;;;;;
augustin_cournot;Огюстен Курно;Augustin Cournot;Augustin Cournot;;Augustin Cournot;x;;;;;;;;;;;;;;;;;;;;;;;;;;;;;;;;;;;;;;;;;;;;
augustin_cournot_desc;Французский философ, математик и экономист Огюстен Курно был справедливо назван одним из величайших протомаржиналистов. Уникальные идеи его главного экономического труда «Исследования математических принципов богатства» (1838) не имели себе равных. Хотя в свое время они игнорировались, влияние работ Курно на современную экономику вряд ли можно переоценить.;;Franzosischer Philosoph, Mathematiker und Okonom. Er wird zu Recht als einer der grossten Proto-Marginalisten gewurdigt. Die einzigartigen Einsichten seines wirtschaftswissenschaftlichen Hauptwerks, 'Recherches sur les principes mathematiques de la theorie des richesses' (1838) waren ohne Gleichen. Obwohl er zu Lebzeiten kaum beachtet wurde, kann der Einfluss von Cournots Arbeit auf die Wirtschaftswissenschaften der Moderne gar nicht genug gewurdigt werden.;;Filosofo, matematico y economista frances, Augustin Cournot ha sido correctamente aclamado como uno de los mayores proto-marginalistas.  Las ideas unicas de su principal obra sobre economia, 'Investigaciones sobre los principios matematicos de la riqueza' (1838) no tuvieron parangon.  Aunque no se le prest?atencion en su epoca, es dificil exagerar el impacto de la obra de Cournot sobre la economia moderna.;x;;;;;;;;;;;;;;;;;;;;;;;;;;;;;;;;;;;;;;;;;;;;
jules_dupuit;Жюль Дюпюи;Jules Dupuit;Jules Dupuit;;Jules Dupuit;x;;;;;;;;;;;;;;;;;;;;;;;;;;;;;;;;;;;;;;;;;;;;
jules_dupuit_desc;Жюль Дюпюи был, пожалуй, самым выдающимся французским инженером-экономистом. Получив образование в Школе мостов и дорог в Париже, Дюпюи сделал выдающуюся карьеру инженера-строителя. Работа с инфраструктурой вдохновила его на более глубокую разработку экономической теории.;;Jules Dupuit war vermutlich der beruhmteste unter den franzosischen Ingenieur-Okonomen. Er war am Ecole des Ponts et Chaussees in Paris ausgebildet worden und hatte eine herausragende Karriere als Bauingenieur gehabt. Seine Infrastrukturarbeit inspirierte ihn, seine wirtschaftlichen Theorien weiter zu vertiefen.;;Jules Dupuit fue, quizas, el mas ilustre de los ingeniero-economistas franceses. Formado en la Ecole des Ponts et Chaussees de Paris, Dupuit tuvo una distinguida carrera como ingeniero civil. La inspiracion para desarrollar mas profundamente la teoria economica le lleg?de su trabajo con infraestructuras.;x;;;;;;;;;;;;;;;;;;;;;;;;;;;;;;;;;;;;;;;;;;;;
vilfredo_pareto;Вильфредо Парето;Vilfredo Pareto;Vilfredo Pareto;;Vilfredo Pareto;x;;;;;;;;;;;;;;;;;;;;;;;;;;;;;;;;;;;;;;;;;;;;
vilfredo_pareto_desc;Итальянский экономист Вильфредо Парето был одним из лидеров Лозаннской школы и выдающимся представителем «второго поколения» неоклассической революции. Хотя его подход «вкусов и препятствий» к теории общего равновесия был лишь умеренно влиятельным при его жизни, он был возрожден во время великого «паретианского возрождения» 1930-х годов и с тех пор во многом направлял экономику.;;Der italienische Okonom Vilfredo Pareto war einer der Anfuhrer der Lausanner Schule und ein illustres Mitglied der zweiten Generation der neoklassischen Revolution. Obwohl er zu Lebzeiten nur moderat einflussreich war, wurde sein Denkansatz bezuglich der Allgemeinen Gleichgewichtstheorie wahrend der grossen 'Paretianischen Wiederbelebung' der 1930er Jahre wiederentdeckt und haben seither viele Okonomen geleitet.;;El economista italiano Vilfredo Pareto fue uno de los lideres de la Escuela de Lausana y un ilustre miembro de la 'segunda generacion' de la revolucion Neoclasica.  Aunque tuvo una escasa influencia en vida, su aproximacion de 'ensayo y error' a la teoria general del equilibrio fue resucitada durante el gran 'Renacimiento Paretiano' de la decada de 1930, y desde entonces ha orientado a gran parte de la Economia.;x;;;;;;;;;;;;;;;;;;;;;;;;;;;;;;;;;;;;;;;;;;;;
knut_wicksell;Кнут Виксель;Knut Wicksell;Knut Wicksell;;Knut Wicksell;x;;;;;;;;;;;;;;;;;;;;;;;;;;;;;;;;;;;;;;;;;;;;
knut_wicksell_desc;Он был шведским экономистом, чьи работы привели к широкому использованию слова «естественный» для объяснения долгосрочной равновесной процентной ставки. Виксель оказал огромное влияние на экономиста Джеймса М. Бьюкенена. По словам Бьюкенена, его теория общественного выбора «была почти естественным следствием моего усвоения послания Викселля», которое гласило, что экономисты должны прекратить действовать так, как будто правительство является благосклонным деспотом. Виксель был мальтузианцем и ярым сторонником контроля рождаемости. Он довольно часто высказывался по моральным вопросам. Он наиболее известен своей работой «Проценты и цены», в которой он изложил свою версию количественной теории денег. Его версия отличалась от стандартной точки зрения того времени тем, что он рассматривал косвенное влияние денежной массы на цены. Виксель также разработал теорию предельной производительности, которая гласит, что оплата каждого фактора производства равна предельной производительности этого фактора. Он также заявил, что эффективное распределение ресурсов не гарантирует справедливого распределения, поскольку существующее распределение доходов определяет, какую форму примет это распределение, а существующее распределение доходов не всегда справедливо. Стокгольмская школа разработала свою собственную версию макроэкономики, которая основывалась на работе Викселя по теории количества и цены.;;Er war ein schwedischer Okonom, der den Begriff des naturlichen Zinssatzes in die okonomische Theorie einfuhrte. Wicksell hatte enormen Einfluss auf den Okonomen James M. Buchanan. Laut Buchanan war seine Public Choice Theory eine 'fast naturliche Konsequenz auf meine Beschaftigung mit dem Wicksellianen Gedanken'. Dessen Hauptaussage wiederum war, dass Okonomen damit aufhoren sollten, sich so zu verhalten, als waren Regierungen wohlwollende Despoten. Wicksell war ein Malthusianer und entschiedener Verfechter der Geburtenkontrolle und ausserste sich oft zu moralischen Fragen. Er ist vor allem fur sein Werk 'Geldzins und Guterpreise' bekannt, in dem er seine Version der monetaren Quantitatstheorie prasentiert. Seine Version unterschied sich dahingehend von der damals meistverbreitetsten Ansicht, dass er den indirekten Effekt des Geldumlaufs auf die Preise untersuchte. Wicksell fuhrte auch die Theorie der marginalen Produktivitat weiter aus, die aussagt, dass die Bezahlung jedes Produktionsfaktors gleich dessen marginaler Produktivitat ist. Ausserdem legte er dar, dass eine effiziente Ressourcenverteilung keine gerechte Verteilung garantierte, da die gegebene Einkommensverteilung vorbestimmt, welche Form diese Ressourcenverteilung annimmt, und diese gegebene Einkommensverteilung ist nicht immer gerecht sei. Die Stockholmer Schule entwickelte ihre eigene, auf Wicksells Arbeit an der Quantitats- und Preistheorie aufbauende Version der Makrookonomie.;;Fue un economista sueco cuya obra llev?al uso generalizado de la palabra 'natural' para explicar el equilibrio a la larga de la tasa de interes. Wicksell tuvo una tremenda influencia en el economista James M.  Buchanan.  Segun Buchanan, su teoria de la eleccion publica 'fue una consecuencia casi natural' de su absorcion del mensaje wickselliano, que exponia que el economista debe dejar de actuar como si el gobierno fuera un benevolo despota. Wicksell fue malthusiano y un firme defensor del control de la natalidad. A menudo hablaba muy claramente sobre cuestiones morales. Es mas conocido por su trabajo en 'Interes y precios', donde exponia su version de la teoria cuantitativa del dinero. Su version se diferenciaba de la vision habitual de la epoca en que el miraba el efecto indirecto que tenia en los precios la masa monetaria. Wicksell tambien desarroll?la teoria de la productividad marginal, que determina que el pago a cada factor de la produccion iguala la productividad marginal de esos mismos factores. Tambien expuso que una asignacion eficaz de los recursos no garantiza una distribucion equitativa, porque la distribucion preexistente de la renta determina qu?forma adoptar?esa asignacion, y esa distribucion no siempre es justa. La Escuela de Estocolmo desarroll?su propia version de la macroeconomia, que se basaba en la obra de Wicksell sobre la teoria de la cantidad y el precio.;x;;;;;;;;;;;;;;;;;;;;;;;;;;;;;;;;;;;;;;;;;;;;
irving_fischer;Ирвинг Фишер;Irving Fischer;Irving Fischer;;Irving Fischer;x;;;;;;;;;;;;;;;;;;;;;;;;;;;;;;;;;;;;;;;;;;;;
irving_fischer_desc;Ирвинг Фишер был одним из первых американских неоклассиков с необычной математической сложностью. Он внес многочисленные важные вклады в неоклассическую маржиналистскую революцию. Этот йельский экономист был эксцентричной и яркой фигурой. Когда Ирвинг Фишер писал свою диссертацию 1892 года, он сконструировал замечательную машину, оснащенную насосами, колесами, рычагами и трубами, чтобы проиллюстрировать свою теорию цен. В социальном плане он был ярым сторонником евгеники и диет здорового питания. Он заработал состояние с помощью своей видимой системы карточек, известной сегодня как rolodex, и выступал за создание банковской системы со 100-процентным резервированием. Его состояние было потеряно, а его репутация была серьезно подпорчена крахом Уолл-стрит 1929 года, когда всего за несколько дней до краха он уверял инвесторов, что цены на акции не были чрезмерно завышены, а, напротив, достигли нового, постоянного плато.;;Irving Fisher war einer der fruhsten amerikanischen Neoklassizisten mit ungewohnlichen mathematischen Fahigkeiten. Er lieferte zahlreiche wichtige Beitrage zur neoklassischen marginalistischen Revolution. Dieser Yale-Okonom war eine exzentrische und schillernde Personlichkeit. Als Irving Fisher 1892 seine Dissertation schrieb, konstruierte er zur Illustration seiner Preistheorie eine bemerkenswerte Maschine mit Pumpen, Hebeln und Rohren. Im sozialen Bereich war er ein eifriger Befurworter der Eugenik und der gesunden Ernahrung. Mit seiner Kartenindex-Erfindung Rolodex machte er ein Vermogen - und setzte sich fur die Einfuhrung umlaufgesicherten Geldes ein. Durch den grossen Borsenkrach von 1929 verlor er sein Vermogen, und auch sein Ruf nahm grossen Schaden, als er nur wenige Tage vor dem Borsenkrach Investoren gegenuber versicherte, dass die Aktienpreise nicht aufgebauscht seien, sondern vielmehr ein neues, permanentes Plateau erreicht hatten.;;Irving Fischer fue uno de los primeros neoclasicos americanos de una sofisticacion matematica inusual. Hizo numerosas e importantes contribuciones a la Revolucion Marginalista Neoclasica. Este economista de Yale fue una figura excentrica y vistosa. Cuando escribi?su disertacion de 1892, construy?una maquina sorprendente equipada con bombas, ruedas, palancas y tuberias para ilustrar su teoria sobre los precios (mira aqu?los dibujos de su proyecto y de su primer y segundo prototipo). Socialmente, fue un avido defensor de la eugenesia y de las dietas saludables. Hizo una fortuna con su visible sistema de fichas de registro (conocido hoy como rolodex), y abog?por el establecimiento de un sistema bancario de requisito de reserva del 100%. Su fortuna se perdi?y su reputacion qued?seriamente afectada por el desplome de Wall Street de 1929, pues solo unos dias antes aseguraba nuevamente a los inversores que los precios del capital no estaban inflados, sino que mas bien habian conseguido un estancamiento permanente.;x;;;;;;;;;;;;;;;;;;;;;;;;;;;;;;;;;;;;;;;;;;;;
joseph_schumpeter;Йозеф Шумпетер;Joseph Schumpeter;Joseph Schumpeter;;Joseph Schumpeter;x;;;;;;;;;;;;;;;;;;;;;;;;;;;;;;;;;;;;;;;;;;;;
joseph_schumpeter_desc;После быстрой докторской диссертации в Вене Шумпетер скитался как независимый юрист, пока не вернулся в академическую среду в 1909 году. Именно во время преподавания в Черновцах (теперь на Украине) он написал свою «Теорию экономического развития» (1911), где впервые изложил свою знаменитую теорию предпринимательства. Он утверждал, что эти смелые духи, предприниматели, создавали технические и финансовые инновации в условиях конкуренции и падения прибылей — и что именно эти всплески активности порождали (нерегулярный) экономический рост. В 1919 году Шумпетер стал министром финансов Австрии — к сожалению, руководя гиперинфляцией того периода, и поэтому был уволен в том же году. Хотя Йозеф Шумпетер был прежде всего выдающимся учителем, во время учебы в Гарварде он тем не менее завершил работу над еще тремя книгами: дидактическим трудом «Экономические циклы» (1939) и популярным трудом «Капитализм, социализм и демократия» (1942), в котором он, как известно, предсказал крах капитализма в руках интеллектуалов.;;Nach seinem Studium in Wien arbeitete Schumpeter einige Zeite als ungebundener Rechtsanwalt, bis er 1909 seine akademische Karriere fortsetzte. Wahrend er in Czernowitz (heute in der Ukraine) unterrichtete, schrieb er seine 'Theorie der wirtschaftlichen Entwicklung' (1911), worin er zum ersten Mal seine beruhmte Theorie der Geschaftsfuhrung umriss. Er argumentierte, dass Unternehmer wagemutige Menschen seien, die im Angesicht grosser Konkurrenz und fallender Profite technische und finanzielle Innovationen lieferten - und dass es diese Aktivitatsschube seien, die (unregelmassiges) Wirtschaftswachstum erzeugten. 1919 wurde Schumpeter zum osterreichischen Finanzminister ernannt. Leider hatte er das Amt wahrend der damaligen Hyperinflationsphase inne und wurde nach sieben Monaten wieder entlassen. Neben seiner exzellenten Lehrtatigkeit schrieb Joseph Schumpeter wahrend seiner Zeit an der Harvard-Universitat drei weitere Bucher, darunter sein didaktisches Werk 'Konjunkturzyklen' (1939) und sein populares Buch 'Kapitalismus, Sozialismus und DemokratieKapitalismus, Sozialismus und Demokratie(1942) - in dem er auf glanzende Art und Weise den Niedergang des Kapitalismus in den Handen der Intellektuellen voraussagte.;;Tras un rapido doctorado en Viena, Schumpeter hizo sus pinitos como abogado independiente hasta que volvi?al mundo academico en 1909.  Fue mientras daba clase en Czernowitz (ahora en Ucrania) cuando escribi?su 'Teoria de desarrollo economico' (1911), donde perfil?por primera vez su famosa teoria sobre el empresariado. Argumentaba que esos espiritus valientes, los empresarios, crearon innovaciones tecnicas y financieras a causa de la competencia y de los beneficios decrecientes (y que fueron esas rachas de actividad las que generaron un irregular crecimiento economico). En 1919, Schumpeter se convirti?en el ministro austriaco de Economia. Desgraciadamente, presidi?durante un periodo de hiperinflacion, por lo que a finales de ese ano fue destituido. Aunque fue un excelente profesor, Joseph Schumpeter escribi?varios libros durante su estancia en Harvard: sus didacticos 'Ciclos de los negocios' (1939) y su famoso 'Capitalismo, Socialismo y Democracia' (1942), donde predijo la caida del capitalismo a manos de los intelectuales.;x;;;;;;;;;;;;;;;;;;;;;;;;;;;;;;;;;;;;;;;;;;;;
eugen_von_bцhm_bawerk;Ойген фон Бём-Баверк;Eugen von Bohm-Bawerk;Eugen von Bohm-Bawerk;;Eugen von Bohm-Bawerk;x;;;;;;;;;;;;;;;;;;;;;;;;;;;;;;;;;;;;;;;;;;;;
eugen_von_bцhm_bawerk_desc;Карьера Бём-Баверка как ученого была прерывистой. Наиболее значимым периодом его научной деятельности были годы в Университете Инсбрука (1881-1889). Именно в 1880-х годах он впервые опубликовал два из трех томов своего magnum opus, Capital and Interest. Его последние годы были наполнены его обязанностями австрийского министра финансов, должностью, которую он занимал, хотя и не постоянно, на протяжении 1890-х годов и позже, и за которую он был заслуженно удостоен чести иметь свое изображение на стошиллинговой банкноте Австрии. После службы в этой должности и принятия на себя других государственных обязанностей он вернулся к преподаванию в 1904 году. Заняв кафедру в Венском университете, он стал коллегой Визера, преемника отставного Менгера. Среди студентов, которые прошли через университет в последнее десятилетие карьеры Бём-Баверка (и жизни: он умер в 1914 году), были Йозеф Шумпетер и Людвиг фон Мизес.;;Bohm-Bawerks Karriere als Gelehrter verlief unregelmassig. Seine bedeutendste wissenschaftliche Phase verlebte er von 1881 bis 1889 an der Universitat Innsbruck. Wahrend der 1880er Jahre veroffentlichte er auch zwei der drei Bande seines Meisterwerks 'Kapital und Kapitalzins'. Sein Leben war wahrend der 1890er Jahre bis 1904 von seinem Dienst als osterreichischer Finanzminister gepragt, obwohl er dieses Amt nicht kontinuierlich bekleidete. Fur seine Dienste wurde er passenderweise durch die Abbildung seines Portraits auf Osterreichs 100-Schilling-Geldschein geehrt. Nach einigen Jahren im Regierungsdienst und nach der Niederlegung seines Amtes kehrte er 1904 wieder in den Lehrbetrieb zuruck. Er erhielt einen Lehrstuhl an der Universitat Wien und wurde ein Kollege von Wieser, dem Nachfolger des pensionierten Mengers. Zu den Studenten, die wahrend des letzten Jahrzehnts von Bohm-Bawerks Karriere (und Leben: Er starb 1914) dort ausgebildet wurden, zahlten Joseph Schumpeter und Ludwig von Mises.;;La carrera de Bohm-Bawerk como erudito fue recurrente. El periodo mas significativo de actividad intelectual fue durante sus anos en la Universidad de Innsbruck (1881-1889). Public?dos de los tres volumenes de su obra magna, 'Capital e interes' en la decada de 1880. Sus ultimos anos estuvieron dominados por sus obligaciones como ministro austriaco de Economia, puesto que conserv? aunque sin continuidad, en la decada de 1890 y en anos posteriores. Como reconocimiento, se le honr?colocando su retrato en el billete de cien chelines. Tras servir en dicho puesto y asumir otras tareas gubernamentales, volvi?a la ensenanza en 1904. Con una catedra en la universidad de Viena, se convirti?en colega de Wieser, sucesor del jubilado Menger. Entre los estudiantes que fueron a la universidad durante la ultima decada de la carrera (y vida) de Bohm-Bawerk, que muri?en 1914, estuvieron Joseph Schumpeter y Ludwig von Mises.;x;;;;;;;;;;;;;;;;;;;;;;;;;;;;;;;;;;;;;;;;;;;;
keynesian_economics;Кейнсианская экономика;Economie keynesienne;Keynesianische Okonomie;;Economia keynesiana;x;;;;;;;;;;;;;;;;;;;;;;;;;;;;;;;;;;;;;;;;;;;;
keynesian_economics_desc;Кейнсианская экономика;Economie keynesienne;Keynesianische Okonomie;;Economia keynesiana;x;;;;;;;;;;;;;;;;;;;;;;;;;;;;;;;;;;;;;;;;;;;;
john_maynard_keynes;Джон Мейнард Кейнс;John Maynard Keynes;John Maynard Keynes;;John Maynard Keynes;x;;;;;;;;;;;;;;;;;;;;;;;;;;;;;;;;;;;;;;;;;;;;
john_maynard_keynes_desc;Английский экономист, который бросил вызов ортодоксальному взгляду на роль государства в управлении экономическими силами в обществе и на соотношение между спросом и предложением во времена экономического кризиса. Опираясь на способность государств мобилизовать свою экономику во время войн с другими промышленными странами, Кейнс утверждал, что государство может использовать свое влияние для содействия более эффективному экономическому развитию. Но его самая радикальная теория касалась роли совокупного спроса в экономике, утверждая, что именно спрос, а не предложение, является окончательным определяющим фактором в уровнях производства и роста, которые может производить экономика, и что во времена экономического спада или кризиса решение кризиса заключается в возрождении спроса для поглощения избыточного предложения и создания условий для возрождения производства для удовлетворения дальнейшего увеличения спроса. Хотя у его теорий было много критиков, они стали очень влиятельными по мере развития двадцатого века;;Keynes war ein englischer Okonom, der die orthodoxe Meinung uber die Rolle des Staats als Verwalter der gesellschaftlichen Wirtschaftskrafte und die Beziehung von Angebot und Nachfrage in Zeiten der Wirtschaftskrise herausforderte. Keynes stutzte sich auf die Fahigkeiten von Staaten, ihre Wirtschaftssysteme wahrend Kriegen mit anderen Industrienationen zu mobilisieren und blieb bei seiner Ansicht, der Staat konne seinen Einfluss zur Forderung einer effizienteren Wirtschaftsentwicklung nutzen. Seine radikalste Theorie jedoch drehte sich um die Rolle der gesamtwirtschaftlichen Nachfrage: Keynes argumentierte, dass die Nachfrage und nicht das Angebot die ausschlaggebende Determinante fur die Leistung und das Wachstum der Wirtschaft sei, und dass in Zeiten wirtschaftlichen Ruckgangs oder wahrend Krisen die Losung in der Nachfragesteigerung lage, um uberschussiges Angebot zu absorbieren und die Bedingungen zur Wiederbelebung der Produktion zur Sattigung weiterer Nachfragesteigerungen zu schaffen. Obwohl viele seine Theorien kritisierten, wurden sie im Verlauf des zwanzigsten Jahrhunderts ausserst einflussreich.;;Un economista ingles que cuestion?la vision ortodoxa del papel del estado en la gestion de las fuerzas economicas en la sociedad y la relacion entre la oferta y la demanda en tiempos de crisis economicas. Basandose en la capacidad de los estados para movilizar sus economias en tiempos de guerra con otros paises industrializados, Keynes lleg?a la conclusion de que el estado podia utilizar su influencia para fomentar de manera eficaz el desarrollo economico. Pero su teoria mas radical fue la del papel de la demanda agregada en la economia, que sostenia que es la demanda, y no la oferta, la que determina los niveles de produccion y crecimiento de una economia y que en tiempos de ralentizacion economica o crisis la solucion pasa por absorber el exceso de oferta y crear las condiciones para un aumento de la produccion capaz de hacer frente a aumentos de la demanda. Aunque sus teorias recibieron muchas criticas, fueron haciendose cada vez mas influyentes a medida que avanzaba el siglo XX.;x;;;;;;;;;;;;;;;;;;;;;;;;;;;;;;;;;;;;;;;;;;;;
richard_kahn;Ричард Кан;Richard Kahn;Richard Kahn;;Richard Kahn;x;;;;;;;;;;;;;;;;;;;;;;;;;;;;;;;;;;;;;;;;;;;;
richard_kahn_desc;Английский экономист, который первым разработал концепцию эффекта мультипликатора расходов в экономике в начале 1930-х годов. В своей основе это концепция, согласно которой расходы в экономике на товары и услуги создают новые потенциалы спроса со стороны поставщиков этих первоначальных товаров и услуг, создавая расширение спроса за пределы первоначальной стоимости первоначальных расходов. Принятая Джоном Мейнардом Кейнсом в его концепции роли совокупного спроса в функционировании экономики, концепция эффекта мультипликатора будет все чаще приниматься государствами, сталкивающимися с экономическим спадом, путем поощрения самого государства увеличивать свои расходы в экономике как способ оживить ослабленный спрос и восстановить экономический рост;;Kahn war ein englischer Okonom, der Anfang der 1930er Jahre das Konzept des Multiplikatoreffekts von Ausgaben in einer Wirtschaft entwickelt. Die Grundlage dieses Konzepts war, dass Ausgaben fur Guter und Dienstleistungen neues Nachfragepotential durch die anfanglichen Anbieter dieser Guter erzeugte, was zur Nachfrageerweiterung uber den Wert der Anfangsausgaben hinaus fuhrte. Das Konzept des Multiplikatoreffekts, das sich auch John Maynard Keynes bei der Erstellung seines Konzepts der gesamtwirtschaftliche Nachfrage zunutze machte, wurde zunehmend von Staaten ubernommen, die unter wirtschaftlichen Schieflagen litten. Mit Hilfe dieses Konzepts sollte der Staat selbst seine Ausgaben in der Wirtschaft erhohen, um die geschwachte Nachfrage wieder zu beleben und das Wirtschaftswachstum wieder anzukurbeln.;; Un economista britanico que fue el creador del concepto del efecto multiplicador del gasto sobre la economia, a principios de la decada de los 30. En su base, la idea es que gastar en la economia de bienes y servicios genera potencial de demanda por parte de los proveedores de esos bienes y servicios iniciales, lo que crea una expansion de la demanda superior al valor del gasto inicial. Adoptado por John Maynard Keynes en su idea del papel de la demanda agregada en el funcionamiento de la economia, el concepto del efecto multiplicador seria utilizado cada vez con mas frecuencia por estados amenazados por la ralentizacion economica, que tomaron sobre sus hombros la responsabilidad de aumentar sus gastos para reactivar una demanda debilitada y restaurar el crecimiento economico.;x;;;;;;;;;;;;;;;;;;;;;;;;;;;;;;;;;;;;;;;;;;;;
ludwig_von_mises;Людвиг фон Мизес;Ludwig von Mises;Ludwig von Mises;;Ludwig von Mises;x;;;;;;;;;;;;;;;;;;;;;;;;;;;;;;;;;;;;;;;;;;;;
ludwig_von_mises_desc;Австрийский экономист, который оспаривал растущее влияние кейнсианской экономики на действия государства в 1930-х годах. Фон Мизес утверждал, что попытка государства использовать свои ресурсы для оживления спроса в экономике создала опасные возможности для инфляции экономики и серьезные дисбалансы в способности рынка находить баланс между спросом и предложением, который обеспечил бы стабильный экономический рост. Фон Мизес также был резким критиком социалистических экономических моделей, утверждая, что такие модели устраняют способность рынка определять уровни цен, которые обеспечивали бы адекватное предложение на основе спроса потребителей на товары;;Mises war ein osterreichischer Okonom, der den wachsenden Einfluss der keynesianischen Wirtschaftskonzepts auf die Handlungen des Staats wahrend der 1930er Jahre kritisierte. Von Mises argumentierte, dass der Versuch des Staats, seine Ressourcen zur Wiederbelebung der Nachfrage in der Wirtschaft einzusetzen, fur diese ein gefahrliches Inflationspotential schuf und ausserdem die Fahigkeit des Marktes zur Gleichgewichtsfindung zwischen Angebot und Nachfrage zur Gewahrleistung wirtschaftlichen Wachstums stark schadigte. Von Mises war daruber hinaus ein scharfer Kritiker sozialistischer Wirtschaftsmodelle. Er behauptete, solche Modelle wurden die Fahigkeit des Marktes eliminieren, Preisstufen zu ermitteln, die basierend auf der Guternachfrage ein adaquates Angebotsniveau gewahrleisten.;;Economista austriaco que cuestionaria la creciente influencia de la teoria keynesiana sobre la accion de los estados en la decada de los 30. Von Mises argument?que cuando el estado intentaba movilizar sus recursos para revivir la demanda creaba un peligroso potencial de inflacion y le creaba graves dificultades a la capacidad del mercado de encontrar el equilibrio entre la oferta y la demanda que garantizaria un crecimiento estable. Von Mises tambien fue muy critico con los modelos economicos socialistas, arguyendo que destruian la capacidad del mercado de determinar los niveles de precios que garantizarian un suministro adecuado, basado en la demanda de bienes y servicios por parte de los consumidores.;x;;;;;;;;;;;;;;;;;;;;;;;;;;;;;;;;;;;;;;;;;;;;
friedrich_hayek;Фридрих Хайек;Friedrich Hayek;Friedrich Hayek;;Friedrich Hayek;x;;;;;;;;;;;;;;;;;;;;;;;;;;;;;;;;;;;;;;;;;;;;
friedrich_hayek_desc;Австрийский экономист, который оспаривал влияние кейнсианской экономики на действия государства в 1930-х годах и приписывал плановые экономические модели, присущие как социалистическим, так и фашистским политическим моделям, все более популярным в эту эпоху. Подобно своему учителю Людвигу фон Мизесу, Хайек критиковал кейнсианские экономические рецепты для борьбы с экономическими спадами, считая, что они вызывают больше потенциальных проблем, чем решений, создавая условия для инфляции, повышая спрос быстрее, чем предложение могло удовлетворить. Хайек отверг идею централизованного планирования на рынке как крайне неэффективную в своей способности производить предложение и качество товаров, которые будут генерироваться потребительским спросом;;Hayed war ein osterreichischer Okonom, der den wachsenden Einfluss der keynesianischen Wirtschaftskonzepts auf die Handlungen des Staats wahrend der 1930er Jahre kritisierte. Daruber hinaus wandte er sich gegen die sozialistischen und faschistischen Planwirtschaftsmodelle, die zu jener Zeit immer popularer wurden. Ganz wie sein Lehrer Ludwig von Mises griff Hayek das keynesianische Konzept zur Korrektur wirtschaftlicher Schieflagen als Losung an, die eher zusatzliche Probleme kreierte als bestehende loste, indem sie durch die rasante Steigerung der Nachfrage, mit der das Angebot nicht mithalten konnte, inflationare Bedingungen schuf. Hayek wies die Idee der zentralen Marktplanung als zur Produktion der quantitativ wie qualitativ notwendigen Gutermenge unfahig zuruck, die zur Deckung der Nachfrage notwendig werden wurde.;;Economista austriaco que cuestionaria la creciente influencia de la teoria keynesiana sobre la accion de los estados en la decada de los 30 y atacaria igualmente los modelos de economia planificada asociados a los sistemas politicos socialista y fascista, tan en boga en su epoca. Al igual que su maestro Ludwig von Mises, Hayek atac?las recetas keynesianas para hacer frente a las crisis economicas, acusandolas de causar mas problemas de los que resolvian. Segun el, un aumento de la demanda mas rapido de lo que podia cubrir la oferta creaba las condiciones para la aparicion de la inflacion. Hayek rechazaba la planificacion central del mercado por su incapacidad para producir de manera eficiente bienes en la cantidad y calidad que la demanda de los consumidores generaria.;x;;;;;;;;;;;;;;;;;;;;;;;;;;;;;;;;;;;;;;;;;;;;
freedom_of_trade;Свобода торговли;Libert?des echanges;Handelsfreiheit;;Libertad comercio;x;;;;;;;;;;;;;;;;;;;;;;;;;;;;;;;;;;;;;;;;;;;;
freedom_of_trade_desc;Свобода торговли;Libert?des echanges;Handelsfreiheit;;Libertad comercio;x;;;;;;;;;;;;;;;;;;;;;;;;;;;;;;;;;;;;;;;;;;;;
market_structure;Структура рынка;Structuration du march?Marktstruktur;;Estruct. mercado;x;;;;;;;;;;;;;;;;;;;;;;;;;;;;;;;;;;;;;;;;;;;;;
market_structure_desc;Структура рынка;Structuration du march?Marktstruktur;;Estruct. mercado;x;;;;;;;;;;;;;;;;;;;;;;;;;;;;;;;;;;;;;;;;;;;;;
polypoly_structure;Полиполистическая структура;March?concurrentiel;Atomistische Marktstruktur;;Estruct. polipolio;x;;;;;;;;;;;;;;;;;;;;;;;;;;;;;;;;;;;;;;;;;;;;
polypoly_structure_desc;Это означает, что законодательство вашей страны структурировало рынок таким образом, что каждое направление бизнеса состоит из множества фирм, большинство из которых имеют одинаковый размер.;La legislation de votre pays a structur?le march?de facon ?ce que chaque branche d'activit?comprenne de nombreuses entreprises, la plupart ayant une taille similaire.;Dies bedeutet, dass die Gesetzgebung Ihres Landes den Markt so strukturiert hat, dass jede Branche aus zahlreichen gleichgrossen Firmen besteht.;;Esto significa que la legislacion de tu pais ha estructurado el mercado de tal forma que cada linea de negocio compromete a varias empresas, la mayoria de las cuales son del mismo tamano.;x;;;;;;;;;;;;;;;;;;;;;;;;;;;;;;;;;;;;;;;;;;;;
oligopoly_structure;Олигополистическая структура;Structure oligopolistique;Oligopole Marktstruktur;;Estruct. oligopolio;x;;;;;;;;;;;;;;;;;;;;;;;;;;;;;;;;;;;;;;;;;;;;
oligopoly_structure_desc;Это означает, что законодательство вашей страны структурировало рынок таким образом, что каждое направление бизнеса состоит из нескольких фирм, все из которых являются крупными.;La legislation de votre pays a structur?le march?de facon ?ce que chaque branche d'activit?comprenne peu d'entreprises, mais toutes de grandes tailles.;Dies bedeutet, dass die Gesetzgebung Ihres Landes den Markt so strukturiert hat, dass jede Branche aus wenigen gleichgrossen Firmen besteht.;;Esto significa que la legislacion de tu pais ha estructurado el mercado de tal forma que cada linea de negocio compromete a unas pocas empresas, todas de gran tamano.;x;;;;;;;;;;;;;;;;;;;;;;;;;;;;;;;;;;;;;;;;;;;;
monopoly_structure;Структура монополии;Structure monopolistique;Monopol-Marktstruktur;;Estruct. monopolio;x;;;;;;;;;;;;;;;;;;;;;;;;;;;;;;;;;;;;;;;;;;;;
monopoly_structure_desc; Законодательство вашей страны структурировало рынок таким образом, что в каждом направлении бизнеса доминирует одна очень крупная компания.;La legislation de votre pays a structur?le march?de facon ?ce que chaque branche d'activit?ne comprenne qu'une seule entreprise geante dominant les affaires. ;Dies bedeutet, dass die Gesetzgebung Ihres Landes den Markt so strukturiert hat, dass jede Branche aus einer riesigen Firma besteht.;;La legislacion de tu pais ha estructurado el mercado de tal forma que cada linea de negocio compromete a una sola empresa de enorme tamano que controla dicho negocio. ;x;;;;;;;;;;;;;;;;;;;;;;;;;;;;;;;;;;;;;;;;;;;;
business_regulations;Ранние правила ведения бизнеса;Early Business Regulations;Early Business Regulations;;Early Business Regulations;x;;;;;;;;;;;;;;;;;;;;;;;;;;;;;;;;;;;;;;;;;;;;
business_regulations_desc;Ранние правила ведения бизнеса;Early Business Regulations;Early Business Regulations;;Early Business Regulations;x;;;;;;;;;;;;;;;;;;;;;;;;;;;;;;;;;;;;;;;;;;;;
limited_partnership_company;Товарищество с ограниченной ответственностью;Societ?en commandite simple;Kommanditgesellschaft;;Compania sociedad comanditaria;x;;;;;;;;;;;;;;;;;;;;;;;;;;;;;;;;;;;;;;;;;;;;
limited_partnership_company_desc;Это был первый закон, устанавливающий возможности владения фирмой без прямой ответственности. Это был первый шаг к обеспечению притока капитала от частных лиц.;Il s'agissait de la premiere legislation permettant de posseder des parts d'une societ?sans avoir de responsabilites directes. Cette premiere etape annoncait le developpement de l'introduction de fonds prives dans le capital des entreprises.;Dies war das erste Gesetz, das das Eigentum einer Firma ohne direkte Verantwortung ermoglichte und gleichzeitig der erste Schritt zur Absicherung von Privatkapital.;;Esta fue la primera legislacion que promulg?posibilidades de propiedad en una empresa sin tener una responsabilidad directa. Fue el primer paso para asegurar la inyeccion de capital de ciudadanos particulares.;x;;;;;;;;;;;;;;;;;;;;;;;;;;;;;;;;;;;;;;;;;;;;
joint_stock_company;Акционерное общество;Societ?par actions;Aktiengesellschaft;;Sociedad anonima;x;;;;;;;;;;;;;;;;;;;;;;;;;;;;;;;;;;;;;;;;;;;;
joint_stock_company_desc;Это законодательство увеличило возможности для фирм получать вливания капитала эффективным способом. Оно также дало частным инвесторам максимально возможную отдачу от инвестиций при определенном риске.;Cette legislation ameliorait les possibilites qu'avaient les entreprises de collecter des capitaux de maniere efficace. Elle fournissait aussi aux investisseurs prives le meilleur retour sur investissement possible, ?un certain risque.;Dieses Gesetz erhohte die Moglichkeiten von Firmen, auf effiziente Art und Weise an Geldspritzen zu kommen. Daruber hinaus gab es Privatinvestoren bei einem gewissen Risiko die grosstmogliche Kapitalrendite.;;Esta legislacion aument?las posibilidades de que las empresas consiguieran inversiones de capital de una forma eficaz. Tambien dio a los inversores privados el mayor beneficio posible por una inversion a cambio de cierto riesgo.;x;;;;;;;;;;;;;;;;;;;;;;;;;;;;;;;;;;;;;;;;;;;;
patent;Патент;Brevet;Patente;;Patentes;x;;;;;;;;;;;;;;;;;;;;;;;;;;;;;;;;;;;;;;;;;;;;
patent_desc;Это законодательство обеспечивало установленное по времени право собственности на интеллектуальную собственность изобретений, в значительной степени поощряя изобретателей воплощать свои идеи в жизнь и продавать их фирмам, которые могли бы их реализовать.;Cette legislation protegeait, pour une duree determinee, la propriet?intellectuelle sur les inventions, encourageant ainsi considerablement les inventeurs ?realiser leurs idees et ?les vendre ?des entreprises capables de les fabriquer en serie.;Dieses Gesetz gewahrleistete das zeitlich beschrankte intellektuelle Eigentum von Erfindungen, was Erfinder ermutigte, ihre Ideen an Firmen zu verkaufen, die sie in die Tat umsetzen konnten.;;La legislacion asegur?la posesion temporal de la propiedad intelectual de los inventos, lo que anim?considerablemente a los inventores para que desarrollaran sus ideas y las vendieran a las empresas que pudieran hacerlas realidad.;x;;;;;;;;;;;;;;;;;;;;;;;;;;;;;;;;;;;;;;;;;;;;
trademark;Торговая марка;Marque;Warenzeichen;;M. registrada;x;;;;;;;;;;;;;;;;;;;;;;;;;;;;;;;;;;;;;;;;;;;;
trademark_desc;Это законодательство означало безопасность для фирмы с особым продуктом. Продукт часто имел сильную позицию на рынке из-за определенных психологических атрибутов, поскольку он ассоциировался с безопасностью, качеством и т. д.;Cette legislation protegeait les entreprises ayant un produit specifique. Le produit devait souvent sa position forte sur le march?aux representations mentales qui l'associaient ?l'idee de securit? de qualit? etc.;Dieses Gesetz bedeutete Sicherheit fur Firmem mit einem speziellen Produkt, das haufig aufgrund eines bestimmten psychologischen Attributs, zum Beispiel seiner Assoziation mit Sicherheit, Qualitat, usw., eine starke Marktposition hatte.;;Esta legislacion significaba seguridad para una empresa con un producto especial. A menudo el producto tenia una fuerte posicion en el mercado debido a ciertos atributos, ya que se relacionaba con la seguridad, la calidad, etc.;x;;;;;;;;;;;;;;;;;;;;;;;;;;;;;;;;;;;;;;;;;;;;
market_regulations;Правила рынка;Reglementation du march?Marktvorschriften;;Regulaciones mercado;x;;;;;;;;;;;;;;;;;;;;;;;;;;;;;;;;;;;;;;;;;;;;;
market_regulations_desc;Правила рынка;Reglementation du march?Marktvorschriften;;Regulaciones mercado;x;;;;;;;;;;;;;;;;;;;;;;;;;;;;;;;;;;;;;;;;;;;;;
anti_trust_laws;Антимонопольное законодательство;Loi antitrust;Kartellrecht;;Leyes antimonop.;x;;;;;;;;;;;;;;;;;;;;;;;;;;;;;;;;;;;;;;;;;;;;
anti_trust_laws_desc;Это законодательство остановило концентрацию власти на рынке. Иногда игрок становился слишком большим, и конкуренция на рынке уменьшалась, что означало непропорциональное повышение цен.;"Cette legislation mettait un terme aux fortes concentrations du march? Il arrivait en effet qu'un acteur du march?devienne trop ""gros"" et empeche la concurrence d'operer, ce qui provoquait une hausse disproportionnee des prix.";Dieses Gesetz stoppte die Machtkonzentration auf dem Markt. Manchmal wurden Firmen zu machtig und verdrangten ihre Konkurrenz auf dem Markt. Dies zog unverhaltnismassige Preiserhohungen nach sich.;;Esta legislacion detuvo la concentracion de poder en el mercado. A veces, un actor se hacia demasiado grande, y la competencia disminuia en el mercado, lo que suponia que los precios aumentaban desproporcionadamente.;x;;;;;;;;;;;;;;;;;;;;;;;;;;;;;;;;;;;;;;;;;;;;
financial_regulations;Финансовые положения;Reglementation financiere;Finanzvorschriften;;Regulac. financieras;x;;;;;;;;;;;;;;;;;;;;;;;;;;;;;;;;;;;;;;;;;;;;
financial_regulations_desc;В этот момент были введены правила, контролирующие деятельность отдельных фирм на финансовом рынке.;Des systemes de regulation ont et?mis en place pour controler l'activit?des entreprises individuelles sur le march?financier.;Zu diesem Zeitpunkt wurden Vorschriften eingefuhrt, um die Aktivitaten einzelner Firmen auf dem Finanzmarkt uberprufen zu konnen.;;En ese momento, se introdujeron las regulaciones para comprobar la actividad de las empresas en el mercado financiero.;x;;;;;;;;;;;;;;;;;;;;;;;;;;;;;;;;;;;;;;;;;;;;
banking_regulations;Банковские правила;Reglementations bancaires;Bankvorschriften;;Regulac. bancarias;x;;;;;;;;;;;;;;;;;;;;;;;;;;;;;;;;;;;;;;;;;;;;
banking_regulations_desc;В этот момент были введены правила проверки деятельности отдельных банков.;Des systemes de regulation ont et?mis en place pour controler l'activit?des banques individuelles.;Zu diesem Zeitpunkt wurden Vorschriften eingefuhrt, um die Aktivitaten einzelner Banken uberprufen zu konnen.;;En ese momento, se introdujeron las regulaciones para comprobar la actividad de cada uno de los bancos.;x;;;;;;;;;;;;;;;;;;;;;;;;;;;;;;;;;;;;;;;;;;;;
economic_responsibility;Экономическая ответственность;Responsabilit?economique;Wirtschaftliche Verantwortung;;Responsabilidad economica;x;;;;;;;;;;;;;;;;;;;;;;;;;;;;;;;;;;;;;;;;;;;;
economic_responsibility_desc;Экономическая ответственность;Responsabilit?economique;Wirtschaftliche Verantwortung;;Responsabilidad economica;x;;;;;;;;;;;;;;;;;;;;;;;;;;;;;;;;;;;;;;;;;;;;
working_board_of_directors;Рабочий совет директоров;Conseil d'administration en interne;Aufsichtsrate;;Junta laboral de directores;x;;;;;;;;;;;;;;;;;;;;;;;;;;;;;;;;;;;;;;;;;;;;
working_board_of_directors_desc;Бизнес-культура, предполагающая наличие работающего совета директоров, означала, что те, кто принимал долгосрочные стратегические решения для компании, также работали с ее повседневной практикой, что открывало путь для принятия правильных решений.;;Die Unternehmenskultur, einen Aufsichtsrat zu haben, bedeutete, dass die Entscheidungstrager, die sich fur langfristige strategische Entscheidungen der Firma verantwortlich zeigten, auch in das Tagesgeschaft eingebunden wurden. Dies ebnete den Weg fur gute Geschaftsentscheidungen.;;La cultura empresarial de tener una junta laboral de directores significaba que aquellos que tomaban las decisiones estrategicas a largo plazo para la empresa trabajaban tambien en el dia a dia, lo que preparaba el terreno para las buenas decisiones.;x;;;;;;;;;;;;;;;;;;;;;;;;;;;;;;;;;;;;;;;;;;;;
bankruptcy_proceedings;Процедура банкротства;Procedures des faillites;Konkursverfahren;;Procedim. bancarrotas;x;;;;;;;;;;;;;;;;;;;;;;;;;;;;;;;;;;;;;;;;;;;;
bankruptcy_proceedings_desc;Благодаря установлению правил проведения процедур банкротства они не только стали проще и быстрее, но и снизилась неопределенность кредиторов.;En reglementant les procedures des faillites, on visait non seulement ?les simplifier et ?les accelerer, mais aussi ?rassurer les creanciers.;Durch die Einfuhrung von Verfahrensregeln fur Konkursfalle wurden diese vereinfacht und beschleunigt. Ausserdem reduzierte sich dadurch die Ungewissheit fur die Glaubiger.;;Mediante la institucion de reglas para el procedimiento en caso de bancarrota, no solo se logr?que este fuera mas sencillo y rapido, sino que tambien disminuy?la incertidumbre de los acreedores.;x;;;;;;;;;;;;;;;;;;;;;;;;;;;;;;;;;;;;;;;;;;;;
annual_report_proceedings;Ежегодный отчет о работе;Procedures des rapports annuels;Jahresberichte;;Procedim. informes anuales;x;;;;;;;;;;;;;;;;;;;;;;;;;;;;;;;;;;;;;;;;;;;;
annual_report_proceedings_desc;Введение правил для годовых отчетов для фирмы повысило прозрачность рынка к радости как инвесторов, так и владельцев. Также стало легче контролировать фирмы, у которых были проблемы.;En reglementant les procedures des rapports annuels des entreprises, on ameliora la transparence du march?au benefice des investisseurs et des actionnaires. Il etait aussi plus facile de suivre l'evolution des entreprises en difficult?;Durch die Einfuhrung von Verfahrensregeln fur unternehmerische Jahresberichte erhohte sich zur Freude von Investoren und Eigentumern die Markttransparenz. Daruber hinaus wurde so die Uberwachung von Firmen in finanziellen Schwierigkeiten vereinfacht.;;Mediante la institucion de reglas para el procedimiento de informes anuales para  empresas, se increment?la transparencia del mercado para alegria de inversores y propietarios. Tambien facilit?el control de las empresas con problemas.;x;;;;;;;;;;;;;;;;;;;;;;;;;;;;;;;;;;;;;;;;;;;;
government_interventionism;Правительственное вмешательство;Interventionisme gouvernemental;Staatliche Einmischung;;Intervencionismo estatal;x;;;;;;;;;;;;;;;;;;;;;;;;;;;;;;;;;;;;;;;;;;;;
government_interventionism_desc;Правительственное вмешательство;Interventionisme gouvernemental;Staatliche Einmischung;;Intervencionismo estatal;x;;;;;;;;;;;;;;;;;;;;;;;;;;;;;;;;;;;;;;;;;;;;
priming_the_pump_; Заливка насоса;Relance economique ;Ankurbeln der Wirtschaft;;Fomento gubernamental de la economia ;x;;;;;;;;;;;;;;;;;;;;;;;;;;;;;;;;;;;;;;;;;;;;
priming_the_pump__desc;Вслед за серией экономических потрясений, потрясших мир в первой половине двадцатого века, некоторые политики попали под влияние новых экономических теорий относительно спроса и предложения и их взаимодействия во времена экономического кризиса. Основываясь на концепции, что деньги, потраченные в экономике, имеют эффект мультипликатора, который увеличивает экономическую активность, генерируя доход, который может способствовать новому спросу, некоторые политики вслед за экономическим спадом выступили с призывами «запустить насос» для повторного раздувания спроса и, таким образом, возобновления экономического роста. Не все политики и экономисты приняли этот аргумент, и для некоторых такое государственное вмешательство показалось введением социалистических принципов в экономику, но политическое воздействие того, что государство, по-видимому, активно пытается улучшить экономические условия, сделало такие политические обещания очень привлекательными для тех, на ком негативно сказались экономические спады.;;Als Folge einer Reihe wirtschaftlicher Schocks, die die Welt Anfang des zwanzigsten Jahrhunderts erschuttert hatten, liessen sich einige Politiker von neuen Wirtschaftstheorien bezuglich Angebot und Nachfrage und deren Wechselwirkung wahrend Wirtschaftskrisen beeinflussen. Ausgehend vom Konzept, dass in der Wirtschaft ausgegebenes Geld einen multiplizierenden Effekt hat, der die Wirtschaftsaktivitat durch die Erzeugung von Einkommen verstarkt, was wiederum zu neuer Nachfrage beitragen kann, machten sich einige Politiker nach Wirtschaftseinbruchen dafur stark, zur Nachfragesteigerung und der damit einhergehenden Fortsetzung des Wirtschaftswachstums die Wirtschaft anzukurbeln. Dieses Argument wurde nicht von allen Politikern und Okonomen akzeptiert, und fur manche erschien eine solche staatliche Einmischung in die Wirtschaft als Versuch, sozialistische Prinzipien einzufuhren. Jene, die von Wirtschaftseinbruchen negativ betroffen waren, begrussten solche politischen Versprechen der staatlichen Marktverbesserung aber naturlich.;;Tras las catastrofes economicas que sacudieron el mundo durante la primera mitad del siglo XX, parte de la clase politica empez?a prestar oidos a nuevas teorias economicas relativas a la oferta, la demanda y su interrelacion en tiempos de crisis. Basandose en la idea de que el dinero invertido en la economia tiene un efecto multiplicador al generar ingresos que pueden contribuir a aumentar la demanda, algunos de sus miembros comenzaron a abogar por estimular la actividad economica desde el gobierno para aumentar la demanda y as?relanzar el crecimiento. No todos los politicos y economistas aceptaban este argumento y a algunos este intervencionismo economico les parecia la introduccion de los principios del socialismo en la economia, pero la complicada situacion hizo que la promesa de que el Estado se implicaria de manera directa en el fomento de la economia resultara muy atractiva para los afectados por las crisis.;x;;;;;;;;;;;;;;;;;;;;;;;;;;;;;;;;;;;;;;;;;;;;
mixed_economy;Смешанная экономика;Economie mixte;Mischwirtschaft;;Economia mixta;x;;;;;;;;;;;;;;;;;;;;;;;;;;;;;;;;;;;;;;;;;;;;
mixed_economy_desc;По мере развития двадцатого века и внедрения в некоторых обществах влияния альтернативных моделей экономического развития за пределами капиталистических рамок некоторые политики начали рассматривать возможность того, что слияние того, что считалось лучшими элементами капитализма и командной экономики, может принести пользу их обществу в целом. В результате в некоторых странах государство предприняло шаги по внедрению элементов государственного управления в определенные сферы экономической деятельности, сохраняя при этом основные капиталистические элементы в основе экономической системы. В то время как многие более идеологически мотивированные критики такой политики утверждали, что политика либо зашла слишком далеко, либо недостаточно далеко в своих преобразованиях экономики, результаты создания смешанной экономической системы с точки зрения как восстановления экономического производства, так и снижения социальной напряженности часто были весьма впечатляющими.;;Im fortschreitenden zwanzigsten Jahrhundert stieg der Einfluss alternativer Wirtschaftsmodelle ausserhalb des kapitalistischen Wertesystems in manchen Gesellschaften, und einige Politiker fingen an zu glauben, dass ihre Gesellschaften von der Kombination der besten Elemente des Kapitalismus und von Planwirtschaften profitieren konnten. Als Ergebnis dieser Uberlegungen wurden in manchen Nationen vom Staat Anstrengungen unternommen, staatliche Fuhrungselemente in bestimmte wirtschaftliche Aktivitaten zu integrieren, wahrend grundlegende kapitalistische Elemente weiterhin die Basis des Wirtschaftssystems bildeten. Obwohl manche ideologischer denkende Kritiker bemangelten, die Wirtschaftspolitik ginge bei der Umwandlung der Wirtschaft entweder zu weit oder nicht weit genug, waren die Ergebnisse, die durch die Schaffung solcher Mischwirtschaften erzielt wurden, inpunkto Wiederbelebung der Produktion und Reduzierung sozialer Spannungen oft ziemlich beeindruckend.;;A medida que avanzaba el siglo XX y la influencia de modelos economicos alternativos ajenos al pensamiento capitalista comenzaba a dejarse sentir sobre determinadas sociedades, algunos politicos empezaron a pensar que combinar los mejores elementos del capitalismo y de las economias planificadas podia ofrecer beneficios a la sociedad en su conjunto. En consecuencia, en algunos paises el Estado tom?medidas para introducir elementos de intervencionismo en determinadas areas de la actividad economica, al tiempo que preservaba los elementos capitalistas basicos en la raiz del sistema. Aunque muchos de los criticos con estas politicas (los de sesgo mas ideologico) arguyeron que estas medidas llegaron demasiado lejos (o no lo suficiente) en sus transformaciones de la economia, los resultados de la creacion de sistemas mixtos, a la hora de relanzar la actividad economica y de reducir las tensiones sociales fueron muchas veces impresionantes.;x;;;;;;;;;;;;;;;;;;;;;;;;;;;;;;;;;;;;;;;;;;;;
centralized_economic_planning;Централизованное экономическое планирование;Planification economique centralisee ;Zentralisierte Wirtschaftsplanung;;Planificacion economica centralizada;x;;;;;;;;;;;;;;;;;;;;;;;;;;;;;;;;;;;;;;;;;;;;
centralized_economic_planning_desc;По мере того как в начале двадцатого века к власти пришли более радикальные идеологические альтернативы либеральной демократии, появилась возможность реконструировать экономическую организацию, основанную на государственном управлении экономической деятельностью, которую можно было бы сравнить с относительным успехом или неудачей традиционных рыночных экономических структур. Такие программы централизованного экономического планирования, используемые как коммунистическими, так и фашистскими режимами, часто достигали драматических первоначальных результатов в снижении безработицы, увеличении производства промышленных товаров и устранении проблемы конфликта между рабочим и работодателем в обществе, о чем режимы трубили как о доказательстве превосходства своих систем над системами свободного рынка. Однако социальные и экономические издержки для этих обществ часто были очень высокими, а сопротивление государственному контролю создавало потенциал для жестоких репрессий. Однако внешнему миру, который мало что знал об отрицательных последствиях этих планов, они, казалось, предлагали жизнеспособную альтернативу системам свободного рынка, которые были отличительной чертой экономической теории девятнадцатого века.;;Als Anfang des zwanzigsten Jahrhunderts radikalere ideologische Alternativen zur liberalen Demokratie an die Macht kamen, bot sich die Gelegenheit, die auf der staatlichen Leitung wirtschaftlicher Aktivitaten basierende Wirtschaftsorganisation, die mit dem relativen Erfolg oder Scheitern traditioneller Wirtschaftsstrukturen verglichen werden konnte, neu zu strukturieren. Solche zentralisierten Wirtschaftsplanungsprogramme, derer sich sowohl kommunistische als auch faschistische Regimes bedienten, erzielten oft dramatische Anfangserfolge bei der Reduzierung der Arbeitslosigkeit, der Produktionssteigerung von Industriegutern und der Beseitigung des gesellschaftlichen Konflikts zwischen Arbeitnehmern und Arbeitgebern, was die Regimes dann als Uberlegenheit ihrer Systeme den Freihandelssystemen gegenuber propagierten. Die sozialen und wirtschaftlichen Kosten dieser Gesellschaften waren oft sehr hoch, und der Widerstand gegen staatliche Kontrolle schuf Potential fur brutale Unterdruckungen. Der Aussenwelt, die von den negativen Konsequenzen dieser Plane nicht viel mitbekam, erschienen sie als funktionsfahige Alternativen zu den Freihandelssystemen, die den Wirtschaftstheorien des neunzehnten Jahrhunderts ihren Stempel aufgedruckt hatten.;;En las primeras decadas del siglo XX, cuando alternativas radicales a la democracia liberal comenzaron a hacerse con el poder, surgi?la oportunidad de reconstruir la organizacion economica basandose en la direccion estatal y de comprobar el exito o el fracaso de tales experiencias. Estos programas de planificacion economica centralizada, empleados por los regimenes comunistas y fascistas, alcanzaron muchas veces resultados espectaculares en la reduccion del desempleo y el aumento de la produccion industrial, ademas de acabar con la conflictividad social de caracter economico, hecho que ambos sistemas enarbolarian como prueba de su superioridad con respecto a las economias de mercado. Sin embargo, a menudo los costes sociales y economicos de estas politicas fueron muy elevados y la resistencia frente al control del Estado gener?las condiciones necesarias para una represion brutal. Sin embargo, a los ojos del mundo exterior, que apenas sabia nada de las consecuencias negativas de estos planes, eran una alternativa viable a los sistemas economicos de libre mercado que habian dominado la teoria economica en el siglo XIX.;x;;;;;;;;;;;;;;;;;;;;;;;;;;;;;;;;;;;;;;;;;;;;
autarky;автаркия;Autarcie;Autarkie;;Autarquia;x;;;;;;;;;;;;;;;;;;;;;;;;;;;;;;;;;;;;;;;;;;;;
autarky_desc;Происходит от древнегреческого слова, означающего «самодостаточность», в начале двадцатого века автаркия была целью многих государств, которые считали, что дальнейшая зависимость от мировой экономики представляет угрозу их национальной независимости или идеологической основе их режимов. Чтобы достичь автаркии, такие государства устанавливали огромные тарифные барьеры для импорта из-за рубежа, поощряли развитие местных отраслей промышленности для производства ранее импортируемых товаров, строго регулировали внешнюю торговлю для сохранения национального дохода и исследовали разработку альтернативных заменителей критически важного сырья, которое не было доступно стране, кроме как на мировом рынке. Как экономическую политику автаркию можно назвать пересмотром меркантилизма в двадцатом веке, и хотя чаще всего она использовалась коммунистическими и фашистскими режимами, которые полностью или частично отвергали капиталистическую модель экономического производства, даже капиталистические страны прибегали к элементам автаркии во времена экономической нестабильности, особенно если они контролировали крупные заморские империи, которые могли поставлять ключевое сырье.;;Autarkie ist vom altgriechischen Wort fur Selbststandigkeit abgeleitet. Anfang des zwanzigsten Jahrhunderts war die Autarkie das Ziel vieler Staaten, die der Ansicht waren, dass eine noch grossere Abhangigkeit von der Weltwirtschaft ihre nationale Unabhangigkeit oder die ideologischen Basis ihrer Regimes bedrohen konnte. Zur Erreichung von Autarkie erhoben solche Lander riesige Einfuhrzolle auf Ubersee-Importe, womit die Entwicklung einer lokalen Industrie begunstigt wurde, um die vormals importierten Guter vor Ort herzustellen. Auch der Aussenhandel wurde stark eingeschrankt, um das nationale Einkommen zu schutzen und zudem die Erforschung von Ersatzmaterialien fur wichtige Rohmaterialien vorangetrieben, die nur auf dem Weltmarkt gekauft werden konnten. Vom wirtschaftspolitischen Standpunkt aus konnte die Autarkie eine Revision des Merkantilismus im Stile des zwanzigsten Jahrhunderts genannt werden. Obwohl sie uberwiegend von kommunistischen und faschistischen Regimes angestrebt wurden, die alle oder zumindest die meisten Aspekte des kapitalistischen Wirtschaftsproduktionsmodells ablehnten, griffen selbst kapitalistische Nationen in Zeiten wirtschaftlicher Instabilitat auf Elemente der Autarkie zuruck. Dies war besonders dann der Fall, wenn sie grosse Uberseereiche kontrollierten und wichtige Rohstoffe aus ihren Kolonien erhielten.;;Derivado de la palabra 'autosuficiencia' en griego clasico, el termino autarquia expresaba un objetivo de muchos estados de comienzos del siglo XX, que sentian que una dependencia aun mayor de la economia era una amenaza para su libertad o para los fundamentos ideologicos de sus regimenes. Para alcanzar la autarquia, estos paises imponian enormes aranceles a las importaciones ultramarinas, fomentaban el desarrollo de industrias locales para producir bienes hasta entonces importados, regulaban de manera estricta el comercio exterior para preservar los ingresos del pais e investigaban el desarrollo de alternativas para materias primas cruciales que el pais no podia conseguir mas que en el mercado internacional. Como politica economica, la autarquia podria considerarse una revision en el siglo XX del mercantilismo, y aunque quienes mas la utilizaron fueron los regimenes comunistas y fascistas que rechazaban el sistema de produccion capitalista en su totalidad o en su conjunto, hasta los paises capitalistas podian llegar a recurrir a algunos aspectos de la autarquia en tiempos de inestabilidad economica, sobre todo cuando controlaban grandes imperios transcontinentales que podian surtirlos de materias primas.;x;;;;;;;;;;;;;;;;;;;;;;;;;;;;;;;;;;;;;;;;;;;;
import_substitution_industrialization;Импортозамещающая индустриализация;Industrialisation par substitution aux importations;Importsubstitutions-Industrialisierung;;Industrializacion sustitutiva;x;;;;;;;;;;;;;;;;;;;;;;;;;;;;;;;;;;;;;;;;;;;;
import_substitution_industrialization_desc;Рост мировой экономики в девятнадцатом и начале двадцатого века привел к увеличению спроса на промышленные товары со стороны незападных обществ. Однако реалии войны в индустриальную эпоху и растущая экономическая нестабильность периодов подъема и спада привели к тому, что незападные общества порой не могли удовлетворить свои потребности в промышленных товарах от традиционных производителей таких товаров на Западе. В результате этого у производителей в незападных обществах появилась возможность удовлетворить спрос на те промышленные товары, которые нельзя было легко приобрести на Западе, и индустриализация в незападном мире начала расти. В конечном итоге давление с целью защиты этих новых отраслей от конкуренции из-за рубежа привело к тому, что некоторые страны, сохранившие политическую независимость, приняли политику импортозамещающей индустриализации, чтобы побудить свои общества разорвать зависимость от Запада в промышленных товарах и, как следствие, укрепить свои собственные общества в глобальной экономической системе. Импортозамещающая индустриализация приобретала все большее влияние в течение двадцатого века, поскольку ресурсы Запада все больше направлялись на решение проблем на Западе.;;Das Wachstum der Weltwirtschaft im neunzehnten und fruhen zwanzigsten Jahrhundert fuhrte zu einer gesteigerten Industrieguternachfrage durch nichtwestliche Gesellschaften. Die Kriege des Industriezeitalters und die zunehmende wirtschaftliche Instabilitat fuhrte in nichtwestlichen Gesellschaften jedoch zeitweilig dazu, dass sie ihren Industrieguterbedarf nicht mehr mit Lieferungen von den angestammten Produzenten dieser Guter im Westen decken konnten. Dies gab Produzenten aus nichtwestlichen Gesellschaften stetig besser werdende Moglichkeiten, den Bedarf von Industriegutern, der durch die Einfuhr von Westimporten nicht einfach gedeckt werden konnte, mit lokalen Produkten zu decken. Dies fuhrte zu einer zunehmenden Industrialisierung der nichtwestlichen Welt. Schliesslich fuhrte der Druck, diese neuen Industrien vor der Konkurrenz aus Ubersee zu schutzen, in einigen Nationen, die sich ihre politische Unabhangigkeit zur Anwendung der Importsubstitutions-Industrialisierung bewahrt hatten, dazu, ihre Industrieguter-bezogene Abhangigkeit vom Westen zu beenden und die Stellung ihrer eigenen Gesellschaften im globalen Wirtschaftssystem zu kraftigen. Die Importsubstitutions-Industrialisierung wurde im Verlauf des zwanzigsten Jahrhunderts immer wichtiger, da die Ressourcen des Westens zunehmend zur Losung westlicher Probleme eingesetzt wurden.;;El crecimiento de la economia mundial en el siglo XIX y principios del XX provoc?un aumento de la demanda de bienes industriales en paises no occidentales. Sin embargo, las realidades de la guerra en la era industrial y la creciente inestabilidad economica, con periodos de expansion y contraccion cada vez mas marcados, provocaron que, en determinados momentos, estos paises no pudieran satisfacer sus necesidades a traves de sus productores habituales, en occidente. Como consecuencia de ello, se crearon las condiciones necesarias para la aparicion de productores no occidentales, capaces de nutrir la demanda de bienes industriales, lo que foment?la industrializacion del mundo no occidental. Al final, la presion para proteger estas industrias frente a la competicion extranjera llevaria a algunos paises que habian mantenido su independencia politica a adoptar politicas de industrializacion para sustituir las importaciones, a fin de romper su dependencia de los productos industriales occidentales y, por extension, reforzar su papel en el sistema economico global. La industrializacion sustitutiva iria cobrando mayor importancia a lo largo del siglo XX, a medida que los recursos de occidente se emplearan cada vez mas para resolver los problemas de occidente.;x;;;;;;;;;;;;;;;;;;;;;;;;;;;;;;;;;;;;;;;;;;;;
guild_based_production;Производство на основе гильдий;Production corporatiste;Zunftbasierte Produktion;;Produc. basada en gremios;x;;;;;;;;;;;;;;;;;;;;;;;;;;;;;;;;;;;;;;;;;;;;
guild_based_production_desc;Производство на основе гильдий;Production corporatiste;Zunftbasierte Produktion;;Produc. basada en gremios;x;;;;;;;;;;;;;;;;;;;;;;;;;;;;;;;;;;;;;;;;;;;;
organized_factories;Организованные фабрики;Usines;Organisierte Fabriken;;Fabricas organizadas;x;;;;;;;;;;;;;;;;;;;;;;;;;;;;;;;;;;;;;;;;;;;;
organized_factories_desc;Организованные фабрики;Usines;Organisierte Fabriken;;Fabricas organizadas;x;;;;;;;;;;;;;;;;;;;;;;;;;;;;;;;;;;;;;;;;;;;;
work_classification;Классификация работ;Classification du travail;Arbeitsklassifizierung;;Clasif. del trabajo;x;;;;;;;;;;;;;;;;;;;;;;;;;;;;;;;;;;;;;;;;;;;;
work_classification_desc;Благодаря классификации рабочих задач организация производства улучшилась и стала более эффективной.;On a amelior?l'organisation de la production et on la rendit plus efficace en classifiant les taches de travail.;Durch die Klassifizierung von Arbeitsaufgaben wurde die Produktionsorganisation verbessert und effizienter gestaltet.;;Mediante la clasificacion de las tareas laborales se incrementaron la organizacion y la eficacia de la produccion.;x;;;;;;;;;;;;;;;;;;;;;;;;;;;;;;;;;;;;;;;;;;;;
work_specialization;Специализация работы;Specialisation du travail;Arbeitspezialisierung;;Especial. del trabajo;x;;;;;;;;;;;;;;;;;;;;;;;;;;;;;;;;;;;;;;;;;;;;
work_specialization_desc;Благодаря специализации работников и поручению определенных задач определенным работникам, задачи стали выполняться быстрее и с большей компетентностью.;On a amelior?le rendement et la competence des ouvriers en les specialisant sur des taches bien definies.;Durch die Spezialisierung von Arbeitern und die spezifische Arbeitszuteilung an bestimmte Arbeiter wurden Aufgaben schneller und kompetenter durchgefuhrt.;;Mediante los trabajadores especializados y la concesion de determinadas tareas a determinados trabajadores, aquellas se realizaban mas rapido y con mayor nivel.;x;;;;;;;;;;;;;;;;;;;;;;;;;;;;;;;;;;;;;;;;;;;;
work_control_and_hierarchy;Контроль работы и иерархия;Hierarchie et controle du travail;Arbeitskontrolle und -hierarchie;;Contr. trabajo y jerarquia;x;;;;;;;;;;;;;;;;;;;;;;;;;;;;;;;;;;;;;;;;;;;;
work_control_and_hierarchy_desc;Благодаря внедрению контроля за работой и иерархии, задачи каждого работника контролировались профессионально, а решения на производственном участке принимались быстро и эффективно.;En instaurant un controle du travail et une hierarchie, on peut superviser de maniere professionnelle toutes les differentes taches de travail et prendre ainsi des decisions rapides et efficaces en matiere de production.;Durch die Einfuhrung von Arbeitskontrolle und -hierarchie wurden die Aufgaben jedes Arbeiters professionell beaufsichtigt. Dadurch wurden Entscheidungen auf Produktionsebene schnell und effizient getroffen.;;Mediante la introduccion del control del trabajo y la jerarquia, las tareas de cada trabajador eran supervisadas de una forma profesional y las decisiones de la planta de produccion se tomaban rapida y eficazmente.;x;;;;;;;;;;;;;;;;;;;;;;;;;;;;;;;;;;;;;;;;;;;;
scientific_management;Научное управление;Gestion scientifique;Wissenschaftliche Verwaltung;;Gestion cientifica;x;;;;;;;;;;;;;;;;;;;;;;;;;;;;;;;;;;;;;;;;;;;;
scientific_management_desc;Научное управление;Gestion scientifique;Wissenschaftliche Verwaltung;;Gestion cientifica;x;;;;;;;;;;;;;;;;;;;;;;;;;;;;;;;;;;;;;;;;;;;;
sequence_planning;Планирование последовательности;Planification des etapes de production;Sequenzplanung;;Planif. del orden;x;;;;;;;;;;;;;;;;;;;;;;;;;;;;;;;;;;;;;;;;;;;;
sequence_planning_desc;Это означало прохождение каждой последовательности в производстве, от покупки ресурсов до продажи готовой продукции, и измерение их во времени и деньгах, чтобы сделать цепочку последовательностей максимально эффективной.;Cela revient ?etudier toutes les etapes de la production, de l'achat des matieres premieres ?la realisation du produit fini, et ?en prendre les mesures en temps et en cout pour rendre la chaine de production le plus efficace possible.;Dies bedeutete, jede Produktionssequenz vom Ressourceneinkauf bis zum Verkauf des fertigen Produkts durchzugehen, und sie zur hochstmoglichen Effizienz der Sequenzkette hinsichtlich Zeitdauer und Geldaufwand zu uberprufen.;;Significaba controlar cada paso en la produccion, desde comprar recursos hasta la venta de los bienes acabados, y medirlo en tiempo y dinero para hacer toda la secuencia lo mas eficiente posible.;x;;;;;;;;;;;;;;;;;;;;;;;;;;;;;;;;;;;;;;;;;;;;
inventory_planning;Планирование инвентаризации;Planification des stocks;Inventarplanung;;Planif. inventario;x;;;;;;;;;;;;;;;;;;;;;;;;;;;;;;;;;;;;;;;;;;;;
inventory_planning_desc;Это означало необходимость заблаговременного планирования запасов, инструментов и машин, а также наличия средств для новых закупок с целью поддержания уровня производства.;Cela consiste ?planifier ?l'avance l'achat des stocks, des outils et des machines, pour mettre de cot?les fonds necessaires et maintenir ainsi le niveau de production.;Dies bedeutete, zur Beibehaltung des Produktionsniveaus fur Inventar, Werkzeuge und Maschinen im Voraus zu planen und Geldmittel fur Neukaufe zu sichern.;;Esto implicaba planificar el inventario por adelantado, las herramientas y las maquinas, y tener fondos asegurados para nuevas adquisiciones, conservando as?el nivel de produccion.;x;;;;;;;;;;;;;;;;;;;;;;;;;;;;;;;;;;;;;;;;;;;;
quality_assurance_procedure;Процедура обеспечения качества;Procedure du controle de qualit?Qualitatssicherungsverfahren;;Proced. garantнa de calidad;x;;;;;;;;;;;;;;;;;;;;;;;;;;;;;;;;;;;;;;;;;;;;;
quality_assurance_procedure_desc;Это означало введение процедуры проверки того, что вся продукция имеет одинаковый и разрешенный уровень качества.;Cela consiste ?etablir une procedure de controle de conformit?de toute la production afin d'ameliorer le niveau de qualit?;Dies bedeutete die Einfuhrung eines Verfahrens zur Uberprufung, dass alle Produkte dem festgelegten Qualitatsstandard entsprachen.;;Esto implicaba introducir un procedimiento para comprobar que todos los productos tenian el mismo nivel autorizado de calidad.;x;;;;;;;;;;;;;;;;;;;;;;;;;;;;;;;;;;;;;;;;;;;;
time_saving_measures;Меры экономии времени;Optimisation du temps;Zeitsparmassnahmen;;Medidas ahorro tiempo;x;;;;;;;;;;;;;;;;;;;;;;;;;;;;;;;;;;;;;;;;;;;;
time_saving_measures_desc;Меры экономии времени;Optimisation du temps;Zeitsparmassnahmen;;Medidas ahorro tiempo;x;;;;;;;;;;;;;;;;;;;;;;;;;;;;;;;;;;;;;;;;;;;;
time_studies;Исследования времени;Gestion du temps;Zeitstudien;;Estudios tiempo;x;;;;;;;;;;;;;;;;;;;;;;;;;;;;;;;;;;;;;;;;;;;;
time_studies_desc;Это означало проверку того, сколько времени занимает каждая задача у разных работников, а затем анализ того, как можно ускорить работу, либо изменив способ выполнения конкретной задачи, либо переместив задачи в последовательности.;Cela consiste ?controler le temps que mettent les ouvriers ?realiser les differentes taches et ?analyser ces donnees pour trouver le moyen d'accelerer les processus en modifiant les procedures ou l'ordre d'execution des differentes taches.;Dies bedeutete, zu uberprufen, wie viel Zeit unterschiedliche Arbeiter fur dieselbe Aufgabe benotigen, und die darauffolgende Analyse, wie die Arbeit entweder durch die Anderung des Arbeitsablaufs oder die Verschiebung der Aufgabe in der Sequenzkette beschleunigt werden konnte.;;Esto implicaba comprobar cuanto tiempo les llevaba a los trabajadores cada tarea, y luego analizar como podia acelerarse el trabajo, ya fuera cambiando la manera de hacer determinadas labores o su orden en la cadena.;x;;;;;;;;;;;;;;;;;;;;;;;;;;;;;;;;;;;;;;;;;;;;
time_clock;Часы времени;Pointeuse;Stechuhr;;Horarios;x;;;;;;;;;;;;;;;;;;;;;;;;;;;;;;;;;;;;;;;;;;;;
time_clock_desc;Благодаря установлению регламентированных рабочих часов эффективность производства возросла. Теперь рабочие могли работать посменно, что еще больше ее увеличило. Хотя с новым регулированием рабочих часов рабочие оставили старый жизненный цикл фермеров, бодрствующих от восхода до заката, и это повлияло на общественную жизнь и увеличило темп и стресс.;;Durch die Einfuhrung regularer Arbeitszeiten wurde die Effizienz der Produktion gesteigert. Arbeiter konnten nun in Schichten arbeiten, was die Produktion weiter verbesserte. Durch diese neue Regulierung brachen Arbeiter aus dem traditionellen bauerlichen Lebensstil aus, von Sonnenaufgang bis -untergang wach zu sein. Dies hatte Einfluss auf das Sozialleben, das gesellschaftliche Tempo und den Stress.;;Mediante el establecimiento de horarios regulados se increment?la eficacia de la produccion. Ahora los trabajadores podian trabajar en turnos para aumentarla. Aunque la nueva regulacion de los horarios caus?que los trabajadores dejaran el viejo ciclo vital de los granjeros (que estaban despiertos desde el amanecer hasta el ocaso), afect?a la vida social y aument?el ritmo y el estres.;x;;;;;;;;;;;;;;;;;;;;;;;;;;;;;;;;;;;;;;;;;;;;
lighting;Освещение;Eclairage;Beleuchtung;;Alumbrado;x;;;;;;;;;;;;;;;;;;;;;;;;;;;;;;;;;;;;;;;;;;;;
lighting_desc;Благодаря установке освещения в здании фабрики повысилась эффективность производства. Теперь рабочие могли работать в ночные смены, что еще больше ее повысило.;On a augment?le rendement de la production en eclairant les usines. Ceci a permis de faire travailler les ouvriers en equipes de nuit.;Durch die Beleuchtung von Fabrikhallen konnte die Produktion weiter gesteigert werden. Arbeiter konnten nun in Nachtschichten arbeiten, was die Produktion weiter verbesserte.;;El establecimiento de alumbrado en las fabricas aument?la eficiencia de la produccion. Ahora los trabajadores podian trabajar en turnos nocturnos para aumentarla.;x;;;;;;;;;;;;;;;;;;;;;;;;;;;;;;;;;;;;;;;;;;;;
management_strategy;Стратегия управления;Strategie de gestion;Verwaltungsstrategie;;Estrategia gestion;x;;;;;;;;;;;;;;;;;;;;;;;;;;;;;;;;;;;;;;;;;;;;
management_strategy_desc;Стратегия управления;Strategie de gestion;Verwaltungsstrategie;;Estrategia gestion;x;;;;;;;;;;;;;;;;;;;;;;;;;;;;;;;;;;;;;;;;;;;;
old_style_family_business;Семейный бизнес старого образца;Entreprises familiales ?l'ancienne;Traditioneller Familienbetrieb;;Negoc. famil. viejo estilo;x;;;;;;;;;;;;;;;;;;;;;;;;;;;;;;;;;;;;;;;;;;;;
old_style_family_business_desc;Такой стиль деловой культуры означал, что владельцы относились к бизнесу как к семейному магазину или ресторану. Граница между частным и деловым была очень размыта. Практика стала очень эмоциональной, и владельцы шли на гораздо большие риски ради своего бизнеса, но ценой профессионализма.;;Diese Art von Betriebskultur bedeutete, dass die Eigentumer das Unternehmen wie ein Familiengeschaft oder -restaurant behandelten. Die Grenze zwischem Privatem und Geschaftlichem war sehr verschwommen. Oftmals gingen die Eigentumer grosse Risiken fur ihre Unternehmen ein, was aber auf Kosten der Professionalitat ging.;;Este estilo de cultura de negocio implicaba que los propietarios trataran el negocio como una tienda familiar o un restaurante. La frontera entre los privado y lo profesional era muy difusa. Su ejercicio se hizo muy sentimental, y los duenos corrian muchos riesgos en sus negocios, pero en detrimento de la profesionalidad.;x;;;;;;;;;;;;;;;;;;;;;;;;;;;;;;;;;;;;;;;;;;;;
anynomous_investor_business;Бизнес анонимного инвестора;Entreprises d'investisseurs anonymes;Unternehmen mit anonymen Investoren;;Negocios de inversor anonimo;x;;;;;;;;;;;;;;;;;;;;;;;;;;;;;;;;;;;;;;;;;;;;
anynomous_investor_business_desc;Такой стиль деловой культуры означал, что владельцы относились к бизнесу как к инвестициям. Владение не было связано с производством и продажей вещей. Вместо этого единственной причиной быть владельцем было наблюдать рост деловых показателей. Такая практика была профессиональной, но не имела обязательств и была крайне не склонна к риску.;;Diese Art von Betriebskultur bedeutete, dass die Eigentumer das Unternehmen wie eine Investition behandelten. Es ging dabei nicht um die Herstellung von Produkten und deren Verkauf, sondern einzig und allein um die Steigerung der Umsatzzahlen. Diese Art der Geschaftsfuhrung war zwar professionell, aber es fehlte ihr an Hingabe. Ausserdem war sie extrem auf die Vermeidung von Risiken ausgerichtet.;;Este estilo de cultura de negocio implicaba que los duenos trataban el negocio como una inversion. La posesion no suponia producir y vender cosas. En vez de eso, la unica razon para ser el propietario era ver crecer la proporcion de negocio. Esta practica era profesional, pero carecia de compromiso y no admitia ningun riesgo.;x;;;;;;;;;;;;;;;;;;;;;;;;;;;;;;;;;;;;;;;;;;;;
marketized_smallholder_business;Маркетинговый мелкий бизнес;Entreprise de petits actionnaires;Kleinaktionarsunternehmen;;Negocios minifundistas mercantilizados;x;;;;;;;;;;;;;;;;;;;;;;;;;;;;;;;;;;;;;;;;;;;;
marketized_smallholder_business_desc;Этот стиль деловой культуры означал, что владельцы были либо фондами, либо инвесторами домохозяйств. Это часто означало консервативный, но надежный режим.;Avec ce style de culture d'entreprise, les actionnaires etaient en partie des gros investisseurs fortement impliques, et en partie des petits investisseurs prives. Ce systeme etait souvent conservateur mais plutot sain.;Diese Art von Betriebskultur bedeutete, dass die Eigentumer entweder Stiftungen oder Kleininvestoren waren. Dies bedeutete oft eine konservative, aber stimmige Geschaftsfuhrung.;;Este estilo de cultura de negocio significaba que los propietarios eran o bien fundaciones o bien inversores familiares. Con frecuencia implicaba un regimen conservador pero solido.;x;;;;;;;;;;;;;;;;;;;;;;;;;;;;;;;;;;;;;;;;;;;;
organizational_development;Организационное развитие;Developpement organisationnel;Organisatorische Verwaltung;;Desarrollo de la organizacion;x;;;;;;;;;;;;;;;;;;;;;;;;;;;;;;;;;;;;;;;;;;;;
organizational_development_desc;Организационное развитие;Developpement organisationnel;Organisatorische Verwaltung;;Desarrollo de la organizacion;x;;;;;;;;;;;;;;;;;;;;;;;;;;;;;;;;;;;;;;;;;;;;
i_scientific_management;Научное управление;Gestion scientifique;Wissenschaftliche Verwaltung;;Gestion cientifica;x;;;;;;;;;;;;;;;;;;;;;;;;;;;;;;;;;;;;;;;;;;;;
i_scientific_management_desc;Теория управления производством, разработанная Фредериком Уильямом Тейлором в 1911 году, которая утверждала, что производительность труда может быть максимизирована путем оптимизации различных задач для тех работников, которые лучше всего способны выполнять эти задачи. В сочетании с предоставлением перерывов работникам для прерывания монотонности ежедневной рабочей рутины, теории Тейлора об управлении работниками и «подгонке работника к работе» стали бы приняты в качестве основного принципа для поддержания и расширения производства. Однако одним из ограничений тейлоризма был его акцент на работнике как на простой части производственного процесса, и по мере развития двадцатого века некоторые комментаторы стали рассматривать подход Тейлора к управлению работниками как причину возросшего интереса к профсоюзам и социализму среди рабочего класса;;Diese im Jahr 1911 von Frederick William Taylor entwickelte Theorie der Arbeiterverwaltung bestatigte, dass die Arbeitsproduktivitat durch die Optimierung bestimmter Aufgaben fur jene Arbeiter gesteigert werden konnte, die dafur am besten geeignet waren. Zusammen mit der Einfuhrung von Arbeitspausen zur Unterbrechung der taglichen Arbeitsroutine wurden Taylors Theorien zur Arbeiterverwaltung und zum Einsatz des bestgeeigneten Arbeiters fur eine bestimmte Aufgabe zu einem Grundsatz fur die Beibehaltung und Steigerung der Produktionsleistung. Eine Einschrankung der taylorschen Gedanken bestand jedoch darin, dass er den Arbeiter lediglich als Teil des Produktionsvorgangs einstufte. Im Verlauf des zwanzigsten Jahrhunderts argumentierten einige Kritiker, Taylors Ansatz zur Arbeiterverwaltung sei ein Grund fur das steigende Interesse in Gewerkschaften und sozialistische Gedankengut innerhalb der Arbeiterklasse.;;Una teoria sobre la gestion de la produccion desarrollada por Frederick William Taylor en 1911 que afirmaba que era posible aumentar la productividad de los trabajadores asignando cada tarea al tipo de trabajador mejor cualificado para ella. Combinadas con la instauracion de periodos de descanso para que los trabajadores pudieran romper la monotonia de la jornada laboral, las teorias de Taylor sobre gestion de la organizacion e idoneidad para el trabajo se convertirian en uno de los pilares basicos para el mantenimiento y la expansion de la produccion. Sin embargo, el punto debil del taylorismo residia en su consideracion del trabajador como una simple parte del proceso productivo y, en el transcurso del siglo XX, algunos estudiosos comenzaron a ver en el una de las causas del creciente interes de la clase trabajadora por el sindicalismo y el socialismo.;x;;;;;;;;;;;;;;;;;;;;;;;;;;;;;;;;;;;;;;;;;;;;
human_resource_development;Развитие человеческих ресурсов;Developpement des ressources humaines;Entwicklung der menschlichen Arbeitskrafte;;Desarrollo de los recursos humanos;x;;;;;;;;;;;;;;;;;;;;;;;;;;;;;;;;;;;;;;;;;;;;
human_resource_development_desc;Теория управления производством, разработанная на основе работы Элтона Мэйо, основанной на исследовании производительности, проведенном на заводе Хоуторн в Чикаго в Соединенных Штатах в 1920-х годах. Бросая вызов теориям научного управления, исследованиям Хоуторн и интерпретации данных, предоставленных Мэйо, был разработан более «ориентированный на человека» подход к управлению рабочими как ключ к повышению производительности. Заставив рабочих почувствовать, что они являются ценной частью производственного процесса, а не просто «винтиками в машине», производительность увеличится. Хотя анализ данных оспаривался многими исследователями, аргументы приобрели влияние по мере развития двадцатого века;;Dies war eine von Elton Mayo entwickelte Theorie zur Produktionsverwaltung, die er auf seine Untersuchungen an den Hawthorne-Werken in Chicago in den 1920er Jahren stutzte. Die Hawthorne-Studien stellten die Theorien der Wissenschaftlichen Verwaltung in Frage, da Mayos Interpretation der Daten zur Produktionssteigerung einen mehr auf den Menschen bezogenen Ansatz der Arbeiterverwaltung darstellte. Der Hauptgedanke hierbei war, die Produktion zu steigern, indem den Arbeitern das Gefuhl gegeben wurde, dass sie ein wichtiger Teil des Produktionsvorgangs waren und nicht blosse Zahnrader in einer grossen Maschine. Obwohl Mayos Datenanalyse von vielen Wissenschaftlern angefochten wurden, gewannen seine Argumente im Laufe des zwanzigsten Jahrhunderts immer mehr Einfluss.;;Una teoria sobre la gestion de la produccion derivada de las investigaciones de Elton Mayo sobre la productividad, realizadas en la empresa Hawthorne Works de Chicago durante lo anos 20. Frente a la gestion cientifica, los estudios de Mayo sobre Hawthorne defendian un enfoque 'mas centrado en el ser humano' a la organizacion del trabajo, como clave para aumentar la productividad. Al hacer que los trabajadores se consideraran una parte valiosa del proceso productivo y no solo 'engranajes de la maquinaria' se podria aumentar la productividad. Aunque muchos investigadores cuestionaron la validez de los datos, esta teoria fue ganando influencia a medida que avanzaba el siglo.;x;;;;;;;;;;;;;;;;;;;;;;;;;;;;;;;;;;;;;;;;;;;;
classicism_n_early_romanticism;Классицизм и ранний романтизм;Classicisme et pr?romantisme ;Klassizismus & Fruhromantik;;Clasicismo y romanticismo temprano;x;;;;;;;;;;;;;;;;;;;;;;;;;;;;;;;;;;;;;;;;;;;;
classicism_n_early_romanticism_desc;Классицизм и ранний романтизм;Classicisme et pr?romantisme ;Klassizismus & Fruhromantik;;Clasicismo y romanticismo temprano;x;;;;;;;;;;;;;;;;;;;;;;;;;;;;;;;;;;;;;;;;;;;;
romanticism;Романтизм;Romantisme;Romantik;;Romanticismo;x;;;;;;;;;;;;;;;;;;;;;;;;;;;;;;;;;;;;;;;;;;;;
romanticism_desc;Романтизм;Romantisme;Romantik;;Romanticismo;x;;;;;;;;;;;;;;;;;;;;;;;;;;;;;;;;;;;;;;;;;;;;
romanticist_literature;Романтическая литература;Litterature romantique;Romantische Literatur;;Literatura romantica;x;;;;;;;;;;;;;;;;;;;;;;;;;;;;;;;;;;;;;;;;;;;;
romanticist_literature_desc;Романтики окончательно порвали с классическими требованиями строгости и правильности. Прославляя и исследуя человеческие эмоции и воображение, они проложили путь будущим художественным движениям в 19-м и начале 20-го века. Выражали свой эмоциональный отклик на природу, среди прочих: Уильям Вордсворт, Сэмюэл Тейлор Кольридж, лорд Байрон, Перси Биши Шелли и Джон Китс.;;Die Romantiker brachen endlich mit den klassischen Forderungen nach Strenge und Korrektheit. Durch die Zelebrierung und Erforschung der menschlichen Gefuhle und Vorstellungen bereiteten sie zukunftigen Kunstanschauungen des neunzehnten und fruhen zwanzigsten Jahrhunderts den Weg. Zu den Autoren, die ihre emotionale Reaktion auf die Natur zu Papier brachten, gehorten unter anderem William Wordsworth, Samuel Taylor Coleridge, Lord Byron, Percy Bysshe Shelley und John Keats.;;Los romanticos rompieron definitivamente con las exigencias clasicas sobre severidad y correccion. Mediante la celebracion y exploracion de las emociones humanas y la imaginacion, establecieron el camino para los futuros movimientos artisticos del XIX y de primeros del XX. Entre quienes expresaron su respuesta emocional a la naturaleza estaban William Wordsworth, Samuel Taylor Coleridge, Lord Byron, Percy Bysshe Shelley y John Keats.;x;;;;;;;;;;;;;;;;;;;;;;;;;;;;;;;;;;;;;;;;;;;;
romanticist_art;Романтическое искусство;Art romantique;Romantische Kunst;;Arte romantico;x;;;;;;;;;;;;;;;;;;;;;;;;;;;;;;;;;;;;;;;;;;;;
romanticist_art_desc;Романтики окончательно порвали с классическими требованиями строгости и корректности. Прославляя и исследуя человеческие эмоции и воображение, они проложили путь будущим художественным движениям в 19-м и начале 20-го века. Среди великих художников, тесно связанных с романтизмом, были Дж. М. У. Тернер, Каспар Давид Фридрих, Джон Констебл и Уильям Блейк.;;Die Romantiker brachen endlich mit den klassischen Forderungen nach Strenge und Korrektheit. Durch die Zelebrierung und Erforschung der menschlichen Gefuhle und Vorstellungen bereiteten sie zukunftigen Kunstanschauungen des neunzehnten und fruhen zwanzigsten Jahrhunderts den Weg. Zu den grossen Kunstlern, die eng mit der Romantik in Verbindung gebracht werden, gehorten unter anderem J.M.W. Turner, Caspar David Friedrich, John Constable und William Blake.;;Los romanticos rompieron definitivamente con las exigencias clasicas sobre severidad y correccion. Mediante la celebracion y exploracion de las emociones humanas y la imaginacion, establecieron el camino para los futuros movimientos artisticos del XIX y de primeros del XX. Grandes artistas intimamente ligados al Romanticismo fueron M.W. Turner, Caspar David Friedrich, John Constable y William Blake.;x;;;;;;;;;;;;;;;;;;;;;;;;;;;;;;;;;;;;;;;;;;;;
romanticist_music;Романтичная Музыка;Musique romantique;Romantische Musik;;Musica romantica;x;;;;;;;;;;;;;;;;;;;;;;;;;;;;;;;;;;;;;;;;;;;;
romanticist_music_desc;Романтики окончательно порвали с классическими требованиями строгости и корректности. Прославляя и исследуя человеческие эмоции и воображение, они проложили путь будущим художественным движениям в 19-м и начале 20-го века. Из эпохи романтизма несколько композиторов выделяются на фоне остальных. Среди них были Людвиг ван Бетховен, Фредерик Шопен и Франц Шуберт.;;Die Romantiker brachen endlich mit den klassischen Forderungen nach Strenge und Korrektheit. Durch die Zelebrierung und Erforschung der menschlichen Gefuhle und Vorstellungen bereiteten sie zukunftigen Kunstanschauungen des neunzehnten und fruhen zwanzigsten Jahrhunderts den Weg. Zu den wichtigsten Komponisten der Romantik gehorten Ludwig van Beethoven, Frederic Chopin und Franz Schubert.;;Los romanticos rompieron definitivamente con las exigencias clasicas sobre severidad y correccion. Mediante la celebracion y exploracion de las emociones humanas y la imaginacion, establecieron el camino para los futuros movimientos artisticos del XIX y de primeros del XX. En la epoca romantica, solo unos pocos compositores destacaron por encima del resto. Ludwig van Beethoven, Frederic Chopin y Franz Schubert estuvieron entre ellos.;x;;;;;;;;;;;;;;;;;;;;;;;;;;;;;;;;;;;;;;;;;;;;
realism;Реализм;Realisme;Realismus;;Realismo;x;;;;;;;;;;;;;;;;;;;;;;;;;;;;;;;;;;;;;;;;;;;;
realism_desc;Реализм;Realisme;Realismus;;Realismo;x;;;;;;;;;;;;;;;;;;;;;;;;;;;;;;;;;;;;;;;;;;;;
realist_literature;Реалистическая литература;Litterature realiste;Realistische Literatur;;Literatura realista;x;;;;;;;;;;;;;;;;;;;;;;;;;;;;;;;;;;;;;;;;;;;;
realist_literature_desc;Реалисты выступали против вездесущего прославления и драматизации в искусстве. Их амбиция состояла в том, чтобы изобразить мир обнаженным, таким, каким они видели его собственными глазами. С незамутненным видением и вниманием к каждой детали в своем окружении они сосредоточили свое внимание на повседневной жизни обычного человека.;;Die Realisten stellten sich gegen die allgegenwartige Glorifizierung und Dramatisierung in den Kunsten. Sie strebten danach, die Welt unverhullt zu prasentieren, so wie sie ihnen selbst erschien. Mit klarem Blick und wachem Auge fur jedes Detail in ihrer Umgebung konzentrierten sie sich auf das tagliche Leben des Durchschnittsmenschen.;;Los realistas se oponian a la omnipresente glorificacion y dramatizacion de las artes. Su ambicion era retratar el mundo desnudo, tan exactamente como lo veian con sus propios ojos. Con una vision precisa y atenta a cada detalle que les rodeaba, centraron su atencion en la vida diaria del hombre corriente.;x;;;;;;;;;;;;;;;;;;;;;;;;;;;;;;;;;;;;;;;;;;;;
realist_art;Реалистичное искусство;Art realiste;Realistische Kunst;;Arte realista;x;;;;;;;;;;;;;;;;;;;;;;;;;;;;;;;;;;;;;;;;;;;;
realist_art_desc;Реалисты выступали против вездесущего прославления и драматизации в искусстве. Их амбиция состояла в том, чтобы изобразить мир обнаженным, таким, каким они видели его собственными глазами. С незамутненным видением и вниманием к каждой детали в своем окружении они сосредоточили свое внимание на повседневной жизни обычного человека.;;Die Realisten stellten sich gegen die allgegenwartige Glorifizierung und Dramatisierung in den Kunsten. Sie strebten danach, die Welt unverhullt zu prasentieren, so wie sie ihnen selbst erschien. Mit klarem Blick und wachem Auge fur jedes Detail in ihrer Umgebung konzentrierten sie sich auf das tagliche Leben des Durchschnittsmenschen.;;Los realistas se oponian a la omnipresente glorificacion y dramatizacion de las artes. Su ambicion era retratar el mundo desnudo, tan exactamente como lo veian con sus propios ojos. Con una vision precisa y atenta a cada detalle que les rodeaba, centraron su atencion en la vida diaria del hombre corriente.;x;;;;;;;;;;;;;;;;;;;;;;;;;;;;;;;;;;;;;;;;;;;;
realist_music;Реалистичная музыка;Musique realiste;Realistische Musik;;Musica realista;x;;;;;;;;;;;;;;;;;;;;;;;;;;;;;;;;;;;;;;;;;;;;
realist_music_desc;Реалисты выступали против вездесущего прославления и драматизации в искусстве. Их амбиция состояла в том, чтобы изобразить мир обнаженным, таким, каким они видели его собственными глазами. С незамутненным видением и вниманием к каждой детали в своем окружении они сосредоточили свое внимание на повседневной жизни обычного человека.;;Die Realisten stellten sich gegen die allgegenwartige Glorifizierung und Dramatisierung in den Kunsten. Sie strebten danach, die Welt unverhullt zu prasentieren, so wie sie ihnen selbst erschien. Mit klarem Blick und wachem Auge fur jedes Detail in ihrer Umgebung konzentrierten sie sich auf das tagliche Leben des Durchschnittsmenschen.;;Los realistas se oponian a la omnipresente glorificacion y dramatizacion de las artes. Su ambicion era retratar el mundo desnudo, tan exactamente como lo veian con sus propios ojos. Con una vision precisa y atenta a cada detalle que les rodeaba, centraron su atencion en la vida diaria del hombre corriente.;x;;;;;;;;;;;;;;;;;;;;;;;;;;;;;;;;;;;;;;;;;;;;
impressionism;Импрессионизм;Impressionnisme;Impressionismus;;Impresionismo;x;;;;;;;;;;;;;;;;;;;;;;;;;;;;;;;;;;;;;;;;;;;;
impressionism_desc;Импрессионизм;Impressionnisme;Impressionismus;;Impresionismo;x;;;;;;;;;;;;;;;;;;;;;;;;;;;;;;;;;;;;;;;;;;;;
impressionist_literature;Импрессионистская литература;Litterature impressionniste;Impressionistische Literatur;;Literatura impresionista;x;;;;;;;;;;;;;;;;;;;;;;;;;;;;;;;;;;;;;;;;;;;;
impressionist_literature_desc;Амбиция импрессионистов заключалась в изображении мира не только таким, каким его видели и знали, но и таким, каким его чувствовали и переживали. Эта амбиция побудила их исследовать и расширять границы своих инструментов и традиций. Литературный импрессионизм проявлялся в основном через символическую поэзию, описывая мир неопределенными, иногда мимолетными словами. Главными писателями были Поль Верлен, Стефан Малларме, а в Америке — Т. С. Элиот и Джеймс Джойс.;;Das Ziel der Impressionisten war es, die Welt nicht nur so darzustellen, wie sie gesehen wurde und bekannt war, sondern auch, wie sie empfunden und erfahren wurde. Dieses Streben fuhrte sie dazu, die Grenzen ihrer Mittel und Traditionen zu erforschen und auszuweiten. Der literarische Impressionismus manifestierte sich hauptsachlich durch Poesie, die die Welt in wagen, manchmal gar fluchtigen Worten beschrieb. Zu den bedeutendsten Autoren gehorten Paul Verlaine und Stephane Mallarm?;La ambiciуn de los impresionistas era describir el mundo no sуlo como se veнa y conocнa, sino tambiйn como se sentнa y experimentaba. Esta ambiciуn los llev?a explorar y alargar los lнmites de sus herramientas y tradiciones. El impresionismo literario se manifestaba a travйs de la poesнa simbуlica, que describнa el mundo con palabras vagas y a veces efнmeras. Los principales escritores fueron Paul Verlaine, Stйphane Mallarm?y T.S.  Eliot y James Joyce en Amйrica.;x;;;;;;;;;;;;;;;;;;;;;;;;;;;;;;;;;;;;;;;;;;;;;
impressionist_art;Искусство импрессионизма;Art impressionniste;Impressionistische Kunst;;Arte impresionista;x;;;;;;;;;;;;;;;;;;;;;;;;;;;;;;;;;;;;;;;;;;;;
impressionist_art_desc;Амбиция импрессионистов заключалась в изображении мира не только таким, каким его видели и знали, но и таким, каким его чувствовали и переживали. Эта амбиция побудила их исследовать и расширять границы своих инструментов и традиций. Клод Моне, Огюст Ренуар, Альфред Сислей и Фредерик Базиль были среди тех, кто определил эпоху и оставил глубокие впечатления в истории искусства.;;Das Ziel der Impressionisten war es, die Welt nicht nur so darzustellen, wie sie gesehen wurde und bekannt war, sondern auch, wie sie empfunden und erfahren wurde. Dieses Streben fuhrte sie dazu, die Grenzen ihrer Mittel und Traditionen zu erforschen und auszuweiten. Zu den Kunstlern, die diese kunstlerische Phase definierten und sich einen Platz in der Kunstgeschichte sicherten, gehorten Claude Monet, Auguste Renoir, Alfred Sisley und Frederic Bazille.;;La ambicion de los impresionistas era describir el mundo no solo como se veia y conocia, sino tambien como se sentia y experimentaba. Esta ambicion los llev?a explorar y alargar los limites de sus herramientas y tradiciones. Claude Monet, Auguste Renoir, Alfred Sisley y Frederic Bazille fueron algunos de los que definieron la epoca y dejaron huella en la historia del arte.;x;;;;;;;;;;;;;;;;;;;;;;;;;;;;;;;;;;;;;;;;;;;;
impressionist_music;Музыка импрессионистов;Musique impressionniste;Impressionistische Musik;;Musica impresionista;x;;;;;;;;;;;;;;;;;;;;;;;;;;;;;;;;;;;;;;;;;;;;
impressionist_music_desc;Амбиция импрессионистов заключалась в изображении мира не только таким, каким его видели и знали, но и таким, каким его чувствовали и переживали. Эта амбиция побудила их исследовать и расширять границы своих инструментов и традиций. Клод Дебюсси считался родоначальником музыкального импрессионизма, но другие, такие как Морис Равель, Фредерик Делиус и Отторино Респиги, были главными игроками в этом восстании против романтических идеалов, которые так долго доминировали в музыке.;;Das Ziel der Impressionisten war es, die Welt nicht nur so darzustellen, wie sie gesehen wurde und bekannt war, sondern auch, wie sie empfunden und erfahren wurde. Dieses Streben fuhrte sie dazu, die Grenzen ihrer Mittel und Traditionen zu erforschen und auszuweiten. Claude Debussy wurde als Begrunder des musikalischen Impressionismus angesehen, aber in dieser Revolte gegen die romantischen Ideale, die die Musik so lange dominiert hatten, spielten auch Maurice Ravel, Frederick Delius und Ottorino Respighi wichtige Rollen.;;La ambicion de los impresionistas era describir el mundo no solo como se veia y conocia, sino tambien como se sentia y experimentaba. Esta ambicion los llev?a explorar y alargar los limites de sus herramientas y tradiciones. Claude Debussy fue considerado el antepasado del impresionismo musical, pero hubo otros grandes autores en esta rebelion contra los ideales romanticos que habian dominado la musica durante tanto tiempo, como Maurice Ravel, Frederick Delius y Ottorino Respighi.;x;;;;;;;;;;;;;;;;;;;;;;;;;;;;;;;;;;;;;;;;;;;;
expressionism;Экспрессионизм;Expressionnisme;Expressionismus;;Expresionismo;x;;;;;;;;;;;;;;;;;;;;;;;;;;;;;;;;;;;;;;;;;;;;
expressionism_desc;Экспрессионизм;Expressionnisme;Expressionismus;;Expresionismo;x;;;;;;;;;;;;;;;;;;;;;;;;;;;;;;;;;;;;;;;;;;;;
expressionist_literature;Экспрессионистская литература;Litterature expressionniste;Expressionistische Literatur;;Literatura expresionista;x;;;;;;;;;;;;;;;;;;;;;;;;;;;;;;;;;;;;;;;;;;;;
expressionist_literature_desc;Экспрессионисты бросились эксплуатировать недавно расширенные границы выражения и сломать некоторые из своих собственных. Но в отличие от своих предшественников они не хотели изображать физический мир, а использовали его как средство выражения эмоций и души внутри.;Les expressionnistes se sont engouffres dans cette nouvelle libert?d'expression. Mais, contrairement ?leurs predecesseurs, ils ne cherchaient pas ?decrire le monde physique mais ?exprimer ?travers lui les emotions et l'ame.;Die Expressionisten nutzen die frisch erweiterten Grenzen der Ausdrucksformen rasch aus, und durchbrachen ihrerseits einige Limits. Im Gegensatz zu ihren Vorgangern wollten sie aber nicht die physische Welt darstellen, sondern sie vielmehr als Medium zum Ausdruck der ihr zu Grunde liegenden Emotionen und Seele benutzen.;;Los expresionistas se lanzaron a explotar los limites recien ensanchados de la expresion, y rompieron algunos propios. Pero, a diferencia de sus predecesores, no deseaban retratar el mundo fisico, sino usarlo como medio para expresar sus emociones y el alma de su interior.;x;;;;;;;;;;;;;;;;;;;;;;;;;;;;;;;;;;;;;;;;;;;;
expressionist_art;Экспрессионистское искусство;Art expressionniste;Expressionistische Kunst;;Arte expresionista;x;;;;;;;;;;;;;;;;;;;;;;;;;;;;;;;;;;;;;;;;;;;;
expressionist_art_desc;Экспрессионисты бросились эксплуатировать недавно расширенные границы выражения и сломать некоторые из своих собственных. Но в отличие от своих предшественников они не хотели изображать физический мир, а использовали его как средство выражения эмоций и души внутри. Самой важной группой экспрессионистов была немецкая школа, в которую входили художники Эрнст Людвиг Кирхнер, Эрих Хеккель, Карл Шмидт-Ротлуфф, Эмиль Нольде, Макс Пехштейн и Отто Мюллер.;;Die Expressionisten nutzen die frisch erweiterten Grenzen der Ausdrucksformen rasch aus, und durchbrachen ihrerseits einige Limits. Im Gegensatz zu ihren Vorgangern wollten sie aber nicht die physische Welt darstellen, sondern sie vielmehr als Medium zum Ausdruck der ihr zu Grunde liegenden Emotionen und Seele benutzen. Die wichtigsten expressionistischen Maler kamen aus Deutschland. Zu ihnen gehorten Ernst Ludwig Kirchner, Erich Heckel, Karl Schmidt-Rottluff, Emil Nolde, Max Pechstein und Otto Muller.;;Los expresionistas se lanzaron a explotar los limites recien ensanchados de la expresion, y rompieron algunos propios. Pero, a diferencia de sus predecesores, no deseaban retratar el mundo fisico, sino usarlo como medio para expresar sus emociones y el alma de su interior. El grupo expresionista mas importante fue la Escuela Alemana, que incluye a pintores como Ernst Ludwig Kirchner, Erich Heckel, Karl Schmidt-Rottluff, Emil Nolde, Max Pechstein y Otto Muller.;x;;;;;;;;;;;;;;;;;;;;;;;;;;;;;;;;;;;;;;;;;;;;
expressionist_music;Музыка экспрессионизма;Musique expressionniste;Expressionistische Musik;;Musica expresionista;x;;;;;;;;;;;;;;;;;;;;;;;;;;;;;;;;;;;;;;;;;;;;
expressionist_music_desc;Экспрессионисты бросились эксплуатировать недавно расширенные границы выражения и сломать некоторые из своих собственных. Но в отличие от своих предшественников они не хотели изображать физический мир, а использовали его как средство выражения эмоций и души внутри. Музыка претерпела драматические изменения во время экспрессионистского движения. Песни больше не управлялись мелодией и непрерывностью. Три главных композитора-экспрессиониста — Шёнберг, Альбан Берг и Пауль Хиндемит.;;Die Expressionisten nutzen die frisch erweiterten Grenzen der Ausdrucksformen rasch aus, und durchbrachen ihrerseits einige Limits. Im Gegensatz zu ihren Vorgangern wollten sie aber nicht die physische Welt darstellen, sondern sie vielmehr als Medium zum Ausdruck der ihr zu Grunde liegenden Emotionen und Seele benutzen. Wahrend der expressionistischen Bewegung durchlebte die Musik einige dramatische Anderungen, denn Melodie und Kontinuitat galten fur Lieder nun nicht mehr. Drei wichtige expressionistische Komponisten waren Schonberg, Alban Berg und Paul Hindemith.;;Los expresionistas se lanzaron a explotar los limites recien ensanchados de la expresion, y rompieron algunos propios. Pero, a diferencia de sus predecesores, no deseaban retratar el mundo fisico, sino usarlo como medio para expresar sus emociones y el alma de su interior. La musica experiment?un cambio dramatico durante el movimiento expresionista. Las piezas ya no se regian por la melodia y la continuidad. Los tres principales compositores expresionistas son Schoenberg, Alban Berg and Paul Hindemith.;x;;;;;;;;;;;;;;;;;;;;;;;;;;;;;;;;;;;;;;;;;;;;
mass_culture_n_the_avant_garde;Массовая культура и авангард;Culture de masse et avant-garde;Massenkultur & die Avantgarde;;La cultura de masas y el Avant-Garde;x;;;;;;;;;;;;;;;;;;;;;;;;;;;;;;;;;;;;;;;;;;;;
mass_culture_n_the_avant_garde_desc;Массовая культура и авангард;Culture de masse et avant-garde;Massenkultur & die Avantgarde;;La cultura de masas y el Avant-Garde;x;;;;;;;;;;;;;;;;;;;;;;;;;;;;;;;;;;;;;;;;;;;;
avantgarde_literature;Авангардная литература;Litterature d'avant-garde;Avantgardistische Literatur;;Literatura vanguardista;x;;;;;;;;;;;;;;;;;;;;;;;;;;;;;;;;;;;;;;;;;;;;
avantgarde_literature_desc;Используя вновь разработанные средства выражения, авангард придал им смысл. Начав разрушать те столпы традиции, которые все еще стояли, авангард распространился, как семена на ветру. Некоторые укоренились, многие — нет.;L'avant-garde exploita les nouveaux moyens d'expression pour donner du sens aux choses. Visant ?briser les piliers de la tradition qui subsistaient, les avant-gardistes se multiplierent. Certains reussirent, mais beaucoup echouerent.;Die Avantgarde macht sich neue Ausdrucksformen zunutze und gab den Mitteln eine eigene Bedeutung. Sie machte sich auf, die immer noch stehenden Eckpfeiler der Traditionen zu sturzen und verbreite sich wie ein Lauffeuer. Einige schlugen Wurzeln, die meisten verkummerten.;;Mediante el uso de desarrollados medios de expresion, el vanguardismo dio a los medios un significado propio. Echando abajo los pilares de la tradicion que aun quedaban en pie, el vanguardismo se esparci?como semillas al viento. Algunas vanguardias arraigaron, pero la mayoria no.;x;;;;;;;;;;;;;;;;;;;;;;;;;;;;;;;;;;;;;;;;;;;;
avantgarde_art;Авангардное искусство;Art d'avant-garde;Avantgardistische Kunst;;Arte vanguardista;x;;;;;;;;;;;;;;;;;;;;;;;;;;;;;;;;;;;;;;;;;;;;
avantgarde_art_desc;Используя вновь разработанные средства выражения, авангард придал им смысл. Начав разрушать те столпы традиции, которые все еще стояли, авангард распространился, как семена на ветру. Некоторые укоренились, многие — нет.;L'avant-garde exploita les nouveaux moyens d'expression pour donner du sens aux choses. Visant ?briser les piliers de la tradition qui subsistaient, les avant-gardistes se multiplierent. Certains reussirent, mais beaucoup echouerent.;Die Avantgarde macht sich neue Ausdrucksformen zunutze und gab den Mitteln eine eigene Bedeutung. Sie machte sich auf, die immer noch stehenden Eckpfeiler der Traditionen zu sturzen und verbreite sich wie ein Lauffeuer. Einige schlugen Wurzeln, die meisten verkummerten.;;Mediante el uso de desarrollados medios de expresion, el vanguardismo dio a los medios un significado propio. Echando abajo los pilares de la tradicion que aun quedaban en pie, el vanguardismo se esparci?como semillas al viento. Algunas vanguardias arraigaron, pero la mayoria no.;x;;;;;;;;;;;;;;;;;;;;;;;;;;;;;;;;;;;;;;;;;;;;
avantgarde_music;Авангардная Музыка;Musique d'avant-garde;Avantgardistische Musik;;Musica vanguardista;x;;;;;;;;;;;;;;;;;;;;;;;;;;;;;;;;;;;;;;;;;;;;
avantgarde_music_desc;Используя вновь разработанные средства выражения, авангард придал им смысл. Начав разрушать те столпы традиции, которые все еще стояли, авангард распространился, как семена на ветру. Некоторые укоренились, многие — нет.;L'avant-garde exploita les nouveaux moyens d'expression pour donner du sens aux choses. Visant ?briser les piliers de la tradition qui subsistaient, les avant-gardistes se multiplierent. Certains reussirent, mais beaucoup echouerent.;Die Avantgarde macht sich neue Ausdrucksformen zunutze und gab den Mitteln eine eigene Bedeutung. Sie machte sich auf, die immer noch stehenden Eckpfeiler der Traditionen zu sturzen und verbreite sich wie ein Lauffeuer. Einige schlugen Wurzeln, die meisten verkummerten.;;Mediante el uso de desarrollados medios de expresion, el vanguardismo dio a los medios un significado propio. Echando abajo los pilares de la tradicion que aun quedaban en pie, el vanguardismo se esparci?como semillas al viento. Algunas vanguardias arraigaron, pero la mayoria no.;x;;;;;;;;;;;;;;;;;;;;;;;;;;;;;;;;;;;;;;;;;;;;
surrealism;Сюрреализм;Surrealisme;Surrealismus;;Surrealismo;x;;;;;;;;;;;;;;;;;;;;;;;;;;;;;;;;;;;;;;;;;;;;
surrealism_desc;Развиваясь из иконоборчества движения Дада, сюрреализм стремился посредством своих работ вовлечь публику в путешествие по раскрытию внутренних механизмов разума, где они чувствовали, что истинная реальность находится в мире, все более испорченном непрекращающимся материализмом и ужасами современной войны. Хотя этот термин был придуман Андре Бретоном, его самым известным сторонником в мире живописи был яркий Сальвадор Дали;;Der Surrealismus entwickelte sich aus dem Bildersturm der Dada-Bewegung, und versuchte, die Offentlichkeit zu einer Entdeckungsreise ins Innerste des Geistes zu ermuntern. Dort, so meinten die Surrealisten, lage die wahre Realitat einer Welt, die zunehmend von unablassigem Materialismus und den Schrecken der modernen Kriegsfuhrung korrumpiert werde. Obwohl der Ausdruck Surrealismus von Andre Breton gepragt wurde, war sein beruhmtester Vertreter der extravagante Maler Salvador Dali.;;A partir de la iconoclastia del movimiento Dad? el surrealismo intentaba, a traves de sus obras, embarcar al publico en una travesia de descubrimiento por las instancias interiores de la mente, donde sus defensores creian ver la autentica realidad en un mundo cada vez mas corrompido por el materialismo y los horrores de la guerra moderna. Aunque el termino fue acunado por Andre Breton, su representante mas ilustre en el ambito de la pintura seria el extravagante Salvador Dal?;x;;;;;;;;;;;;;;;;;;;;;;;;;;;;;;;;;;;;;;;;;;;;
modern_design;Современный дизайн;Conception moderne;Modernes Design;;Diseno moderno;x;;;;;;;;;;;;;;;;;;;;;;;;;;;;;;;;;;;;;;;;;;;;
modern_design_desc;С развитием современных промышленных практик и растущей доступностью новых материалов для строительных целей в начале двадцатого века возникла новая школа архитектуры и дизайна, которая ознаменовала радикальный разрыв с определениями стиля прошлого. Следуя изречению «Форма следует за функцией», новый фокус в архитектуре и дизайне, основанный на чистых линиях, вертикальности и преднамеренном отсутствии ориентации, вышел на первый план в работах таких архитекторов, как Луи Анри Салливан, Фрэнк Ллойд Райт, Вальтер Гропиус и Ле Курбуазье, а также в таких школах дизайна, как Баухаус;;Durch die zunehmende Verbreitung moderner industrieller Verfahren und die steigende Verfugbarkeit neuer Baumaterialien entstand eine neue architektonische Schule und Designrichtung, die sich in den fruhen Jahren des zwanzigsten Jahrhunderts entwickelte und einen radikalen Schnitt zu den Stildefinitionen der Vergangenheit darstellte. Dem Ausspruch “Form Folgt Funktion?folgend drehte sich der architektonische Fokus von Architekten wie Louis Henri Sullivan, Frank Lloyd Wright, Walter Gropius und Le Courboisier sowie Designschulen wie Bauhaus um klare und senkrechte Linien und ein beabsichtigtes Fehlen an Ausrichtung.;;Con el ascenso de las practicas industriales modernas y la creciente disponibilidad de materiales nuevos con fines constructivos, a comienzos del siglo XX surgiria una nueva escuela de arquitectura y diseno que marcaria una ruptura radical con respecto a las definiciones estilisticas del pasado. A partir del aforismo “la forma sigue a la funcion?se manifestaria un nuevo enfoque en la arquitectura y el diseno basado en la pureza de las lineas, la verticalidad y la deliberada ausencia de orientacion, en la obra de arquitectos como Louis Henri Sullivan, Frank Lloyd Wright, Walter Gropius y Le Courboisier y en escuelas de diseno como la Bauhaus.;x;;;;;;;;;;;;;;;;;;;;;;;;;;;;;;;;;;;;;;;;;;;;
jazz;Джаз;Jazz;Jazz;;Jazz;x;;;;;;;;;;;;;;;;;;;;;;;;;;;;;;;;;;;;;;;;;;;;
jazz_desc;Возникнув в результате слияния западной музыкальной традиции с элементами традиционной африканской музыки, джаз развился из ночных клубов Нового Орлеана на юге Соединенных Штатов в начале двадцатого века. Его смесь неистовых, опьяняющих ритмов, мощных мелодий, которые поощряли импровизацию исполнителей, чтобы добавлять свои собственные отличительные штрихи к каждому выступлению, и энергичный вокал поразили мир, как только новые технологии распространения новой музыки, такие как граммофонная пластинка, радио и звуковое кино, предоставили платформу для демонстрации ее мировой аудитории. В 1920-х годах он стал одной из доминирующих форм популярной музыки в мире, хотя многие из традиционных арбитров вкуса неодобрительно относились к его популярности как к еще одному доказательству того, что общество восстает против надлежащей власти;;Jazz hatte seine Wurzeln in der Fusion westlicher Musiktraditionen mit Elementen afrikanischer Musik und entstand Anfang des zwanzigsten Jahrhunderts in den Nachtclubs von New Orleans im Suden der USA. Diese Mischung aus wilden, berauschenden Rhythmen und kraftvollen Melodien, die die Musiker zu Improvisationen anregte, um jeder Vorstellung Besonderheit zu geben, und schwungvollem Gesang eroberte die Welt, als gerade neue Distributionstechnologien fur Musik wie Grammophon-Schallplatten, Radio und Kino aufkamen, um sie einem weltweiten Publikum zu prasentieren. In den 1920er Jahren war Jazz eine der popularsten Musikrichtungen, obwohl viele Kritiker seine Popularitat missbilligten, und diesen als weiteren Beweis dafur sahen, dass die Gesellschaft gegen die Obrigkeit rebellierte.;;Nacido de la fusion de la tradicion musical occidental y elementos de musica etnica africana, el jazz apareci?en los clubes nocturnos de Nueva Orleans a comienzos del siglo XX. Su combinacion de ritmos freneticos y embriagadores, melodias potentes que fomentaban la improvisacion de los interpretes y voces llenas de energia haria su aparicion al mismo tiempo que las nuevas tecnologias de difusion de musica (como los fonografos, la radio y el cine sonoro) proporcionaban la plataforma perfecta para mostrarselo a una audiencia global. En los anos 20 se convirti?en una de las formas dominantes de la musica popular a escala mundial, aunque muchos de los arbitros tradicionales del buen gusto lo miraran con recelo como una prueba mas de que la sociedad se estaba rebelando contra la autoridad.;x;;;;;;;;;;;;;;;;;;;;;;;;;;;;;;;;;;;;;;;;;;;;
socialist_realism;Социалистический Реализм;Realisme socialiste;Sozialistischer Realismus;;Realismo social;x;;;;;;;;;;;;;;;;;;;;;;;;;;;;;;;;;;;;;;;;;;;;
socialist_realism_desc;Растущий раскол между элитарными и популярными формами культурного производства в начале двадцатого века слился с ростом новых антилиберальных политических идеологий, что привело к ответной реакции против культурного авангарда со стороны растущей власти государства во имя «народа». Как в фашистских, так и в коммунистических режимах развивался новый художественный этос, который поощрял производство, которое массы могли не только понять, но и поощрять установку ценностей, которые эти режимы хотели привить обществам, которыми они управляли. Для культурной элиты был предложен суровый выбор: либо принять ограничения творчества, налагаемые государством в своей работе, либо столкнуться с возмездием государства за то, что оно бросило вызов его авторитету. В коммунистических режимах этот новый художественный этос стал известен как социалистический реализм, но у фашистских режимов был свой собственный аналогичный стилистический этос, который был навязан сверху.;;Die wachsende Kluft Anfang des zwanzigsten Jahrhunderts zwischen elitistischen und popularen Kulturformen schloss sich mit dem Aufkommen neuer anti-liberale Politideologien, um als Gegenreaktion im Namen des Volkes gegen die kulturelle Avantgarde der wachsenden Staatsmacht zu fungieren. Sowohl in faschistischen als auch in kommunistischen Regimes entstanden so neue kunstlerische Werte, die Werke hervorbrachten, die die Massen nicht nur verstehen konnten, sondern sie zur gesellschaftlichen Ubernahme der dargestellten Werte ermutigte. Die kulturelle Elite wurde vor eine harte Wahl gestellt: Entweder die staatlich verordneten Kreativitatsbeschrankungen der eigenen Arbeit akzeptieren oder der Vergeltung des Staats fur die Herausforderung seiner Autoritat ins Auge sehe. In kommunistischen Regimes wurden diese neuen kunstlerischen Werte als sozialistischer Realismus bekannt. Faschistische Regimes hatten vergleichbare, staatlich auferlegte stilistische Werte.;;La creciente brecha entre las formas populares y elitistas de la produccion cultural, acaecida a comienzos del siglo XX, se uniria al ascenso de ideologias politicas anti-liberales para generar un movimiento de rechazo contra las vanguardias culturales por parte del creciente poder estatal, en nombre del 'pueblo'. Tanto en los regimenes fascistas como en los comunistas se desarrollaria una nueva etica artistica partidaria de un arte que pudieran entender las masas y al mismo tiempo cimentase los valores que tales regimenes aspiraban a instalar en sus sociedades. La elite cultural se vio en una dificil encrucijada: aceptar los limites impuestos a la creatividad por el Estado o afrontar las consecuencias derivadas de desafiar la autoridad de este. En los regimenes comunistas, esta nueva etica artistica adoptaria el nombre de 'realismo socialista' o 'social', pero los fascistas tambien tenian sus propios sistemas estilisticos impuestos desde arriba.;x;;;;;;;;;;;;;;;;;;;;;;;;;;;;;;;;;;;;;;;;;;;;
late_enlightenment_philosophy;Философия Просвещения;Philosophie Lumieres;Erleuchtungsphilosophie;;Filosofia de la iluminacion;x;;;;;;;;;;;;;;;;;;;;;;;;;;;;;;;;;;;;;;;;;;;;
late_enlightenment_philosophy_desc;Философия Просвещения;Philosophie Lumieres;Erleuchtungsphilosophie;;Filosofia de la iluminacion;x;;;;;;;;;;;;;;;;;;;;;;;;;;;;;;;;;;;;;;;;;;;;
idealism;Идеализм;Idealisme;Idealismus;;Idealismo;x;;;;;;;;;;;;;;;;;;;;;;;;;;;;;;;;;;;;;;;;;;;;
idealism_desc;Идеализм;Idealisme;Idealismus;;Idealismo;x;;;;;;;;;;;;;;;;;;;;;;;;;;;;;;;;;;;;;;;;;;;;
neokantian_idealism;Неокантианский идеализм;Idealisme neo-kantien;Neokantischer Idealismus;;Idealismo neokantiano;x;;;;;;;;;;;;;;;;;;;;;;;;;;;;;;;;;;;;;;;;;;;;
neokantian_idealism_desc;Трансцендентальный идеализм Канта означал, что мир может быть понят только через категории или идеальные концепции, которые имманентны нам, и эмпирически. Иногда это называют слабым эмпиризмом. Однако неокантианский идеалист очень далеко отошел от Канта и более или менее вернулся к более классическому идеализму, хотя и интерпретированному на кантовском языке, ссылаясь на категории в своем анализе мира.;;Kants transzendentaler Idealismus hatte bedeutet, dass die Welt nur in Kategorien, bzw. durch ideale, uns innewohnende Konzepte und empirisch verstanden werden konnte. Dies wurde manchmal als schwacher Empirismus bezeichnet. Neokantische Idealisten entfernten sich jedoch sehr weit von Kant und gingen mehr oder weniger zu einer klassischeren Form des Idealismus zuruck, obwohl sie immer noch gemass kantischer Interpretation bei der Analyse der Welt von Kategorien sprachen.;;El idealismo trascendental de Kant habia supuesto que el mundo solo podia comprenderse a traves de categorias o conceptos ideales que son inmanentes a nosotros, y a traves de la experiencia. A veces se le llama empirismo debil. Sin embargo, el idealista neokantiano se apartaba mucho de Kant y volvia, mas o menos, a un idealismo mas clasico, aunque interpretado con un lenguaje kantiano alusivo a las categorias en su analisis del mundo.;x;;;;;;;;;;;;;;;;;;;;;;;;;;;;;;;;;;;;;;;;;;;;
hegelian_idealism;Гегелевский идеализм;Idealisme hegelien;Hegelscher Idealismus;;Idealismo hegeliano;x;;;;;;;;;;;;;;;;;;;;;;;;;;;;;;;;;;;;;;;;;;;;
hegelian_idealism_desc;Пока неокантианские мыслители боролись за лучший способ интерпретации знаний, разработанных Кантом, Гегель, редкий представитель среди философов, представил свою собственную версию идеалистической философии. Ее основным принципом было философское воззрение, что разум или дух составляют фундаментальную реальность, которая тянет историю вперед полудетерминистским образом. Его влияние нельзя недооценивать, среди его учеников был молодой Карл Маркс, который развил этот тип идеализма, хотя и в другом направлении.;;Wahrend sich die neokantischen Denker uber die beste Interpretationsweise des kantischen Wissens stritten, prasentierte der aussergewohnliche Philosoph Hegel seine eigene idealistische Philosophie. Ihre Hauptaussage war die philosophische Ansicht, dass die Gedanken bzw. der Geist die fundamentale Realitat begrundet, die die Geschichte auf halb-deterministische Weise vorwarts zieht. Hegels Einfluss war enorm. Zu seinen Anhangern zahlte unter anderem der junge Karl Marx, der diese Art von Idealismus weiterentwickelte, wenn auch in eine andere Richtung.;;Cuando los pensadores neokantianos discutian por el mejor modo de interpretar el conocimiento que Kant habia desarrollado, Hegel, una rara variedad de filosofo, entreg?su propia version de la filosofia idealista. Su dogma principal era la percepcion filosofica de que la mente o el espiritu constituye la realidad fundamental, lo que conduce el mundo de un modo semideterminista. Su influencia no puede subestimarse. Entre sus discipulos estaba el joven Karl Marx, qu?mas tarde desarroll?este tipo de idealismo, aunque en una direccion distinta.;x;;;;;;;;;;;;;;;;;;;;;;;;;;;;;;;;;;;;;;;;;;;;
proto_existentialism;Протоэкзистенциализм;Proto-existentialisme;Proto-Existenzialismus;;Protoexistencialismo;x;;;;;;;;;;;;;;;;;;;;;;;;;;;;;;;;;;;;;;;;;;;;
proto_existentialism_desc;Это было не философское движение, а разрозненные философы, анализирующие и обсуждающие концепции и представления, которые они считали ошибочными. Общее представление о таких вещах, как Интуиция, Время, Интеллект и Бытие, должно было быть переформулировано, чтобы не создавать псевдопроблемы.;;Dies war keine philosophische Bewegung, sondern verschiedene Philosophen, die Konzepte und Ideen analysierten und diskutierten, die sie fur fehlerhaft hielten. Das allgemeine Denkbild von Intuition, Zeit, Intellekt und Wesen musste neu formuliert werden, um keine Pseudoprobleme zu kreieren.;;No era un movimiento filosofico, sino filosofos diferentes que analizaban y debatian conceptos e ideas que consideraban erroneas. La nocion general sobre cosas como la intuicion, el tiempo, el intelecto y el ser tenia que ser reformulada para no crear pseudoproblemas.;x;;;;;;;;;;;;;;;;;;;;;;;;;;;;;;;;;;;;;;;;;;;;
empiricism;Эмпиризм;Empirisme;Empirismus;;Empirismo;x;;;;;;;;;;;;;;;;;;;;;;;;;;;;;;;;;;;;;;;;;;;;
empiricism_desc;Эмпиризм;Empirisme;Empirismus;;Empirismo;x;;;;;;;;;;;;;;;;;;;;;;;;;;;;;;;;;;;;;;;;;;;;
pragmatism;Прагматизм;Pragmatisme;Pragmatismus;;Pragmatismo;x;;;;;;;;;;;;;;;;;;;;;;;;;;;;;;;;;;;;;;;;;;;;
pragmatism_desc;Прагматизм, пожалуй, единственная чисто американская школа философии. Название обозначает заботу о практическом, рассматривая человеческие действия и их последствия как основную меру истины, ценности и т. д. Это переводится как экспериментирование не просто как метод научного исследования, но как основной способ взаимодействия людей друг с другом и с окружающим миром.;;Der Pragmatismus ist vielleicht die einzige rein amerikanische Philosophieschule. Der Name bezeichnet das Interesse am Pragmatischen, wobei menschliche Handlungen als grundlegende Masseinheit fur Wahrheit, Werte usw. genommen werden. Dies spiegelte sich in Experimenten wieder, die nicht nur als wissenschaftliche Untersuchungen galten, sondern vor allem als Primarmethode der menschlichen Interaktion untereinander und mit der Umwelt.;;El Pragmatismo es, quiz? la unica escuela de pensamiento propia de America. El nombre denota una preocupacion por lo practico, y toma la accion humana y sus consecuencias como el rasero basico para la verdad, el valor, etc. Esto se traslada a la experimentacion no solo como un metodo de investigacion cientifica, sino como la forma principal en que los humanos se engranan con otros y con el mundo.;x;;;;;;;;;;;;;;;;;;;;;;;;;;;;;;;;;;;;;;;;;;;;
i_empiricism;Эмпиризм;Empirisme;Empirismus;;Empirismo;x;;;;;;;;;;;;;;;;;;;;;;;;;;;;;;;;;;;;;;;;;;;;
i_empiricism_desc;В своей сильной форме это тезис о том, что за явлениями нет никакой реальности. Более слабая форма эмпиризма допускает существование реальности, которая, однако, является трансэмпирической. Трансцендентная природа реальности определяет, что мы не можем иметь никакого знания о ней и, таким образом, должны просто каталогизировать формальные отношения между явлениями.;;In ihrer starken Form ist dies die These, dass hinter Erscheinungen keine Realitat steht. Eine schwachere Form des Empirismus gibt die Existenz einer Realitat zu, die jedoch transempirisch ist. Die transzendente Natur der Realitat legt fest, dass wir von ihr nichts wissen konnen und demnach die formellen Beziehungen zwischen Erscheinungen katalogisieren mussen.;;En su version mas contundente, es la tesis de que no existe mas realidad que la definida por las apariencias. Una forma mas debil de empirismo admite la existencia de una realidad que, sin embargo, es trans-empirica. La naturaleza trascendente de la realidad determina que no podemos conocerla, y que, por tanto, debemos simplemente catalogar las relaciones formales entre apariencias.;x;;;;;;;;;;;;;;;;;;;;;;;;;;;;;;;;;;;;;;;;;;;;
analytic_philosophy;Аналитическая философия;Philosophie analytique;Analytische Philosophie;;Filosofia analitica;x;;;;;;;;;;;;;;;;;;;;;;;;;;;;;;;;;;;;;;;;;;;;
analytic_philosophy_desc;Аналитическая философия;Philosophie analytique;Analytische Philosophie;;Filosofia analitica;x;;;;;;;;;;;;;;;;;;;;;;;;;;;;;;;;;;;;;;;;;;;;
i_analytic_philosophy;Аналитическая философия;Philosophie analytique;Analytische Philosophie;;Filosofia analitica;x;;;;;;;;;;;;;;;;;;;;;;;;;;;;;;;;;;;;;;;;;;;;
i_analytic_philosophy_desc;Первоначально это было разрозненное движение философов, которые хотели освободить логику и основание математики от старого несуществующего и непоследовательного тезиса. Позже оно переросло в попытку навести мосты между языком и формальной логикой и таким образом создать объективную реалистическую основу для реальности. Это повело в сторону логического позитивизма. Однако объективистская позиция рухнула, когда один из ее ранних протеже Людвиг Витгенштейн сделал поворот на 90 градусов и попытался опровергнуть свою собственную более раннюю позицию.;;Dies war ursprunglich eine andere Bewegung von Philosophen, die die Logik und das Fundament der Mathematik von altertumlichen und inkonsistenten Thesen befreien wollten. Spater versuchten sie, eine Brucke zwischen Sprache und formeller Logik zu schlagen und dadurch eine objektiv-realistische Grundlage fur die Realitat zu schaffen. Dies fuhrte schliesslich zum logischen Positivismus. Die objektivistische Position scheiterte jedoch, als Ludwig Wittgenstein, einer ihrer fruhen Proteges, eine 180-Grad-Wendung vollzog, und seine vormalige Meinung anfocht.;;En origen fue un movimiento aparte de filosofos que querian liberar la logica y el fundamento de las matematicas de antiguas tesis disfuncionales y contradictorias. Mas tarde evolucion?en un intento de unir el lenguaje y la logica formal y as?crear una base realista objetiva de la realidad. Esto trajo una senda paralela que terminaria en el positivismo logico. Sin embargo, la postura objetivista se estrell?cuando uno de sus primeros protegidos, Ludwig Wittgenstein dio un giro de 180 grados al intentar refutar su postura inicial.;x;;;;;;;;;;;;;;;;;;;;;;;;;;;;;;;;;;;;;;;;;;;;
modern_logics;Современная логика;Logiciens modernes;Moderne Logik;;Logica moderna;x;;;;;;;;;;;;;;;;;;;;;;;;;;;;;;;;;;;;;;;;;;;;
modern_logics_desc;Многие из этих философов, принадлежащих в некотором смысле к области аналитической философии, были также теми, кто произвел революцию в логике. Другие были известными математиками, которые, углубляясь в основы математики, развивали идеи, которые были столь же важны для логики, как и для математики.;;Viele dieser in gewisser Weise der Ara der analytischen Philosophie zugehorigen Philosophen revolutionierten auch die Logik. Andere waren beruhmte Mathematiker, die bei ihrer Beschaftigung mit den Grundlagen der Mathematik Ideen entwickelten, die sowohl fur die Logik als auch fur die Mathematik wichtig waren.;;Muchos de los filosofos que pertenecieron en algun sentido al area de la filosofia analitica fueron tambien quienes revolucionaron la logica. Otros fueron matematicos famosos que, al ahondar en los fundamentos de las matematicas, desarrollaron ideas que fueron tan importantes para estas como para la logica.;x;;;;;;;;;;;;;;;;;;;;;;;;;;;;;;;;;;;;;;;;;;;;
logical_positivism;Логический позитивизм;Positivisme logique;Logischer Positivismus;;Positivismo logico;x;;;;;;;;;;;;;;;;;;;;;;;;;;;;;;;;;;;;;;;;;;;;
logical_positivism_desc;Логические позитивисты отрицали обоснованность метафизики и традиционной философии. Они утверждали, что многие философские проблемы действительно бессмысленны, в первую очередь, касающиеся логического анализа научного знания. Однако им не удалось обеспечить то, что они сами считали обоснованной основой знания и что сегодня чаще всего считается тупиком.;;Logische Positivisten bestritten die Stichhaltigkeit von Metaphysik und traditioneller Philosophie. Sie behaupteten, dass viele philosophische Probleme tatsachlich bedeutungslos seien und beschaftigten sich hauptsachlich mit der logischen Analyse wissenschaftlicher Erkenntnisse. Da sie aber keine stimmige Wissensbasis festigen konnten, wird der logische Positivismus heute als philosophische Sackgasse angesehen.;;Los positivistas logicos negaron la solidez de la metafisica y de la filosofia tradicional. Afirmaron que muchos problemas filosoficos en realidad no tenian sentido, involucrados principalmente en el analisis logico del conocimiento cientifico. ++Aunque fallaron al asegurar lo que ellos mismos consideraban los solidos cimientos del conocimiento, y a menudo se considera hoy un callejon sin salida++.;x;;;;;;;;;;;;;;;;;;;;;;;;;;;;;;;;;;;;;;;;;;;;
philosophy_of_language;Философия языка;Philosophie du langage;Sprachphilosophie;;Filosofia del lenguaje;x;;;;;;;;;;;;;;;;;;;;;;;;;;;;;;;;;;;;;;;;;;;;
philosophy_of_language_desc;Это изучение философских вопросов о языке, особенно о значении и истинности слов, фраз и предложений в целом. Оно не спрашивает, что означают конкретные слова или являются ли конкретные предложения истинными. За исключением, конечно, слов и предложений о языке. Скорее, оно спрашивает, что такое значение и истина в целом. Оно было разработано на основе критики Витгенштейном его собственной более ранней работы Tractatus Logico-Philosophicus и, в некоторой степени, всей аналитической традиции.;;Dies ist das Studium philosophischer Fragen bezuglich der Sprache, im Besonderen uber die Bedeutung und Wahrheit von Wortern, Phrasen und Satzen im Allgemeinen. Die Sprachphilosophie fragt aber nicht danach, was bestimmte Worter bedeuten oder ob bestimmte Satze der Wahrheit entsprechen. Vielmehr will sie wissen, was Worter und Satze uber die Sprache bedeuten und fragt, was Bedeutung und Wahrheit im Allgemeinen sind. Diese philosophische Denkrichtung entwickelte sich aus Wittgensteins Kritik seines eigenen Werks Tractatus Logico-Philosophicus und in gewissem Masse aus der gesamten analytischen Tradition.;;Se trata de un estudio sobre cuestiones filosoficas del lenguaje, especialmente sobre el significado y la verdad de las palabras, las expresiones y las frases en general. No se pregunta qu?significan determinadas palabras o qu?oraciones en particular son verdaderas. A excepcion de, claro est? las palabras y las oraciones sobre el lenguaje. En su lugar, se pregunta qu?son el significado y la verdad en general. Se desarroll?a partir de la critica de Wittgenstein a su obra anterior, el 'Tractatus Logico-Philosophicus', y tambien, hasta cierto punto, de toda la tradicion analitica.;x;;;;;;;;;;;;;;;;;;;;;;;;;;;;;;;;;;;;;;;;;;;;
phenomenology_n_hermeneutic;Феноменология и герменевтика;Phenomenologie - Hermeneutiqu.;Phanomenologie & Hermeneutik;;Fenomenologia y Hermeneutica;x;;;;;;;;;;;;;;;;;;;;;;;;;;;;;;;;;;;;;;;;;;;;
phenomenology_n_hermeneutic_desc;Феноменология и герменевтика;Phenomenologie - Hermeneutiqu.;Phanomenologie & Hermeneutik;;Fenomenologia y Hermeneutica;x;;;;;;;;;;;;;;;;;;;;;;;;;;;;;;;;;;;;;;;;;;;;
phenomenology;Феноменология;Phenomenologie;Phanomenologie;;Fenomenologia;x;;;;;;;;;;;;;;;;;;;;;;;;;;;;;;;;;;;;;;;;;;;;
phenomenology_desc;Феноменология была взглядом, что нечто «есть» в отношении того, как оно переживается, его причин, его целей и его оснований. Это не может быть правильно описано ни как реализм, ни как идеализм, но в некоторой степени опровергает оба.;La phenomenologie affirmait que chaque chose est en rapport avec l'experience que l'on en a : ses causes, ses objectifs et ses fondements. Elle ne rejoint ni le realisme ni l'idealisme mais, ?un certain degr? refute les deux.;Die Phanomenologie war die Ansicht, dass etwas in Beziehung dazu, wie es erfahren wird, seinen Ursachen, seinen Zwecken und seinen Grunden, existiert. Diese Denkrichtung kann weder korrekt als Realismus oder Idealismus beschrieben werden, widerlegt jedoch beide Philosophien in gewisser Weise.;;La Fenomenologia era la vision de que algo 'es' en relacion a como se experimenta, a sus causas, propositos y razones. No seria correcto describirlo como realismo o idealismo, pero refuta ciertos aspectos de lo uno y de lo otro.;x;;;;;;;;;;;;;;;;;;;;;;;;;;;;;;;;;;;;;;;;;;;;
hermeneutics;Герменевтика;Hermeneutique;Hermeneutik;;Hermeneutica;x;;;;;;;;;;;;;;;;;;;;;;;;;;;;;;;;;;;;;;;;;;;;
hermeneutics_desc;Герменевтика является либо побочным ответвлением, либо развитием феноменологии и выступает за интерпретационистский взгляд на реальность, но ее принадлежность более четко связана с идеализмом, чем с реализмом.;"L'hermeneutique est ?la fois une branche et une evolution de la phenomenologie, et se pose comme une vision ""interpretationniste"" de la realit? Mais son appartenance est clairement associee ?l'idealisme plus qu'au realisme.";Die Hermeneutik ist entweder ein Ableger oder eine Weiterentwicklung der Phanomenologie und steht fur eine interpretationistische Sicht der Realitat. Sie steht dem Idealismus aber naher als dem Realismus.;;La hermeneutica es una rama o una evolucion de la Fenomenologia, y representa una vision interpretativa de la realidad, aunque est?mas claramente relacionada con el idealismo que con el realismo.;x;;;;;;;;;;;;;;;;;;;;;;;;;;;;;;;;;;;;;;;;;;;;
anti__rationalism;Антирационализм;Antirationalisme;Anti-Rationalismus;;Antirracionalismo;x;;;;;;;;;;;;;;;;;;;;;;;;;;;;;;;;;;;;;;;;;;;;
anti__rationalism_desc;Антирационализм;Antirationalisme;Anti-Rationalismus;;Antirracionalismo;x;;;;;;;;;;;;;;;;;;;;;;;;;;;;;;;;;;;;;;;;;;;;
existentialism;Экзистенциализм;Existentialisme;Existenzialismus;;Existencialismo;x;;;;;;;;;;;;;;;;;;;;;;;;;;;;;;;;;;;;;;;;;;;;
existentialism_desc;У экзистенциализма много матерей. С одной стороны, его можно интерпретировать как радикальный индивидуализм, прослеживаемый от Кьеркегора и Ницше, но это нечто большее. Но это также понятие данности как не действительно данной, а только имеющей смысл через процесс интерпретации, что-то, что он получил от Гуссерля и более косвенно от Бретано. Однако он был развит дальше Хайдеггером, а позже Сартром, Бовуар и Камю и стал сосредоточен на том, что придает смысл человеку, где человека следует понимать скорее как существо, которое свободно совершать действия и, таким образом, создавать свой собственный смысл, чем старое картезианское «я».;;Der Existenzialismus war das geistige Kind Vieler. Auf eine Art konnte er als radikaler Individualismus interpretiert werden, wofur Kierkegaard und Nietzsche standen, aber der Existenzialismus war mehr als das: Er stand auch dafur, dass das Gegebene nicht wirklich gegeben war, sondern nur durch den Prozess der Interpretation Bedeutung erlangte. Diesen Aspekt steuerten Husserl und indirekt Bretano bei. Von Heidegger und spater Sartre, Beauvoir und Camus wurde der Existenzialismus weiter vorangebracht und fokussierte sich zunehmend auf die Frage, was das Gegebene fur die Person bedeutet, wobei die Person mehr als ein Wesen verstanden werden sollte, das seine Handlungen frei entscheiden und so gemass dem alten kartesischen Selbst seine eigene Bedeutung erzeugen kann.;;El existencialismo tiene muchas madres. En un sentido podria interpretarse como un individualismo radical que se remonta hasta Kierkegaard y Nietzsche, pero es algo mas. Tambien es el concepto de don no como dado realmente, sino que solo significa algo a traves del proceso de interpretacion, algo que venia desde Husserl y mas indirectamente desde Brentano. No obstante, fue llevado mas all?por Heidegger y luego por Sartre, Beauvoir y Camus, y se concentr?en lo que da sentido a la persona, entendiendose 'persona' como un ser que es libre de realizar acciones y, por tanto, de crear su propio sentido en lugar del viejo yo cartesiano.;x;;;;;;;;;;;;;;;;;;;;;;;;;;;;;;;;;;;;;;;;;;;;
nihilism_and_the_will;Нигилизм и воля;Nihilisme et volont?Nihilismus und der Wille;;El nihilismo y la voluntad;x;;;;;;;;;;;;;;;;;;;;;;;;;;;;;;;;;;;;;;;;;;;;;
nihilism_and_the_will_desc;Основы тенденции отхода от акцента на человеческой рациональности в философии в конце девятнадцатого и начале двадцатого веков были заложены с возрождением интереса среди некоторых философов к нигилизму, отказу от идеи, что жизнь отдельного человека имеет какой-либо смысл или цель в великих работах вселенной. Вместо самоценности отдельного человека как существа, фокус был сделан на Воле, человеческой способности вмешиваться в ситуацию для своей собственной выгоды. Развитое наиболее эффективно в трудах Фридриха Ницше в конце девятнадцатого века, драматическое влияние войны в индустриальную эпоху привело к дальнейшему уточнению концепции такими философами, как Мартин Хайдеггер в начале двадцатого века. Отрицая ценность абсолютов как ориентиров для человеческого поведения, нигилизм способствовал дальнейшему переосмыслению, а для многих и окончательному отрицанию ценностей и убеждений, сформировавших викторианский мир, в то время как акцент на воле поощрял действия, направленные на оспаривание общепринятых практик и поощрение создания новых ценностей.;;Die Grundlagen fur den philosophischen Trend des spaten neunzehnten und fruhen zwanzigsten Jahrhunderts, sich von der Betonung auf die menschliche Rationalitat zu entfernen, wurden durch eine Erneuerung des Interesses einiger Philosophen am Nihilismus geschaffen, der Zuruckweisung des Gedanken, dass das Leben des einzelnen Individuums im grossen Gefuge des Universums auch nur die geringste Bedeutung hat. An Stelle des Selbstwerts des Individuums als Wesen wurde der Hauptaugenmerk auf den Willen gelegt, der menschlichen Fahigkeit, zum eigenen Vorteil in eine Situation einzugreifen. Wie am effizientesten in den Werken von Friedrich Nietzsche im spaten neunzehnten Jahrhundert dargelegt, fuhrte der dramatische Einfluss der Kriege des Industriezeitalters Anfang des zwanzigsten Jahrhunderts zur weiteren Verfeinerung des Konzepts durch Philosophen wie Martin Heidegger. Mit seiner Bestreitung des Werts des Absoluten als Hilfestellung fur das menschliche Verhalten trug der Nihilismus zur weiteren Hinterfragung bei, und fur viele letztendlich zur Ablehnung der Werte und Uberzeugungen, die die viktorianische Welt gepragt hatten, wahrend die Betonung auf dem Willen Handlungen zur Herausforderung akzeptierter Gebrauche und zur Schaffung neuer Werte ermutigte.;;Los cimientos para una corriente que abandonaria el enfasis en el racionalismo humano en la filosofia a finales del siglo XIX y principios del XX se pondrian con el renacimiento del interes entre algunos filosofos por el tema del nihilismo, el rechazo a la idea de que la vida del individuo tiene algun significado o proposito en el universo. En lugar de centrarse en el valor del individuo como ser, estos pensadores preferian ocuparse de la voluntad, la capacidad de intervenir en una situacion en su propio beneficio. Desarrollado principalmente en las obras de Friedrich Nietzsche a finales del siglo XIX, este concepto seria perfeccionado a comienzos del siglo XX por filosofos como Martin Heidegger, como consecuencia del dramatico impacto de la guerra en la sociedad industrial. Con su negacion de los conceptos absolutos como pautas para el comportamiento humano, el nihilismo contribuiria a cuestionar (y, para muchos, a invalidar) los valores y certezas que habian dado su forma al mundo victoriano, mientras que el enfasis en la voluntad promoveria la accion como via para derribar las practicas aceptadas y la construccion de valores nuevos.;x;;;;;;;;;;;;;;;;;;;;;;;;;;;;;;;;;;;;;;;;;;;;
futurism;Футуризм;Futurisme;Futurismus;;Futurismo;x;;;;;;;;;;;;;;;;;;;;;;;;;;;;;;;;;;;;;;;;;;;;
futurism_desc;По мере того, как в начале двадцатого века в интеллектуальных кругах набирало силу оспаривание ценностей и структур викторианской эпохи, некоторые интеллектуалы начали утверждать, что необходим полный разрыв с прошлым для того, чтобы построить блестящее новое будущее, которое обещал подъем индустриальной цивилизации. Начавшись как движение в искусстве, которое охватывало новые материалы и стилистические приемы, пытавшиеся уловить суть материальной силы и скорости, футуризм вскоре распространился как идея, бросающая вызов традиционным структурам общества и призывающая к их замене новым социальным, политическим и экономическим порядком, который охватывал реальность индустриального общества.;;Als die Hinterfragung der Werte und Strukturen der viktorianischen Zeit Anfang des zwanzigsten Jahrhunderts in intellektuellen Kreisen Eigendynamik entwickelte, brachten einige Intellektuelle vor, zur Schaffung einer glanzenden Zukunft, den der Aufstieg der industrialisierten Zivilisation versprach, sei ein klarer Schnitt mit der Vergangenheit notwendig. Der Futurismus begann als kunstlerische Bewegung, die neue Materialien und stilistische Techniken umfasste, und versuchte, die Essenz der materiellen Macht und Geschwindigkeit einzufangen. Schon bald verbreitete sich der Futurismus als ein Gedanke, der die konventionellen Strukturen der Gesellschaft herausforderte und deren Ersetzung mit einer neuen sozialen, politischen und wirtschaftlichen Ordnung verlangte, welche die Realitat der industriellen Gesellschaft umfasste.;;A medida que el cuestionamiento de los valores y las estructuras de la epoca victoriana ganaba influencias en los circulos intelectuales a comienzos del siglo XX, algunos pensadores comenzaron a sostener que hacia falta un corte radical con el pasado para construir el brillante futuro que habia prometido el ascenso de la civilizacion industrial. El futurismo, a pesar de sus comienzos como un movimiento artistico que propugnaba el uso de materiales y tecnicas estilisticas nuevas para capturar la esencia de la potencia y la velocidad material, no tardaria en propagarse como una idea: la de que se debian desafiar las estructuras convencionales de la sociedad y reemplazarlas por un nuevo orden social, politico y economico que abrazase la realidad de la sociedad industrial.;x;;;;;;;;;;;;;;;;;;;;;;;;;;;;;;;;;;;;;;;;;;;;
quantum_theory;Квантовая Теория;Theorie quantique;Quantentheorie;;Teoria cuantica;x;;;;;;;;;;;;;;;;;;;;;;;;;;;;;;;;;;;;;;;;;;;;
quantum_theory_desc;Резкое расширение научных знаний в девятнадцатом веке привело к сомнению рациональной модели основных структур вселенной, которая достигла своей кульминации в работе Исаака Ньютона в конце семнадцатого века. По мере того, как научное оборудование становилось более точным, расхождения в моделях атомного поведения, как они понимались в девятнадцатом веке, привели к дальнейшему исследованию природы атомных частиц и их взаимодействия с такими силами, как энергия. В результате работы таких физиков, как Альберт Эйнштейн и Вернер Гейзенберг, идея о том, что основные структуры вселенной могут быть точно известны людям, оказалась неверной, и была предложена альтернативная точка зрения о том, что в структуре и поведении атомных частиц есть элементы непредсказуемости. Хотя это и стало важным шагом вперед в понимании человеком основных структур материи, акцент на случайной природе некоторых элементов естественного мира еще больше поколебал викторианскую веру в способность человечества полностью понимать естественный мир и укрепил чувство того, что мир действительно не был построен на полностью рациональном поведении и предположениях.;;Die dramatische Wissenserweiterung im neunzehnten Jahrhundert fuhrte zur Hinterfragung des rationalen Modells der grundlegenden Strukturen des Universums, das im spaten siebzehnten Jahrhundert mit der Arbeit von Isaac Newton seinen Hohepunkt erreicht hatte. Wahrend die wissenschaftlichen Ausrustungen immer praziser wurden, fuhrten Diskrepanzen bei den Modellen atomaren Verhaltens, wie sie im neunzehnten Jahrhundert verstanden wurden, zu weiteren Erforschungen der Natur atomarer Partikel und ihrer Interaktion mit Kraften wie Energie. Als Ergebnis der Arbeit von Physikern wie Albert Einstein und Werner Heisenberg wurde die Vorstellung, Menschen konnten die grundlegenden Strukturen des Universum prazise entschlusseln, als falsch bewiesen. Man schlug einen alternativen Ansatz vor, der besagte, dass es in der Struktur und im Verhalten von atomaren Partikeln unberechenbare Elemente gab. Obwohl dies ein grosser Fortschritt des menschlichen Wissen um die grundlegenden Strukturen der Materie war, erschutterte die Betonung auf die Zufalligkeit mancher naturlicher Elemente den viktorianischen Glauben an die Fahigkeit der Menschheit, die Natur vollstandig zu begreifen, in seinen Grundfesten, und starkte die Ansicht, dass die Welt tatsachlich nicht auf vollstandig rationalem Verhalten und Vermutungen gebaut war.;;El crecimiento exponencial del conocimiento cientifico durante el siglo XIX llevaria a cuestionar la vision racional de las estructuras del universo que habia culminado, a finales del siglo XVII, en la obra de Isaac Newton. A medida que aumentaba la precision de los aparatos cientificos, las discrepancias descubiertas en el comportamiento de los atomos condujo a la profundizacion de los estudios sobre la naturaleza de las particulas atomicas y su interaccion con fuerzas tales como la energia. La obra de fisicos como Albert Einstein y Werner Heisenberg demostr?que la idea de que el ser humano podia conocer las estructuras basicas del universo era incorrecta y propuso como alternativa la posibilidad de que hubiera aspectos imposibles de predecir en la estructura y el comportamiento de las particulas atomicas. Aunque se trat?de un importante paso adelante en la comprension de la naturaleza de la materia, el enfasis en la aleatoriedad de ciertos elementos del mundo natural fue un duro golpe a la idea victoriana de que el hombre podia llegar a comprender del todo la naturaleza y reforz?la sensacion de que el mundo no se basaba en esquemas plenamente racionales.;x;;;;;;;;;;;;;;;;;;;;;;;;;;;;;;;;;;;;;;;;;;;;
malthusian_thought;Мальтузианская мысль;Pensee malthusienne;Malthusischer Gedanke;;Pensamiento malthusiano;x;;;;;;;;;;;;;;;;;;;;;;;;;;;;;;;;;;;;;;;;;;;;
malthusian_thought_desc;Мальтузианская мысль;Pensee malthusienne;Malthusischer Gedanke;;Pensamiento malthusiano;x;;;;;;;;;;;;;;;;;;;;;;;;;;;;;;;;;;;;;;;;;;;;
positivism;Позитивизм;Positivisme;Positivismus;;Positivismo;x;;;;;;;;;;;;;;;;;;;;;;;;;;;;;;;;;;;;;;;;;;;;
positivism_desc;Позитивизм;Positivisme;Positivismus;;Positivismo;x;;;;;;;;;;;;;;;;;;;;;;;;;;;;;;;;;;;;;;;;;;;;
functionalism;Функционализм;Fonctionnalisme;Funktionalismus;;Funcionalismo;x;;;;;;;;;;;;;;;;;;;;;;;;;;;;;;;;;;;;;;;;;;;;
functionalism_desc;Функционализм;Fonctionnalisme;Funktionalismus;;Funcionalismo;x;;;;;;;;;;;;;;;;;;;;;;;;;;;;;;;;;;;;;;;;;;;;
biologism;Биологизм;Biologisme;Biologismus;;Biologismo;x;;;;;;;;;;;;;;;;;;;;;;;;;;;;;;;;;;;;;;;;;;;;
biologism_desc;Биологизм;Biologisme;Biologismus;;Biologismo;x;;;;;;;;;;;;;;;;;;;;;;;;;;;;;;;;;;;;;;;;;;;;
darwinism;дарвинизм;Darwinisme;Darwinismus;;Darwinismo;x;;;;;;;;;;;;;;;;;;;;;;;;;;;;;;;;;;;;;;;;;;;;
darwinism_desc;Дарвинизм — это теория, которая утверждает, что естественный отбор действует на изменения в более старых видах, производя потомство, которое можно назвать новыми видами, и что это объясняет появление всех видов.;La theorie du darwinisme explique que la selection naturelle provoque l'evolution des vieilles especes qui deviennent alors de nouvelles especes. Ceci explique alors l'apparition de toutes les especes.;Die darwinistische Theorie besagt, dass die naturliche Auslese auf Variationen in alteren Arten basiert, deren Nachkommen als neue Arten bezeichnet werden konnen. Dies erklart die Erscheinung samtlicher Arten.;;La teoria del darwinismo afirma que la seleccion natural opera sobre variantes de especies mas antiguas para producir una descendencia que puede denominarse una especie nueva, y que eso explica la aparicion de todas las especies.;x;;;;;;;;;;;;;;;;;;;;;;;;;;;;;;;;;;;;;;;;;;;;
social_darwinism;Социал-дарвинизм;Darwinisme social;Sozialdarwinismus;;Darwinismo social;x;;;;;;;;;;;;;;;;;;;;;;;;;;;;;;;;;;;;;;;;;;;;
social_darwinism_desc;Социальный дарвинизм — теория в социологии, которая утверждает, что отдельные лица или группы достигают преимущества над другими в результате генетического или биологического превосходства.;Le Darwinisme social est une theorie sociologique selon laquelle les individus ou les groupes d'individus prennent l'avantage sur les autres grace ?leur superiorit?genetique ou biologique.;Der Sozialdarwinismus ist eine soziologische Theorie, die besagt, dass Individuen oder Gruppen aufgrund genetischer oder biologischer Uberlegenheit Vorteile gegenuber anderen erlangen.;;El darwinismo social, como teoria de la sociologia, afirma que los individuos o grupos obtienen ventaja sobre otros como resultado de una superioridad genetica o biologica.;x;;;;;;;;;;;;;;;;;;;;;;;;;;;;;;;;;;;;;;;;;;;;
social_science;Социальные науки;Sciences sociales;Sozialwissenschaft;;Ciencia Social;x;;;;;;;;;;;;;;;;;;;;;;;;;;;;;;;;;;;;;;;;;;;;
social_science_desc;Социальные науки;Sciences sociales;Sozialwissenschaft;;Ciencia Social;x;;;;;;;;;;;;;;;;;;;;;;;;;;;;;;;;;;;;;;;;;;;;
sociology;Социология;Sociologie;Soziologie;;Sociologia;x;;;;;;;;;;;;;;;;;;;;;;;;;;;;;;;;;;;;;;;;;;;;
sociology_desc;Социология — это наука об обществе, социальных институтах и социальных отношениях. Она пытается воссоздать влияние определенных действий на общества.;La sociologie est la science de la societ? des institutions et des relations sociales. Elle vise ?recreer l'effet de certaines actions sur les societes.;Die Soziologie untersucht die Gesellschaft, gesellschaftliche Einrichtungen und soziale Beziehungen. Sie versucht, den Effekt bestimmter Aktionen auf Gesellschaften nachzustellen.;;La sociologia es la ciencia de la sociedad, las instituciones y las relaciones sociales. Intenta recrear el efecto de determinadas acciones sobre las sociedades.;x;;;;;;;;;;;;;;;;;;;;;;;;;;;;;;;;;;;;;;;;;;;;
social_psychology;Социальная психология;Psychologie sociale;Sozialpsychologie;;Psicologia social;x;;;;;;;;;;;;;;;;;;;;;;;;;;;;;;;;;;;;;;;;;;;;
social_psychology_desc;Социальная психология — это научное исследование того, как мы думаем друг о друге, влияем друг на друга и относимся друг к другу.;La psychologie sociale est l'etude scientifique de nos rapports ?l'autre, la maniere dont nous le pensons, l'influencons, etc.;Die Sozialpsychologie ist das wissenschaftliche Studium davon, wie wir ubereinander denken, uns gegenseitig beeinflussen und uns miteinander identifizieren.;;La psicologia social es el estudio cientifico de como pensamos, influimos y relacionamos unos con otros.;x;;;;;;;;;;;;;;;;;;;;;;;;;;;;;;;;;;;;;;;;;;;;
political_science;Политология;Science politique;Politikwissenschaft;;Ciencia politica;x;;;;;;;;;;;;;;;;;;;;;;;;;;;;;;;;;;;;;;;;;;;;
political_science_desc;Политология — это изучение управления государствами и другими политическими единицами. Теоретически она применима к любой политической единице.;La science politique est l'etude des types de gouvernement et des autres entites politiques. En theorie, elle s'applique ?n'importe quelle entit?politique.;Die Politikwissenschaft ist die Erforschung von Staatsregierungen und anderen politischen Einheiten. Theoretisch ist sie auf jedes politische Gebilde anwendbar.;;La ciencia politica es el estudio del gobierno de los estados y de otras unidades politicas. Teoricamente, puede aplicarse a cualquier entidad politica.;x;;;;;;;;;;;;;;;;;;;;;;;;;;;;;;;;;;;;;;;;;;;;
social_anthropology;Социальная антропология;Anthropologie sociale;Sozialanthropologie;;Antropologia social;x;;;;;;;;;;;;;;;;;;;;;;;;;;;;;;;;;;;;;;;;;;;;
social_anthropology_desc;Социальная антропология — социальная наука, изучающая происхождение и социальные отношения людей.;L'Anthropologie sociale est la science sociale qui s'interesse aux origines des rapports sociaux de l'etre humain.;Die Sozialanthropologie ist die Sozialwissenschaft, die die Ursprunge und sozialen Beziehungen der Menschen untersucht.;;La antropologia social es la ciencia social que estudia los origenes y las relaciones sociales de los seres humanos.;x;;;;;;;;;;;;;;;;;;;;;;;;;;;;;;;;;;;;;;;;;;;;
social_alienation;Социальное отчуждение;Alienation sociale;Soziale Verstimmung;;Alienacion social;x;;;;;;;;;;;;;;;;;;;;;;;;;;;;;;;;;;;;;;;;;;;;
social_alienation_desc;Социальное отчуждение;Alienation sociale;Soziale Verstimmung;;Alienacion social;x;;;;;;;;;;;;;;;;;;;;;;;;;;;;;;;;;;;;;;;;;;;;
the_revolt_of_the_masses;Восстание масс;La Revolte des masses;Der Aufstand der Massen;;La rebelion de las masas;x;;;;;;;;;;;;;;;;;;;;;;;;;;;;;;;;;;;;;;;;;;;;
the_revolt_of_the_masses_desc;Движение к установлению всеобщего избирательного права как основы для определения баланса политической власти в обществе привело к усилению надежды на то, что с демократией проблемы и заботы Народа наконец будут решены. Возникшая в результате фракционность, вызванная ростом политических партий в результате всеобщего избирательного права, вскоре выявила ограничения либеральной демократии как системы арбитража власти в обществе (особенно во времена социальных, экономических или политических кризисов) и привела к большому разочарованию в идеалах демократии как лучшей системе управления и поиску потенциальных альтернатив для более эффективного достижения обещаний лучшей жизни для всех. Написанная в 1930 году испанским интеллектуалом Хосе Ортегой-и-Гассетом, «Восстание масс» предупреждает о потенциальной угрозе идеалу либеральной демократии в ее нынешних ограничениях и о возможности масс подавить политическую систему и заменить ее альтернативами, которые в конечном итоге разрушат основные принципы классической либеральной демократии, если либеральная демократия не сможет реформироваться, чтобы ответить на вызовы, создаваемые массовой политикой.;;"Der Schritt in Richtung der Einfuhrung des universalen Wahlrechts als Grundlage zur Bestimmung des politischen Machtgefuges innerhalb der Gesellschaft fuhrte zu steigenden Hoffnungen darauf, dass mit der Einfuhrung der Demokratie die Probleme und Sorgen des Volks endlich gehort werden wurden. Der resultierende, vom Anwachsen politischer Parteien vor Einfuhrung des Universalwahlrechts verursachte Faktionalismus legte schon bald die Einschrankungen der liberalen Demokratie als System zur Machtverteilung in der Gesellschaft offen, besonders in Zeiten sozialer, wirtschaftlicher und politischer Missstande. Dies fuhrte vielfach dazu, dass sich die Menschen von den demokratischen Idealen stark enttauscht zeigten und die Demokratie nicht mehr als das beste Regierungssystem ansahen. Nun setzte eine Suche nach potentiellen Alternativen ein, um das Leben aller effizienter zu verbessern. Das im Jahr 1930 vom spanischen Intellektuellen Jose Ortega y Gasset veroffentlichte Werk ""Der Aufstand der Massen"" warnte vor der potentiellen Bedrohung der Ideale der liberalen Demokratie in ihren damaligen Beschrankungen und vor dem Potential der Massen, das politische System zu uberwaltigen und es mit Alternativen zu ersetzen, die letztendlich die grundlegenden Prinzipien der klassischen liberalen Demokratie vernichten wurden, sofern es der liberalen Demokratie nicht gelange, sich selbst zu reformieren, und die von der Massenpolitik geschaffenen Herausforderungen anzunehmen.";;La tendencia hacia el establecimiento del sufragio universal como base para determinar el equilibrio del poder politico en la sociedad aliment?la esperanza de que, con la democracia, los problemas y preocupaciones de las masas pudieran resolverse por fin. El faccionalismo provocado por el crecimiento de los partidos politicos tras la instauracion del sufragio universal no tard?en poner al descubierto las limitaciones de la democracia liberal como medio de arbitrio del poder en la sociedad (sobre todo en tiempos de crisis social, economica o politica) y provoc?una oleada de desencanto hacia los ideales de la democracia y una busqueda sed alternativas potenciales que pudieran cumplir la promesa de proporcionar a todos una vida mejor. Escrita en 1930 por el intelectual espanol Jos?Ortega y Gasset, “La rebelion de las masas?advierte sobre la amenaza potencial que para el ideal de la democracia liberal suponian sus limitaciones y la posibilidad de que las masas derribaran el sistema para reemplazarlo con alternativas que, al final, acabarian con los principios basicos de la democracia clasica si esta no lograba reformarse para hacer frente a los desafios propuestos por la politica de masas.;x;;;;;;;;;;;;;;;;;;;;;;;;;;;;;;;;;;;;;;;;;;;;
the_decline_of_the_west_and_the_lost_generation;Упадок Запада и потерянное поколение;Le Declin de l'Occident et La Generation perdue;Der Untergang des Abendlandes und The Lost Generation;;La decadencia de occidente y la generacion perdida;x;;;;;;;;;;;;;;;;;;;;;;;;;;;;;;;;;;;;;;;;;;;;
the_decline_of_the_west_and_the_lost_generation_desc;Сочетание драматических социальных, экономических и политических преобразований, предпринятых в девятнадцатом веке с ростом промышленности, и опустошения, вызванного массовыми войнами в индустриальную эпоху, вызвало кризис уверенности среди многих интеллектуалов в том, что вся структура общества находится в осаде и находится под угрозой полного краха. Освальд Шпенглер начал работу над «Упадком Запада» в 1911 году, когда вызовы новых социальных, политических и экономических сил сотрясали передовые индустриальные общества до основания, и Шпенглер пришел к выводу, что то, что переживают эти общества, является частью естественного цикла цивилизаций, которые поднимаются, переживают период расцвета, а затем в конечном итоге приходят в упадок и рушатся — прямой вызов викторианской идее о том, что современное индустриальное общество может непрерывно совершенствоваться в результате рациональных способностей человечества. Выдуманное американской писательницей Гертрудой Стайн, «Потерянное поколение» запечатлело чувство утраты и пустоты, которое испытывали многие ветераны Первой мировой войны, пережившие бойню на полях сражений и подвергшие сомнению ценности и убеждения, которые изначально побуждали их народы участвовать в конфликтах. Эти темы упадка и утраты, разработанные Шпенглером и Вулф, будут доминировать в культурном ландшафте начала двадцатого века.;;Die Kombination der dramatischen sozialen, wirtschaftlichen und politischen Transformationen des neunzehnten Jahrhunderts mit der Industrialisierung und den Schrecken der Vernichtungskriege des Industriezeitalters fuhrte bei vielen Intellektuellen zu einer Bewusstseinskrise. Sie furchteten, die Struktur der Gesellschaft werde belagert und stunde kurz vor dem Zusammenbruch. Oswald Spengler begann im Jahr 1911 mit der Arbeit an seinem Werk “Der Untergang des Abendlandes? als die neuen sozialen, politischen und wirtschaftlichen Krafte die fortschrittlichen Industriegesellschaften in ihren Grundfesten erschutterten. Spengler schloss daraus, dass das, was diesen Gesellschaften widerfuhr, Teil des naturlichen Zyklus von Zivilisationen sei, bestehend aus Aufstieg, Blutezeit, Abstieg und schliesslich Zusammenbruch ?eine direkte Herausforderung des viktorianischen Gedankens, dass die moderne Industriegesellschaft aufgrund der rationalen Fahigkeiten des Menschen fortwahrend verbessert werden kann. Das Verlustgefuhl und die Leere, die viele Weltkriegsveteranen nach dem Gemetzel spurten und nun folgerichtig die Werte und Vorstellungen in Frage stellten, die ihre Nationen eigentlich erst zur Kriegsteilnahme bewogen hatten, wurde von der amerikanischen Autorin Gertrude Stein mit dem Ausdruck “The Lost Generation?gepragt. Die von Spengler und Woolf entwickelte Niedergangs- und Verlustthematik sollte die kulturelle Landschaft des fruhen zwanzigsten Jahrhunderts dominieren.;;La combinacion de las dramaticas transformaciones sociales, economicas y politicas vividas en el siglo XIX con el ascenso de la industrializacion y la devastacion producida por la guerra en la era industrial provoc?una crisis de confianza entre muchos intelectuales, que llegaron a la conclusion de que la estructura entera de la sociedad estaba bajo asedio y se enfrentaba a la posibilidad de un colapso total. Oswald Spengler comenz?a trabajar en “la decadencia de occidente?en 1911, cuando los desafios de las nuevas fuerzas sociales, politicas y economicas estaban removiendo hasta los cimientos las sociedades industrializadas. La conclusion de Spengler fue que lo que estaban viviendo era una fase del ciclo natural de vida las civilizaciones (nacimiento, periodo de brillantez y, finalmente, declive y colapso), un concepto que entraba en contradiccion directa con la idea victoriana de que la sociedad industrial podria seguir progresando continuamente gracias al racionalismo del ser humano. Acunado por la escritora estadounidense Gertrude Stein, el termino de “generacion perdida?englobaba la sensacion de perdida y vacio que embarg?a numerosos veteranos de la Gran Guerra tras haber sobrevivido a la carniceria de los campos de batalla y los llev?a cuestionarse los valores y creencias que habian impulsado a sus paises a participar en el conflicto. Las ideas del declive y la perdida desarrolladas por Spengler y Stein continuarian dominando el paisaje cultural occidental durante la primera parte del siglo XX.;x;;;;;;;;;;;;;;;;;;;;;;;;;;;;;;;;;;;;;;;;;;;;
REMOVE_enlightenment_thought;Просвещение Мысль;Idees des Lumieres;Erleuchtungsgedanke;;Pensamiento ilustrado;x;;;;;;;;;;;;;;;;;;;;;;;;;;;;;;;;;;;;;;;;;;;;
REMOVE_enlightenment_thought_desc;Просвещение Мысль;Idees des Lumieres;Erleuchtungsgedanke;;Pensamiento ilustrado;x;;;;;;;;;;;;;;;;;;;;;;;;;;;;;;;;;;;;;;;;;;;;
ideological_thought;Идеологическая мысль;Pensee ideologique;Ideologischer Gedanke;;Pensamiento ideologico;x;;;;;;;;;;;;;;;;;;;;;;;;;;;;;;;;;;;;;;;;;;;;
ideological_thought_desc;Идеологическая мысль;Pensee ideologique;Ideologischer Gedanke;;Pensamiento ideologico;x;;;;;;;;;;;;;;;;;;;;;;;;;;;;;;;;;;;;;;;;;;;;
authoritarianism;Авторитаризм;Autoritarisme;Autoritarismus;;Autoritarismo;x;;;;;;;;;;;;;;;;;;;;;;;;;;;;;;;;;;;;;;;;;;;;
authoritarianism_desc;Авторитаризм — это точка зрения, согласно которой власть является самой важной ценностью, которая придает ей равновесие и стабильность. Она часто сочетается с традиционализмом, чтобы дать эпистемологическое обоснование того, кто должен обладать этой властью.;L'autoritarisme est la conception selon laquelle l'autorit?est la valeur essentielle pour l'equilibre et la stabilit?sociale. Il se mele souvent de traditionalisme pour donner un fondement epistemologique ?celui qui doit brandir cette autorit?;Autoritarismus ist die Ansicht, dass Autoritat der wichtigste Wert ist und fur Gleichgewicht und Stabilitat sorgt. Zur wissenschaftstheoretischen Prasentation, wer diese Autoritat ausuben soll, wird Autoritarismus oft mit Traditionalismus kombiniert.;;El autoritarismo es la vision de que la autoridad es el valor mas importante, ++lo que le proporciona equilibrio y estabilidad++. A menudo se combina con el tradicionalismo para dar un fundamento epistemologico a quien debiera ejercer esa autoridad.;x;;;;;;;;;;;;;;;;;;;;;;;;;;;;;;;;;;;;;;;;;;;;
hierarchical_order;Иерархический порядок;Ordre hierarchis?;Hierarchische Ordnung;;Orden jerarquico;x;;;;;;;;;;;;;;;;;;;;;;;;;;;;;;;;;;;;;;;;;;;;
hierarchical_order_desc;Иерархический порядок — это система, в которой несколько компонентов или уровней зависят от соответствующего более высокого. Компоненты становятся меньше по мере того, как они выше.;L'ordre hierarchis?est un systeme dans lequel plusieurs composants ou niveaux dependent respectivement de celui directement au-dessus. Plus le composant est petit, plus son pouvoir est elev?;Die Hierarchische Ordnung ist ein System, in dem mehrere Komponenten oder Stufen von der nachsthoheren abhangen. Je hochstufiger diese Komponenten werden, desto kleiner sind sie.;;El orden jerarquico es un sistema en el que varios componentes o niveles dependen del superior respectivo. Los componentes se hacen mas pequenos cuanto mas alta es su posicion.;x;;;;;;;;;;;;;;;;;;;;;;;;;;;;;;;;;;;;;;;;;;;;
traditionalism;Традиционализм;Traditionalisme;Traditionalismus;;Tradicionalismo;x;;;;;;;;;;;;;;;;;;;;;;;;;;;;;;;;;;;;;;;;;;;;
traditionalism_desc;Традиционализм — это доктрина, согласно которой все знания передаются через здравый смысл людей, и что эти знания, которые несет народ, должны быть основой общества. Он яростно отвергает рационализм, который он рассматривает как опасный и контрпродуктивный взгляд на общественные преобразования.;;Der Traditionalismus ist die Lehre, dass alles Wissen uber den Alltagsverstand des Volks ubertragen wird, und dass dieses Wissen die Grundlage der Gesellschaft bilden sollte. Dieser Denkansatz lehnt den Rationalismus entschieden ab, den sie als gefahrliche und kontraproduktive Sicht des gesellschaftlichen Wandels sieht.;;El tradicionalismo es la doctrina segun la cual todo conocimiento se transmite a traves del sentido comun de la gente, y ese conocimiento de la gente deberia ser la base de la sociedad. Rechaza ferozmente el racionalismo, al que ve como una vision peligrosa y contraproducente de la transformacion social.;x;;;;;;;;;;;;;;;;;;;;;;;;;;;;;;;;;;;;;;;;;;;;
political_religion;Политическая религия;Religion politique;Politische Religion;;Religion politica;x;;;;;;;;;;;;;;;;;;;;;;;;;;;;;;;;;;;;;;;;;;;;
political_religion_desc;Политическая религия — это доктрина, которая связывает религию и политические средства вместе. Знание часто рассматривается как божественно данное, и религиозная истина не может быть отклонена.;La religion politique est la doctrine qui relie les moyens religieux et politiques. Le savoir est souvent percu comme un don de Dieu et la verit?religieuse ne peut etre remise en cause.;Politische Religion ist die Lehre, die Religion mit der Politik verbindet. Das Wissen wird oft als gottgegeben angesehen, und religiose Wahrheit kann nicht zuruckgewiesen werden.;;La religion politica es la doctrina que une los medios de la religion y la politica. A menudo, el conocimiento se percibe como un don divino, y la verdad religiosa no puede rechazarse.;x;;;;;;;;;;;;;;;;;;;;;;;;;;;;;;;;;;;;;;;;;;;;
paternalism;Патернализм;Paternalisme;Paternalismus;;Paternalismo;x;;;;;;;;;;;;;;;;;;;;;;;;;;;;;;;;;;;;;;;;;;;;
paternalism_desc;Патернализм — это позиция человека или правительства, согласно которой подчиненные должны контролироваться по-отечески ради их же блага.;Le paternalisme est l'attitude d'une personne ou d'un gouvernement qui controle ses subordonnes ?la maniere d'un pere, pour leur propre bien.;Paternalismus ist die Einstellung einer Person oder einer Regierung, dass Untergebene zu deren eigenem Wohle auf vaterliche Art und Weise kontrolliert werden sollten.;;El paternalismo es la actitud de una persona o gobierno cuyos subordinados deberian controlarse de un modo paternal por su propio bien.;x;;;;;;;;;;;;;;;;;;;;;;;;;;;;;;;;;;;;;;;;;;;;
constitutionalism;Конституционализм;Constitutionalisme;Konstitutionalismus;;Constitucionalismo;x;;;;;;;;;;;;;;;;;;;;;;;;;;;;;;;;;;;;;;;;;;;;
constitutionalism_desc;Конституционализм — это конституционная система правления, обычно с письменной конституцией. Он выступает за то, чтобы все действия, предпринимаемые правительством, соответствовали конституционным принципам.;Le constitutionalisme est un systeme de gouvernement constitutionnel, generalement fond?sur une constitution ecrite. Il defend l'idee que toute action du gouvernement doit etre en accord avec des principes constitutionnels.;Der Konstitutionalismus ist ein konstitutionelles Regierungssystem, ublicherweise mit einer schriftlichen Verfassung. Er tritt dafur ein, dass alle von der Regierung unternommenen Handlungen im Einklang mit den Prinzipien der Verfassung stehen mussen.;;El constitucionalismo es un sistema constitucional de gobierno, normalmente con una constitucion escrita. Defiende que todas las acciones realizadas por el gobierno deben ser acordes a los principios constitucionales.;x;;;;;;;;;;;;;;;;;;;;;;;;;;;;;;;;;;;;;;;;;;;;
individualism;Индивидуализм;Individualisme;Individualismus;;Individualismo;x;;;;;;;;;;;;;;;;;;;;;;;;;;;;;;;;;;;;;;;;;;;;
individualism_desc;Индивидуализм — это вера в важность личности и добродетель самостоятельности и личной независимости. Эта доктрина также утверждает, что правительство не должно вмешиваться в коммерческие дела.;L'individualisme est la croyance en l'importance de l'individu et en la vertu de l'autonomie et de l'independance des personnes. Cette doctrine etablit aussi que le gouvernement ne doit pas intervenir dans les affaires commerciales.;Der Individualismus ist der Glaube an die Bedeutung des Individuums und die Tugenden der Selbststandigkeit und personlichen Unabhangigkeit. Diese Lehre besagt auch, dass sich die Regierung nicht in geschaftliche Angelegenheiten einmischen sollte.;;El individualismo es la creencia en la importancia del individuo y en la virtud de la propia independencia. Esta doctrina afirma tambien que el gobierno no deberia interferir en los asuntos comerciales.;x;;;;;;;;;;;;;;;;;;;;;;;;;;;;;;;;;;;;;;;;;;;;
rationalism;Рационализм;Rationalisme;Rationalismus;;Racionalismo;x;;;;;;;;;;;;;;;;;;;;;;;;;;;;;;;;;;;;;;;;;;;;
rationalism_desc;Рационализм — это теологическая доктрина, согласно которой человеческий разум, а не божественное откровение, устанавливает религиозную истину. Эта доктрина утверждает, что знание приобретается разумом без обращения к опыту.;Le rationalisme est la doctrine theologique selon laquelle la verit?religieuse est etablie par la raison de l'homme et non pas par la revelation divine. Cette doctrine affirme que le savoir est acquis par la raison sans l'intervention de l'experience.;Der Rationalismus ist die theoretische Lehre, dass religiose Wahrheit eher durch menschliche Vernunft als durch gottliche Offenbarung bewiesen wird. Diese Lehre besagt, dass das Wissen durch Vernunft erlangt wird, ohne dabei auf die Erfahrung zuruckzugreifen.;;El racionalismo es la doctrina teologica segun la cual es la razon humana y no la revelacion divina la que determina la verdad religiosa. Esta doctrina afirma que el conocimiento se adquiere mediante la razon, sin concurso de la experiencia.;x;;;;;;;;;;;;;;;;;;;;;;;;;;;;;;;;;;;;;;;;;;;;
secularization;Секуляризация;Laicisation;Sakularisation;;Secularizacion;x;;;;;;;;;;;;;;;;;;;;;;;;;;;;;;;;;;;;;;;;;;;;
secularization_desc;Секуляризация — это деятельность по изменению чего-либо, например, искусства или образования, чтобы оно больше не находилось под контролем или влиянием религии. Эта доктрина также предлагает передачу собственности из церковного в гражданское владение.;La laicisation consiste ?modifier les choses, telles que l'art ou l'education, afin qu'elles ne soient plus sous le controle ou l'influence de la religion. Cette doctrine propose aussi de transferer les possessions ecclesiastiques dans le domaine civil.;Sakularisation bezieht sich auf die Veranderung von etwas wie z.B. Kunst oder Bildung, damit es nicht langer unter dem Einfluss der Religion steht. Diese Lehre schlagt auch den Transfer kirchlicher Eigentumer in staatsburgerlichen Besitz vor.;;La secularizacion es la actividad de cambiar algo, como el arte o la educacion, de modo que ya no est?bajo el control o la influencia de la religion. Esta doctrina tambien propone la transferencia de la propiedad del poder eclesiastico al poder civil.;x;;;;;;;;;;;;;;;;;;;;;;;;;;;;;;;;;;;;;;;;;;;;
social_conscience;Социальное сознание;Conscience sociale;Soziales Gewissen;;Conciencia social;x;;;;;;;;;;;;;;;;;;;;;;;;;;;;;;;;;;;;;;;;;;;;
social_conscience_desc;Социальное сознание — это мотивация, логически вытекающая из этических или моральных принципов, которые управляют обществом, а также мыслями и действиями отдельного человека.;La conscience sociale est la motivation decoulant logiquement de principes ethiques ou moraux qui gouvernent la societ? mais aussi les pensees et les actions de l'individu.;Soziales Gewissen ist die logisch von ethischen oder moralischen Prinzipien abgeleitete Motivation, die Gesellschaften sowie die Gedanken und Handlungen von Individuen leitet.;;La conciencia social es una motivacion derivada logicamente de los principios de etica o moral que rigen una sociedad, ademas de los pensamientos y las acciones individuales.;x;;;;;;;;;;;;;;;;;;;;;;;;;;;;;;;;;;;;;;;;;;;;
egalitarianism;Эгалитаризм;Egalitarisme;Egalitarismus;;Igualitarismo;x;;;;;;;;;;;;;;;;;;;;;;;;;;;;;;;;;;;;;;;;;;;;
egalitarianism_desc;Эгалитаризм — это учение о равенстве людей и желательности политического, экономического и социального равенства.;L'egalitarisme est la doctrine de l'egalit?des hommes et de l'attrait de l'egalit?politique, economique et sociale.;Der Egalitarismus ist die Lehre von der Gleichheit der Menschen und der Erwunschtheit von politischer, wirtschaftlicher und sozialer Gleichberechtigung.;;El igualitarismo es la doctrina de la igualdad de la humanidad y la deseabilidad de la igualdad politica, economica y social.;x;;;;;;;;;;;;;;;;;;;;;;;;;;;;;;;;;;;;;;;;;;;;
collectivism;Коллективизм;Collectivisme;Kollektivismus;;Colectivismo;x;;;;;;;;;;;;;;;;;;;;;;;;;;;;;;;;;;;;;;;;;;;;
collectivism_desc;Коллективизм — это политическая теория, согласно которой народ должен владеть всеми средствами производства.;Le collectivisme est une theorie politique selon laquelle le peuple devrait posseder l'ensemble des moyens de production.;Der Kollektivismus ist eine politische Theorie, die besagt, dass allen Menschen dieselben Produktionsmittel zur Verfugung stehen sollten.;;El colectivismo es una teoria politica que promulga que la gente deberia ser duena de todos los medios de produccion.;x;;;;;;;;;;;;;;;;;;;;;;;;;;;;;;;;;;;;;;;;;;;;
determinism;Детерминизм;Determinisme;Determinismus;;Determinismo;x;;;;;;;;;;;;;;;;;;;;;;;;;;;;;;;;;;;;;;;;;;;;
determinism_desc;Детерминизм — философская доктрина, утверждающая, что все события являются неизбежными следствиями достаточных причин. Это часто понимается как отрицание возможности свободной воли.;Le determinisme est une doctrine philosophique affirmant que chaque evenement est la consequence inevitable de causes suffisantes. On le percoit souvent comme le rejet du libre-arbitre.;Der Determinismus ist eine philosophische Denkrichtung, die alle Ereignisse als unvermeidbare Konsequenzen hinreichender Grunde sieht. Dies wird oft als die Leugnung der Moglichkeit freien Willens gesehen.;;El determinismo es una doctrina filosofica que mantiene que todos los acontecimientos son consecuencias inevitables o causas suficientes. A menudo esto se entiende como una negacion de la posibilidad del libre albedrio.;x;;;;;;;;;;;;;;;;;;;;;;;;;;;;;;;;;;;;;;;;;;;;
atheism;Атеизм;Atheisme;Atheismus;;Ateismo;x;;;;;;;;;;;;;;;;;;;;;;;;;;;;;;;;;;;;;;;;;;;;
atheism_desc;Атеизм — это учение или вера в то, что Бога нет. Люди, разделяющие эту веру, часто прибегают к различным средствам, чтобы компенсировать отсутствие «высшей фигуры».;L'atheisme est la doctrine ou la croyance selon laquelle Dieu n'existe pas Les personnes qui partagent cette croyance ont souvent recours ?d'autres moyens pour compenser l'absence d'un etre superieur.;Atheismus ist die Lehre oder Uberzeugung, dass es keinen Gott gibt. Menschen, die dieser Uberzeugung anhangen, greifen oft zu anderen Mitteln, um das Fehlen eines 'hohergestellten Wesens' zu kompensieren.;;El ateismo es la doctrina de la creencia en que no hay Dios. La gente que comparte esta creencia recurre con frecuencia a medios diversos para compensar la ausencia de una 'figura superior'.;x;;;;;;;;;;;;;;;;;;;;;;;;;;;;;;;;;;;;;;;;;;;;
social_justice;Социальная справедливость;Justice sociale;Soziale Gerechtigkeit;;Justicia social;x;;;;;;;;;;;;;;;;;;;;;;;;;;;;;;;;;;;;;;;;;;;;
social_justice_desc;Социальная справедливость заключается в предотвращении нарушений прав человека и обеспечении соблюдения международного права.;La justice sociale consiste ?empecher les droits de l'homme d'etre bafoues et ?s'assurer de l'application du droit international. ;Soziale Gerechtigkeit dreht sich um die Verhinderung von Menschenrechtsverletzungen und die Gewahrleistung der Entsprechung internationaler Gesetze.;;La justicia social trata de impedir los abusos de los derechos humanos y de asegurar la adhesion a la ley internacional.;x;;;;;;;;;;;;;;;;;;;;;;;;;;;;;;;;;;;;;;;;;;;;
state_n_government;Государство и правительство;Etat et Gouvernement;Staat & Regierung;;Estado y Gobierno;x;;;;;;;;;;;;;;;;;;;;;;;;;;;;;;;;;;;;;;;;;;;;
state_n_government_desc;Государство и правительство;Etat et Gouvernement;Staat & Regierung;;Estado y Gobierno;x;;;;;;;;;;;;;;;;;;;;;;;;;;;;;;;;;;;;;;;;;;;;
populism_vs._establishment;Популизм против истеблишмента;Populisme contre Ordre etabli;Populismus contra Establishment;;Populismo contra sistema;x;;;;;;;;;;;;;;;;;;;;;;;;;;;;;;;;;;;;;;;;;;;;
populism_vs._establishment_desc;Для получения власти будущий политик обычно пытался получить поддержку людей, уже хорошо зарекомендовавших себя в элите. Это был самый простой путь для восхождения по лестнице власти, но меньшинство из них, в основном выходцы из более либеральной буржуазии, вместо этого делали ставку на поддержку необразованных масс, исключенных из политической сцены.;;Zur Erlangung von Macht versuchten aufstrebende Politiker normalerweise, sich die Unterstutzung von etablierten Mitgliedern der gesellschaftlichen Elite zu sichern. Dies war der einfachste Weg, nach oben zu kommen, doch einige weniger aufstrebende Politiker, die dem liberaleren Burgertum entstammten, setzten stattdessen eher auf die Unterstutzung der ungebildeten Massen, die nicht zur Politszene gehorten.;;Para ganar poder, lo normal es que el aspirante a politico intentara conseguir el apoyo de la gente ya establecida en la elite. Era el camino mas sencillo para ascender por la piramide del poder, pero una minoria, proveniente sobre todo de una burguesia mas liberal, apost?por el apoyo de la masa inculta, excluida de la escena politica.;x;;;;;;;;;;;;;;;;;;;;;;;;;;;;;;;;;;;;;;;;;;;;
clericalism_vs._anticlericalism;Клерикализм против антиклерикализма;Clericalisme contre Anticlericalisme;Klerikalismus contra Antiklerikalismus;;Clericalismo contra anticlericalismo;x;;;;;;;;;;;;;;;;;;;;;;;;;;;;;;;;;;;;;;;;;;;;
clericalism_vs._anticlericalism_desc;Элиты на протяжении столетий были в союзе с духовенством для поддержания общественного порядка посредством веры в Бога и Его церковь. Распространение идей, унаследованных от Французской революции и Промышленной революции, усилило среди либералов и социалистов мысль о том, что и государство, и общество должны быть освобождены от ига религии.;;Die gesellschaftlichen Eliten hatten sich zur Beibehaltung der sozialen Ordnung durch den Glauben an Gott und seine Kirche jahrhundertelang mit dem Klerus verbundet. Die Verbreitung der Ideen der franzosischen und industriellen Revolution forderten bei Liberalen wie Sozialisten den Gedanken, dass sowohl Staat als auch Gesellschaft vom Joch der Religion befreit werden musste.;;Durante siglos, las elites han estado aliadas con el clero para mantener el orden social a traves de la fe en Dios y en Su Iglesia. Una expansion de las ideas heredadas de la Revolucion Francesa y la Revolucion Industrial impuls?entre los liberales y los socialistas la idea de que tanto el estado como la sociedad tenian que quedar libres del yugo de la religion.;x;;;;;;;;;;;;;;;;;;;;;;;;;;;;;;;;;;;;;;;;;;;;
bureaucracy_vs._nepotism;Бюрократия против непотизма;Bureaucratie contre Nepotisme;Burokratie contra Nepotismus;;Burocracia contra nepotismo;x;;;;;;;;;;;;;;;;;;;;;;;;;;;;;;;;;;;;;;;;;;;;
bureaucracy_vs._nepotism_desc;Государственные службы, всегда стремящиеся к максимальной эффективности, постепенно пытались освободиться от политического контроля. Они начали устанавливать собственные наборы правил и нанимать собственный персонал. В других странах, однако, государственные служащие выбирались среди политических сторонников и союзников. Таким образом, с помощью покровительства администрация держалась в узде.;;Der offentliche Dienst, stets um maximale Effizienz bemuht, versuchte zunehmend, sich von der politischen Kontrolle zu befreien. Man begann damit, eigene Vorschriften einzufuhren und eigenes Personal einzustellen. In anderen Landern wurden Beamte aber aus den Reihen politischer Unterstutzer und Verbundeter rekrutiert. Die Administration wurde durch Gonnerschaft so bei der Stange gehalten.;;El funcionariado, siempre a la busqueda de la maxima eficacia, intentaba liberarse progresivamente del control politico. Empezaron por establecer sus propios sistemas de reglas y a contratar personal propio. Sin embargo, en otros paises, los funcionarios eran elegidos entre partidarios politicos y aliados. As? mediante el uso de influencias, se mantuvo a raya a la administracion.;x;;;;;;;;;;;;;;;;;;;;;;;;;;;;;;;;;;;;;;;;;;;;
meritocracy_vs._aristocracy;Меритократия против аристократии;Meritocratie contre Aristocratie;Meritokratie contra Aristokratie;;Meritocracia contra aristocracia;x;;;;;;;;;;;;;;;;;;;;;;;;;;;;;;;;;;;;;;;;;;;;
meritocracy_vs._aristocracy_desc;Рождение и кровь всегда были невыносимым ограничением для амбиций буржуазии. Для них, по логике, люди с талантами и заслугами должны были продвигаться. Однако привилегии старой аристократии удерживали простолюдинов в низших слоях, поскольку только знатность рождения и традиции были единственными определяющими факторами для сильнейшего из людей.;;Geburt und Blut hatten fur die Ambitionen des Burgertums schon immer untragbare Grenzen dargestellt. Das Burgertum war der logischen Ansicht, dass nur begabte und verdiente Manner befordert werden sollte. Die Privilegien des alten Adels beschrankte die Gemeinen aber weiterhin auf untergeordnete Rollen, da die Eignung eines Mannes fur eine Aufgabe einzig und allein durch Geburt und Tradition bestimmt wurde.;;El nacimiento y la sangre siempre fueron limites insoportables para las ambiciones de la burguesia. Logicamente, ellos promulgaban que debian promocionarse los talentos y los meritos. No obstante, los privilegios de la vieja aristocracia mantenian a los plebeyos en los estratos inferiores, ya que solo la nobleza de nacimiento y tradicion determinaba quienes eran los hombres mas capacitados.;x;;;;;;;;;;;;;;;;;;;;;;;;;;;;;;;;;;;;;;;;;;;;
nationalism_n_imperialism;Национализм и империализм;Nationalisme et Imperialisme;Nationalismus & Imperialismus;;Nacionalismo e Imperialismo;x;;;;;;;;;;;;;;;;;;;;;;;;;;;;;;;;;;;;;;;;;;;;
nationalism_n_imperialism_desc;Национализм и империализм;Nationalisme et Imperialisme;Nationalismus & Imperialismus;;Nacionalismo e Imperialismo;x;;;;;;;;;;;;;;;;;;;;;;;;;;;;;;;;;;;;;;;;;;;;
national_fraternity;Национальное Братство;Fraternit?nationale;Nationale Bruderschaft;;Fraternidad nacional;x;;;;;;;;;;;;;;;;;;;;;;;;;;;;;;;;;;;;;;;;;;;;
national_fraternity_desc;Сплоченность наций не всегда строится на пролитой крови других наций. Она также строится на вере в то, что люди внутри территориального образования подобны братьям, разделяющим общие цели, связи и символы. Открытие общего прошлого и сходства в культуре гарантирует, что люди все еще хотят жить вместе внутри одной нации, даже вопреки внешней угрозе.;;Der Zusammenhalt von Nationen wird nicht immer durch Blutvergiessen im Kampf mit anderen Nationen gebildet. Sie grundet auch auf der Uberzeugung, dass die Bevolkerungen einer territorialen Einheit wie Bruder sind, die gemeinsame Ziele, Bande und Symbole teilen. Die Entdeckung einer gemeinsamen Vergangenheit und kulturelle Ubereinstimmungen stellten sicher, dass sie auch im Angesicht externer Bedrohungen als eine Nation zusammenleben wollten.;;La cohesion de los paises no se edifica siempre sobre la sangre derramada de otras naciones. Tambien se construye mediante la creencia de que las personas dentro de una entidad territorial son como hermanos que comparten metas, lazos y simbolos comunes. El descubrimiento de un pasado comun y de semejanzas entre culturas asegura que la gente aun desee permanecer unida dentro de un pais, incluso contra una amenaza externa.;x;;;;;;;;;;;;;;;;;;;;;;;;;;;;;;;;;;;;;;;;;;;;
biased_multiculturalism;Предвзятый мультикультурализм;Multiculturalisme partial;Voreingenommener Multikulturalismus;;Multiculturalismo parcial;x;;;;;;;;;;;;;;;;;;;;;;;;;;;;;;;;;;;;;;;;;;;;
biased_multiculturalism_desc;Мультикультурализм означает принятие того, что многие культуры могут сосуществовать на равных внутри политического образования. Однако некоторые культуры более равны, чем другие. В то время как представителей некоторых культур могут приветствовать с распростертыми объятиями, другие, с другой стороны, либо считаются «персоной нон грата», либо изгоняются, либо даже поощряются покинуть страну.;;Multikulturalismus bedeutet die Akzeptanz, dass viele Kulturen miteinander in derselben politischen Einheit existieren. Manche Kulturen sind sich jedoch ahnlicher als andere. Wahrend einige Kulturen mit offenen Armen willkommen geheissen werden, sind andere unerwunscht und werden zum Verlassen des Landes aufgefordert, oder gar vertrieben.;;El multiculturalismo significa la aceptacion de que pueden cohabitar muchas culturas en igualdad dentro de una misma entidad politica. Sin embargo, algunas culturas son mas iguales que otras. Mientras que los miembros de algunas de ellas pueden ser recibidos con los brazos abiertos, otros son considerados como 'personas non grata', expulsados o incluso 'animados' a abandonar el pais.;x;;;;;;;;;;;;;;;;;;;;;;;;;;;;;;;;;;;;;;;;;;;;
manifest_destiny;Явная Судьба;Destin manifeste;Manifest Destiny;;Destino manifiesto;x;;;;;;;;;;;;;;;;;;;;;;;;;;;;;;;;;;;;;;;;;;;;
manifest_destiny_desc;Доктрина «Явного предначертания» впервые появилась в Соединенных Штатах в 1840-х годах для оправдания необходимости расширения на запад. Уже в 1823 году доктрина Монро запретила Америке европейскую колонизацию. У Соединенных Штатов появилась новая обязанность достичь своих континентальных границ и распространить свою цивилизацию по всему континенту. Основная идея заключалась в том, что нация была обречена на величие и экспансию.;;Die Lehre der 'Manifest Destiny' kam zuerst in den 1840er Jahren in den USA auf, um deren Westexpansion zu rechtfertigen. Bereits 1823 hatte die Monroe-Doktrin ein Ende aller europaischer Kolonialisierungsbestrebungen gefordert. Die USA hat die neue Pflicht, ihre kontinentalen Grenzen zu erreichen und ihre Zivilisation uber den gesamten Kontinent auszudehnen. Die grundlegende Idee war, dass die Nation zu Grosse und Expansion bestimmt war.;;La doctrina del 'Destino manifiesto' apareci?por primera vez en los EE.UU. en la decada de 1840 para justificar su necesidad de expansion por el oeste. Ya en 1823, la Doctrina Monroe habia prohibido la colonizacion de America por los europeos. Los Estados Unidos tenian el cometido de llegar hasta sus limites continentales y expandir su civilizacion por todo el continente. La idea basica era que el pais estaba destinado a la grandeza y la expansion.;x;;;;;;;;;;;;;;;;;;;;;;;;;;;;;;;;;;;;;;;;;;;;
expansionism;Экспансионизм;Expansionnisme;Expansionismus;;Expansionismo;x;;;;;;;;;;;;;;;;;;;;;;;;;;;;;;;;;;;;;;;;;;;;
expansionism_desc;Экспансионистская страна стремится расширить свою территорию, влияние или власть над территорией, населением или политическим образованием любыми средствами, которые она считает необходимыми, в конечном итоге путем использования вооруженной силы. Когда это угрожает миру и стабильности, соседние государства и великие державы редко позволяют стране расширяться силой, не отвечая на угрозу.;;Ein expansionistisches Land strebt danach, mit Hilfe aller notwendigen Mittel, selbst dem Einsatz von Waffengewalt, sein Territorium zu erweitern bzw. Einfluss oder Macht uber ein Territorium, eine Bevolkerung oder eine politische Einheit zu erlangen. Da dies Frieden und Stabilitat gefahrdet, lassen Nachbarlander und Grossmachte gewaltsame Expansionen selten unbeantwortet.;;Un pais expansionista busca expandir su territorio, influencia o poder por un territorio, poblacion o entidad politica por cualquier medio que se considere necesario y, en ultimo extremo, mediante la accion armada. Como esta forma de actuar amenaza la paz y la estabilidad, los estados vecinos y las grandes potencias raramente dejan que un pais se extienda por la fuerza sin responder a la amenaza.;x;;;;;;;;;;;;;;;;;;;;;;;;;;;;;;;;;;;;;;;;;;;;
mission_to_civilize;Миссия по цивилизации;Mission civilisatrice;Zivilisierungsmission;;La mision civilizadora;x;;;;;;;;;;;;;;;;;;;;;;;;;;;;;;;;;;;;;;;;;;;;
mission_to_civilize_desc;Это была идея, что то, что определялось как нецивилизованный мир, должно быть цивилизовано, и что его обитатели были подобны детям, которых нужно было просвещать справедливой, но жесткой рукой. Это была идеология, которая руководила и оправдывала колонизацию и оккупацию, проводимые Великими державами.;;Dies war die Idee, dass der als unzivilisiert definierte Teil der Welt zivilisiert werden musste. Die dortige Bevolkerung wurden wie Kinder angesehen, die zur Erleuchtung eine gerechte aber harte Hand benotigten. Diese Ideologie fuhrte zu den Kolonisierungen und Besetzungen der Grossmachte und rechtfertigte sie.;;Era la idea de que habia que civilizar el mundo incivilizado y de que sus habitantes eran como ninos que tenian que ser iluminados por una mano justa pero severa. Fue la idea que provoc?y justific?la colonizacion y la ocupacion llevadas a cabo por las grandes potencias.;x;;;;;;;;;;;;;;;;;;;;;;;;;;;;;;;;;;;;;;;;;;;;
separatism;сепаратизм;Separatisme;Separatismus;;Separatismo;x;;;;;;;;;;;;;;;;;;;;;;;;;;;;;;;;;;;;;;;;;;;;
separatism_desc;Идея национального суверенитета и представление о том, что народ — это отдельная группа, основанная на крови и языке и имеющая определенные права, развивались в течение столетия, и в ряде мест эти этнические группы начали бороться за независимость.;;Diese Idee drehte sich um nationale Souveranitat und die Auffassung, dass ein Volk aufgrund von Blut und Sprache eine eigenstandige Gruppe mit bestimmten Rechten ist, und entwickelte sich im Laufe des Jahrhunderts. Mehrfach begannen diese ethnischen Gruppen, nach Unabhangigkeit zu streben.;;La idea de la soberania nacional y de que un pueblo es un grupo diferenciado basado en razones de sangre y de idioma y dotado de ciertos derechos, evolucion?durante este siglo. En varios puntos distintos, estos grupos etnicos comenzaron a trabajar por la independencia.;x;;;;;;;;;;;;;;;;;;;;;;;;;;;;;;;;;;;;;;;;;;;;
national_trauma;Национальная травма;Traumatisme national;Nationales Trauma;;Trauma nacional;x;;;;;;;;;;;;;;;;;;;;;;;;;;;;;;;;;;;;;;;;;;;;
national_trauma_desc;Когда населению годами говорили, что оно непобедимо, и вдруг оно проигрывает войну, это может спровоцировать национальную травму. Это означает, что слишком много психологической энергии тратится на попытки понять, почему страна была проиграна и кого следует считать ответственным. Иногда это может спровоцировать реваншизм.;;Wenn einer Bevolkerung jahrelang die eigene Unbesiegbarkeit suggeriert wird und dann plotzlich die Niederlage in einem Krieg folgt, kann ein nationales Trauma ausgelost werden. Dies bedeutet, dass zu viele psychologische Energie aufgewendet wird, den Grund der Niederlage zu verstehen und wer dafur verantwortlich gemacht werden sollte. Manchmal kann dies Revanchismus auslosen.;;Cuando a un pueblo se le ha repetido durante siglos que es invencible y de repente pierde una guerra, puede sufrir un trauma nacional. En tales circunstancias, invierte gran cantidad de energia sicologica para tratar de entender por qu?se ha perdido y quien es el responsable. A veces esto puede provocar la aparicion de revanchismo.;x;;;;;;;;;;;;;;;;;;;;;;;;;;;;;;;;;;;;;;;;;;;;
revanchism;Реваншизм;Revanchisme;Revanchismus;;Revanchismo;x;;;;;;;;;;;;;;;;;;;;;;;;;;;;;;;;;;;;;;;;;;;;
revanchism_desc;Проиграв важную войну главному конкуренту, многие группы населения будут призывать к мести и новой войне, чтобы смыть грязь с чести нации.;Apres avoir perdu une guerre importante face ?un adversaire majeur, de nombreux groupes reclameront vengeance et souhaiteront une nouvelle guerre pour laver l'honneur de la Nation.;Nach der Niederlage in einem wichtigen Krieg gegen einen Hauptwidersacher werden viele Bevolkerungsgruppen nach Rache und einem Krieg verlangen, um die Ehre der Nation wiederherzustellen.;;Tras perder una guerra importante contra un gran enemigo, buena parte de la poblacion pedir?venganza y una nueva guerra para limpiar el Honour de la nacion.;x;;;;;;;;;;;;;;;;;;;;;;;;;;;;;;;;;;;;;;;;;;;;
revolution_n_counterrevolution;Революция и Контрреволюция;Revolution et Contre-revolution;Revolution & Konterrevolution;;Revolucion y Contrarrevolucion;x;;;;;;;;;;;;;;;;;;;;;;;;;;;;;;;;;;;;;;;;;;;;
revolution_n_counterrevolution_desc;Революция и Контрреволюция;Revolution et Contre-revolution;Revolution & Konterrevolution;;Revolucion y Contrarrevolucion;x;;;;;;;;;;;;;;;;;;;;;;;;;;;;;;;;;;;;;;;;;;;;
dogma_of_violence;Догма насилия;Dogme de la violence;Dogma der Gewalt;;Dogma de violencia;x;;;;;;;;;;;;;;;;;;;;;;;;;;;;;;;;;;;;;;;;;;;;
dogma_of_violence_desc;В определенный момент из общего радикализма развилась линия мысли, которая представляла собой догмат насилия, подразумевавший, что только насильственными методами можно устранить старое общество и создать новое.;Le dogme de la violence est issu du radicalisme general de l'epoque. Il affirmait que seule la violence permettait de changer l'ancienne societ?pour en batir une nouvelle.;Zu einem bestimmten Zeitpunkt entwickelte sich aus dem allgemeinen Revanchismus eine Denkrichtung heraus, die als Dogma der Gewalt bekannt werden sollte: Hierbei ging es darum, dass die alte Gesellschaft nur mit Hilfe von Gewalt entfernt und mit einer neuen ersetzt werden konnte.;;Una idea que se desgran?del radicalismo general a partir de cierto punto fue el dogma de la violencia, que significaba que solo se podia eliminar la vieja sociedad y reemplazarla con otra por medios violentos.;x;;;;;;;;;;;;;;;;;;;;;;;;;;;;;;;;;;;;;;;;;;;;
dogma_of_mass_action;Догмат Массового Действия;Dogme de l'action de masse;Dogma der Massenaktion;;Dogma de la accion en masa;x;;;;;;;;;;;;;;;;;;;;;;;;;;;;;;;;;;;;;;;;;;;;
dogma_of_mass_action_desc;В определенный момент из общего радикализма развилась догма массового действия, которая означала, что только посредством массовых действий, таких как митинги и забастовки, можно поднять уровень сознания рабочего настолько, чтобы он понял, что для него хорошо.;;Zu einem bestimmten Zeitpunkt entwickelte sich aus dem allgemeinen Revanchismus eine Denkrichtung heraus, die als Dogma der Massenaktion bekannt werden sollte: Hierbei ging es darum, dass sich der einfache Arbeiter durch Massenaktionen wie Demonstrationen und Streiks bewusst werden konnte, was gut fur ihn ist.;;Una idea que se desgran?del radicalismo general a partir de cierto punto fue el dogma de la accion en masa, que significaba que solo mediante acciones colectivas como las huelgas o los mitines se podia elevar lo suficiente el nivel de consciencia del obrero como para que entendiera qu?era lo mejor para el.;x;;;;;;;;;;;;;;;;;;;;;;;;;;;;;;;;;;;;;;;;;;;;
terrorism;Терроризм;Terrorisme;Terrorismus;;Terrorismo;x;;;;;;;;;;;;;;;;;;;;;;;;;;;;;;;;;;;;;;;;;;;;
terrorism_desc;Используя бессистемное насилие, общественность узнает злобное лицо полицейского государства и его слепое правосудие, которое нещадно преследует невинных.;La violence aveugle est destinee ?forcer le public ?ouvrir les yeux sur la face cachee de l'etat policier et sur l'aveuglement de sa justice qui frappe les innocents.;Durch den wahllosen Einsatz von Gewalt konnte der Offentlichkeit die bose Fratze des Polizeistaats durch seine Willkur Unschuldigen gegenuber vor Augen gefuhrt werden.;;Mediante el uso de la violencia indiscriminada, el publico llegaria a conocer el rostro malvado del estado policial y su justicia ciega volviendose contra los inocentes.;x;;;;;;;;;;;;;;;;;;;;;;;;;;;;;;;;;;;;;;;;;;;;
general_strikes;Всеобщие забастовки;Greve generale;Generalstreiks;;Huelgas generales;x;;;;;;;;;;;;;;;;;;;;;;;;;;;;;;;;;;;;;;;;;;;;
general_strikes_desc; В то время политические цели достигались посредством всеобщих забастовок или даже путем угрозы их проведения.;?cette epoque, la greve generale, voire simplement sa menace, pouvait permettre d'atteindre des objectifs politiques. ;Zu diesem Zeitpunkt konnten politische Ziele mit Hilfe von Generalstreiks oder gar mit deren blossen Androhung erreicht werden.;;En esta epoca se podian alcanzar objetivos politicos mediante huelgas generales (o la amenaza de convocarlas). ;x;;;;;;;;;;;;;;;;;;;;;;;;;;;;;;;;;;;;;;;;;;;;
secret_police;Тайная полиция;Police secrete;Geheimpolizei;;Policia secreta;x;;;;;;;;;;;;;;;;;;;;;;;;;;;;;;;;;;;;;;;;;;;;
secret_police_desc;Этот особый отдел полиции был создан для борьбы с политическими группами, не уважающими существующий порядок. Для людей в целом это может быть понято либо как справедливый и хороший институт, либо как злое репрессивное лицо власти.;Ce departement special de la police fut cree pour s'occuper des groupes politiques qui ne respectaient pas l'ordre etabli. Les gens la percevaient soit comme une bonne et honnete institution, soit comme la face diabolique et repressive du pouvoir.;Diese Spezialabteilung der Polizei wurde geschaffen, um politischen Gruppen, die die herrschende Ordnung nicht respektieren, Einhalt zu gebieten. Von der Bevolkerung konnte dies im Allgemeinen als gerechte und gute Einrichtung oder als boses Unterdruckungswerkzeug des Staats verstanden werden.;;Este departamento especial de la policia se instituy?para perseguir a grupos politicos contrarios al orden actual. El publico en general lo veria como una institucion justa y fiable o como la cara mas malvada y represiva del poder.;x;;;;;;;;;;;;;;;;;;;;;;;;;;;;;;;;;;;;;;;;;;;;
womens_suffrage_movement;Движение за женское избирательное право;Mouvement des suffragettes;Frauenrechtsorganisation;;Movimiento sufragista femenino;x;;;;;;;;;;;;;;;;;;;;;;;;;;;;;;;;;;;;;;;;;;;;
womens_suffrage_movement_desc;Это протестное движение имело своей целью поднять подчиненное положение женщин, а также предоставить им право голоса. Они использовали пассивное сопротивление, протесты и марши. Насилие, применяемое против них, было отвергнуто во многих кругах, и в конечном итоге женщины победили. Но еще будет много битв, которые нужно выиграть...;;Diese Protestbewegung richtete sich gegen die Unterdruckung der Frauen und setzte sich fur deren Wahlrecht ein. Zur Erreichung dieser Ziele wurde passiver Widerstand, Proteste und Marsche eingesetzt. Die gegen sie eingesetzte Gewalt wurde in vielen Kreisen verurteilt und schliesslich trugen die Frauen den Sieg davon. Ihnen standen aber noch viele Kampfe bevor ...;;El objetivo de este movimiento era mejorar la posicion de la mujer y otorgarle derechos electorales. Sus medios de accion eran la resistencia pasiva, las protestas y las marchas. La violencia empleada contra ellas provoc?rechazo en muchos circulos y, finalmente, las mujeres se salieron con la suya. No obstante, aun hoy quedan muchas batallas por librar...;x;;;;;;;;;;;;;;;;;;;;;;;;;;;;;;;;;;;;;;;;;;;;
rhetoric_of_hate;Риторика ненависти;Rhetorique de la haine;Hassrhetorik;;Retorica del odio;x;;;;;;;;;;;;;;;;;;;;;;;;;;;;;;;;;;;;;;;;;;;;
rhetoric_of_hate_desc;Это был определенный вид публичной речи, который разжигал ненависть и призывал к насилию против определенной группы в обществе. Большинство правительств пытались запретить и остановить такую деятельность, но в некоторые моменты они не могли этого сделать.;Cette forme specifique de discours public incitait ?la haine et ?la violence ?l'egard d'un groupe particulier de la societ? La plupart des gouvernements essayerent d'interdire et d'empecher de tels agissements, mais n'y parvinrent jamais totalement.;Hierbei handelte es sich um eine besondere Art der offentlichen Rede, die gegen eine bestimmte gesellschaftliche Gruppe Hass schuren und zur Gewalt gegen sie aufrufen sollte. Die meisten Regierungen versuchten, solche Aktivitaten zu verbieten und aufzuhalten, doch manchmal waren sie dazu nicht in der Lage.;;Era una variante de la oratoria politica que incitaba al odio y los impulsos violentos contra determinados grupos sociales. La mayoria de los gobiernos intentaron prohibir e impedir tales actividades, pero no siempre pudieron hacerlo.;x;;;;;;;;;;;;;;;;;;;;;;;;;;;;;;;;;;;;;;;;;;;;
nostalgic_romanticism;Ностальгический романтизм;Romantisme nostalgique;Nostalgische Romantik;;Romanticismo nostalgico;x;;;;;;;;;;;;;;;;;;;;;;;;;;;;;;;;;;;;;;;;;;;;
nostalgic_romanticism_desc;Это была общая культурная тема, где слава прошлого была возведена до почти божественного статуса. Поскольку равенство и множественность были идеями будущего, ностальгический романтизм быстро стал реакционным движением, поднимающим кубок за абсолютную монархию и церковь отцов.;;Dies war ein allgemeines kulturelles Thema, bei dem die Glorie vergangener Zeiten auf annahernd gottliches Niveau gehoben wurde. Da Gleichberechtigung und Pluralitat zukunftsweisende Ideen waren, entwickelte sich in Form der nostalgischen Romantik schnell eine reaktionare Bewegung, die auf die absolute Monarchie und die Kirche der Vorvater das Glas erhob.;;Una idea cultural general en la que las glorias del pasado se elevaban a una condicion cuasi divina. Como la igualdad y la pluralidad eran ideas del futuro, el romanticismo nostalgico no tard?en convertirse en un movimiento reaccionario que enarbolaba las banderas de la monarquia absoluta y la iglesia de los padres.;x;;;;;;;;;;;;;;;;;;;;;;;;;;;;;;;;;;;;;;;;;;;;
anti_egalitarianism;Антиэгалитаризм;Anti-egalitarisme;Anti-Egalitarismus;;Anti-igualitarismo;x;;;;;;;;;;;;;;;;;;;;;;;;;;;;;;;;;;;;;;;;;;;;
anti_egalitarianism_desc;Эта точка зрения основана на теории естественной справедливости, которая гласит, что то, как люди рождаются, никогда не может быть несправедливым. Справедливость полностью относительна. Эффект в том, что точка зрения о том, что должны быть предприняты действия для увеличения равенства, является неверной, если такие действия не исправляют юридическую ошибку.;;Die Ansicht basiert auf der Theorie des Naturrechts, dass die Geburt des Einzelnen niemals ungerecht sein kann und dass die Gerechtigkeit vollkommen rational ist. Dies bedeutete, dass die Ansicht, Handlungen mussten zur Steigerung der Gleichberechtigung unternommen werden, falsch war, falls solche Handlungen keinen rechtlichen Fehler korrigierten.;;Esta idea se basaba en la teoria de la justicia natural, que afirma que no puede haber injusticia en la condicion de nacimiento. La justicia se basa por completo en la relacion. Su consecuencia es que cualquier accion encaminada a aumentar la igualdad es un error, salvo que sea para corregir un error legal.;x;;;;;;;;;;;;;;;;;;;;;;;;;;;;;;;;;;;;;;;;;;;;
vangaurd_party;Партия Авангарда;Parti d'avant-garde;Vorreiterpartei;;Partido vanguardia;x;;;;;;;;;;;;;;;;;;;;;;;;;;;;;;;;;;;;;;;;;;;;
vangaurd_party_desc;По мере того, как социалистическое движение росло во влиянии в некоторых промышленных странах, в других обществах, которые были менее индустриализированы, идея о том, что рабочий класс может возглавить свержение государства и захватить власть, была признана ограниченной. Придуманная русским социалистом Владимиром Лениным в 1902 году, концепция авангардной партии заключалась в том, что небольшая группа преданных революционеров могла возглавить борьбу за революцию от имени масс, у которых не было возможности или желания осуществить революцию самостоятельно, и, добившись власти от их имени, установить контроль над государством и провести преобразования, необходимые для достижения конечной цели социалистического движения, утопии рабочего. Хотя концепция идеологического авангарда, захватывающего власть от имени групп в обществе в целом, была наиболее влиятельной в левых политических кругах в начале двадцатого века, она также была влиятельной и справа, поскольку ультранационалистические движения начали двигаться к более конкретной идеологической системе, фашизму;;Wahrend in manchen Industrienationen sozialistische Bewegungen an Einfluss gewannen, erkannte man in weniger industrialisierten Gesellschaften, dass die Idee, die Arbeiterklasse konne den Staat sturzen und die Macht an sich reissen, Einschrankungen unterworfen war. Das vom russischen Sozialisten Wladimir Lenin 1902 gepragte Konzept der Vorreiterpartei besagte, dass eine kleine Gruppe entschlossener Revolutionare den revolutionaren Kampf im Namen der Massen fuhren konnte, denen es selbst an der Fahigkeit oder dem Wunsch zur Durchfuhrung der Revolution fehlte. Dabei sollte die Kontrolle uber den Staat gewonnen und alle notwendigen Anderungen zum Erreichen des ultimativen Ziels der sozialistischen Bewegung, der Arbeiter-Utopie, durchgefuhrt werden. Wahrend das Konzept der ideologischen Vorreiterpartei, im Auftrag gesellschaftlicher Gruppen die Macht zu ergreifen, als Ganzes Anfang des zwanzigsten Jahrhunderts in leninistischen Kreise grossten Einfluss hatte, machte man es sich auch in rechtsgerichteten Kreisen zunutze, als sich ultra-nationalistische Bewegungen einem konkreteren ideologischem System annaherten, namlich dem Faschismus.;;Mientras el socialismo aumentaba su influencia en algunos paises industrializados, en otras sociedades que no lo eran tanto se hizo evidente que la idea de que la clase trabajadora podia encabezar el derrocamiento del Estado y hacerse con el poder era poco probable. Acunado por el socialista revolucionario ruso Vladimir Lenin en 1902, el concepto del partido como vanguardia afirmaba que un pequeno grupo de revolucionarios decididos podia encabezar la lucha por la revolucion en nombre de unas masas que carecian de la capacidad o el deseo de llevarla a cabo por s?mismas y, tras hacerse con el poder en su nombre, controlar todos los resortes del poder y llevar a cabo las transformaciones necesarias para alcanzar el objetivo final del movimiento socialista, la utopia de los trabajadores. Influyente sobre todo en los circulos politicos de izquierda de comienzos del siglo XX, el concepto de una vanguardia ideologica capaz de apoderarse del poder en beneficio de grupos sociales tambien tendria su calado en la derecha cuando los movimientos ultranacionalistas comenzaran a engendrar un sistema ideologico mas concreto, el fascismo.;x;;;;;;;;;;;;;;;;;;;;;;;;;;;;;;;;;;;;;;;;;;;;
mass_politics;Массовая политика;Politique de masse;Massenpolitik;;Politica de masas;x;;;;;;;;;;;;;;;;;;;;;;;;;;;;;;;;;;;;;;;;;;;;
mass_politics_desc;Массовая политика;Politique de masse;Massenpolitik;;Politica de masas;x;;;;;;;;;;;;;;;;;;;;;;;;;;;;;;;;;;;;;;;;;;;;
the_doctrine_of_fascism;Доктрина фашизма;La doctrine du fascisme;Die faschistische Doktrin;;La doctrina del fascismo;x;;;;;;;;;;;;;;;;;;;;;;;;;;;;;;;;;;;;;;;;;;;;
the_doctrine_of_fascism_desc;Распространение революционного коммунизма в начале двадцатого века как потенциальной альтернативной модели либеральному капитализму как основе организации общества привело бы к развитию новых моделей политического правого толка, которые стремились предложить третью альтернативу, которая заменила бы слабости, присущие либеральным капиталистическим системам, не способствуя социальной революции, которая лишила бы власти и статуса высшие и средние классы. К началу 1920-х годов такая модель кристаллизовалась бы в эволюции фашизма. Хотя и менее строго определенный с точки зрения идеологического содержания, чем коммунизм, фашизм в своей основе призывал к реорганизации государства на благо нации в целом, чтобы все, кто определяется как члены национального сообщества, независимо от социально-экономического класса, получали преимущества современного индустриального общества. Это было бы достигнуто путем подчинения желаний и забот отдельного человека потребностям нации под руководством единой партии, которая управляла бы в соответствии с потребностями нации в целом и готовила нацию к успешной конкуренции с другими нациями за власть и влияние в мире. Полностью разработанный в трудах итальянца Джованни Джентиле в начале 1930-х годов, фашизм как альтернатива либеральному капитализму и коммунизму быстро развивался в начале двадцатого века.;;Die Verbreitung des revolutionaren Kommunismus Anfang des zwanzigsten Jahrhunderts als potentielles Alternativmodell zum Liberalkapitalismus als Grundlage der gesellschaftlichen Organisation fuhrte zur Entwicklung neuer Modelle durch die politische Rechte. Diese wollte eine dritte Alternative anbieten, die die inharente Schwache von Liberalkapitalismussystemen beseitigen sollte, ohne dabei eine soziale Revolution zu fordern, die der Ober- und Mittelschicht Macht und Status aberkannt hatte. In den fruhen 1920er Jahren sollte sich so ein Modell in Form des Faschismus herauskristallisieren. Obwohl der Faschismus bezuglich des ideologischen Inhalts weniger rigoros formuliert war als der Kommunismus, war eine seiner Hauptforderungen die Neuorganisation des Staats zum Vorteil der gesamten Nation. So sollte gewahrleistet werden, dass alle definierten Mitglieder der nationalen Gemeinschaft ungeachtet ihrer sozialokonomischen Klasse von den Vorzugen der modernen Industriegesellschaft profitierten. Dies sollte durch die Subsumierung der Wunsche und Sorgen des Individuums unter die Bedurfnisse der Nation und Fuhrung einer einzelnen Partei erreicht werden, die die Nation gemass ihrer Bedurfnisse als Einheit regieren und sie zum erfolgreichen Wettstreit um Macht und Einfluss mit anderen Nationen vorbereiten wurde. Der Faschismus wurde Anfang der 1930er Jahre in den Schriften des Italieners Giovanni Gentile in vollem Umfang als Alternative fur Liberalkapitalismus und Kommunismus ausgearbeitet, und erfreute sich im fruhen zwanzigsten Jahrhundert wachsender Beliebtheit.;;El ascenso del comunismo revolucionario a comienzos del siglo XX como alternativa potencial de organizacion social al capitalismo liberal conduciria al nacimiento de nuevos modelos en el campo de la derecha, modelos que buscarian ofrecer una tercera alternativa capaz de reemplazar la debilidad inherente a los sistemas capitalistas, sin promover una revolucion que arrebatara el poder y el estatus a las clases media y alta. A comienzos de los anos 20, estas tendencias cristalizarian en el nacimiento del fascismo. Aunque menos riguroso en terminos ideologicos que el comunismo, el fascismo buscaba la reorganizacion del estado en beneficio de la nacion en su conjunto, de modo que todos los miembros de la comunidad nacional, independientemente de su clase socioeconomica, recibieran los beneficios de la sociedad industrializada moderna. Esto se conseguiria sometiendo los deseos y preocupaciones de los individuos a las necesidades de la nacion, bajo el liderazgo de un solo partido capaz de gobernar pensando en las necesidades de esta y de prepararla para competir con exito con otras por el poder y la influencia mundiales. Elaborado en su totalidad por los escritos del italiano Giovanni Gentile a comienzos de los 30, el fascismo, como alternativa al capitalismo y al comunismo, experimentaria un acelerado crecimiento en los primeros anos del siglo.;x;;;;;;;;;;;;;;;;;;;;;;;;;;;;;;;;;;;;;;;;;;;;
paramilitary_groups;Военизированные формирования;Groupes paramilitaires;Paramilitarische Gruppen;;Grupos paramilitares;x;;;;;;;;;;;;;;;;;;;;;;;;;;;;;;;;;;;;;;;;;;;;
paramilitary_groups_desc;В результате огромных потребностей в рабочей силе военных в эпоху промышленной войны восстановление мира часто приводило к созданию большого количества ветеранов, многим из которых было трудно приспособиться к возвращению к гражданской жизни и которые обладали базовой военной подготовкой, которую можно было использовать в случае необходимости. С ростом революционных движений слева и особенно справа, потенциальное использование недовольных ветеранов военных с целью оспаривания действий и влияния идеологических оппонентов быстро росло. Их существование и рост во времена политических, социальных и экономических потрясений оказались вызовом для способности многих государств поддерживать закон и порядок, и действия таких военизированных формирований часто упоминались теми, кто выступал против либерального капитализма, как неотъемлемая слабость демократии перед лицом революционных вызовов, которые угрожали общественному порядку.;;Als Ergebnis der gewaltigen Mannstarken von Armeen des Industriezeitalters gab es nach Friedenschlussen oft zahlreiche Veteranen, fur die es schwer war, sich wieder mit dem Leben als Zivilist zurechtzufinden, und deren militarische Grundausbildung bei Bedarf ausgenutzt werden konnte. Mit dem Wachsen revolutionarer links- und besonders rechtsgerichteter Bewegungen mehrten sich auch die potentiellen Einsatzmoglichkeiten missmutiger Kriegsveteranen zur Bekampfung der Aktionen und des Einflusses ideologischer Gegner enorm. Die Existenz dieser Kriegsveteranen forderte in Zeiten politischen, sozialen und wirtschaftlichen Aufruhrs die Fahigkeiten vieler Staaten heraus, fur Recht und Ordnung zu sorgen. Die Aktivitaten solcher Paramilitars wurden oft von Gegnern des Liberalkapitalismus als inharente Schwache der Demokratie angesichts revolutionarer Herausforderungen bezeichnet, die die soziale Ordnung gefahrdeten.;;Como consecuencia de las enormes necesidades en terminos humanos de los ejercitos de las sociedades industriales, la restauracion de la paz solia provocar la aparicion de ingentes cantidades de veteranos, muchos de los cuales, ademas de encontrar dificultades para reincorporarse a la vida civil, poseian experiencia militar que se podia utilizar en caso necesario. Con el crecimiento de los movimientos revolucionarios de la izquierda y especialmente de la derecha, el uso potencial de veteranos descontentos con el fin de hacer frente a las acciones y la influencia de los rivales ideologicos conoci?un acelerado crecimiento. Su existencia y crecimiento en tiempos de conflictos politicos sociales y economicos supuso un reto para la capacidad de muchos estados de mantener la ley y el orden, y las actividades de estos grupos paramilitares eran citadas a menudo por los enemigos del capitalismo liberal como ejemplos de la debilidad inherente de la democracia para hacer frente a las amenazas al orden social.;x;;;;;;;;;;;;;;;;;;;;;;;;;;;;;;;;;;;;;;;;;;;;
the_police_state;Полицейское государство;L'Etat policier;Der Polizeistaat;;Policia estatal;x;;;;;;;;;;;;;;;;;;;;;;;;;;;;;;;;;;;;;;;;;;;;
the_police_state_desc;Почему вы видите полицейского только тогда, когда он вам не нужен?;Pourquoi ne voit-on le policier que lorsque nous n'en avons pas besoin ?;Warum sieht man nur dann einen Polizisten, wenn man keinen braucht?;;їPor qu?solo ves un policia cuando no lo necesitas?;x;;;;;;;;;;;;;;;;;;;;;;;;;;;;;;;;;;;;;;;;;;;;
introspectionism;Интроспекция;Introspection;Introspektionismus;;Introspectivismo;x;;;;;;;;;;;;;;;;;;;;;;;;;;;;;;;;;;;;;;;;;;;;
introspectionism_desc;Интроспекция;Introspection;Introspektionismus;;Introspectivismo;x;;;;;;;;;;;;;;;;;;;;;;;;;;;;;;;;;;;;;;;;;;;;
associationism;Ассоциационизм;Associationnisme;Assoziationismus;;Asociacionismo;x;;;;;;;;;;;;;;;;;;;;;;;;;;;;;;;;;;;;;;;;;;;;
associationism_desc;Ассоциационизм;Associationnisme;Assoziationismus;;Asociacionismo;x;;;;;;;;;;;;;;;;;;;;;;;;;;;;;;;;;;;;;;;;;;;;
phenomenalism;Феноменализм;Phenomenisme;Phanomenalismus;;Fenomenalismo;x;;;;;;;;;;;;;;;;;;;;;;;;;;;;;;;;;;;;;;;;;;;;
phenomenalism_desc;Феноменализм;Phenomenisme;Phanomenalismus;;Fenomenalismo;x;;;;;;;;;;;;;;;;;;;;;;;;;;;;;;;;;;;;;;;;;;;;
experimental_psychology;Экспериментальная психология;Psychologie experimentale;Experimentalpsychologie;;Psicologia experimental;x;;;;;;;;;;;;;;;;;;;;;;;;;;;;;;;;;;;;;;;;;;;;
experimental_psychology_desc;Экспериментальная психология;Psychologie experimentale;Experimentalpsychologie;;Psicologia experimental;x;;;;;;;;;;;;;;;;;;;;;;;;;;;;;;;;;;;;;;;;;;;;
psychoanalysis;Психоанализ;Psychanalyse;Psychoanalyse;;Psicoanalisis;x;;;;;;;;;;;;;;;;;;;;;;;;;;;;;;;;;;;;;;;;;;;;
psychoanalysis_desc;Психоанализ;Psychanalyse;Psychoanalyse;;Psicoanalisis;x;;;;;;;;;;;;;;;;;;;;;;;;;;;;;;;;;;;;;;;;;;;;
behaviorism;Бихевиоризм;Behaviorisme;Verhaltensforschung;;Conductismo;x;;;;;;;;;;;;;;;;;;;;;;;;;;;;;;;;;;;;;;;;;;;;
behaviorism_desc;Бихевиоризм;Behaviorisme;Verhaltensforschung;;Conductismo;x;;;;;;;;;;;;;;;;;;;;;;;;;;;;;;;;;;;;;;;;;;;;
mass_advertising;Массовая реклама;Publicit?de masse;Massenwerbung;;Publicidad de masas;x;;;;;;;;;;;;;;;;;;;;;;;;;;;;;;;;;;;;;;;;;;;;
mass_advertising_desc;Быстрое распространение базовой функциональной грамотности в индустриальных обществах в сочетании с усовершенствованиями в области коммуникационных технологий заложило основу для разработки новых подходов к содействию созданию спроса на быстрорастущий выпуск товаров все более эффективными промышленными системами. Опираясь на возросшее понимание природы человеческих побуждений, сформированных окружающей средой вокруг них, рекламодатели также извлекли уроки, полученные государствами в их пропагандистских усилиях в периоды войны, чтобы сплотить население для поддержки целей нации в ее конфликте. Результатом стало бы быстрое расширение использования простых, прямых средств рекламы для популяризации новых продуктов и повышения привлекательности и спроса на уже существующие продукты, что стало бы постоянными чертами популярной культуры по мере развития двадцатого века и в конечном итоге оказало бы влияние на другие сферы общественной жизни, включая политику.;;Die schnelle Alphabetisierung in Industriegesellschaften bildete in Kombination mit Kommunikationstechnologien die Basis fur die Entwicklung neuer Bewerbungsmethoden, um fur die durch zunehmend bessere Industriesysteme rasch steigende Guterproduktion hohere Produktnachfrage zu erzeugen. Werbefachleute stutzten sich auf das bessere Verstandnis der menschlichen Zwange, die in Zusammenhang mit der Umgebung standen. Dabei zogen sie auch aus der Kriegspropaganda ihre Lehren, mit der Staaten versuchten, ihre Bevolkerungen zur Unterstutzung der nationalen Ziele in Konflikten zu bewegen. Dies fuhrte zu einer raschen Erweiterung der Verwendung direkter Werbemethoden zur Bekanntmachung neuer Produkte. Die gesteigerte Anziehungskraft etablierter Produkte sowie deren Nachfrage wurde im Verlauf des zwanzigsten Jahrhunderts zum festen Bestandteil der Popkultur und nahm schliesslich auch auf andere Aspekte des taglichen Lebens Einfluss, einschliesslich der Politik.;;El rapido crecimiento de la alfabetizacion funcional en las sociedades industrializadas, combinado con los avances en las tecnologias de la comunicacion, puso las bases para el desarrollo de nuevos enfoques con respecto a la creacion de demanda para los bienes producidos en cantidad creciente por sistemas industriales cada vez mas eficientes. Los publicistas, impulsados por una comprension cada vez mas profunda de la naturaleza de las compulsiones humanas, se aprovecharian tambien de las lecciones extraidas por los Estados de los esfuerzos propagandisticos realizados en tiempos de guerra para obtener el apoyo de la poblacion a los fines de la nacion. El resultado seria un acelerado crecimiento del uso de medios sencillos y directos de publicidad para ofrecer nuevos productos y hacer crecer la demanda , elementos que se convertirian en rasgos permanentes de la cultura popular durante el siglo XX y que terminarian por transmitirse a otros ambitos de la vida publica, incluido el mundo de la politica.;x;;;;;;;;;;;;;;;;;;;;;;;;;;;;;;;;;;;;;;;;;;;;
national_radio_networks;Национальные радиосети;Reseaux radio nationaux;Nationales Rundfunknetz;;Emisoras de radio nacionales;x;;;;;;;;;;;;;;;;;;;;;;;;;;;;;;;;;;;;;;;;;;;;
national_radio_networks_desc;По мере развития двадцатого века роль беспроводной связи, пионером которой в развитии радио был Гульельмо Маркони, быстро возрастала, поскольку технологические изменения улучшали четкость и качество радиопередач. К началу 1920-х годов усовершенствования привели к развитию совершенно нового средства обмена информацией, поскольку радиочастоты могли использоваться для передачи контента, предназначенного для развлечения, информирования или убеждения. Осознавая потенциальную силу этого нового средства, государства начали регулировать распределение радиочастот, некоторые из которых устанавливали национальные монополии, а другие допускали развитие коммерческих сетей вещания. К началу 1930-х годов радиоприемник стал одним из самых желанных потребительских товаров, и его потенциальное использование не только для развлечения, но и для развития и формирования общественного мнения вскоре было использовано политиками и теми, кто стремился к политической власти.;;Im Verlauf des zwanzigsten Jahrhunderts wurde die drahtlose Kommunikation, deren Pionierarbeit Guglielmo Marcon mit der Erfindung des Radios geleistet hatte, zunehmend wichtiger, da der allgemeine technologische Fortschritt die Klarheit und allgemeine Ubertragungsqualitat von Funkverbindungen verbesserte. Anfang der 1920er Jahre fuhrten die technologischen Verbesserungen zur Entwicklung eines vollig neuen Informationsaustauschsmediums, da Funkfrequenzen unterhaltende, informative oder auch uberzeugende Inhalte ubertragen konnten. Staaten realisierten die potentielle Macht dieses neuen Mediums und regulierten die Zuteilung von Funkfrequenzen, wobei manche nationale Monopole schufen, wahrend andere die Entwicklung kommerzieller Ubertragungsnetzwerke gestatteten. Anfang der 1930er Jahre gehorten Radiogerate zu den begehrtesten Gebrauchsgutern und deren Potential, nicht nur unterhalten, sondern auch die offentliche Meinung entwickeln und formen zu konnen, machten sich schon bald Politiker und andere, nach politischer Macht strebende Menschen zunutze.;;A medida que avanzaba el siglo XX la importancia de las comunicaciones sin hilos inventadas por Guglielmo Marconi fue en aumento, gracias sobre todo a la mejora de la claridad y calidad de las transmisiones de radio debida a los avances tecnologicos. A comienzos de los anos 20, estos avances se traducirian en la aparicion de un nuevo medio de intercambio de informacion, la radio, cuyas frecuencias se podian utilizar para transmitir contenidos destinados a entretener, informar o convencer. Al comprender el potencial de este nuevo medio, los Estados comenzaron a regular la asignacion de frecuencias de radio. Algunos de ellos establecieron monopolios nacionales, mientras otros permitian la aparicion de redes de emisoras comerciales. A comienzos de los 30, el aparato de radio se convertiria en uno de los bienes de consumo mas deseados. Mas all?del ocio, su potencial como herramienta de creacion de opinion no tardaria en ser aprovechada por los politicos y quienes aspiraban a hacerse con el poder.;x;;;;;;;;;;;;;;;;;;;;;;;;;;;;;;;;;;;;;;;;;;;;
the_talkies;Разговорные фильмы;Cinema parlant;The Talkies;;El cine sonoro;x;;;;;;;;;;;;;;;;;;;;;;;;;;;;;;;;;;;;;;;;;;;;
the_talkies_desc;Развитие кинематографа в конце девятнадцатого и начале двадцатого века привело к созданию нового вида массовой культурной деятельности, который вскоре стал одним из отличительных признаков эпохи. Сила и влияние кинематографа еще больше возросли, когда в 1920-х годах технологические усовершенствования позволили синхронизировать звуки с движущимися изображениями, так что на экране можно было представить не только визуальное представление сцены, но и ее звуковой компонент. «Певец джаза», выпущенный в Соединенных Штатах в 1927 году, был первым звуковым кинофильмом, и в течение полувека немое кино стало пережитком прошлого, и в публичную сферу вошло новое, мощное средство, навсегда изменив не только популярную культуру, но и характер политики и международных отношений.;;Die Entwicklung des Kinos Ende des neunzehnten und Anfang des zwanzigsten Jahrhunderts fuhrte zur Entstehung einer neuen kulturellen Massenaktivitat, die schon bald zu einem der Kennzeichen dieser Ara wurde. Die Macht und der Einfluss des Kinos stiegen noch mehr, als technologische Entwicklungen in den 1920er Jahren die Synchronisation von Klang mit bewegten Bildern ermoglichten. Die Vorfuhrungen konnten nun nicht nur auf einer Leinwand optisch prasentiert werden, sondern hatten auch eine akustische Komponente. Der im Jahr 1927 in den USA veroffentlichte Film “The Jazz Singer?war der erste Tonfilm uberhaupt, und weniger als ein halbes Jahrzehnt spater war der Stummfilm zu einem Relikt der Vergangenheit geworden. Ein neues, machtiges Medium war nun ins Licht der Offentlichkeit getreten ... und veranderte nicht nur Popkultur, sondern auch Politik und internationale Beziehungen fur immer.;;El nacimiento del cine entre finales del XIX y principios del XX se traduciria en una nueva actividad cultural de masas que terminaria por convertirse en una de las senas identitarias de la epoca. El poder y la influencia del cine recibirian un espaldarazo aun mayor en los anos 20, cuando el desarrollo tecnologico permiti?que se sincronizaran sonidos con las imagenes en movimiento, de modo que no solo se pudiera representar el elemento visual de una escena, sino tambien el sonoro. “El cantor de jazz? aparecida en los Estados Unidos en 1927, fue la primera pelicula sonora del mundo, pero apenas media decada despues, el cine mudo se habia convertido en una reliquia del pasado y un nuevo y potente medio habia entrado en la esfera de lo publico. Su llegada cambiaria para siempre, no solo la cultura popular, sino tambien la naturaleza de la politica y las relaciones internacionales.;x;;;;;;;;;;;;;;;;;;;;;;;;;;;;;;;;;;;;;;;;;;;;
water_wheel_power;Мощность водяного колеса;Energie hydromecanique;Wasserradkraft;;Energia por noria;x;;;;;;;;;;;;;;;;;;;;;;;;;;;;;;;;;;;;;;;;;;;;
water_wheel_power_desc;Мощность водяного колеса;Energie hydromecanique;Wasserradkraft;;Energia por noria;x;;;;;;;;;;;;;;;;;;;;;;;;;;;;;;;;;;;;;;;;;;;;
practical_steam_engine;Практический паровой двигатель;Moteur ?vapeur;Praktischer Dampfmotor;;Motor de vapor;x;;;;;;;;;;;;;;;;;;;;;;;;;;;;;;;;;;;;;;;;;;;;
practical_steam_engine_desc;Практический паровой двигатель;Moteur ?vapeur;Praktischer Dampfmotor;;Motor de vapor;x;;;;;;;;;;;;;;;;;;;;;;;;;;;;;;;;;;;;;;;;;;;;
high_n_low_pressure_steam_engines;Паровые машины высокого и низкого давления;Moteurs haute - basse pression;Hoch- und Niederdruck-Dampfmotoren;;Motores vapor a alta y baja presion;x;;;;;;;;;;;;;;;;;;;;;;;;;;;;;;;;;;;;;;;;;;;;
high_n_low_pressure_steam_engines_desc;Паровые машины высокого и низкого давления;Moteurs haute - basse pression;Hoch- und Niederdruck-Dampfmotoren;;Motores vapor a alta y baja presion;x;;;;;;;;;;;;;;;;;;;;;;;;;;;;;;;;;;;;;;;;;;;;
steam_turbine;Паровая турбина;Turbine ?vapeur;Dampfturbine;;Turbina vapor;x;;;;;;;;;;;;;;;;;;;;;;;;;;;;;;;;;;;;;;;;;;;;
steam_turbine_desc;Паровая турбина;Turbine ?vapeur;Dampfturbine;;Turbina vapor;x;;;;;;;;;;;;;;;;;;;;;;;;;;;;;;;;;;;;;;;;;;;;
combustion_engine;Двигатель внутреннего сгорания;Moteur ?combustion interne;Verbrennungsmotor;;Motor combustion;x;;;;;;;;;;;;;;;;;;;;;;;;;;;;;;;;;;;;;;;;;;;;
wind_turbine;Ветряная турбина;Pre-War Defence;Pre-War Defence;;Pre-War Defence;x;;;;;;;;;;;;;;;;;;;;;;;;;;;;;;;;;;;;;;;;;;;;
phenomenology_&_hermeneutic;Феноменология и герменевтика;Pre-War Defence;Pre-War Defence;;Pre-War Defence;x;;;;;;;;;;;;;;;;;;;;;;;;;;;;;;;;;;;;;;;;;;;;
critical_rationalism;Критический Рационализм;Pre-War Defence;Pre-War Defence;;Pre-War Defence;x;;;;;;;;;;;;;;;;;;;;;;;;;;;;;;;;;;;;;;;;;;;;
digital_physics;Цифровая физика;Pre-War Defence;Pre-War Defence;;Pre-War Defence;x;;;;;;;;;;;;;;;;;;;;;;;;;;;;;;;;;;;;;;;;;;;;
post_phenomenology;Пост-феноменология;Pre-War Defence;Pre-War Defence;;Pre-War Defence;x;;;;;;;;;;;;;;;;;;;;;;;;;;;;;;;;;;;;;;;;;;;;
constructivist_epistemology;Конструктивистская эпистемология;Pre-War Defence;Pre-War Defence;;Pre-War Defence;x;;;;;;;;;;;;;;;;;;;;;;;;;;;;;;;;;;;;;;;;;;;;
social_realism;Социальный Реализм;Pre-War Defence;Pre-War Defence;;Pre-War Defence;x;;;;;;;;;;;;;;;;;;;;;;;;;;;;;;;;;;;;;;;;;;;;
social_realist_art;Искусство соцреализма;Pre-War Defence;Pre-War Defence;;Pre-War Defence;x;;;;;;;;;;;;;;;;;;;;;;;;;;;;;;;;;;;;;;;;;;;;
social_realist_music;Музыка соцреализма;Pre-War Defence;Pre-War Defence;;Pre-War Defence;x;;;;;;;;;;;;;;;;;;;;;;;;;;;;;;;;;;;;;;;;;;;;
social_realist_literature;Социалистическая реалистическая литература;Pre-War Defence;Pre-War Defence;;Pre-War Defence;x;;;;;;;;;;;;;;;;;;;;;;;;;;;;;;;;;;;;;;;;;;;;
avant_garde;Авангард;Pre-War Defence;Pre-War Defence;;Pre-War Defence;x;;;;;;;;;;;;;;;;;;;;;;;;;;;;;;;;;;;;;;;;;;;;
avant_garde_art;Авангардное искусство;Pre-War Defence;Pre-War Defence;;Pre-War Defence;x;;;;;;;;;;;;;;;;;;;;;;;;;;;;;;;;;;;;;;;;;;;;
avant_garde_music;Авангардная Музыка;Pre-War Defence;Pre-War Defence;;Pre-War Defence;x;;;;;;;;;;;;;;;;;;;;;;;;;;;;;;;;;;;;;;;;;;;;
avant_garde_literature;Авангардная литература;Pre-War Defence;Pre-War Defence;;Pre-War Defence;x;;;;;;;;;;;;;;;;;;;;;;;;;;;;;;;;;;;;;;;;;;;;
punk_era;Эпоха панка;Pre-War Defence;Pre-War Defence;;Pre-War Defence;x;;;;;;;;;;;;;;;;;;;;;;;;;;;;;;;;;;;;;;;;;;;;
wartime_propaganda_mod;Пропаганда военного времени;Pre-War Defence;Pre-War Defence;;Pre-War Defence;x;;;;;;;;;;;;;;;;;;;;;;;;;;;;;;;;;;;;;;;;;;;;
rock_music;Рок-музыка;Pre-War Defence;Pre-War Defence;;Pre-War Defence;x;;;;;;;;;;;;;;;;;;;;;;;;;;;;;;;;;;;;;;;;;;;;
graffiti_art;Граффити-искусство;Pre-War Defence;Pre-War Defence;;Pre-War Defence;x;;;;;;;;;;;;;;;;;;;;;;;;;;;;;;;;;;;;;;;;;;;;
television_film;Телевидение_Фильм;Pre-War Defence;Pre-War Defence;;Pre-War Defence;x;;;;;;;;;;;;;;;;;;;;;;;;;;;;;;;;;;;;;;;;;;;;
pop_generation;Поп-поколение;Pre-War Defence;Pre-War Defence;;Pre-War Defence;x;;;;;;;;;;;;;;;;;;;;;;;;;;;;;;;;;;;;;;;;;;;;
pop_music;Поп-музыка;Pre-War Defence;Pre-War Defence;;Pre-War Defence;x;;;;;;;;;;;;;;;;;;;;;;;;;;;;;;;;;;;;;;;;;;;;
blues_music;Блюзовая музыка;Pre-War Defence;Pre-War Defence;;Pre-War Defence;x;;;;;;;;;;;;;;;;;;;;;;;;;;;;;;;;;;;;;;;;;;;;
modern_novels;Современные романы;Pre-War Defence;Pre-War Defence;;Pre-War Defence;x;;;;;;;;;;;;;;;;;;;;;;;;;;;;;;;;;;;;;;;;;;;;
computational_logic;Вычислительная логика;Pre-War Defence;Pre-War Defence;;Pre-War Defence;x;;;;;;;;;;;;;;;;;;;;;;;;;;;;;;;;;;;;;;;;;;;;
artificial_intelligence;Искусственный интеллект;Pre-War Defence;Pre-War Defence;;Pre-War Defence;x;;;;;;;;;;;;;;;;;;;;;;;;;;;;;;;;;;;;;;;;;;;;
post_structuralism;Постструктурализм;Pre-War Defence;Pre-War Defence;;Pre-War Defence;x;;;;;;;;;;;;;;;;;;;;;;;;;;;;;;;;;;;;;;;;;;;;
neopragmatism;Неопрагматизм;Pre-War Defence;Pre-War Defence;;Pre-War Defence;x;;;;;;;;;;;;;;;;;;;;;;;;;;;;;;;;;;;;;;;;;;;;
structural_functionalism;Структурный функционализм;Pre-War Defence;Pre-War Defence;;Pre-War Defence;x;;;;;;;;;;;;;;;;;;;;;;;;;;;;;;;;;;;;;;;;;;;;
social_determinism;Социальный детерминизм;Pre-War Defence;Pre-War Defence;;Pre-War Defence;x;;;;;;;;;;;;;;;;;;;;;;;;;;;;;;;;;;;;;;;;;;;;
interactionism;Интеракционизм;Pre-War Defence;Pre-War Defence;;Pre-War Defence;x;;;;;;;;;;;;;;;;;;;;;;;;;;;;;;;;;;;;;;;;;;;;
consensus_reality;Консенсусная реальность;Pre-War Defence;Pre-War Defence;;Pre-War Defence;x;;;;;;;;;;;;;;;;;;;;;;;;;;;;;;;;;;;;;;;;;;;;
nationalism_&_imperialism;Национализм и империализм;Pre-War Defence;Pre-War Defence;;Pre-War Defence;x;;;;;;;;;;;;;;;;;;;;;;;;;;;;;;;;;;;;;;;;;;;;
media_psychology;Психология СМИ;Pre-War Defence;Pre-War Defence;;Pre-War Defence;x;;;;;;;;;;;;;;;;;;;;;;;;;;;;;;;;;;;;;;;;;;;;
cognitivism;Когнитивизм;Pre-War Defence;Pre-War Defence;;Pre-War Defence;x;;;;;;;;;;;;;;;;;;;;;;;;;;;;;;;;;;;;;;;;;;;;
humanistic_psychology;Гуманистическая психология;Pre-War Defence;Pre-War Defence;;Pre-War Defence;x;;;;;;;;;;;;;;;;;;;;;;;;;;;;;;;;;;;;;;;;;;;;
combustion_engine_desc;Двигатель внутреннего сгорания;Moteur ?combustion interne;Verbrennungsmotor;;Motor combustion;x;;;;;;;;;;;;;;;;;;;;;;;;;;;;;;;;;;;;;;;;;;;;
daimlers_automobile;Автомобиль Даймлера;Automobile de Daimler;Daimler-Kutschenwagen;;Automovil de Daimler;x;;;;;;;;;;;;;;;;;;;;;;;;;;;;;;;;;;;;;;;;;;;;
daimlers_automobile_desc;Это был первый коммерческий автомобиль. Он был надежным, но медленным, и потребовалось десятилетие, прежде чем они стали обычными даже среди людей высшего класса.;C'est la premiere automobile commerciale. Elle etait fiable, mais lente, et il lui fallut une decennie pour se repandre meme parmi les classes aisees de la societ?;Dies war das erste kommerzielle Automobil. Es war zuverlassig, aber langsam und es dauerte ein Jahrzehnt, bis Automobile selbst in der gesellschaftlichen Oberschicht keine Besonderheit mehr waren.;;Fue el primer automovil comercial. Era fiable, pero lento, y tuvo que pasar una decada antes de que su uso se generalizara, incluso entre las clases altas.;x;;;;;;;;;;;;;;;;;;;;;;;;;;;;;;;;;;;;;;;;;;;;
wright_n_langleys_aeroplanes;Самолеты Райта и Лэнгли;Avions des freres Wright et de Langley;Wrights & Langleys Flugzeuge;;Aeroplano de Wright y Langley;x;;;;;;;;;;;;;;;;;;;;;;;;;;;;;;;;;;;;;;;;;;;;
wright_n_langleys_aeroplanes_desc;Это был первый прочный самолет. Он был чрезвычайно дорогим, и потребовалось десятилетие, прежде чем была произведена коммерческая версия, а затем позволить себе его могли только сверхбогатые люди.;Ils furent les premiers avions relativement durables. Extremement couteux, il fallut une decennie pour en tirer une version commerciale qui resta cependant reservee ?l'elite sociale.;Dies war das erste bestandige Flugzeug. Es war ausserst teuer und bis zum Bau einer kommerziellen Version sollte ein Jahrzehnt vergehen. Selbst dann konnten es sich nur die Reichsten der Reichen leisten.;;Fue el primer avion duradero. Era extremadamente caro y tendria que pasar una decada antes de que apareciera una version comercial. Incluso entonces, solo los mas ricos podrian permitirselo.;x;;;;;;;;;;;;;;;;;;;;;;;;;;;;;;;;;;;;;;;;;;;;
electrical_power_generation;Генерация электроэнергии;Production d'electricit?Stromgeneration;;Generaciуn de energнa elйctrica;x;;;;;;;;;;;;;;;;;;;;;;;;;;;;;;;;;;;;;;;;;;;;;
electrical_power_generation_desc;Генерация электроэнергии;Production d'electricit?Stromgeneration;;Generaciуn de energнa elйctrica;x;;;;;;;;;;;;;;;;;;;;;;;;;;;;;;;;;;;;;;;;;;;;;
direct_current;Постоянный ток;Courant continu;Gleichstrom;;Corriente continua;x;;;;;;;;;;;;;;;;;;;;;;;;;;;;;;;;;;;;;;;;;;;;
direct_current_desc;Первым распространенным способом передачи электроэнергии был постоянный ток или DC, где электроны текут только в одном направлении. Батареи вырабатывают постоянный ток, и он обычно используется в приложениях, требующих низкого напряжения. Постоянный ток высокого напряжения используется для передачи энергии на большие расстояния, особенно при использовании подводных кабелей и для управления поездами. Томас Альва Эдисон спонсировал постоянный ток, но проиграл битву стандартов Николе Тесле и его переменному току.;;Die erste gangige Methode zur Ubertragung von Elektrizitat war uber Gleichstrom, bei dem die Elektronen nur in eine Richtung fliessen. Batterien produzieren Gleichstrom, der ublicherweise in Geraten mit niedrigen Betriebsspannungen zum Einsatz kommt. Hochspannungsgleichstrom wird zur Langstrecken-Stromubertragung eingesetzt, besonders bei der Verwendung von Unterwasserkabeln und zum Antrieb von Zugen. Thomas Alva Edison setzte sich fur den Gleichstrom ein, verlor den Standardstreit aber gegen Nikola Tesla und dessen Wechselstrom.;;El primer metodo de transmitir la electricidad fue la corriente continua (o DC), en la que los electrones fluyen en una sola direccion. La corriente continua, generada por baterias, suele utilizarse en aplicaciones que requieren voltajes reducidos. La corriente continua de alto voltaje se utiliza para transmitir electricidad a larga distancia (sobre todo mediante cables submarinos) y para accionar trenes. Thomas Alva Edison defendi?el uso de la corriente continua, pero acabaria perdiendo la batalla del rendimiento frente a Nikola Tesla y su corriente alterna.;x;;;;;;;;;;;;;;;;;;;;;;;;;;;;;;;;;;;;;;;;;;;;
alternating_current;Переменный ток;Courant alternatif;Wechselstrom;;Corriente alterna;x;;;;;;;;;;;;;;;;;;;;;;;;;;;;;;;;;;;;;;;;;;;;
alternating_current_desc;В системах переменного тока или AC электроны текут в обоих направлениях в виде волновых узоров. После жесткой конкуренции с постоянным током, переменный ток получил господство для большинства бытовых и промышленных применений. Одним из первых применений были электрические стулья, что не помогло убедить, что переменный ток не более опасен, чем постоянный ток.;;In Wechselstromsystemen fliessen die Elektronen wellenformig in beide Richtungen. Nach einem heftigen Wettstreit mit Befurwortern des Gleichstroms wurde der Wechselstrom als Standard fur die meisten hauslichen und industriellen Anwendungen bestatigt. Eines der ersten Gerate war der elektrische Stuhl, was nicht direkt beim Beweis half, dass der Wechselstrom weniger gefahrlich als der Gleichstrom sei.;;En los sistemas de corriente alterna (o AC), los electrones fluyen en ambas direcciones siguiendo patrones de onda. Tras una feroz competicion con la corriente continua, la alterna se convirti?en la dominante en los aparatos domesticos e industriales. Una de sus primeras aplicaciones fueron las sillas electricas, lo que no contribuy?demasiado a convencer al publico de su menor peligrosidad.;x;;;;;;;;;;;;;;;;;;;;;;;;;;;;;;;;;;;;;;;;;;;;
polyphase_system;Полифазная система;Systeme polyphas?Mehrphasensystem;;Sistema polifбsico;x;;;;;;;;;;;;;;;;;;;;;;;;;;;;;;;;;;;;;;;;;;;;;
polyphase_system_desc;Многофазная система — это способ эффективной передачи переменного тока. В ней две или более фаз перемещаются одновременно. В промышленных приложениях стандартом являются три волны, хотя сначала использовались две фазы. Изобретение многофазной системы Николой Теслой означало окончательную потерю для Томаса Альвы Эдисона и его постоянного тока.;;Das Mehrphasensystem ist eine Moglichkeit zur effizienten Ubertragung von Wechselstrom, wobei zwei oder mehr Phasen gleichzeitig unterwegs sind. In Industriegeraten sind drei Wellen der Standard, obwohl anfangs nur zwei Phasen benutzt wurden. Die Erfindung des Mehrphasensystems durch Nikola Tesla war gleichbedeutend mit der endgultigen Niederlage fur Thomas Alva Edison und seinen Gleichstrom.;;El sistema polifasico es un modo de transmitir la corriente alterna de manera mas eficiente. En el, dos o mas fases viajan simultaneamente. En las aplicaciones industriales lo habitual son tres ondas, aunque al principio se utilizaron dos. La invencion del sistema polifasico por parte de Nikola Tesla supuso la derrota definitiva de Thomas Alva Edison y su corriente continua.;x;;;;;;;;;;;;;;;;;;;;;;;;;;;;;;;;;;;;;;;;;;;;
publishing_industry;Издательское дело;Fabrication ?domicile;Verlagsindustrie;;Industria editorial;x;;;;;;;;;;;;;;;;;;;;;;;;;;;;;;;;;;;;;;;;;;;;
publishing_industry_desc;Издательское дело;Fabrication ?domicile;Verlagsindustrie;;Industria editorial;x;;;;;;;;;;;;;;;;;;;;;;;;;;;;;;;;;;;;;;;;;;;;
mechanical_production;Механическое производство;Production mecanisee;Mechanische Produktion;;Produccion mecanica;x;;;;;;;;;;;;;;;;;;;;;;;;;;;;;;;;;;;;;;;;;;;;
mechanical_production_desc;Механическое производство;Production mecanisee;Mechanische Produktion;;Produccion mecanica;x;;;;;;;;;;;;;;;;;;;;;;;;;;;;;;;;;;;;;;;;;;;;
sharp_n_roberts_power_loom;Мощный ткацкий станок Sharp & Robert;Metier ?tisser automatique de Sharp et Robert;Sharp & Roberts-Webmaschine;;Telar de Sharp y Robert;x;;;;;;;;;;;;;;;;;;;;;;;;;;;;;;;;;;;;;;;;;;;;
sharp_n_roberts_power_loom_desc;Это был один из первых механизированных ткацких станков, и он произвел революцию в производстве. С этого момента текстильная промышленность больше не считалась ремеслом.;C'est un des premiers metiers ?tisser automatiques, et il revolutionna la production. L'industrie textile n'etait plus desormais une activit?artisanale.;Dies war die erste mechanisierte Webmaschine. Sie revolutionierte die Produktion. Von nun an galt die Textilindustrie nicht langer als Handwerk.;;Este, uno de los primeros telares mecanizados de la historia, revolucion?la produccion. A partir de entonces, la industria textil dej?de considerarse un oficio manual.;x;;;;;;;;;;;;;;;;;;;;;;;;;;;;;;;;;;;;;;;;;;;;
jacquard_power_loom;Жаккардовый ткацкий станок;Metier ?tisser automatique de Jacquard;Jacquard-Webmaschine;;Telar mecanico de Jacquard;x;;;;;;;;;;;;;;;;;;;;;;;;;;;;;;;;;;;;;;;;;;;;
jacquard_power_loom_desc;Это был механизированный ткацкий станок, который производил ткань гораздо более высокого качества, чем прежде.;Ce metier ?tisser automatique produisait un tissu de bien meilleure qualit?que les precedents.;Dies war eine mechanisierte Webmaschine, die Stoffe mit bislang unerreichter Qualitat produzierte.;;Era un telar mecanico que producia un tejido de mucha mas calidad que antes.;x;;;;;;;;;;;;;;;;;;;;;;;;;;;;;;;;;;;;;;;;;;;;
northrop_power_loom;Механический ткацкий станок Нортропа;Metier ?tisser automatique de Northrop;Northrop Power Loom;;Telar mecanico Northrop;x;;;;;;;;;;;;;;;;;;;;;;;;;;;;;;;;;;;;;;;;;;;;
northrop_power_loom_desc;Это был механизированный ткацкий станок, который производил ткань гораздо более высокого качества, чем раньше. Но также одна и та же машина могла производить несколько различных типов ткани, что делало ее чрезвычайно гибкой.;Ce metier ?tisser automatique produisait un tissu de bien meilleure qualit?que les precedents. Il permettait aussi de produire plusieurs types differents de tissus, ce qui le rendait tres flexible.;Dies war eine mechanisierte Webmaschine, die Stoffe mit bislang unerreichter Qualitat produzierte. Diese Maschinen waren derart flexibel, dass sie mehrere verschiedene Stoffe produzieren konnten.;;Era un telar mecanico que producia un tejido de mucha mas calidad que antes. Pero ademas, la misma maquina podia producir distintos tipos de tejidos, lo que lo hacia extremadamente flexible.;x;;;;;;;;;;;;;;;;;;;;;;;;;;;;;;;;;;;;;;;;;;;;
mechanical_saw;Механическая пила;Scie mecanique;Mechanische Sage;;Sierra mecanica;x;;;;;;;;;;;;;;;;;;;;;;;;;;;;;;;;;;;;;;;;;;;;
mechanical_saw_desc;Это была электрическая пила, которая значительно увеличила скорость вырубки леса.;C'etait une scie automatique qui permettait d'accroitre considerablement la vitesse de coupe du bois.;Diese Motorsage beschleunigte das Holzfallen ungemein.;;Una sierra mecanica que aumentaba enormemente la velocidad de corte de los maderos.;x;;;;;;;;;;;;;;;;;;;;;;;;;;;;;;;;;;;;;;;;;;;;
mechanical_precision_saw;Механическая прецизионная пила;Scie mecanique de precision;Mechanische Prazisionssage;;Sierra mecanica de precision;x;;;;;;;;;;;;;;;;;;;;;;;;;;;;;;;;;;;;;;;;;;;;
mechanical_precision_saw_desc;После рубки леса эта пила стала важным средством для изготовления досок с постоянно увеличивающейся скоростью.;Cette scie permit d'accelerer la transformation du bois en planches apres abattage.;Nachdem die Baume gefallt worden waren, konnten sie mit dieser Sage schnell in Bretter zersagt werden.;;Cuando ya se habia cortado la madera, esta sierra era un instrumento importante para la fabricacion de tablones a una velocidad aun mayor.;x;;;;;;;;;;;;;;;;;;;;;;;;;;;;;;;;;;;;;;;;;;;;
hussey_n_mccormicks_reaping_machine;Жатвенная машина Hussey & McCormicks;Moissonneuse de Hussey et McCormick;Hussey & McCormicks-Erntemaschine;;Cosechadora de Hussey y McCormicks;x;;;;;;;;;;;;;;;;;;;;;;;;;;;;;;;;;;;;;;;;;;;;
hussey_n_mccormicks_reaping_machine_desc;Это был первый шаг к механизации сельского хозяйства, который значительно увеличил объемы сельскохозяйственного производства.;Ce fut la premiere etape de la mecanisation du travail agricole. Elle permit d'accroitre considerablement le rendement agricole.;Dies war der erste Schritt zur Mechanisierung der Landwirtschaft, was die Agrarproduktion enorm steigerte.;;Fue el primer paso en la agricultura mecanizada, que aument?enormemente la produccion agricola.;x;;;;;;;;;;;;;;;;;;;;;;;;;;;;;;;;;;;;;;;;;;;;
pitts_threshing_machine;Молотилка Питтса;Batteuse de Pitts;Pitts Dreschmaschine;;Trilladora Pitts;x;;;;;;;;;;;;;;;;;;;;;;;;;;;;;;;;;;;;;;;;;;;;
pitts_threshing_machine_desc;Эта сельскохозяйственная машина сделала сельское хозяйство менее трудоемким и увеличила производительность.;Cette machine agricole facilita le travail ?la ferme tout en augmentant le rendement.;Diese landwirtschaftliche Maschine machte die Landwirtschaft weniger arbeitsintensiv und steigerte die Agrarproduktion.;;Esta maquina agricola permiti?reducir la dureza del trabajo en el campo y aument?la produccion.;x;;;;;;;;;;;;;;;;;;;;;;;;;;;;;;;;;;;;;;;;;;;;
mechanized_slaughtering_block;Механизированный убойный блок;Abattoir Mecanis?Mechanisierte Schlachterwerkzeuge;;Matadero mecanizado;x;;;;;;;;;;;;;;;;;;;;;;;;;;;;;;;;;;;;;;;;;;;;;
mechanized_slaughtering_block_desc;Благодаря механизации процесса внутри бойни удалось ускорить обработку и увеличить производительность.;On ameliora le rendement et la production des abattoirs en mecanisant la procedure.;Durch die Mechanisierung der Arbeitsverfahren von Schlachthausern wurde die Bearbeitung beschleunigt und die Produktionsmenge erhoht.;;Al mecanizar los procesos dentro del matadero, se aumentaron tanto la velocidad de trabajo como la produccion.;x;;;;;;;;;;;;;;;;;;;;;;;;;;;;;;;;;;;;;;;;;;;;
interchangeable_parts;Взаимозаменяемые детали;Pieces interchangeables;Auswechselbare Teile;;Partes intercambiables;x;;;;;;;;;;;;;;;;;;;;;;;;;;;;;;;;;;;;;;;;;;;;
interchangeable_parts_desc;Взаимозаменяемые детали;Pieces interchangeables;Auswechselbare Teile;;Partes intercambiables;x;;;;;;;;;;;;;;;;;;;;;;;;;;;;;;;;;;;;;;;;;;;;
precision_work;Точная работа;Travail de precision;Prazisionsarbeit;;Trabajo de precision;x;;;;;;;;;;;;;;;;;;;;;;;;;;;;;;;;;;;;;;;;;;;;
precision_work_desc;Precision Work означало производство очень маленьких деталей новым методом. Теперь эти детали могли использоваться в очень тонких механизмах, что увеличивало сложность производства.;Le travail de precision consiste ?fabriquer des petits elements grace ?une nouvelle methode. Ces elements peuvent ensuite etre utilises pour creer des mecanismes pointus utiles ?la production.;Prazisionsarbeit bedeutete die Produktion sehr kleiner Teile mit Hilfe einer neuen Methode. Diese Teile konnten nun in ausserst kleinen Mechanismen eingesetzt werden, was die Produktionskomplexitat steigerte.;;El trabajo de precision significaba la produccion de piezas muy pequenas por medio de un metodo nuevo. Estas piezas se podian luego utilizar en mecanismos muy delicados que aumentaban la complejidad de la produccion.;x;;;;;;;;;;;;;;;;;;;;;;;;;;;;;;;;;;;;;;;;;;;;
machine_tools;Станки;Machines-outils;Werkzeugmaschinen;;Maquinas herramientas;x;;;;;;;;;;;;;;;;;;;;;;;;;;;;;;;;;;;;;;;;;;;;
machine_tools_desc;Благодаря созданию специальных станков, производивших стандартизированные станки, значительно улучшилась взаимозаменяемость в промышленности.;On a pu ameliorer considerablement les possibilites d'echange en creant des machines specialisees dans la fabrication standardisee de machines-outils.;Durch den Bau von Spezialmaschinen, die standardisierte Werkzeugmaschinen produzierten, wurde die Auswechselbarkeit innerhalb der Industrie stark verbessert.;;Con la introduccion de maquinas especializadas que producian maquinas herramientas estandar, la versatilidad de la industria experiment?un impulso considerable.;x;;;;;;;;;;;;;;;;;;;;;;;;;;;;;;;;;;;;;;;;;;;;
whitney_n_colts_standardized_small_arms;Стандартизированное стрелковое оружие Уитни и Кольта;Armes legeres standardisees de Whitney et Colt;Whitney & Colts standardisierte Handfeuerwaffen;;Armas ligeras normalizadas de Whitney y Colt;x;;;;;;;;;;;;;;;;;;;;;;;;;;;;;;;;;;;;;;;;;;;;
whitney_n_colts_standardized_small_arms_desc;Благодаря созданию специальных машин, производящих стандартизированные детали, стрелковое оружие стало дешевле и проще в изготовлении и ремонте.;On simplifia et on diminua le cout de la fabrication et de la reparation des armes legeres en creant des machines specialisees dans la fabrication de pieces detachees standardisees.;Durch den Bau von Spezialmaschinen, die standardisierte Teile produzierten, wurde die Produktion und Reparatur von Handfeuerwaffen sowohl gunstiger als auch einfacher.;;Con la introduccion de maquinas especializadas que producian piezas normalizadas, se pudo fabricar armas ligeras mas baratas y mas sencillas de construir y reparar.;x;;;;;;;;;;;;;;;;;;;;;;;;;;;;;;;;;;;;;;;;;;;;
food_packing_system;Система упаковки пищевых продуктов;Technique d'emballage des aliments;Lebensmittel-Verpackungssystem;;Sistema de empaquetado de alimentos;x;;;;;;;;;;;;;;;;;;;;;;;;;;;;;;;;;;;;;;;;;;;;
food_packing_system_desc;Внедрение новых методов упаковки продуктов питания способствовало росту экспорта продуктов питания в индустриальном мире, что позволило людям жить в перенаселенных городах.;Les nouvelles techniques d'emballage des aliments permirent le transport de la nourriture dans les pays industrialises, facilitant ainsi le ravitaillement des villes tentaculaires.;Durch die Einfuhrung neuer Methoden zur Verpackung von Lebensmitteln erreichte der Lebensmittelexport der industrialisierten Welt seinen Hohepunkt und ermoglichte Menschen, in dicht bevolkerten Stadten zu leben.;;Mediante la introduccion de nuevos metodos de embalaje de alimentos, la exportacion de comestibles se dispar?en el mundo industrializado, permitiendo que la gente viviera en las atestadas ciudades.;x;;;;;;;;;;;;;;;;;;;;;;;;;;;;;;;;;;;;;;;;;;;;
integral_distillery_process;Интегральный процесс дистилляции;Proced?complet de distillation;Wesentliche Fermentierungsverfahren;;Proceso de destilado integral;x;;;;;;;;;;;;;;;;;;;;;;;;;;;;;;;;;;;;;;;;;;;;
integral_distillery_process_desc;Более глубокие знания о процессе ферментации, термодинамических связях при кипячении и дистилляции, а также внедрение машин в традиционные способы производства ферментированных напитков позволили винодельням, пивоварням и ликероводочным заводам выйти за рамки семейных предприятий и, таким образом, создать новый сектор промышленности.;;Grosseres Wissen um den Fermentierungsvorgang und die thermodynamischen Zusammenhange wahrend des Kochens und Destillierens sowie die Einfuhrung von Maschinen in die traditionellen Produktionsverfahren fermentierter Getranke ermoglichte Winzereien, Brauereien und Destillerien, grosser als Familienbetriebe zu werden. Auf diese Weise wurde ein neuer Industriezweig geschaffen.;;Con el mayor conocimiento de los procesos de fermentacion, la coherencia termodinamica durante la ebullicion y destilacion, y la introduccion de maquinaria en los procesos tradicionales de produccion de bebidas fermentadas, las antiguas bodegas y destilerias familiares pudieron crecer hasta conformar un nuevo sector de la industria.;x;;;;;;;;;;;;;;;;;;;;;;;;;;;;;;;;;;;;;;;;;;;;
jiggs;Джиггс;Gabarits;Einspannvorrichtungen;;Guias;x;;;;;;;;;;;;;;;;;;;;;;;;;;;;;;;;;;;;;;;;;;;;
jiggs_desc;Внедрение отсадочных машин значительно повысило эффективность всех машин, что, в свою очередь, способствовало увеличению объемов промышленного производства.;La mise en place de gabarits a considerablement amelior?l'efficacit?des machines et, indirectement, augmenta la production industrielle.;Die Einfuhrung von Einspannvorrichtungen steigerte die Effizienz aller Maschinen enorm, was wiederum die Produktion der meisten Industrieguter steigerte.;;La introduccion de las guias aument?notablemente la eficacia de todas las maquinas y, por lo tanto, la mayoria de la produccion industrial.;x;;;;;;;;;;;;;;;;;;;;;;;;;;;;;;;;;;;;;;;;;;;;
semi_automatization;Полуавтоматизация;Semi-automatisation;Halbautomatisierung;;Semiautomatizacion;x;;;;;;;;;;;;;;;;;;;;;;;;;;;;;;;;;;;;;;;;;;;;
semi_automatization_desc;Полуавтоматизация;Semi-automatisation;Halbautomatisierung;;Semiautomatizacion;x;;;;;;;;;;;;;;;;;;;;;;;;;;;;;;;;;;;;;;;;;;;;
electric_machinery;Электрические машины;Appareils electriques;Elektromaschinen;;Maquinaria electrica;x;;;;;;;;;;;;;;;;;;;;;;;;;;;;;;;;;;;;;;;;;;;;
electric_machinery_desc;Благодаря возможности электрифицировать определенные части оборудования на промышленном предприятии стало возможным выполнять более сложную работу. Это также означало, что производство стало менее трудоемким.;Les usines furent ?meme d'accomplir des travaux plus delicats lorsque l'on fut capable d'electrifier certaines parties des machines. Cela permit aussi de diminuer le recours ?la main d'њuvre.;Durch die Elektrifizierung bestimmter Teile der Maschinen in Industriebetrieben konnten komplexere Arbeitsgange durchgefuhrt werden. Dies bedeutete auch, dass die Produktion weniger arbeitsintensiv wurde.;;Mediante la introduccion de la electricidad en determinadas partes de la maquinaria, las plantas industriales podian realizar trabajos mas complicados. Ademas, la produccion dependia menos de la mano de obra.;x;;;;;;;;;;;;;;;;;;;;;;;;;;;;;;;;;;;;;;;;;;;;
oil_pumping_machinery;Оборудование для перекачки нефти;Mecanismes de pompage petrolier;Olpumpen;;Maquinaria de bombeo de petroleo;x;;;;;;;;;;;;;;;;;;;;;;;;;;;;;;;;;;;;;;;;;;;;
oil_pumping_machinery_desc;Используя новые открытия в области гидравлики и насосных технологий, были разработаны новые машины, способные выкачивать черное золото на поверхность.;On a pu fabriquer, grace aux nouvelles techniques hydrauliques et de pompage, des machines capables de pomper l'or noir jusqu'?la surface.;Technische Neuerungen in den Bereichen Hydraulik und Pumptechnik ermoglichte den Bau neuer Maschinen, die das schwarze Gold an die Oberflache pumpen konnten.;;Mediante el uso de nuevos descubrimientos en los campos de la hidraulica y el bombeo se desarrollaron nuevas maquinas capaces de impulsar el oro negro hacia la superficie.;x;;;;;;;;;;;;;;;;;;;;;;;;;;;;;;;;;;;;;;;;;;;;
drying_techniques;Методы сушки;Techniques de sechage;Trockentechniken;;Tecnicas de secado;x;;;;;;;;;;;;;;;;;;;;;;;;;;;;;;;;;;;;;;;;;;;;
drying_techniques_desc;Благодаря высушиванию продуктов их прочность увеличилась в десять раз, и продукты питания как товар стало легче продавать.;En sechant les aliments, on a decupl?leur temps de conservation et facilit?leur mise en vente.;Durch die Trocknung von Lebensmitteln konnte deren Haltbarkeit verzehnfacht und der Lebensmittelverkauf damit stark vereinfacht werden.;;El secado de los alimentos permitia multiplicar varias veces su capacidad de aguante y los alimentos, como mercancia, se volvian mas faciles de vender.;x;;;;;;;;;;;;;;;;;;;;;;;;;;;;;;;;;;;;;;;;;;;;
assembly_line;Линия сборки;Chaine de montage;Fliessband;;Cadena montaje;x;;;;;;;;;;;;;;;;;;;;;;;;;;;;;;;;;;;;;;;;;;;;
assembly_line_desc;Линия сборки;Chaine de montage;Fliessband;;Cadena montaje;x;;;;;;;;;;;;;;;;;;;;;;;;;;;;;;;;;;;;;;;;;;;;
fordism;Фордизм;Fordisme;Fordismus;;Fordismo;x;;;;;;;;;;;;;;;;;;;;;;;;;;;;;;;;;;;;;;;;;;;;
fordism_desc;Фордизм был методом массового производства. Изделие двигалось по движущейся линии, а рабочие стояли рядом, готовые прикрепить деталь, на которой они были специализируются. Промышленный способ производства был революционизирован.;;Der Fordismus war eine Massenproduktionstechnik. Das Produkt bewegte sich dabei auf einem Fliessband an den Arbeitern vorbei, die ihm das Teil hinzufugten, auf das sie jeweils spezialisiert waren. Dies revolutionierte die industriellen Produktionsmethoden.;;El fordismo era una tecnica de produccion en masa. El producto se movia sobre una cadena movil y los trabajadores, preparados junto a ella, colocaban la pieza que les correspondia. Este metodo revolucion?la produccion industrial.;x;;;;;;;;;;;;;;;;;;;;;;;;;;;;;;;;;;;;;;;;;;;;
massproduced_rail;Массовое производство рельсов;Production en serie de rails;Massenproduzierte Schienen;;Railes producidos en masa;x;;;;;;;;;;;;;;;;;;;;;;;;;;;;;;;;;;;;;;;;;;;;
massproduced_rail_desc;Благодаря сочетанию фордизма и технологии выплавки рельсы можно было бы производить массово, и таким образом можно было бы расширить железнодорожную сеть по гораздо более низкой цене.;En combinant les apports du Fordisme et des techniques metallurgiques, on a pu produire des rails en serie. Des lors, on a pu etendre ?moindre cout le reseau ferroviaire.;Durch die angewandte Kombination von Fordismus und Schmelztechnik konnten Schienen massenproduziert werden. Dadurch konnte das Schienennetz weitaus gunstiger erweitert werden.;;Una de las aplicaciones del fordismo y las tecnicas de fundicion combinadas fue la produccion en masa de los railes, que permitia ampliar la red ferroviaria a un precio mucho menor.;x;;;;;;;;;;;;;;;;;;;;;;;;;;;;;;;;;;;;;;;;;;;;
industrialized_armament_industry;Индустриализированная военная промышленность;Industrie de l'armement;Industrialisierte Waffenindustrie;;Industria armamentistica industrializada;x;;;;;;;;;;;;;;;;;;;;;;;;;;;;;;;;;;;;;;;;;;;;
industrialized_armament_industry_desc;Вскоре военная промышленность, подталкиваемая жесткой международной конкуренцией, перешла на индустриальный уровень и внедрила все возможные меры по повышению эффективности для увеличения продаж.;La concurrence feroce qui regnait sur le march?de l'armement a oblig?les entrepreneurs du secteur ?industrialiser leur production et ?integrer toutes les mesures ?meme d'ameliorer le rendement afin d'augmenter leurs ventes.;Schon bald wurde die durch harte internationale Konkurrenz nach vorne getriebene Waffenindustrie industrialisiert, wobei man sich zur Steigerung der Umsatzzahlen jeder effizienzsteigernden Massnahme bediente.;;La industria armamentistica, impulsada por la feroz competencia internacional, aplic?todas las medidas de mejora de la eficiencia disponibles para aumentar las ventas.;x;;;;;;;;;;;;;;;;;;;;;;;;;;;;;;;;;;;;;;;;;;;;
refrigerator_technology;Холодильная техника;Technologie de refrigeration;Kuhlschranktechnologie;;Tecnologia de refrigeracion;x;;;;;;;;;;;;;;;;;;;;;;;;;;;;;;;;;;;;;;;;;;;;
refrigerator_technology_desc;Внедрение холодильных технологий произвело революцию в пищевой промышленности, а также в ликероводочной промышленности, которая всегда была ограничена температурой.;La technologie du refrigerateur revolutionna l'industrie alimentaire de meme que les distilleries, qui avaient toujours et?limitees par des problemes de temperature.;Die Einfuhrung der Kuhlschranktechnologie revolutionierte die Lebensmittelindustrie. Auch die Destillationsindustrie, fur die Temperaturen immer ein Problem gewesen war, profitierte davon.;;La aparicion de la tecnologia de refrigeracion revolucion?la industria alimentaria, as?como la de la destilacion, que siempre habia estado limitada por la temperatura.;x;;;;;;;;;;;;;;;;;;;;;;;;;;;;;;;;;;;;;;;;;;;;
shift_work;Сменная работа;Travail par equipes;Schichtarbeit;;Trabajo por turnos;x;;;;;;;;;;;;;;;;;;;;;;;;;;;;;;;;;;;;;;;;;;;;
shift_work_desc;Сменная работа;Travail par equipes;Schichtarbeit;;Trabajo por turnos;x;;;;;;;;;;;;;;;;;;;;;;;;;;;;;;;;;;;;;;;;;;;;
mechanized_mining;Механизированная добыча;Extraction miniere mecanisee;Mechanisierter Bergbau;;Mineria mecanizada;x;;;;;;;;;;;;;;;;;;;;;;;;;;;;;;;;;;;;;;;;;;;;
mechanized_mining_desc;Механизированная добыча;Extraction miniere mecanisee;Mechanisierter Bergbau;;Mineria mecanizada;x;;;;;;;;;;;;;;;;;;;;;;;;;;;;;;;;;;;;;;;;;;;;
ammunition_production;Производство боеприпасов;Production de munitions;Munitionsproduktion;;Produccion de municion;x;;;;;;;;;;;;;;;;;;;;;;;;;;;;;;;;;;;;;;;;;;;;
REMOVE_ammunition_production_desc;ДЕЛО;TODO;TODO;;POR HACER;x;;;;;;;;;;;;;;;;;;;;;;;;;;;;;;;;;;;;;;;;;;;;
small_arms_production;Производство стрелкового оружия;Production d'armes legeres;Handfeuerwaffenproduktion;;Produccion de armas ligeras;x;;;;;;;;;;;;;;;;;;;;;;;;;;;;;;;;;;;;;;;;;;;;
REMOVE_small_arms_production_desc;ДЕЛО;TODO;TODO;;POR HACER;x;;;;;;;;;;;;;;;;;;;;;;;;;;;;;;;;;;;;;;;;;;;;
explosives_production;Производство взрывчатых веществ;Production d'explosifs;Sprengstoffproduktion;;Produccion de explosivos;x;;;;;;;;;;;;;;;;;;;;;;;;;;;;;;;;;;;;;;;;;;;;
REMOVE_explosives_production_desc;ДЕЛО;TODO;TODO;;POR HACER;x;;;;;;;;;;;;;;;;;;;;;;;;;;;;;;;;;;;;;;;;;;;;
artillery_production;Артиллерийское производство;Production de pieces d'artillerie;Artillerieproduktion;;Produccion de artilleria;x;;;;;;;;;;;;;;;;;;;;;;;;;;;;;;;;;;;;;;;;;;;;
REMOVE_artillery_production_desc;ДЕЛО;TODO;TODO;;POR HACER;x;;;;;;;;;;;;;;;;;;;;;;;;;;;;;;;;;;;;;;;;;;;;
clean_coal;Чистый уголь;Charbon purifi?Reinkohle;;Limp. carbуn;x;;;;;;;;;;;;;;;;;;;;;;;;;;;;;;;;;;;;;;;;;;;;;
clean_coal_desc;Чистый уголь;Charbon purifi?Reinkohle;;Limp. carbуn;x;;;;;;;;;;;;;;;;;;;;;;;;;;;;;;;;;;;;;;;;;;;;;
pit_coal;Каменный уголь;Houille;Steinkohle;;Carbon mineral;x;;;;;;;;;;;;;;;;;;;;;;;;;;;;;;;;;;;;;;;;;;;;
pit_coal_desc;Каменный уголь был гораздо более высококачественным, чем бурый уголь, и на этом этапе новые технологии значительно упростили переработку каменного угля.;La houille etait de bien meilleure qualit?que le lignite et de nouvelles techniques simplifiaient desormais son raffinage.;Steinkohle war weitaus hochstufiger als Braunkohle, und zu diesem Zeitpunkt vereinfachten neue Techniken die Verfeinerung von Steinkohle stark.;;El carbon mineral tenia mucha mas calidad que el vegetal, y en este momento se crearon nuevas tecnicas para facilitar enormemente su refinacion.;x;;;;;;;;;;;;;;;;;;;;;;;;;;;;;;;;;;;;;;;;;;;;
coke;Кока-кола;Coke;Koks;;Coque;x;;;;;;;;;;;;;;;;;;;;;;;;;;;;;;;;;;;;;;;;;;;;
coke_desc;Кокс — это уголь, обогащенный специальным процессом. Обрабатывая уголь, можно было превратить больше энергии в электроэнергию, а также более эффективно очищать железо и другие металлы.;Le coke est un charbon enrichi par un proced?special. En traitant ainsi le charbon, on pouvait le rendre plus energetique et ameliorer la fusion du fer et d'autres metaux, et donc, leur puret?;Koks war durch Spezialverfahren angereicherte Kohle. Durch die Behandlung von Kohle konnte mehr Energie in Strom umgewandelt werden. Auch Eisen und andere Metalle konnten effizienter gereinigt werden.;;El coque era un carbon enriquecido por un proceso especial. Mediante el tratamiento del carbon se podia convertir mas energia en potencia y ademas se podian purificar con mayor eficacia el hierro y otros metales.;x;;;;;;;;;;;;;;;;;;;;;;;;;;;;;;;;;;;;;;;;;;;;
cheap_iron;Дешевое железо;Fer peu couteux;Gunstiges Eisen;;Hierro barato;x;;;;;;;;;;;;;;;;;;;;;;;;;;;;;;;;;;;;;;;;;;;;
cheap_iron_desc;Дешевое железо;Fer peu couteux;Gunstiges Eisen;;Hierro barato;x;;;;;;;;;;;;;;;;;;;;;;;;;;;;;;;;;;;;;;;;;;;;
advanced_ore_roasting_processes;Современные процессы обжига руды;Procedes de pointe de calcination des minerais de fer;Fortschrittliche Erzrostungsverfahren;;Procesos avanzados de tratamiento del metal;x;;;;;;;;;;;;;;;;;;;;;;;;;;;;;;;;;;;;;;;;;;;;
advanced_ore_roasting_processes_desc;Этот процесс очищал руду от побочных продуктов, которые имели тенденцию к дефектам готового металла. При использовании этой технологии готовый металл имел бы более высокое качество, долговечность и из-за большого оборота количества более низкую цену.;Ce proced?permettait de purifier le minerai en eliminant les matieres qui nuisaient ?la qualit?du metal. Le metal ainsi produit etait de bien meilleure qualit?et beaucoup plus solide. Ce proced?permettait aussi une baisse des prix.;Dieses Verfahren sauberte das Erz von Nebenprodukten, die dazu tendierten, das fertige Metall zu verunreinigen. Durch den Einsatz dieser Technik wurde die Qualitat und die Widerstandsfahigkeit des fertigen Metalls erhoht. Aufgrund der grossen Produktionsmengen reduzierte sich auch der Preis.;;Este proceso purificaba el mineral de aquellos productos que tendian a provocar defectos en el metal una vez terminado. Mediante el uso de esta tecnica, el metal terminado tendria mayor calidad, durabilidad y, gracias al aumento en la produccion, un precio mas reducido.;x;;;;;;;;;;;;;;;;;;;;;;;;;;;;;;;;;;;;;;;;;;;;
advanced_ore_grinding_processes;Усовершенствованные процессы измельчения руды;Procedes de point de pulverisation des minerais de fer;Fortschrittliche Erzzermahlungsverfahren;;Proceso avanzado de pulverizacion de mineral;x;;;;;;;;;;;;;;;;;;;;;;;;;;;;;;;;;;;;;;;;;;;;
advanced_ore_grinding_processes_desc;Этот процесс очищал руду от побочных продуктов, которые имели тенденцию портить последний готовый металл. При использовании этой технологии готовый металл имел бы более высокое качество, долговечность и из-за большого оборота по более низкой цене.;Ce proced?permettait de purifier le minerai en eliminant les matieres qui nuisaient ?la qualit?du metal. Le metal ainsi produit etait de bien meilleure qualit?et beaucoup plus solide. Ce proced?permettait aussi une baisse des prix.;Dieses Verfahren sauberte das Erz von Nebenprodukten, die dazu tendierten, das fertige Metall zu verunreinigen. Durch den Einsatz dieser Technik wurde die Qualitat und die Widerstandsfahigkeit des fertigen Metalls erhoht. Aufgrund der grossen Produktionsmengen reduzierte sich auch der Preis.;;Este proceso purificaba el mineral de aquellos productos que tendian a provocar defectos en el metal una vez terminado. Mediante el uso de esta tecnica, el metal terminado tendria mayor calidad, durabilidad y, gracias al aumento en la produccion, un precio mas reducido.;x;;;;;;;;;;;;;;;;;;;;;;;;;;;;;;;;;;;;;;;;;;;;
advanced_ore_smelting_processes;Современные процессы плавки руды;Proced?de pointe de fonte des minerais de fer;Fortschrittliche Erzschmelzverfahren;;Proceso avanzado de fundicion de mineral;x;;;;;;;;;;;;;;;;;;;;;;;;;;;;;;;;;;;;;;;;;;;;
advanced_ore_smelting_processes_desc;Этот процесс очищал руду от побочных продуктов, которые имели тенденцию портить последний готовый металл. При использовании этой технологии готовый металл имел бы более высокое качество, долговечность и из-за большого оборота по более низкой цене.;Ce proced?permettait de purifier le minerai en eliminant les matieres qui nuisaient ?la qualit?du metal. Le metal ainsi produit etait de bien meilleure qualit?et beaucoup plus solide. Ce proced?permettait aussi une baisse des prix.;Dieses Verfahren sauberte das Erz von Nebenprodukten, die dazu tendierten, das fertige Metall zu verunreinigen. Durch den Einsatz dieser Technik wurde die Qualitat und die Widerstandsfahigkeit des fertigen Metalls erhoht. Aufgrund der grossen Produktionsmengen reduzierte sich auch der Preis.;;Este proceso purificaba el mineral de aquellos productos que tendian a provocar defectos en el metal una vez terminado. Mediante el uso de esta tecnica, el metal terminado tendria mayor calidad, durabilidad y, gracias al aumento en la produccion, un precio mas reducido.;x;;;;;;;;;;;;;;;;;;;;;;;;;;;;;;;;;;;;;;;;;;;;
bessemer_steel;Бессемерова сталь;Acier Bessemer;Bessemerstahl;;Acero Bessemer;x;;;;;;;;;;;;;;;;;;;;;;;;;;;;;;;;;;;;;;;;;;;;
bessemer_steel_desc;Этот метод не только очищал железо в процессе его переработки в сталь, но и позволял использовать железо, которое ранее было непригодно из-за своей низкой сортности.;Cette methode purifiait non seulement le fer lors du processus de transformation en acier mais permettait aussi d'utiliser du fer jusque-l?jug?de qualit?insuffisante.;Diese Methode reinigte das Eisen wahrend seiner Verarbeitung zu Stahl nicht nur, sondern ermoglichte auch die Verwendung von Eisen, dass wegen minderwertiger Qualitat zuvor nicht verwendet werden konnte.;;Este metodo, ademas de purificar el hierro durante el proceso de transformacion en acero, permitia aprovechar minerales de hierro que hasta entonces se habian desechado debido a su bajo grado.;x;;;;;;;;;;;;;;;;;;;;;;;;;;;;;;;;;;;;;;;;;;;;
cheap_steel;Дешевая сталь;Acier peu couteux;Gunstiger Stahl;;Acero barato;x;;;;;;;;;;;;;;;;;;;;;;;;;;;;;;;;;;;;;;;;;;;;
cheap_steel_desc;Дешевая сталь;Acier peu couteux;Gunstiger Stahl;;Acero barato;x;;;;;;;;;;;;;;;;;;;;;;;;;;;;;;;;;;;;;;;;;;;;
martin_steel;Мартин Стил;Acier Martin;Martin-Stahl;;Acero Martin;x;;;;;;;;;;;;;;;;;;;;;;;;;;;;;;;;;;;;;;;;;;;;
martin_steel_desc;Этот метод не только очищал железо в процессе его переработки в сталь, но и позволял использовать железо, которое ранее было непригодно из-за своей низкой сортности.;Cette methode purifiait non seulement le fer lors du processus de transformation en acier mais permettait aussi d'utiliser du fer jusque-l?jug?de qualit?insuffisante.;Diese Methode reinigte das Eisen wahrend seiner Verarbeitung zu Stahl nicht nur, sondern ermoglichte auch die Verwendung von Eisen, dass wegen minderwertiger Qualitat zuvor nicht verwendet werden konnte.;;Este metodo, ademas de purificar el hierro durante el proceso de transformacion en acero, permitia aprovechar minerales de hierro que hasta entonces se habian desechado debido a su bajo grado.;x;;;;;;;;;;;;;;;;;;;;;;;;;;;;;;;;;;;;;;;;;;;;
thomas_steel;Томас Стил;Acier Thomas;Thomas-Steel;;Acero Thomas;x;;;;;;;;;;;;;;;;;;;;;;;;;;;;;;;;;;;;;;;;;;;;
thomas_steel_desc;Этот метод не только очищал железо в процессе его переработки в сталь, но и позволял использовать железо, которое ранее было непригодно из-за своей низкой сортности.;Cette methode purifiait non seulement le fer lors du processus de transformation en acier mais permettait aussi d'utiliser du fer jusque-l?jug?de qualit?insuffisante.;Diese Methode reinigte das Eisen wahrend seiner Verarbeitung zu Stahl nicht nur, sondern ermoglichte auch die Verwendung von Eisen, das wegen minderwertiger Qualitat zuvor nicht verwendet werden konnte.;;Este metodo, ademas de purificar el hierro durante el proceso de transformacion en acero, permitia aprovechar minerales de hierro que hasta entonces se habian desechado debido a su bajo grado.;x;;;;;;;;;;;;;;;;;;;;;;;;;;;;;;;;;;;;;;;;;;;;
advanced_metallurgy;Передовая металлургия;Metallurgie de pointe;Fortschrittliche Metallurgie;;Metalurgia avanzada;x;;;;;;;;;;;;;;;;;;;;;;;;;;;;;;;;;;;;;;;;;;;;
advanced_metallurgy_desc;Передовая металлургия;Metallurgie de pointe;Fortschrittliche Metallurgie;;Metalurgia avanzada;x;;;;;;;;;;;;;;;;;;;;;;;;;;;;;;;;;;;;;;;;;;;;
electric_rolling_techniques;Методы электропрокатки;Techniques de laminage electrique;Elektrische Walzverfahren;;Tecnicas electr. rodillo;x;;;;;;;;;;;;;;;;;;;;;;;;;;;;;;;;;;;;;;;;;;;;
electric_rolling_techniques_desc;Это была новая технология превращения стальных прутков в стальные пластины. Экономия времени и труда за счет использования машин вместо множества кузнецов с молотами была значительной.;Il s'agit d'une nouvelle technique de transformation des barres d'acier en plaques. Ces machines ont remplac?les forgerons et leurs marteaux et ont permis d'economiser enormement de temps et de travail.;Dies war eine neue Technik, um Stahlstabe zu Stahlplatten zu walzen. Die Zeit- und Arbeitsersparnis durch Maschineneinsatz statt einer Gruppe von Schmieden mit Hammern war betrachtlich.;;Se trataba de una tecnica nueva para convertir lingotes de acero en planchas. El ahorro en tiempo y trabajo ahorrados derivado del uso de maquinas en lugar de una serie de trabajadores con martillos era considerable.;x;;;;;;;;;;;;;;;;;;;;;;;;;;;;;;;;;;;;;;;;;;;;
steel_alloys;Стальные сплавы;Alliages d'acier;Metalllegierungen;;Aleaciones del acero;x;;;;;;;;;;;;;;;;;;;;;;;;;;;;;;;;;;;;;;;;;;;;
steel_alloys_desc;Это означало добавление небольших количеств других металлов к железу в процессе производства стали. Эффект был в том, что теперь можно было подгонять свойства металла и делать разные виды стали для разных видов использования.;On ajoutait au fer des petites quantites de differents metaux lors du processus de fabrication de l'acier. On a ainsi pu modifier les differentes caracteristiques du metal et fabriquer des types d'acier adaptes aux differentes utilisations.;Dies bedeutete, dass dem Eisen wahrend der Stahlproduktion kleine Mengen anderer Metalle hinzugefugt wurden. Als Konsequenz daraus wurde es moglich, die Attribute von Metall zu verandern und so verschiedene Stahlsorten fur bestimmte Zwecke herzustellen.;;Esto significaba anadir pequenas cantidades de otros metales al hierro durante el proceso de fabricacion del acero. Como consecuencia de ello, ahora se podian confeccionar a medida las caracteristicas del metal y crear tipos distintos de acero para usos distintos.;x;;;;;;;;;;;;;;;;;;;;;;;;;;;;;;;;;;;;;;;;;;;;
electric_furnace;Электропечь;Four electrique;Elektroofen;;Horno electrico;x;;;;;;;;;;;;;;;;;;;;;;;;;;;;;;;;;;;;;;;;;;;;
electric_furnace_desc;Электропечь;Four electrique;Elektroofen;;Horno electrico;x;;;;;;;;;;;;;;;;;;;;;;;;;;;;;;;;;;;;;;;;;;;;
stainless_steel;Нержавеющая сталь;Acier inoxydable;Edelstahl;;Acero inoxidable;x;;;;;;;;;;;;;;;;;;;;;;;;;;;;;;;;;;;;;;;;;;;;
stainless_steel_desc; Новые металлы, обнаруженные с помощью электропечи, включали хром. Хром, смешанный со сталью, образует защитный слой оксида хрома на поверхности стали, защищая ее от коррозии. Для появления ржавчины требовалось гораздо больше царапания по сравнению с окрашенной обычной сталью. Нержавеющая сталь вскоре стала использоваться в большинстве инструментов, частей оборудования и оружия.;;Zu den neuen Metallen, die durch den Einsatz von Elektroofen entdeckt wurden, gehorte Chrom. Wenn Chrom bei der Stahlherstellung eingesetzt wird, bildet es auf der Oberflache des Stahls eine Schutzschicht aus Chromoxid und schutzt ihn so vor Korrosion. Im Vergleich zu normalem Stahl waren weitaus mehr Kratzer notwendig, um Edelstahl zur Korrosion zu bringen. Schon bald wurde er fur die meisten Werkzeuge, Ausrustungsstucke und Waffen verwendet.;;Entre los nuevos metales descubiertos mediante el uso del horno electrico estaba el cromo. El cromo, mezclado con el acero, forma una capa de oxido de cromo sobre la superficie del acero que lo protege de la corrosion. Comparado con el acero pintado normal, habia que aranar mucho mas la superficie para que se pudiera oxidar. El acero inoxidable no tard?en utilizarse en la mayoria de las herramientas, piezas de maquinaria y armamento. ;x;;;;;;;;;;;;;;;;;;;;;;;;;;;;;;;;;;;;;;;;;;;;
experimental_railroad;Экспериментальная железная дорога;Chemin de fer experimental;Experimentaleisenbahn;;Ferrocarril experimental;x;;;;;;;;;;;;;;;;;;;;;;;;;;;;;;;;;;;;;;;;;;;;
experimental_railroad_desc;Экспериментальная железная дорога;Chemin de fer experimental;Experimentaleisenbahn;;Ferrocarril experimental;x;;;;;;;;;;;;;;;;;;;;;;;;;;;;;;;;;;;;;;;;;;;;
early_railroad;Ранняя железная дорога;Chemin de fer primitif;Fruhe Eisenbahn;;Ferrocarril primitivo;x;;;;;;;;;;;;;;;;;;;;;;;;;;;;;;;;;;;;;;;;;;;;
early_railroad_desc;Ранняя железная дорога;Chemin de fer primitif;Fruhe Eisenbahn;;Ferrocarril primitivo;x;;;;;;;;;;;;;;;;;;;;;;;;;;;;;;;;;;;;;;;;;;;;
iron_railroad;Железная дорога;Rails en fer;Eisenbahn (Eisen);;Ferrocarril de hierro;x;;;;;;;;;;;;;;;;;;;;;;;;;;;;;;;;;;;;;;;;;;;;
iron_railroad_desc;Железная дорога;Rails en fer;Eisenbahn (Eisen);;Ferrocarril de hierro;x;;;;;;;;;;;;;;;;;;;;;;;;;;;;;;;;;;;;;;;;;;;;
steel_railroad;Стальная железная дорога;Rails en acier;Eisenbahn (Stahl);;Ferrocarril de acero;x;;;;;;;;;;;;;;;;;;;;;;;;;;;;;;;;;;;;;;;;;;;;
steel_railroad_desc;Стальная железная дорога;Rails en acier;Eisenbahn (Stahl);;Ferrocarril de acero;x;;;;;;;;;;;;;;;;;;;;;;;;;;;;;;;;;;;;;;;;;;;;
integral_rail_system;Интегральная рельсовая система;Reseau integr?de chemin de fer;Integrales Schienennetz;;Sistema ferroviario integral;x;;;;;;;;;;;;;;;;;;;;;;;;;;;;;;;;;;;;;;;;;;;;
integral_rail_system_desc;Интегральная рельсовая система;Reseau integr?de chemin de fer;Integrales Schienennetz;;Sistema ferroviario integral;x;;;;;;;;;;;;;;;;;;;;;;;;;;;;;;;;;;;;;;;;;;;;
limited_access_roads;Дороги с ограниченным доступом;Routes ?acces limit?Schnellstrassen;;Vнas de acceso limitado;x;;;;;;;;;;;;;;;;;;;;;;;;;;;;;;;;;;;;;;;;;;;;;
limited_access_roads_desc;Дороги с ограниченным доступом;Routes ?acces limit?Schnellstrassen;;Vнas de acceso limitado;x;;;;;;;;;;;;;;;;;;;;;;;;;;;;;;;;;;;;;;;;;;;;;
basic_chemistry;Основы химии;Chimie elementaire;Grundlegende Chemie;;Quimica basica;x;;;;;;;;;;;;;;;;;;;;;;;;;;;;;;;;;;;;;;;;;;;;
basic_chemistry_desc;Основы химии;Chimie elementaire;Grundlegende Chemie;;Quimica basica;x;;;;;;;;;;;;;;;;;;;;;;;;;;;;;;;;;;;;;;;;;;;;
medicine;Лекарство;Medecine;Medizin;;Medicina;x;;;;;;;;;;;;;;;;;;;;;;;;;;;;;;;;;;;;;;;;;;;;
bank_inspection_board;Банковская инспекционная комиссия;Pre-War Defence;Pre-War Defence;;Pre-War Defence;x;;;;;;;;;;;;;;;;;;;;;;;;;;;;;;;;;;;;;;;;;;;;
mutual_funds;Паевые инвестиционные фонды;Pre-War Defence;Pre-War Defence;;Pre-War Defence;x;;;;;;;;;;;;;;;;;;;;;;;;;;;;;;;;;;;;;;;;;;;;
international_stock_exchange;Международная фондовая биржа;Pre-War Defence;Pre-War Defence;;Pre-War Defence;x;;;;;;;;;;;;;;;;;;;;;;;;;;;;;;;;;;;;;;;;;;;;
bond_market;Рынок облигаций;Pre-War Defence;Pre-War Defence;;Pre-War Defence;x;;;;;;;;;;;;;;;;;;;;;;;;;;;;;;;;;;;;;;;;;;;;
derivatives_market;Рынок деривативов;Pre-War Defence;Pre-War Defence;;Pre-War Defence;x;;;;;;;;;;;;;;;;;;;;;;;;;;;;;;;;;;;;;;;;;;;;
insurance_companies;Страховые компании;Pre-War Defence;Pre-War Defence;;Pre-War Defence;x;;;;;;;;;;;;;;;;;;;;;;;;;;;;;;;;;;;;;;;;;;;;
modern_central_bank_system;Современная система центрального банка;Pre-War Defence;Pre-War Defence;;Pre-War Defence;x;;;;;;;;;;;;;;;;;;;;;;;;;;;;;;;;;;;;;;;;;;;;
determined_exchange_rates;Определенные обменные курсы;Pre-War Defence;Pre-War Defence;;Pre-War Defence;x;;;;;;;;;;;;;;;;;;;;;;;;;;;;;;;;;;;;;;;;;;;;
fractional_reserve_banking;Частичное банковское резервирование;Pre-War Defence;Pre-War Defence;;Pre-War Defence;x;;;;;;;;;;;;;;;;;;;;;;;;;;;;;;;;;;;;;;;;;;;;
modern_cheque;Современный чек;Pre-War Defence;Pre-War Defence;;Pre-War Defence;x;;;;;;;;;;;;;;;;;;;;;;;;;;;;;;;;;;;;;;;;;;;;
credit_card;Кредитная карта;Pre-War Defence;Pre-War Defence;;Pre-War Defence;x;;;;;;;;;;;;;;;;;;;;;;;;;;;;;;;;;;;;;;;;;;;;
smart_card;Смарт-карта;Pre-War Defence;Pre-War Defence;;Pre-War Defence;x;;;;;;;;;;;;;;;;;;;;;;;;;;;;;;;;;;;;;;;;;;;;
keynesian_economics;Кейнсианская экономика;Pre-War Defence;Pre-War Defence;;Pre-War Defence;x;;;;;;;;;;;;;;;;;;;;;;;;;;;;;;;;;;;;;;;;;;;;
international_economics;Международная Экономика;Pre-War Defence;Pre-War Defence;;Pre-War Defence;x;;;;;;;;;;;;;;;;;;;;;;;;;;;;;;;;;;;;;;;;;;;;
evolutionary_economics;Эволюционная экономика;Pre-War Defence;Pre-War Defence;;Pre-War Defence;x;;;;;;;;;;;;;;;;;;;;;;;;;;;;;;;;;;;;;;;;;;;;
institutional_economics;Институциональная экономика;Pre-War Defence;Pre-War Defence;;Pre-War Defence;x;;;;;;;;;;;;;;;;;;;;;;;;;;;;;;;;;;;;;;;;;;;;
monetarism;Монетаризм;Pre-War Defence;Pre-War Defence;;Pre-War Defence;x;;;;;;;;;;;;;;;;;;;;;;;;;;;;;;;;;;;;;;;;;;;;
modern_clinical_economics;Современная клиническая экономика;Pre-War Defence;Pre-War Defence;;Pre-War Defence;x;;;;;;;;;;;;;;;;;;;;;;;;;;;;;;;;;;;;;;;;;;;;
economic_responsibility;Экономическая ответственность;Pre-War Defence;Pre-War Defence;;Pre-War Defence;x;;;;;;;;;;;;;;;;;;;;;;;;;;;;;;;;;;;;;;;;;;;;
government_interventionism;Правительственное вмешательство;Pre-War Defence;Pre-War Defence;;Pre-War Defence;x;;;;;;;;;;;;;;;;;;;;;;;;;;;;;;;;;;;;;;;;;;;;
market_socialism;Рыночный социализм;Pre-War Defence;Pre-War Defence;;Pre-War Defence;x;;;;;;;;;;;;;;;;;;;;;;;;;;;;;;;;;;;;;;;;;;;;
labour_laws;Трудовое законодательство;Pre-War Defence;Pre-War Defence;;Pre-War Defence;x;;;;;;;;;;;;;;;;;;;;;;;;;;;;;;;;;;;;;;;;;;;;
contract_policy;Политика контракта;Pre-War Defence;Pre-War Defence;;Pre-War Defence;x;;;;;;;;;;;;;;;;;;;;;;;;;;;;;;;;;;;;;;;;;;;;
modern_competitive_policy;Современная конкурентная политика;Pre-War Defence;Pre-War Defence;;Pre-War Defence;x;;;;;;;;;;;;;;;;;;;;;;;;;;;;;;;;;;;;;;;;;;;;
organised_factories;Организованные фабрики;Pre-War Defence;Pre-War Defence;;Pre-War Defence;x;;;;;;;;;;;;;;;;;;;;;;;;;;;;;;;;;;;;;;;;;;;;
organisational_development;Организационное развитие;Pre-War Defence;Pre-War Defence;;Pre-War Defence;x;;;;;;;;;;;;;;;;;;;;;;;;;;;;;;;;;;;;;;;;;;;;
human_resource_management;Управление человеческими ресурсами;Pre-War Defence;Pre-War Defence;;Pre-War Defence;x;;;;;;;;;;;;;;;;;;;;;;;;;;;;;;;;;;;;;;;;;;;;
benchmarking;Бенчмаркинг;Pre-War Defence;Pre-War Defence;;Pre-War Defence;x;;;;;;;;;;;;;;;;;;;;;;;;;;;;;;;;;;;;;;;;;;;;
oee_system;Система OEE;Pre-War Defence;Pre-War Defence;;Pre-War Defence;x;;;;;;;;;;;;;;;;;;;;;;;;;;;;;;;;;;;;;;;;;;;;
modern_process_control;Современный контроль технологических процессов;Pre-War Defence;Pre-War Defence;;Pre-War Defence;x;;;;;;;;;;;;;;;;;;;;;;;;;;;;;;;;;;;;;;;;;;;;
medicine_desc;Лекарство;Medecine;Medizin;;Medicina;x;;;;;;;;;;;;;;;;;;;;;;;;;;;;;;;;;;;;;;;;;;;;
combat_medicine;Боевая медицина;Medecine de combat;Militarmedizin;;Medicina militar;x;;;;;;;;;;;;;;;;;;;;;;;;;;;;;;;;;;;;;;;;;;;;
combat_medicine_desc;К этому моменту армии и флоты мира признали необходимость не только создания медицинских подразделений в своих организациях, но и то, что болезни и ранения, полученные в ходе боевых действий и на передовой, требуют специализации.;Les armees et marines ont compris l'utilit?de l'introduction d'un corps medical dans leur organisation, mais aussi la necessit?de le specialiser dans les formes de maladies et de blessures propres ?la guerre.;Zu diesem Zeitpunkt hatten die Land- und Seestreitkrafte erkannt, dass sie nicht nur eigene Sanitatstruppen benotigten, sondern auch, dass wahrend dem Kampf und Frontdienst erlittene Wunden bzw. Krankheiten die Spezialisierung dieser Truppen erforderten.;;A estas alturas, los ejercitos y armadas del mundo eran conscientes, no solo de que necesitaban un cuerpo medico en sus filas, sino tambien de que las enfermedades y heridas provocadas en el campo de batalla requerian especializacion.;x;;;;;;;;;;;;;;;;;;;;;;;;;;;;;;;;;;;;;;;;;;;;
aerial_bacteria_and_antiseptic_principle;Воздушные бактерии и принцип антисептики;Bacteries aerobies et principe antiseptique;Luftbakterien und Antiseptika;;Principio de las bacterias aerobias y los antisepticos;x;;;;;;;;;;;;;;;;;;;;;;;;;;;;;;;;;;;;;;;;;;;;
aerial_bacteria_and_antiseptic_principle_desc;Открытие воздушных бактерий и разработка антисептиков произвели революцию в жизни человечества. Открытые раны больше не означали ампутацию или смерть, теперь инфекции и даже лихорадку можно было вылечить с помощью современной медицины.;;Die Entdeckung von Luftbakterien und die Entwicklung von Antiseptika revolutionierte die Behandlung von Krankheiten. Offene Wunden waren nicht mehr gleichbedeutend mit Amputationen oder dem Tod. Infektionen und sogar Fieber konnten nun medikamentos behandelt werden.;;El descubrimiento de las bacterias aerobias y los antisepticos revolucion?la vida de la humanidad. Una herida abierta ya no significaba la amputacion o la muerte y, a partir de entonces, las infecciones y enfermedades pudieron tratarse con medicinas.;x;;;;;;;;;;;;;;;;;;;;;;;;;;;;;;;;;;;;;;;;;;;;
vaccination;Вакцинация;Vaccination;Impfung;;Vacunacion;x;;;;;;;;;;;;;;;;;;;;;;;;;;;;;;;;;;;;;;;;;;;;
vaccination_desc;Этот метод означал, что можно было иммунизировать животных и людей от болезней, которые процветали. Это облегчало жизнь человеку и делало скотоводство более прибыльным.;Cette methode a permis d'immuniser l'homme et les animaux contre des maladies florissantes ?l'epoque. Cela a amelior?la sant?des hommes et a augment?la rentabilit?de l'elevage.;Diese Methode ermoglichte die Immunisierung von Menschen und Tieren gegen sich weit verbreitende Krankheiten. Dies machte das Leben der Menschen einfacher und die Rinderzucht profitabler.;;Gracias a este metodo era posible inmunizar a los animales y seres humanos frente a muchas enfermedades. Esto facilit?la vida a los humanos y aument?los beneficios de las empresas ganaderas.;x;;;;;;;;;;;;;;;;;;;;;;;;;;;;;;;;;;;;;;;;;;;;
chemotherapy;Химиотерапия;Chimiotherapie;Chemotherapie;;Quimioterapia;x;;;;;;;;;;;;;;;;;;;;;;;;;;;;;;;;;;;;;;;;;;;;
chemotherapy_desc;Химиотерапия описывает методы использования природных или искусственных низкомолекулярных веществ, оказывающих избирательное повреждающее действие на возбудителей болезней путем блокирования метаболизма.;La chimiotherapie decrit les methodes d'emploi de substances moleculaires artificielles pour detruire selectivement les agents pathogenes en bloquant leur metabolisme.;Die Chemotherapie beschreibt Methoden des Einsatzes naturlicher oder kunstlicher niedermolekularer Substanzen zur Blockade des Metabolismus, wodurch mit selektiven Schadeffekten gegen bestimmte Krankheitserreger vorgegangen werden kann.;;La quimioterapia describe metodos de uso de sustancias a nivel molecular, naturales o artificiales, que danan selectivamente a los agentes causantes de la enfermedad mediante un bloqueo del metabolismo.;x;;;;;;;;;;;;;;;;;;;;;;;;;;;;;;;;;;;;;;;;;;;;
genetics:_heredity;Генетика: Наследственность;Heredit?genetique;Genetik: Erblehre;;Genetica hereditaria;x;;;;;;;;;;;;;;;;;;;;;;;;;;;;;;;;;;;;;;;;;;;;
genetics:_heredity_desc;Наследственность Генетика была важным шагом к пониманию самой жизни. Грегор Мендель (1822-84) предположил, что каждый признак, содержащийся в организме, записан в некоторых материальных факторах и передается в процессе размножения. В экспериментах с его растениями гороха он смог доказать свой тезис.;;Die Erblehre war ein grosser Schritt zur Verstandnis des Lebens selbst. Gregor Mendel (1822-84) hatte angenommen, dass jede Eigenschaft eines Organismus in materiellen Faktoren gespeichert und bei der Fortpflanzung weitergegeben wird. Durch Experimente mit Erbsenpflanzen konnte er seine These beweisen.;;La genetica hereditaria fue un gran paso adelante en la comprension de la propia vida Gregor Mendel (1822-84) asumi?que todas las caracteristicas de un organismo estaban inscritas en algun elemento material que se transferia durante el proceso de reproduccion. Mediante sus experimentos con los guisantes pudo demostrar sus tesis.;x;;;;;;;;;;;;;;;;;;;;;;;;;;;;;;;;;;;;;;;;;;;;
clinical_thermometers_and_binaural_stethoscopes;Клинические термометры и бинауральные стетоскопы;Thermometres cliniques et stethoscope biauriculaire;Fieberthermometer und Schlauchstethoskope;;Termometros clinicos y estetoscopios binaurales;x;;;;;;;;;;;;;;;;;;;;;;;;;;;;;;;;;;;;;;;;;;;;
clinical_thermometers_and_binaural_stethoscopes_desc;Новое медицинское оборудование упростило работу врачей и значительно повысило эффективность их работы.;Ce nouvel instrument medical simplifia le travail des medecins et ameliora leur efficacit?;Diese neue medizinischen Ausrustungen vereinfachte die Arbeit von Arzten und verbesserte die Effekte ihrer Behandlungen erheblich.;;Estos nuevos equipos simplificaron el trabajo de los medicos y aumentaron de manera considerable su eficacia.;x;;;;;;;;;;;;;;;;;;;;;;;;;;;;;;;;;;;;;;;;;;;;
prophylaxis_against_malaria;Профилактика малярии;Prophylaxie du paludisme;Prophylaxe gegen Malaria;;Profilaxis contra la malaria;x;;;;;;;;;;;;;;;;;;;;;;;;;;;;;;;;;;;;;;;;;;;;
prophylaxis_against_malaria_desc;Это лекарство обеспечило пациенту защиту от заболевания, передаваемого малярийным комаром, который был очень распространен в тропиках.;Ce medicament protegeait le patient du paludisme transmis par les moustiques, tres frequent sous les tropiques.;Dieses Medikament schutzte den Patienten gegen eine vom Malariamoskito ubertragene Krankheit, die in den Tropen weit verbreitet war.;;Este medicamento proporcionaba a los pacientes proteccion frente al mosquito de la Malaria, muy habitual en los tropicos.;x;;;;;;;;;;;;;;;;;;;;;;;;;;;;;;;;;;;;;;;;;;;;
pressure_chambers_for_thorax_surgery;Барокамеры для хирургии грудной клетки;Chambre pressurisee pour la chirurgie du thorax;Druckkammern fur Thorax-Operationen;;Camaras hiperbaricas para la cirugia toracica;x;;;;;;;;;;;;;;;;;;;;;;;;;;;;;;;;;;;;;;;;;;;;
pressure_chambers_for_thorax_surgery_desc;При проведении операций на грудной клетке большой проблемой был кислород в кровотоке, но при проведении операций в барокамере риск значительно снижался.;L'un des problemes majeurs des interventions chirurgicales sur le thorax etait l'oxygenation du sang. En realisant ces operations dans une chambre pressurisee, on limitait considerablement ce danger.;Der Sauerstoff im Blutkreislauf war wahrend Thorax-Operationen stets ein grosses Problem gewesen, doch durch die Ausfuhrung solcher Operationen in Druckkammern konnte das Risiko betrachtlich reduziert werden.;;A la hora de realizar operaciones de cirugia toracica, uno de los mayores problemas era el oxigeno en la corriente sanguinea, pero si se llevaban a cabo en una camara hiperbarica se reducian de manera considerable los riesgos.;x;;;;;;;;;;;;;;;;;;;;;;;;;;;;;;;;;;;;;;;;;;;;
inorganic_chemistry;Неорганическая химия;Chimie minerale;Anorganische Chemie;;Quimica inorganica;x;;;;;;;;;;;;;;;;;;;;;;;;;;;;;;;;;;;;;;;;;;;;
inorganic_chemistry_desc;Неорганическая химия;Chimie minerale;Anorganische Chemie;;Quimica inorganica;x;;;;;;;;;;;;;;;;;;;;;;;;;;;;;;;;;;;;;;;;;;;;
artificial_fertilizers;Искусственные удобрения;Engrais chimiques;Kunstdunger;;Fertilizantes artificiales;x;;;;;;;;;;;;;;;;;;;;;;;;;;;;;;;;;;;;;;;;;;;;
artificial_fertilizers_desc;Это был метод производства удобрений в лабораторных условиях вместо использования побочных продуктов животных.;Cette technique permettait de fabriquer les engrais en laboratoire et de ne plus dependre des engrais naturels produit par les animaux.;Dies war die Technik, Dunger kunstlich im Labor herzustellen, anstatt sich auf tierische Abfallprodukte zu verlassen.;;Era la tecnica que permitia elaborar fertilizantes en laboratorios, en lugar de tener que depender de los excrementos animales.;x;;;;;;;;;;;;;;;;;;;;;;;;;;;;;;;;;;;;;;;;;;;;
nitroglycerin;Нитроглицерин;Nitroglycerine;Nitroglyzerin;;Nitroglicerina;x;;;;;;;;;;;;;;;;;;;;;;;;;;;;;;;;;;;;;;;;;;;;
nitroglycerin_desc;Это была технология производства надежных взрывчатых веществ из нитратов. Это часто означало использование удобрений в качестве базового материала.;Cette technique consistait ?fabriquer des explosifs efficaces ?partir de nitrates. Le materiau de base etait frequemment l'engrais.;Dies war die Technik, aus Nitraten zuverlassige Sprengstoffe herzustellen. Oftmals bildeten dabei Dungemittel das Basismaterial.;;Era la tecnica de producir explosivos fiables a partir de nitratos. A menudo implicaba usar fertilizantes como material basico.;x;;;;;;;;;;;;;;;;;;;;;;;;;;;;;;;;;;;;;;;;;;;;
chemical_wood_pulp_process;Химический процесс производства древесной массы;Proced?chimique de la pate ?papier;Chemisches Zellstoffverfahren;;Proceso quimico de la pulpa de madera;x;;;;;;;;;;;;;;;;;;;;;;;;;;;;;;;;;;;;;;;;;;;;
chemical_wood_pulp_process_desc;Древесина состоит из целлюлозных волокон, которые скреплены вместе веществом, называемым лигнином. Чтобы превратить древесину в пульпу, волокна должны быть разделены либо механическим, либо химическим способом. Эта технология помогла удовлетворить постоянно растущий спрос на бумагу в печатной промышленности 19 века.;;Holz besteht aus Zellulosefasern, die mit einer Lignin genannten Substanz fest miteinander verbunden sind. Zur Umwandlung von Holz zu Zellstoff mussen die Fasern entweder uber mechanische oder chemische Verfahren getrennt werden. Diese Technologie half dabei, den stetig wachsenden Papierbedarf der Druckindustrie des neunzehnten Jahrhunderts zu stillen.;;La madera est?compuesta de fibras de celulosa que se unen mediante una sustancia llamada lignina. Para transformar la madera en pulpa, hay que separar las fibras mediante un proceso mecanico o quimico. Esta tecnologia contribuy?a aliviar la creciente necesidad de papel de la industria editorial del siglo XIX.;x;;;;;;;;;;;;;;;;;;;;;;;;;;;;;;;;;;;;;;;;;;;;
rubber_vulcanization;Вулканизация резины;Vulcanisation du caoutchouc;Vulkanisierung;;Vulcanizacion del caucho;x;;;;;;;;;;;;;;;;;;;;;;;;;;;;;;;;;;;;;;;;;;;;
rubber_vulcanization_desc;Это был процесс изготовления промышленной резины из исходного каучукового материала. Это позволило наладить массовое производство этого стратегического материала и, таким образом, значительно увеличить выход продукции.;Cette technique permettait de transformer le caoutchouc naturel en caoutchouc industriel. Cela a permis de fabriquer en masse ce produit strategique.;Dies war ein Verfahren zur Herstellung von Industriegummi aus Kautschuk. Dies ermoglichte die Massenproduktion dieses strategischen Materials und steigerte die Gummiproduktion enorm.;;Era un proceso para hacer caucho industrial a partir de dicha materia prima. Esta tecnica permiti?producir de manera masiva este material estrategico.;x;;;;;;;;;;;;;;;;;;;;;;;;;;;;;;;;;;;;;;;;;;;;
catalytic_fermentative_process;Каталитический ферментативный процесс;Proced?de fermentation catalytique;Katalytisches Fermentierungsverfahren;;Procesos de fermentacion catalitica;x;;;;;;;;;;;;;;;;;;;;;;;;;;;;;;;;;;;;;;;;;;;;
catalytic_fermentative_process_desc;Это положило начало новой области науки и техники — биотехнологии. Коннштейн и Норман объединили ферментативные процессы (ферментативный гидролиз) с термодинамическим процессом (каталитическое гидрирование). Одним из результатов этого сочетания стал маргарин, который значительно улучшил снабжение населения незаменимыми ненасыщенными жирными кислотами.;;Dies markierte die Grundung eines neuen Wissenschafts- und Technologiebereichs - der Biotechnologie. Connstein und Norman kombinierten Fermentierungsverfahren (enzymatische Hydrolisation) mit einem thermodynamischen Prozess (katalytische Hydrogenation). Das Ergebnis dieser Kombination war Margarine, was die Versorgung der Bevolkerung mit essentiellen ungesattigten Fettsauren massiv verbesserte.;;Esta tecnologia marc?el nacimiento de un nuevo campo cientifico: la biotecnologia. Connstein y Norman combinaron procesos de fermentacion (hidrolizacion enzimatica) con un proceso termodinamico (hidrogenacion catalitica). Uno de los resultados de esta combinacion fue la margarina, que permiti?aumentar considerablemente el suministro de acidos grasos no saturados para la poblacion.;x;;;;;;;;;;;;;;;;;;;;;;;;;;;;;;;;;;;;;;;;;;;;
organic_chemistry;Органическая химия;Chimie organique;Organische Chemie;;Quimica organica;x;;;;;;;;;;;;;;;;;;;;;;;;;;;;;;;;;;;;;;;;;;;;
organic_chemistry_desc;Органическая химия;Chimie organique;Organische Chemie;;Quimica organica;x;;;;;;;;;;;;;;;;;;;;;;;;;;;;;;;;;;;;;;;;;;;;
synthetic_dye;Синтетический краситель;Colorants synthetiques;Kunstliche Farbstoffe;;Tintes sinteticos;x;;;;;;;;;;;;;;;;;;;;;;;;;;;;;;;;;;;;;;;;;;;;
synthetic_dye_desc;Это включало химический процесс, который создавал различные типы красителей синтетическим путем. Это произвело революцию в окраске тканей и положило конец производству сельскохозяйственных красителей, которые стали слишком дорогими в производстве.;Un proced?chimique permit de creer differents types de colorants synthetiques. Cela revolutionna la coloration des tissus et mit fin ?la production agricole de colorants naturels devenue trop couteuse.;Die Herstellung kunstlicher Farbstoffe stutzte sich auf ein chemisches Verfahren, das auf synthetische Weise verschiedene Farbstofftypen erzeugte. Dies revolutionierte die Einfarbung von Stoffen und beendete die Produktion agrarischer Farbstoffe, die zu teuer geworden war.;;Esta tecnica permiti?utilizar procesos quimicos para crear diferentes tipos de tintes sinteticos. Revolucion?la industria textil y acab?con los tintes de origen agricola, que eran muy caros de producir.;x;;;;;;;;;;;;;;;;;;;;;;;;;;;;;;;;;;;;;;;;;;;;
gaslights;Газовые фонари;Eclairage au gaz;Gaslichter;;Iluminacion por gas;x;;;;;;;;;;;;;;;;;;;;;;;;;;;;;;;;;;;;;;;;;;;;
gaslights_desc;Появление газовых фонарей означало, что определенные зоны, такие как небольшие комнаты или большие заводские цеха, могли быть освещены. Это означало, что люди больше не были ограничены восходом и закатом солнца.;L'apparition de l'eclairage au gaz permit d'eclairer des zones telles que des petites pieces ou des grandes usines. Les gens n'etaient plus desormais dependants de la lumiere du jour.;Die Einfuhrung von Gaslichtern bedeutete, dass kleine Raume sowie grosse Fabrikhallen beleuchtet werden konnten. Dadurch waren die Menschen nicht mehr durch Sonnenaufgang- und untergang eingeschrankt.;;La introduccion de la iluminacion por gas significaba que se podian iluminar zonas predefinidas, como pequenas habitaciones o grandes espacios fabriles. Gracias a esto, la gente ya no se veia limitada por el amanecer y el anochecer.;x;;;;;;;;;;;;;;;;;;;;;;;;;;;;;;;;;;;;;;;;;;;;
carbon_soil_enrichment;Обогащение почвы углеродом;Enrichissement des sols en carbone;Kohlenstoffanreicherung;;Enriquecimiento del suelo con carbono;x;;;;;;;;;;;;;;;;;;;;;;;;;;;;;;;;;;;;;;;;;;;;
carbon_soil_enrichment_desc;Обогащение почвы углеродом позволило получить больше урожая и сократить время хранения.;En enrichissant les sols en carbone, on a pu augmenter le rendement des recoltes et limiter le temps de repos des sols.;Durch die Anreicherung von Ackerboden mit Kohlenstoff konnten die Ernteertrage gesteigert und die notwendigen Ruhephasen des Bodens zwischen Ernten verkurzt werden.;;Mediante el enriquecimiento del suelo con carbono se producian mas cosechas y se reducian los periodos del proceso.;x;;;;;;;;;;;;;;;;;;;;;;;;;;;;;;;;;;;;;;;;;;;;
cracking;Трещины;Craquage;Knackung;;Craqueo;x;;;;;;;;;;;;;;;;;;;;;;;;;;;;;;;;;;;;;;;;;;;;
nafa_title;Знак: Североамериканское соглашение о свободной торговле;;;x;;;;;;;;;;;;;;;;;;;;;;;;;;;;;;;;;;;;;;;;;;;;;;
nafa_desc;Североамериканское соглашение о свободной торговле — соглашение, подписанное Канадой, Мексикой и Соединенными Штатами, создающее трехсторонний торговый блок на основе правил в Северной Америке. Соглашение вступило в силу 1 января 1994 года. Оно заменило Соглашение о свободной торговле между Канадой и Соединенными Штатами между США и Канадой.;;;x;;;;;;;;;;;;;;;;;;;;;;;;;;;;;;;;;;;;;;;;;;;;;;
na_trade_zone;Зона свободной торговли Северной Америки;;;x;;;;;;;;;;;;;;;;;;;;;;;;;;;;;;;;;;;;;;;;;;;;;;
na_trade_zone_desc;Зона свободной торговли Северной Америки;;;x;;;;;;;;;;;;;;;;;;;;;;;;;;;;;;;;;;;;;;;;;;;;;;
cracking_desc;Этот химический процесс включал разделение нефти на различные слои с различными уровнями энергии. Один из этих слоев содержал бензин, который оказался превосходным топливом для двигателей внутреннего сгорания.;Ce proced?chimique a permis de separer les differentes couches de petrole selon leur niveau energetique Une de ces couches contenait l'essence, un carburant formidable pour les moteurs ?combustion interne.;Bei diesem chemischen Verfahren wurde Ol in verschiedene Energieschichten unterteilt. Eine dieser Schichten enthielt Benzin, das sich als hervorragender Treibstoff fur Verbrennungsmotoren herausstellte.;;Era el proceso quimico por el que se separaba el petroleo en distintas capas con diferentes niveles de energia. Una de estas capas contenia la gasolina, que era un combustible extraordinario para los motores de combustion.;x;;;;;;;;;;;;;;;;;;;;;;;;;;;;;;;;;;;;;;;;;;;;
electricity;Электричество;Electricit?Elektrizitat;;Electricidad;x;;;;;;;;;;;;;;;;;;;;;;;;;;;;;;;;;;;;;;;;;;;;;
electricity_desc;Электричество;Electricit?Elektrizitat;;Electricidad;x;;;;;;;;;;;;;;;;;;;;;;;;;;;;;;;;;;;;;;;;;;;;;
x_rays;Рентгеновские лучи;Radiographie;Rontgenstrahlen;;Rayos X;x;;;;;;;;;;;;;;;;;;;;;;;;;;;;;;;;;;;;;;;;;;;;
x_rays_desc;С помощью рентгеновских лучей теперь стало возможным прекрасно видеть любые раздробленные кости в теле, не разрезая его. Это, конечно, значительно облегчило операции и реабилитацию.;Grace ?la radiographie, il etait desormais possible de voir parfaitement les os casses d'un corps sans avoir ?l'ouvrir. Cela facilita bien sur les interventions chirurgicales et la reeducation des blesses.;Mit Hilfe von Rontgenstrahlen konnte man Knochenbruche nun untersuchen, ohne dazu den Korper offnen zu mussen. Dies vereinfachte Operationen und Heilungsprozesse naturlich erheblich.;;Con los rayos X era perfectamente posible ver cualquier fractura osea sin tener que abrir fisicamente el cuerpo. Como es logico, esto facilit?mucho las operaciones y la rehabilitacion.;x;;;;;;;;;;;;;;;;;;;;;;;;;;;;;;;;;;;;;;;;;;;;
edison_light_bulb;Лампочка Эдисона;Ampoule electrique d'Edison;Edison-Gluhbirne;;Bombilla de Edison;x;;;;;;;;;;;;;;;;;;;;;;;;;;;;;;;;;;;;;;;;;;;;
edison_light_bulb_desc;Появление лампочки означало, что определенные области, такие как небольшие комнаты или большие заводские цеха, могли быть освещены. Это означало, что люди больше не были ограничены восходом и закатом солнца.;L'apparition de l'ampoule electrique a permis d'eclairer des zones telles que des petites pieces ou des grandes usines. Les gens n'etaient plus desormais dependants de la lumiere du jour.;Die Einfuhrung der Gluhbirne bedeutete, dass kleine Raume wie grosse Fabrikhallen beleuchtet werden konnten. Dadurch waren die Menschen nicht mehr durch Sonnenaufgang- und untergang eingeschrankt.;;La introduccion de la iluminacion por bombillas significaba que se podian iluminar zonas predefinidas, como pequenas habitaciones o grandes espacios fabriles. Gracias a esto, la gente ya no se veia limitada por el amanecer y el anochecer.;x;;;;;;;;;;;;;;;;;;;;;;;;;;;;;;;;;;;;;;;;;;;;
bell_n_greys_telephones;Телефоны Bell & Grey;Telephones de Bell et de Grey;Bells & Grays Telefone;;Telefonos de Bell y Grey;x;;;;;;;;;;;;;;;;;;;;;;;;;;;;;;;;;;;;;;;;;;;;
bell_n_greys_telephones_desc;Благодаря изобретению телефона каждая семья могла позволить себе общаться напрямую с родственниками и другими людьми. Это также произвело революцию в общении между фирмами и организациями.;Grace ?l'invention du telephone, chaque foyer pouvait communiquer directement avec qui il voulait. Cela a egalement revolutionn?les communications entre les entreprises et les organismes.;Durch die Erfindung des Telefons konnte jeder Haushalt direkt mit anderen Menschen fernmundlich kommunizieren. Dies revolutionierte auch die Kommunikation zwischen Firmen und Organisationen.;;Tras la invencion del telefono, cada familia podia comunicarse directamente con cualquiera. Este invento revolucion?tambien las comunicaciones entre empresas y organizaciones.;x;;;;;;;;;;;;;;;;;;;;;;;;;;;;;;;;;;;;;;;;;;;;
electrical_lighting;Электрическое освещение;Eclairage electrique;Elektrische Beleuchtung;;Luz electrica;x;;;;;;;;;;;;;;;;;;;;;;;;;;;;;;;;;;;;;;;;;;;;
electrical_lighting_desc;Введение электрического освещения означало, что определенные области, такие как небольшие комнаты или большие заводские цеха, могли быть освещены. Это означало, что люди больше не были ограничены восходом и закатом солнца.;L'apparition de l'eclairage electrique a permis d'eclairer des zones telles que des petites pieces ou des grandes usines. Les gens n'etaient plus desormais dependants de la lumiere du jour.;Die Einfuhrung elektrischer Beleuchtung bedeutete, dass Raume oder grosse Fabrikhallen beleuchtet werden konnten. Dadurch waren die Menschen nicht mehr durch Sonnenaufgang und -untergang eingeschrankt.;;La introduccion de la iluminacion electrica significaba que se podian iluminar zonas predefinidas, como pequenas habitaciones o grandes espacios fabriles. Gracias a esto, la gente ya no se veia limitada por el amanecer y el anochecer.;x;;;;;;;;;;;;;;;;;;;;;;;;;;;;;;;;;;;;;;;;;;;;
tractors;Тракторы;Tracteurs;Traktoren;;Tractores;x;;;;;;;;;;;;;;;;;;;;;;;;;;;;;;;;;;;;;;;;;;;;
tractors_desc;Когда автомобили начали набирать популярность на дорогах, инженерам-новаторам не потребовалось много времени, чтобы найти способ начать заменять лошадей на полях. Ранние эксперименты с паровой сельскохозяйственной техникой провалились, но более легкие двигатели внутреннего сгорания произвели революцию в сельскохозяйственных работах. Первые пионеры JICase, H.Ford и J.Deere были бы в восторге, если бы увидели тракторы со своими именами, отпечатанными на них спустя столетие после их первых прототипов.;;Nachdem Automobile als Fortbewegungsmittel immer beliebter geworden waren, dauerte es nicht lange, bis innovative Ingenieure einen Weg fanden, um Pferde bei der Feldarbeit zu ersetzen. Fruhe Experimente mit dampfgetriebenen Landwirtschaftsmaschinen waren zwar fehlgeschlagen, aber der Einsatz leichter Verbrennungsmotoren revolutionierte die Landwirtschaft. Die Pioneere J.I. Case, H. Ford und J. Deere waren entzuckt, die Traktoren mit ihren Namenszugen zu sehen, die ein Jahrhundert nach ihren Prototypen im Einsatz sind.;;Despues de que los automoviles comenzaran a hacerse populares, los ingenieros mas innovadores no tardaron demasiado en encontrar el modo de reemplazar los caballos en los campos. Los primeros experimentos con maquinaria a vapor habian fracasado, pero los motores de combustion ligeros revolucionaron el trabajo agrario. A los primeros pioneros de este campo, J. I. Case, H. Ford y J. Deere, les habria encantado ver tractores con su nombre un siglo despues de la aparicion de los primeros prototipos.;x;;;;;;;;;;;;;;;;;;;;;;;;;;;;;;;;;;;;;;;;;;;;
synthetic_polymers;Синтетические полимеры;Polymeres synthetiques;Synthetische Polymere;;Polimeros sinteticos;x;;;;;;;;;;;;;;;;;;;;;;;;;;;;;;;;;;;;;;;;;;;;
synthetic_polymers_desc;Синтетические полимеры;Polymeres synthetiques;Synthetische Polymere;;Polimeros sinteticos;x;;;;;;;;;;;;;;;;;;;;;;;;;;;;;;;;;;;;;;;;;;;;
rayon;Район;Rayonne;Kunstseide;;Rayon;x;;;;;;;;;;;;;;;;;;;;;;;;;;;;;;;;;;;;;;;;;;;;
rayon_desc;Первое из искусственных волокон, разработанное в коммерческих качествах, его производство происходит путем разжижения древесной массы, которая охлаждается, чтобы произвести волокно с тактильным ощущением шелка, и было известно как «древесный шелк»? пока название волокна не было принято для него в 1920-х годах. С перебоями в международной торговле, вызванными войной между промышленными странами, такие материалы, как вискоза, стали важной заменой для поддержания производства текстиля для военных и потребительских нужд;;Die ersten Kunstfasern mit kommerziellen Qualitaten wurden aus der Verflussigung von Zellstoff gewonnen, der bei seiner Abkuhlung Fasern erzeugt, die sich wie Seide anfuhlen. Die Bezeichnung “Holzseide?war bis in die 1920er Jahre gultig, als die Bezeichnung Kunstseide ubernommen wurde. Wahrend der Unterbrechung des internationalen Handels zwischen Industrienationen durch Kriege waren Materialen wie Kunstseide sehr wichtige Ersatzstoffe zur Beibehaltung der Textilproduktion fur Militar und Verbraucher.;;La primera de las fibras artificiales desarrolladas en cantidades industriales, su produccion derivaba de la licuefaccion de la pulpa de la madera, que al enfriarse producia una fibra con un tacto similar al de la seda. De hecho, se la conoci?como “seda de la madera?hasta que adopt?el nombre de rayon en los anos 20. Con las dificultades comerciales provocadas por las guerras entre paises industrializados, materiales como el rayon se convirtieron en importantes sustitutos para la produccion de textiles con fines militares y comerciales.;x;;;;;;;;;;;;;;;;;;;;;;;;;;;;;;;;;;;;;;;;;;;;
bakelite;Бакелит;Bakelite;Bakelit;;Baquelita;x;;;;;;;;;;;;;;;;;;;;;;;;;;;;;;;;;;;;;;;;;;;;
bakelite_desc;Первый пластик, бакелит, был изобретен бельгийским химиком Лео Хендриком Бакеландом и быстро стал важным продуктом в производстве промышленных и потребительских товаров, начиная с 1920-х годов, благодаря своей прочности и огнестойкости. Недорогой в производстве, он был доминирующим пластиком на рынке вплоть до 1950-х годов;;Bakelit war das erste Plastik und wurde vom belgischen Chemiker Leo Hendrick Baekeland erfunden. Aufgrund seiner Widerstandsfahigkeit und feuerfesten Eigenschaften wurde es Anfang der 1920er schnell zu einem wichtigen Material fur die Produktion von Industrie- und Konsumgutern. Es war billig in der Herstellung und blieb bis in die 1950er Jahre das weltweit marktdominierente Plastik.;;El primer plastico, la baquelita, fue inventado por el quimico belga Leo Hendrick Baekeland. Gracias a su durabilidad y a sus propiedades ignifugas, no tard?en convertirse en un importante producto en la produccion de bienes industriales y de consumo desde comienzos de los anos 20. Muy barato de producir, seria el plastico mas importante del mercado hasta bien avanzada la decada de los 50.;x;;;;;;;;;;;;;;;;;;;;;;;;;;;;;;;;;;;;;;;;;;;;
employ_from_tech; Из технологий:;?partir de la technologie : ;Von Technologie:;;De la tecnologia: ;x;;;;;;;;;;;;;;;;;;;;;;;;;;;;;;;;;;;;;;;;;;;;
mass_advertising;Массовая реклама;Pre-War Defence;Pre-War Defence;;Pre-War Defence;;;;;;;;;x;;;;;;;;;;;;;;;;;;;;;;;;;;;;;;;;;;;;
limited_access_road;Дороги с ограниченным доступом;Pre-War Defence;Pre-War Defence;;Pre-War Defence;;;;;;;;;x;;;;;;;;;;;;;;;;;;;;;;;;;;;;;;;;;;;;
longwall_mining;Длинные забои;Pre-War Defence;Pre-War Defence;;Pre-War Defence;;;;;;;;;x;;;;;;;;;;;;;;;;;;;;;;;;;;;;;;;;;;;;
street_road;Улицы Дороги;Pre-War Defence;Pre-War Defence;;Pre-War Defence;;;;;;;;;x;;;;;;;;;;;;;;;;;;;;;;;;;;;;;;;;;;;;
electrochemical_cell;Электрохимические ячейки;Pre-War Defence;Pre-War Defence;;Pre-War Defence;;;;;;;;;x;;;;;;;;;;;;;;;;;;;;;;;;;;;;;;;;;;;;
electronic_circuit;Электронная схема;Pre-War Defence;Pre-War Defence;;Pre-War Defence;;;;;;;;;x;;;;;;;;;;;;;;;;;;;;;;;;;;;;;;;;;;;;
semiconductor_device;Полупроводниковый прибор;Pre-War Defence;Pre-War Defence;;Pre-War Defence;;;;;;;;;x;;;;;;;;;;;;;;;;;;;;;;;;;;;;;;;;;;;;
spaceflight_capability;Возможность космических полетов;Pre-War Defence;Pre-War Defence;;Pre-War Defence;;;;;;;;;x;;;;;;;;;;;;;;;;;;;;;;;;;;;;;;;;;;;;
borosilicate_glass;Боросиликатное стекло;Pre-War Defence;Pre-War Defence;;Pre-War Defence;;;;;;;;;x;;;;;;;;;;;;;;;;;;;;;;;;;;;;;;;;;;;;
advanced_sub-surface_mining;Расширенная подземная добыча полезных ископаемых;Pre-War Defence;Pre-War Defence;;Pre-War Defence;;;;;;;;;x;;;;;;;;;;;;;;;;;;;;;;;;;;;;;;;;;;;;
advanced_surface_mining;Расширенная поверхностная добыча;Pre-War Defence;Pre-War Defence;;Pre-War Defence;;;;;;;;;x;;;;;;;;;;;;;;;;;;;;;;;;;;;;;;;;;;;;
modern_mining_&_glassblowing;Современная горнодобывающая промышленность и стеклодувное дело;Pre-War Defence;Pre-War Defence;;Pre-War Defence;;;;;;;;;x;;;;;;;;;;;;;;;;;;;;;;;;;;;;;;;;;;;;
semi-automated_assembly_line;Полуавтоматические сборочные линии;Pre-War Defence;Pre-War Defence;;Pre-War Defence;;;;;;;;;x;;;;;;;;;;;;;;;;;;;;;;;;;;;;;;;;;;;;
automated_production_line;Автоматизированные производственные линии;Pre-War Defence;Pre-War Defence;;Pre-War Defence;;;;;;;;;x;;;;;;;;;;;;;;;;;;;;;;;;;;;;;;;;;;;;
industrial_robotic_machinery;Промышленная робототехника;Pre-War Defence;Pre-War Defence;;Pre-War Defence;;;;;;;;;x;;;;;;;;;;;;;;;;;;;;;;;;;;;;;;;;;;;;
fully_automated_factories;Полностью автоматизированные заводы;Pre-War Defence;Pre-War Defence;;Pre-War Defence;;;;;;;;;x;;;;;;;;;;;;;;;;;;;;;;;;;;;;;;;;;;;;
hydropower;Гидроэлектроэнергия;Pre-War Defence;Pre-War Defence;;Pre-War Defence;;;;;;;;;x;;;;;;;;;;;;;;;;;;;;;;;;;;;;;;;;;;;;
advanced_metallurgy_&_glassblowing;Металлургия и стеклодувное дело;Pre-War Defence;Pre-War Defence;;Pre-War Defence;;;;;;;;;x;;;;;;;;;;;;;;;;;;;;;;;;;;;;;;;;;;;;
natural_gas_power_station;Электростанция на природном газе;Pre-War Defence;Pre-War Defence;;Pre-War Defence;;;;;;;;;x;;;;;;;;;;;;;;;;;;;;;;;;;;;;;;;;;;;;
nuclear_reactor;Ядерный Реактор;Pre-War Defence;Pre-War Defence;;Pre-War Defence;;;;;;;;;x;;;;;;;;;;;;;;;;;;;;;;;;;;;;;;;;;;;;
renewable_energy;Современные возобновляемые источники энергии;Pre-War Defence;Pre-War Defence;;Pre-War Defence;;;;;;;;;x;;;;;;;;;;;;;;;;;;;;;;;;;;;;;;;;;;;;
public_road_transit_system;Система общественного дорожного транспорта;Pre-War Defence;Pre-War Defence;;Pre-War Defence;;;;;;;;;x;;;;;;;;;;;;;;;;;;;;;;;;;;;;;;;;;;;;
monorail;Монорельсы;Pre-War Defence;Pre-War Defence;;Pre-War Defence;;;;;;;;;x;;;;;;;;;;;;;;;;;;;;;;;;;;;;;;;;;;;;
high_speed_rail;Высокоскоростные рельсы;Pre-War Defence;Pre-War Defence;;Pre-War Defence;;;;;;;;;x;;;;;;;;;;;;;;;;;;;;;;;;;;;;;;;;;;;;
deep_defence_system;Довоенная оборона;Pre-War Defence;Pre-War Defence;;Pre-War Defence;;;;;;;;;x;;;;;;;;;;;;;;;;;;;;;;;;;;;;;;;;;;;;
hardened_field_fortification;Укрепленные полевые укрепления;Pre-War Defence;Pre-War Defence;;Pre-War Defence;;;;;;;;;x;;;;;;;;;;;;;;;;;;;;;;;;;;;;;;;;;;;;
border_fortification;Пограничные укрепления;Pre-War Defence;Pre-War Defence;;Pre-War Defence;;;;;;;;;x;;;;;;;;;;;;;;;;;;;;;;;;;;;;;;;;;;;;
main_operating_base;Основная оперативная база;Pre-War Defence;Pre-War Defence;;Pre-War Defence;;;;;;;;;x;;;;;;;;;;;;;;;;;;;;;;;;;;;;;;;;;;;;
fire_support_base;База огневой поддержки;Pre-War Defence;Pre-War Defence;;Pre-War Defence;;;;;;;;;x;;;;;;;;;;;;;;;;;;;;;;;;;;;;;;;;;;;;
modern_army_base;Современная армейская база;Pre-War Defence;Pre-War Defence;;Pre-War Defence;;;;;;;;;x;;;;;;;;;;;;;;;;;;;;;;;;;;;;;;;;;;;;
heavy_weapons_platoon;Взвод тяжелого вооружения;Pre-War Defence;Pre-War Defence;;Pre-War Defence;;;;;;;;;x;;;;;;;;;;;;;;;;;;;;;;;;;;;;;;;;;;;;
combined_arms;Совместные войска;Pre-War Defence;Pre-War Defence;;Pre-War Defence;;;;;;;;;x;;;;;;;;;;;;;;;;;;;;;;;;;;;;;;;;;;;;
automatic_light;Автоматическое стрелковое оружие;Pre-War Defence;Pre-War Defence;;Pre-War Defence;;;;;;;;;x;;;;;;;;;;;;;;;;;;;;;;;;;;;;;;;;;;;;
automatisation;Промышленная автоматизация;Pre-War Defence;;Pre-War Defence;;;;;;;;;x;;;;;;;;;;;;;;;;;;;;;;;;;;;;;;;;;;;;;
modern_sights;Расширенные возможности прицеливания;Pre-War Defence;Pre-War Defence;;Pre-War Defence;;;;;;;;;x;;;;;;;;;;;;;;;;;;;;;;;;;;;;;;;;;;;;
advanced_ammunition;Усовершенствованные боеприпасы;Pre-War Defence;Pre-War Defence;;Pre-War Defence;;;;;;;;;x;;;;;;;;;;;;;;;;;;;;;;;;;;;;;;;;;;;;
mlrs_arty;Системы РСЗО;Pre-War Defence;Pre-War Defence;;Pre-War Defence;;;;;;;;;x;;;;;;;;;;;;;;;;;;;;;;;;;;;;;;;;;;;;
precision_arty;Высокоточная артиллерия;Pre-War Defence;Pre-War Defence;;Pre-War Defence;;;;;;;;;x;;;;;;;;;;;;;;;;;;;;;;;;;;;;;;;;;;;;
missile_warfare;Ракетная война;Pre-War Defence;Pre-War Defence;;Pre-War Defence;;;;;;;;;x;;;;;;;;;;;;;;;;;;;;;;;;;;;;;;;;;;;;
pre_war_heavy_arms;Довоенное тяжелое вооружение;Pre-War Defence;Pre-War Defence;;Pre-War Defence;;;;;;;;;x;;;;;;;;;;;;;;;;;;;;;;;;;;;;;;;;;;;;
post_nelsonian_thought;Боевой флот открытого моря;Pre-War Defence;Pre-War Defence;;Pre-War Defence;;;;;;;;;x;;;;;;;;;;;;;;;;;;;;;;;;;;;;;;;;;;;;
battleship_column_doctrine;Военно-морская доктрина Первой мировой войны;Pre-War Defence;Pre-War Defence;;Pre-War Defence;;;;;;;;;x;;;;;;;;;;;;;;;;;;;;;;;;;;;;;;;;;;;;
battleship_battle_fleet;Боевой флот линкоров;Pre-War Defence;Pre-War Defence;;Pre-War Defence;;;;;;;;;x;;;;;;;;;;;;;;;;;;;;;;;;;;;;;;;;;;;;
blue_and_brown_water_schools;Группа авианосной боевой авиации;Pre-War Defence;Pre-War Defence;;Pre-War Defence;;;;;;;;;x;;;;;;;;;;;;;;;;;;;;;;;;;;;;;;;;;;;;
high_sea_battle_fleet;Экспедиционный ударный флот;Pre-War Defence;Pre-War Defence;;Pre-War Defence;;;;;;;;;x;;;;;;;;;;;;;;;;;;;;;;;;;;;;;;;;;;;;
modern_naval_doctrine;Современная военно-морская доктрина;Pre-War Defence;Pre-War Defence;;Pre-War Defence;;;;;;;;;x;;;;;;;;;;;;;;;;;;;;;;;;;;;;;;;;;;;;
clipper_design;Паротурбинные суда;Pre-War Defence;Pre-War Defence;;Pre-War Defence;;;;;;;;;x;;;;;;;;;;;;;;;;;;;;;;;;;;;;;;;;;;;;
steamers;Суда на нефтяном топливе;Pre-War Defence;Pre-War Defence;;Pre-War Defence;;;;;;;;;x;;;;;;;;;;;;;;;;;;;;;;;;;;;;;;;;;;;;
iron_steamers;Подводная лодка;Pre-War Defence;Pre-War Defence;;Pre-War Defence;;;;;;;;;x;;;;;;;;;;;;;;;;;;;;;;;;;;;;;;;;;;;;
aircraft_carrier;Авианосец;Pre-War Defence;Pre-War Defence;;Pre-War Defence;;;;;;;;;x;;;;;;;;;;;;;;;;;;;;;;;;;;;;;;;;;;;;
nuclear_marine_propulsion;Ядерная морская тяга;Pre-War Defence;Pre-War Defence;;Pre-War Defence;;;;;;;;;x;;;;;;;;;;;;;;;;;;;;;;;;;;;;;;;;;;;;
oil_driven_shipss;Современный боевой флот;Pre-War Defence;Pre-War Defence;;Pre-War Defence;;;;;;;;;x;;;;;;;;;;;;;;;;;;;;;;;;;;;;;;;;;;;;
naval_design_bureaus;Довоенный военно-морской дизайн;Pre-War Defence;Pre-War Defence;;Pre-War Defence;;;;;;;;;x;;;;;;;;;;;;;;;;;;;;;;;;;;;;;;;;;;;;
fire_control_systems;Проектирование флота времён Первой мировой войны;Pre-War Defence;Pre-War Defence;;Pre-War Defence;;;;;;;;;x;;;;;;;;;;;;;;;;;;;;;;;;;;;;;;;;;;;;
weapon_platforms;Расширенная гидродинамика;Pre-War Defence;Pre-War Defence;;Pre-War Defence;;;;;;;;;x;;;;;;;;;;;;;;;;;;;;;;;;;;;;;;;;;;;;
main_armament;Обтекаемый дизайн;Pre-War Defence;Pre-War Defence;;Pre-War Defence;;;;;;;;;x;;;;;;;;;;;;;;;;;;;;;;;;;;;;;;;;;;;;
advanced_naval_design;Противокорабельная ракета;Pre-War Defence;Pre-War Defence;;Pre-War Defence;;;;;;;;;x;;;;;;;;;;;;;;;;;;;;;;;;;;;;;;;;;;;;
modern_naval_architect;Современный корабельный архитектор;Pre-War Defence;Pre-War Defence;;Pre-War Defence;;;;;;;;;x;;;;;;;;;;;;;;;;;;;;;;;;;;;;;;;;;;;;
alphabetic_flag_signaling;Довоенный военно-морской дирекционизм;Pre-War Defence;Pre-War Defence;;Pre-War Defence;;;;;;;;;x;;;;;;;;;;;;;;;;;;;;;;;;;;;;;;;;;;;;
naval_plans;Интеграция ВМС в Великую войну;Pre-War Defence;Pre-War Defence;;Pre-War Defence;;;;;;;;;x;;;;;;;;;;;;;;;;;;;;;;;;;;;;;;;;;;;;
naval_statistics;Интеграция сонара;Pre-War Defence;Pre-War Defence;;Pre-War Defence;;;;;;;;;x;;;;;;;;;;;;;;;;;;;;;;;;;;;;;;;;;;;;
naval_logistics;Акустическая торпеда;Pre-War Defence;Pre-War Defence;;Pre-War Defence;;;;;;;;;x;;;;;;;;;;;;;;;;;;;;;;;;;;;;;;;;;;;;
naval_directionism;Противокорабельный ракетный комплекс;Pre-War Defence;Pre-War Defence;;Pre-War Defence;;;;;;;;;x;;;;;;;;;;;;;;;;;;;;;;;;;;;;;;;;;;;;
naval_integration;Система наблюдения за океаном;Pre-War Defence;Pre-War Defence;;Pre-War Defence;;;;;;;;;x;;;;;;;;;;;;;;;;;;;;;;;;;;;;;;;;;;;;
the_command_principle;Довоенная оборона;Pre-War Defence;Pre-War Defence;;Pre-War Defence;;;;;;;;;x;;;;;;;;;;;;;;;;;;;;;;;;;;;;;;;;;;;;
naval_professionalism;Военно-морская подготовка времен Первой мировой войны;Pre-War Defence;Pre-War Defence;;Pre-War Defence;;;;;;;;;x;;;;;;;;;;;;;;;;;;;;;;;;;;;;;;;;;;;;
remodelled_directorate;Реконструированное Управление;Pre-War Defence;Pre-War Defence;;Pre-War Defence;;;;;;;;;x;;;;;;;;;;;;;;;;;;;;;;;;;;;;;;;;;;;;
naval_risk_management;Пересмотренный военно-морской протокол;Pre-War Defence;Pre-War Defence;;Pre-War Defence;;;;;;;;;x;;;;;;;;;;;;;;;;;;;;;;;;;;;;;;;;;;;;
naval_nco_training;Современная военно-морская подготовка;Pre-War Defence;Pre-War Defence;;Pre-War Defence;;;;;;;;;x;;;;;;;;;;;;;;;;;;;;;;;;;;;;;;;;;;;;
modern_naval_training;Электронное поведение ВМС;Pre-War Defence;Pre-War Defence;;Pre-War Defence;;;;;;;;;x;;;;;;;;;;;;;;;;;;;;;;;;;;;;;;;;;;;;
great_war_heavy_arms;Тяжелое вооружение Первой мировой войны;Pre-War Defence;Pre-War Defence;;Pre-War Defence;;;;;;;;;x;;;;;;;;;;;;;;;;;;;;;;;;;;;;;;;;;;;;
daimlers_automobile;Daimler автомобильный;Pre-War Defence;Pre-War Defence;;Pre-War Defence;;;;;;;;;x;;;;;;;;;;;;;;;;;;;;;;;;;;;;;;;;;;;;
wright_&_langleys_aeroplanes;Самолеты Райт и Лэнгли;Pre-War Defence;Pre-War Defence;;Pre-War Defence;;;;;;;;;x;;;;;;;;;;;;;;;;;;;;;;;;;;;;;;;;;;;;
tractors;Тракторы;Pre-War Defence;Pre-War Defence;;Pre-War Defence;;;;;;;;;x;;;;;;;;;;;;;;;;;;;;;;;;;;;;;;;;;;;;
direct_current;Постоянный ток;Pre-War Defence;Pre-War Defence;;Pre-War Defence;;;;;;;;;x;;;;;;;;;;;;;;;;;;;;;;;;;;;;;;;;;;;;
alternating_current;Переменный ток;Pre-War Defence;Pre-War Defence;;Pre-War Defence;;;;;;;;;x;;;;;;;;;;;;;;;;;;;;;;;;;;;;;;;;;;;;
renewable_energy;Возобновляемая энергия;Pre-War Defence;Pre-War Defence;;Pre-War Defence;;;;;;;;;x;;;;;;;;;;;;;;;;;;;;;;;;;;;;;;;;;;;;
polyphase_system;Полифазная система;Pre-War Defence;Pre-War Defence;;Pre-War Defence;;;;;;;;;x;;;;;;;;;;;;;;;;;;;;;;;;;;;;;;;;;;;;
refrigerator_technology;Холодильная техника;Pre-War Defence;Pre-War Defence;;Pre-War Defence;;;;;;;;;x;;;;;;;;;;;;;;;;;;;;;;;;;;;;;;;;;;;;
compressed_air_hydro;Сжатый воздух Гидро;Pre-War Defence;Pre-War Defence;;Pre-War Defence;;;;;;;;;x;;;;;;;;;;;;;;;;;;;;;;;;;;;;;;;;;;;;
hydraulic_fracturing;Гидравлический разрыв пласта;Pre-War Defence;Pre-War Defence;;Pre-War Defence;;;;;;;;;x;;;;;;;;;;;;;;;;;;;;;;;;;;;;;;;;;;;;
nuclear_power_plant;Атомная Электростанция;Pre-War Defence;Pre-War Defence;;Pre-War Defence;;;;;;;;;x;;;;;;;;;;;;;;;;;;;;;;;;;;;;;;;;;;;;
solar_power;Солнечная энергия;Pre-War Defence;Pre-War Defence;;Pre-War Defence;;;;;;;;;x;;;;;;;;;;;;;;;;;;;;;;;;;;;;;;;;;;;;
compressed_air_energy_storage;Хранение энергии сжатого воздуха;Pre-War Defence;Pre-War Defence;;Pre-War Defence;;;;;;;;;x;;;;;;;;;;;;;;;;;;;;;;;;;;;;;;;;;;;;
fordism;Фордизм;Pre-War Defence;Pre-War Defence;;Pre-War Defence;;;;;;;;;x;;;;;;;;;;;;;;;;;;;;;;;;;;;;;;;;;;;;
industrialized_armament_industry;Индустриализированная военная промышленность;Pre-War Defence;Pre-War Defence;;Pre-War Defence;;;;;;;;;x;;;;;;;;;;;;;;;;;;;;;;;;;;;;;;;;;;;;
extensive_shift_plan;Расширенный план смен;Pre-War Defence;Pre-War Defence;;Pre-War Defence;;;;;;;;;x;;;;;;;;;;;;;;;;;;;;;;;;;;;;;;;;;;;;
conveyor_system;Конвейерная система;Pre-War Defence;Pre-War Defence;;Pre-War Defence;;;;;;;;;x;;;;;;;;;;;;;;;;;;;;;;;;;;;;;;;;;;;;
mass_production;Массовое производство;Pre-War Defence;Pre-War Defence;;Pre-War Defence;;;;;;;;;x;;;;;;;;;;;;;;;;;;;;;;;;;;;;;;;;;;;;
continuous_production;Непрерывное производство;Pre-War Defence;Pre-War Defence;;Pre-War Defence;;;;;;;;;x;;;;;;;;;;;;;;;;;;;;;;;;;;;;;;;;;;;;
lights_out_production;Производство Lights Out;Pre-War Defence;Pre-War Defence;;Pre-War Defence;;;;;;;;;x;;;;;;;;;;;;;;;;;;;;;;;;;;;;;;;;;;;;
public_rail_station;Общественная железнодорожная станция;Pre-War Defence;Pre-War Defence;;Pre-War Defence;;;;;;;;;x;;;;;;;;;;;;;;;;;;;;;;;;;;;;;;;;;;;;
electroplating;Гальваника;Pre-War Defence;Pre-War Defence;;Pre-War Defence;;;;;;;;;x;;;;;;;;;;;;;;;;;;;;;;;;;;;;;;;;;;;;
advanced_extractive_metallurgy;Передовая добывающая металлургия;Pre-War Defence;Pre-War Defence;;Pre-War Defence;;;;;;;;;x;;;;;;;;;;;;;;;;;;;;;;;;;;;;;;;;;;;;
flodin_process;Процесс Флодина;Pre-War Defence;Pre-War Defence;;Pre-War Defence;;;;;;;;;x;;;;;;;;;;;;;;;;;;;;;;;;;;;;;;;;;;;;
electric_arc_furnace;Электродуговая печь;Pre-War Defence;Pre-War Defence;;Pre-War Defence;;;;;;;;;x;;;;;;;;;;;;;;;;;;;;;;;;;;;;;;;;;;;;
fritted_glass;Фриттованное стекло;Pre-War Defence;Pre-War Defence;;Pre-War Defence;;;;;;;;;x;;;;;;;;;;;;;;;;;;;;;;;;;;;;;;;;;;;;
pyrex;Пирекс;Pre-War Defence;Pre-War Defence;;Pre-War Defence;;;;;;;;;x;;;;;;;;;;;;;;;;;;;;;;;;;;;;;;;;;;;;
in-situ_leaching;Подземное выщелачивание;Pre-War Defence;Pre-War Defence;;Pre-War Defence;;;;;;;;;x;;;;;;;;;;;;;;;;;;;;;;;;;;;;;;;;;;;;
strip_mining;Открытая добыча полезных ископаемых;Pre-War Defence;Pre-War Defence;;Pre-War Defence;;;;;;;;;x;;;;;;;;;;;;;;;;;;;;;;;;;;;;;;;;;;;;
landfill_mining;Добыча полезных ископаемых на свалках;Pre-War Defence;Pre-War Defence;;Pre-War Defence;;;;;;;;;x;;;;;;;;;;;;;;;;;;;;;;;;;;;;;;;;;;;;
stope_&_retreat_mining;Выемка и отвод горных выработок;Pre-War Defence;Pre-War Defence;;Pre-War Defence;;;;;;;;;x;;;;;;;;;;;;;;;;;;;;;;;;;;;;;;;;;;;;
stope_&_fill_mining;Выемка и заполнение выработок;Pre-War Defence;Pre-War Defence;;Pre-War Defence;;;;;;;;;x;;;;;;;;;;;;;;;;;;;;;;;;;;;;;;;;;;;;
modern_mine_ventilation;Современная шахтная вентиляция;Pre-War Defence;Pre-War Defence;;Pre-War Defence;;;;;;;;;x;;;;;;;;;;;;;;;;;;;;;;;;;;;;;;;;;;;;
telegraph;Телеграф;Pre-War Defence;;Pre-War Defence;;;;;;;;;x;;;;;;;;;;;;;;;;;;;;;;;;;;;;;;;;;;;;;
x_rays;Рентгеновские лучи;Pre-War Defence;Pre-War Defence;;Pre-War Defence;;;;;;;;;x;;;;;;;;;;;;;;;;;;;;;;;;;;;;;;;;;;;;
edison_light_bulb;Лампочка Эдисона;Pre-War Defence;Pre-War Defence;;Pre-War Defence;;;;;;;;;x;;;;;;;;;;;;;;;;;;;;;;;;;;;;;;;;;;;;
bell_&_greys_telephones;Телефоны Bell & Greys;Pre-War Defence;Pre-War Defence;;Pre-War Defence;;;;;;;;;x;;;;;;;;;;;;;;;;;;;;;;;;;;;;;;;;;;;;
synthetic_fibre;Синтетическое волокно;Pre-War Defence;Pre-War Defence;;Pre-War Defence;;;;;;;;;x;;;;;;;;;;;;;;;;;;;;;;;;;;;;;;;;;;;;
plastic;Пластик;Pre-War Defence;Pre-War Defence;;Pre-War Defence;;;;;;;;;x;;;;;;;;;;;;;;;;;;;;;;;;;;;;;;;;;;;;
velcro;Липучка;Pre-War Defence;Pre-War Defence;;Pre-War Defence;;;;;;;;;x;;;;;;;;;;;;;;;;;;;;;;;;;;;;;;;;;;;;
electric_battery;Электрическая батарея;Pre-War Defence;Pre-War Defence;;Pre-War Defence;;;;;;;;;x;;;;;;;;;;;;;;;;;;;;;;;;;;;;;;;;;;;;
rechargeable_battery;Аккумуляторная батарея;Pre-War Defence;Pre-War Defence;;Pre-War Defence;;;;;;;;;x;;;;;;;;;;;;;;;;;;;;;;;;;;;;;;;;;;;;
digital_display_device;Цифровое устройство отображения;Pre-War Defence;Pre-War Defence;;Pre-War Defence;;;;;;;;;x;;;;;;;;;;;;;;;;;;;;;;;;;;;;;;;;;;;;
television;Телевидение;Pre-War Defence;Pre-War Defence;;Pre-War Defence;;;;;;;;;x;;;;;;;;;;;;;;;;;;;;;;;;;;;;;;;;;;;;
trichromatic_field_sequential_system;Система последовательного трехцветного поля;Pre-War Defence;Pre-War Defence;;Pre-War Defence;;;;;;;;;x;;;;;;;;;;;;;;;;;;;;;;;;;;;;;;;;;;;;
integrated_circuit;Интегральная схема;Pre-War Defence;Pre-War Defence;;Pre-War Defence;;;;;;;;;x;;;;;;;;;;;;;;;;;;;;;;;;;;;;;;;;;;;;
computer;Компьютер;Pre-War Defence;Pre-War Defence;;Pre-War Defence;;;;;;;;;x;;;;;;;;;;;;;;;;;;;;;;;;;;;;;;;;;;;;
space_probe;Космический зонд;Pre-War Defence;Pre-War Defence;;Pre-War Defence;;;;;;;;;x;;;;;;;;;;;;;;;;;;;;;;;;;;;;;;;;;;;;
satellite;Спутник;Pre-War Defence;Pre-War Defence;;Pre-War Defence;;;;;;;;;x;;;;;;;;;;;;;;;;;;;;;;;;;;;;;;;;;;;;
manned_spacecraft;Пилотируемый космический корабль;Pre-War Defence;Pre-War Defence;;Pre-War Defence;;;;;;;;;x;;;;;;;;;;;;;;;;;;;;;;;;;;;;;;;;;;;;
space_telescope;Космический телескоп;Pre-War Defence;Pre-War Defence;;Pre-War Defence;;;;;;;;;x;;;;;;;;;;;;;;;;;;;;;;;;;;;;;;;;;;;;
roundabout;Кольцевой перекресток;Pre-War Defence;Pre-War Defence;;Pre-War Defence;;;;;;;;;x;;;;;;;;;;;;;;;;;;;;;;;;;;;;;;;;;;;;
traffic_light;Светофор;Pre-War Defence;Pre-War Defence;;Pre-War Defence;;;;;;;;;x;;;;;;;;;;;;;;;;;;;;;;;;;;;;;;;;;;;;
safety_road_signs;Дорожные знаки безопасности;Pre-War Defence;Pre-War Defence;;Pre-War Defence;;;;;;;;;x;;;;;;;;;;;;;;;;;;;;;;;;;;;;;;;;;;;;
road_maintenance_groups;Группы по обслуживанию дорог;Pre-War Defence;Pre-War Defence;;Pre-War Defence;;;;;;;;;x;;;;;;;;;;;;;;;;;;;;;;;;;;;;;;;;;;;;
bus_transit_groups;Группы автобусных перевозок;Pre-War Defence;Pre-War Defence;;Pre-War Defence;;;;;;;;;x;;;;;;;;;;;;;;;;;;;;;;;;;;;;;;;;;;;;
rapid_transit;Скоростной транзит;Pre-War Defence;Pre-War Defence;;Pre-War Defence;;;;;;;;;x;;;;;;;;;;;;;;;;;;;;;;;;;;;;;;;;;;;;
automated_railways;Автоматизированные железные дороги;Pre-War Defence;Pre-War Defence;;Pre-War Defence;;;;;;;;;x;;;;;;;;;;;;;;;;;;;;;;;;;;;;;;;;;;;;
rocket_artillery;Ракетная артиллерия;Pre-War Defence;Pre-War Defence;;Pre-War Defence;;;;;;;;;x;;;;;;;;;;;;;;;;;;;;;;;;;;;;;;;;;;;;
chemical_arsenal;Химический Арсенал;Pre-War Defence;Pre-War Defence;;Pre-War Defence;;;;;;;;;x;;;;;;;;;;;;;;;;;;;;;;;;;;;;;;;;;;;;
military_jet;Военные самолеты;Pre-War Defence;Pre-War Defence;;Pre-War Defence;;;;;;;;;x;;;;;;;;;;;;;;;;;;;;;;;;;;;;;;;;;;;;
precision_arty;Высокоточная артиллерия;Pre-War Defence;Pre-War Defence;;Pre-War Defence;;;;;;;;;x;;;;;;;;;;;;;;;;;;;;;;;;;;;;;;;;;;;;
strategic_nukes;Высокомощное ядерное оружие;Pre-War Defence;Pre-War Defence;;Pre-War Defence;;;;;;;;;x;;;;;;;;;;;;;;;;;;;;;;;;;;;;;;;;;;;;
advanced_theories;Расширенные теории;Pre-War Defence;Pre-War Defence;;Pre-War Defence;;;;;;;;;x;;;;;;;;;;;;;;;;;;;;;;;;;;;;;;;;;;;;
cyber_warfare;Киберинтеграция;Pre-War Defence;Pre-War Defence;;Pre-War Defence;;;;;;;;;x;;;;;;;;;;;;;;;;;;;;;;;;;;;;;;;;;;;;
limited_objective;Доктрина ограниченной цели;Pre-War Defence;Pre-War Defence;;Pre-War Defence;;;;;;;;;x;;;;;;;;;;;;;;;;;;;;;;;;;;;;;;;;;;;;
pre_war_small_arms;Довоенное стрелковое оружие;Pre-War Small Arms;Pre-War Small Arms;;Pre-War Small Arms;;;;;;;;;x;;;;;;;;;;;;;;;;;;;;;;;;;;;;;;;;;;;;
pre_war_artillery;Довоенная артиллерия;Pre-War Artillery;Pre-War Artillery;;Pre-War Artillery;;;;;;;;;x;;;;;;;;;;;;;;;;;;;;;;;;;;;;;;;;;;;;
pre_war_logistics;Логистика Великой войны;Great War Logistics;Great War Logistics;;Great War Logistics;;;;;;;;;x;;;;;;;;;;;;;;;;;;;;;;;;;;;;;;;;;;;;
pre_war_tactics;Совместные войска;Combined Arms;Combined Arms;;Combined Arms;;;;;;;;;x;;;;;;;;;;;;;;;;;;;;;;;;;;;;;;;;;;;;
early_aeronautics;Ранняя Аэронавтика;Pre-War Defence;Pre-War Defence;;Pre-War Defence;;;;;;;;;x;;;;;;;;;;;;;;;;;;;;;;;;;;;;;;;;;;;;
radar;Радарные системы;Pre-War Defence;Pre-War Defence;;Pre-War Defence;;;;;;;;;x;;;;;;;;;;;;;;;;;;;;;;;;;;;;;;;;;;;;
nuclear_weaponry;Ядерное оружие;Pre-War Defence;Pre-War Defence;;Pre-War Defence;;;;;;;;;x;;;;;;;;;;;;;;;;;;;;;;;;;;;;;;;;;;;;
military_academy;Военная академия;Pre-War Defence;Pre-War Defence;;Pre-War Defence;;;;;;;;;x;;;;;;;;;;;;;;;;;;;;;;;;;;;;;;;;;;;;
combined_arms_manuever;Тактика комбинированных боевых действий;Pre-War Defence;Pre-War Defence;;Pre-War Defence;;;;;;;;;x;;;;;;;;;;;;;;;;;;;;;;;;;;;;;;;;;;;;
late_business_regulations;Правила ведения бизнеса;Business Regulations;Business Regulations;;Business Regulations;;;;;;;;;x;;;;;;;;;;;;;;;;;;;;;;;;;;;;;;;;;;;;
late_business_desc;Правила ведения бизнеса;Business Regulations;Business Regulations;;Business Regulations;;;;;;;;;x;;;;;;;;;;;;;;;;;;;;;;;;;;;;;;;;;;;;
