 'From the heights of these pyramids, forty centuries look down on us.' Napolйon Bonaparte;«С высот этих пирамид на нас смотрят сорок столетий». Наполеон Бонапарт;;;;;;;;;;;;;x;;;;;;;;;;;;;;;;;;;;;;;;
 The people of our region of Xinjiang are rebbeling they've proclaimed a rebelion;Народ Синьцзяна восстал и провозгласил мятеж против нашей власти.;;;;;;;;;;;;;x;;;;;;;;;;;;;;;;;;;;;;;;
 We have taken out one of the CISlian states;Одно из государств бывшего СНГ устранено.;;;;;;;;;;;;;x;;;;;;;;;;;;;;;;;;;;;;;;
 We have taken out one of the German states;Одно из германских государств устранено.;;;;;;;;;;;;;x;;;;;;;;;;;;;;;;;;;;;;;;
 We have taken out one of the german states;Одно из германских государств устранено.;;;;;;;;;;;;;x;;;;;;;;;;;;;;;;;;;;;;;;
$COUNTRY$ Does Not Compromise;$COUNTRY$ не идёт на уступки;;;;;;;;;;;;;x;;;;;;;;;;;;;;;;;;;;;;;;
$COUNTRY$ Granted Independence;$COUNTRY$ предоставила независимость;;;;;;;;;;;;;x;;;;;;;;;;;;;;;;;;;;;;;;
$COUNTRY$ supports the Emperor.;$COUNTRY$ поддерживает императора.;;;;;;;;;;;;;x;;;;;;;;;;;;;;;;;;;;;;;;
$COUNTRY_ADJ$ landowners have found some use for slaves in $STATENAME$, therefore expanding the institution to these lands.;Землевладельцы $COUNTRY_ADJ$ нашли применение рабскому труду в провинции $STATENAME$ и распространяют этот порядок на новые земли.;;;;;;;;;;;;;x;;;;;;;;;;;;;;;;;;;;;;;;
$FROMCOUNTRY$ Unites the Empire;$FROMCOUNTRY$ объединяет империю;;;;;;;;;;;;;x;;;;;;;;;;;;;;;;;;;;;;;;
$PROVINCENAME$ Colonists Massacred;Колонисты провинции $PROVINCENAME$ перебиты;;;;;;;;;;;;;x;;;;;;;;;;;;;;;;;;;;;;;;
$PROVINCENAME$ Gentry Dissastified;Землевладельцы провинции $PROVINCENAME$ недовольны;;;;;;;;;;;;;x;;;;;;;;;;;;;;;;;;;;;;;;
$PROVINCENAME$ Natives Decimated;Коренное население провинции $PROVINCENAME$ уничтожено;;;;;;;;;;;;;x;;;;;;;;;;;;;;;;;;;;;;;;
$PROVINCENAME$ Pirates Dislodged;Пираты изгнаны из провинции $PROVINCENAME$;;;;;;;;;;;;;x;;;;;;;;;;;;;;;;;;;;;;;;
$PROVINCENAME$ in Hurricane Path;$PROVINCENAME$ на пути урагана;;;;;;;;;;;;;x;;;;;;;;;;;;;;;;;;;;;;;;
$PROVINCENAME$ was struck by violent winds and a powerful surge as a Hurricane passed over the province. Many are feared dead and the settlements in the area are still being flooded.;На провинцию $PROVINCENAME$ обрушились штормовой ветер и мощный нагон воды. Многие жители, предположительно, погибли, а поселения всё ещё затапливает.;;;;;;;;;;;;;x;;;;;;;;;;;;;;;;;;;;;;;;
A compromise is clearly required.;Без компромисса не обойтись.;;;;;;;;;;;;;x;;;;;;;;;;;;;;;;;;;;;;;;
A dangerous and reckless act.;Опасный и безрассудный поступок.;;;;;;;;;;;;;x;;;;;;;;;;;;;;;;;;;;;;;;
A friction has been occurring within our union, suggesting that our dual monarchy with Norway will be obsolete and relations getting worsened. We can propose a peaceful dissolution of our monarchy;В нашем союзе нарастает напряжение: двойная монархия с Норвегией теряет смысл, а отношения ухудшаются. Мы можем предложить мирный роспуск унии.;;;;;;;;;;;;;x;;;;;;;;;;;;;;;;;;;;;;;;
A good sign indeed.;Это хороший знак.;;;;;;;;;;;;;x;;;;;;;;;;;;;;;;;;;;;;;;
A great change has taken place within the Tokugawa Shogunate, and now $COUNTRY$ must keep pace.;В сёгунате Токугава произошли большие перемены, и $COUNTRY$ необходимо идти в ногу со временем.;;;;;;;;;;;;;x;;;;;;;;;;;;;;;;;;;;;;;;
A great victory for America!;Великая победа Америки!;;;;;;;;;;;;;x;;;;;;;;;;;;;;;;;;;;;;;;
A great victory for Britain!;Великая победа Британии!;;;;;;;;;;;;;x;;;;;;;;;;;;;;;;;;;;;;;;
A new band which is rising to popularity has made a song that is about Russia and its glory. Oh well, Moskau! Moskau!;Набирающая популярность группа выпустила песню о России и её величии. Ну что ж: «Москау! Москау!»;;;;;;;;;;;;;x;;;;;;;;;;;;;;;;;;;;;;;;
A plague appears to be spreading across our land, killing untold numbers of our subjects. We are utterly helpless against this calamity.;По нашей земле распространяется эпидемия, уносящая бесчисленные жизни. Мы бессильны перед этой бедой.;;;;;;;;;;;;;x;;;;;;;;;;;;;;;;;;;;;;;;
A victory for all of Japan!;Победа всей Японии!;;;;;;;;;;;;;x;;;;;;;;;;;;;;;;;;;;;;;;
Accept the treaty;Принять договор;;;;;;;;;;;;;x;;;;;;;;;;;;;;;;;;;;;;;;
Accept the ultimatum;Принять ультиматум;;;;;;;;;;;;;x;;;;;;;;;;;;;;;;;;;;;;;;
Accept.;Принять.;;;;;;;;;;;;;x;;;;;;;;;;;;;;;;;;;;;;;;
Adolf Hitler has created a book named 'Mein Kampf'. He intends on taking revenge on those who have laid their filthy hands on the Fatherland!;Адольф Гитлер написал книгу «Майн кампф» и намерен отомстить тем, кто, по его словам, осквернил Отечество!;;;;;;;;;;;;;x;;;;;;;;;;;;;;;;;;;;;;;;
Adolf Hitler, the dictator of Germany is Austrian and is requesting us that we join them , what shall we do ?;Адольф Гитлер, диктатор Германии и уроженец Австрии, просит нас присоединиться к Германии. Что нам ответить?;;;;;;;;;;;;;x;;;;;;;;;;;;;;;;;;;;;;;;
Adolf Hitler, the dictator of Germany is demanding us that we give Sudetenland to them because we have ethnic Germans living here, what shall we do?;Адольф Гитлер требует передать Германии Судетскую область, ссылаясь на проживающих там этнических немцев. Что нам делать?;;;;;;;;;;;;;x;;;;;;;;;;;;;;;;;;;;;;;;
After forming and uniting our Jurchen brethren, we can start the conquest of Ming;Объединив чжурчжэньские племена, мы можем начать завоевание империи Мин.;;;;;;;;;;;;;x;;;;;;;;;;;;;;;;;;;;;;;;
After war with Sweden, it is time to annex Finland;После войны со Швецией настало время присоединить Финляндию.;;;;;;;;;;;;;x;;;;;;;;;;;;;;;;;;;;;;;;
Aggressive Pop-growth Campaign.;Кампания по ускорению прироста населения.;;;;;;;;;;;;;x;;;;;;;;;;;;;;;;;;;;;;;;
Alarmingly, our most professional and well equipped army The Army of Africa has defected and taken over Africa. Some 35,000 men and all their weapons have defected to Franco - we must not let them reach the mainland!;Наша самая боеспособная и хорошо оснащённая Африканская армия перешла на сторону Франко и захватила Африку. К нему дезертировали 35 000 солдат со всем оружием. Нельзя позволить им добраться до материка!;;;;;;;;;;;;;x;;;;;;;;;;;;;;;;;;;;;;;;
Albania surrendered, now they are at our mercy;Албания капитулировала и теперь в нашей власти.;;;;;;;;;;;;;x;;;;;;;;;;;;;;;;;;;;;;;;
Albania surrenders;Албания капитулирует;;;;;;;;;;;;;x;;;;;;;;;;;;;;;;;;;;;;;;
Aleksander Waszkowski;Александр Вашковский;;;;;;;;;;;;;x;;;;;;;;;;;;;;;;;;;;;;;;
All British posessions, foreign and domestic, will now answer to the Furher;Теперь все британские владения — и за рубежом, и дома — подчиняются фюреру.;;;;;;;;;;;;;x;;;;;;;;;;;;;;;;;;;;;;;;
All radiation seem to have vanished from $PROVINCENAME$. The province is now safe to settle in again.;Радиация в провинции $PROVINCENAME$ полностью исчезла. Теперь там снова можно безопасно селиться.;;;;;;;;;;;;;x;;;;;;;;;;;;;;;;;;;;;;;;
Allahu Akbar;Аллаху акбар;;;;;;;;;;;;;x;;;;;;;;;;;;;;;;;;;;;;;;
America Surrenders!;Америка капитулирует!;;;;;;;;;;;;;x;;;;;;;;;;;;;;;;;;;;;;;;
American continent is now is in our hands to annex;Теперь весь американский континент в наших руках — можно его присоединить.;;;;;;;;;;;;;x;;;;;;;;;;;;;;;;;;;;;;;;
An unfortunate choice.;Неудачный выбор.;;;;;;;;;;;;;x;;;;;;;;;;;;;;;;;;;;;;;;
Annex  Switzerland;Аннексировать Швейцарию;;;;;;;;;;;;;x;;;;;;;;;;;;;;;;;;;;;;;;
Annex Augsburg;Аннексировать Аугсбург;;;;;;;;;;;;;x;;;;;;;;;;;;;;;;;;;;;;;;
Annex Australia;Аннексировать Австралию;;;;;;;;;;;;;x;;;;;;;;;;;;;;;;;;;;;;;;
Annex Baden;Аннексировать Баден;;;;;;;;;;;;;x;;;;;;;;;;;;;;;;;;;;;;;;
Annex Bavaria;Аннексировать Баварию;;;;;;;;;;;;;x;;;;;;;;;;;;;;;;;;;;;;;;
Annex Braunschweig;Аннексировать Брауншвейг;;;;;;;;;;;;;x;;;;;;;;;;;;;;;;;;;;;;;;
Annex Bremen;Аннексировать Бремен;;;;;;;;;;;;;x;;;;;;;;;;;;;;;;;;;;;;;;
Annex Cologne;Аннексировать Кёльн;;;;;;;;;;;;;x;;;;;;;;;;;;;;;;;;;;;;;;
Annex Egypt;Аннексировать Египет;;;;;;;;;;;;;x;;;;;;;;;;;;;;;;;;;;;;;;
Annex European land, give Finland Karelia and Kola.;Аннексировать европейские земли, передать Финляндии Карелию и Колу.;;;;;;;;;;;;;x;;;;;;;;;;;;;;;;;;;;;;;;
Annex European land.;Аннексировать европейские земли.;;;;;;;;;;;;;x;;;;;;;;;;;;;;;;;;;;;;;;
Annex Finland;Аннексировать Финляндию;;;;;;;;;;;;;x;;;;;;;;;;;;;;;;;;;;;;;;
Annex Frankfurt;Аннексировать Франкфурт;;;;;;;;;;;;;x;;;;;;;;;;;;;;;;;;;;;;;;
Annex French Indochina;Аннексировать Французский Индокитай;;;;;;;;;;;;;x;;;;;;;;;;;;;;;;;;;;;;;;
Annex French North africa;Аннексировать Французскую Северную Африку;;;;;;;;;;;;;x;;;;;;;;;;;;;;;;;;;;;;;;
Annex Hanover;Аннексировать Ганновер;;;;;;;;;;;;;x;;;;;;;;;;;;;;;;;;;;;;;;
Annex Hesse-Darmstadt;Аннексировать Гессен-Дармштадт;;;;;;;;;;;;;x;;;;;;;;;;;;;;;;;;;;;;;;
Annex Hesse-Kassel;Аннексировать Гессен-Кассель;;;;;;;;;;;;;x;;;;;;;;;;;;;;;;;;;;;;;;
Annex Italy!;Аннексировать Италию!;;;;;;;;;;;;;x;;;;;;;;;;;;;;;;;;;;;;;;
Annex Lippe-Detmold;Аннексировать Липпе-Детмольд;;;;;;;;;;;;;x;;;;;;;;;;;;;;;;;;;;;;;;
Annex Nassau;Аннексировать Нассау;;;;;;;;;;;;;x;;;;;;;;;;;;;;;;;;;;;;;;
Annex New Zealand;Аннексировать Новую Зеландию;;;;;;;;;;;;;x;;;;;;;;;;;;;;;;;;;;;;;;
Annex Oldenburg;Аннексировать Ольденбург;;;;;;;;;;;;;x;;;;;;;;;;;;;;;;;;;;;;;;
Annex Palatinate;Аннексировать Пфальц;;;;;;;;;;;;;x;;;;;;;;;;;;;;;;;;;;;;;;
Annex Saxe-Coburg-Gotha;Аннексировать Саксен-Кобург-Готу;;;;;;;;;;;;;x;;;;;;;;;;;;;;;;;;;;;;;;
Annex Saxe-Meiningen;Аннексировать Саксен-Майнинген;;;;;;;;;;;;;x;;;;;;;;;;;;;;;;;;;;;;;;
Annex Saxe-Weimar;Аннексировать Саксен-Веймар;;;;;;;;;;;;;x;;;;;;;;;;;;;;;;;;;;;;;;
Annex Wurtemberg;Аннексировать Вюртемберг;;;;;;;;;;;;;x;;;;;;;;;;;;;;;;;;;;;;;;
Annex Wurzburg;Аннексировать Вюрцбург;;;;;;;;;;;;;x;;;;;;;;;;;;;;;;;;;;;;;;
Annex the British Isles, let the British Empire dissolve;Аннексировать Британские острова и распустить Британскую империю;;;;;;;;;;;;;x;;;;;;;;;;;;;;;;;;;;;;;;
Annex the USA!;Аннексировать США!;;;;;;;;;;;;;x;;;;;;;;;;;;;;;;;;;;;;;;
Annex them !;Аннексировать их!;;;;;;;;;;;;;x;;;;;;;;;;;;;;;;;;;;;;;;
Annex them.;Аннексировать их.;;;;;;;;;;;;;x;;;;;;;;;;;;;;;;;;;;;;;;
Another war against the Barbaryans;Ещё одна война против берберских государств;;;;;;;;;;;;;x;;;;;;;;;;;;;;;;;;;;;;;;
Another war will lead Germany to disaster;Ещё одна война погубит Германию.;;;;;;;;;;;;;x;;;;;;;;;;;;;;;;;;;;;;;;
Apache Raiders;Набеги апачей;;;;;;;;;;;;;x;;;;;;;;;;;;;;;;;;;;;;;;
As our colonial government, through multiple means became closer to the status of the great powers our overlords, the English Government gave some laws as limitations for us, setting us back.;По мере того как наше колониальное правительство укреплялось и приближалось по статусу к великим державам, английские власти ввели ограничительные законы и затормозили наше развитие.;;;;;;;;;;;;;x;;;;;;;;;;;;;;;;;;;;;;;;
At least the war is over;По крайней мере, война окончена.;;;;;;;;;;;;;x;;;;;;;;;;;;;;;;;;;;;;;;
Attack On Pearl Harbour - USA Reply;Нападение на Перл-Харбор: ответ США;;;;;;;;;;;;;x;;;;;;;;;;;;;;;;;;;;;;;;
Attack them!;Атаковать их!;;;;;;;;;;;;;x;;;;;;;;;;;;;;;;;;;;;;;;
Augsburg surrenders;Аугсбург капитулирует;;;;;;;;;;;;;x;;;;;;;;;;;;;;;;;;;;;;;;
Augusto Pinochet takes the power!;Аугусто Пиночет захватывает власть!;;;;;;;;;;;;;x;;;;;;;;;;;;;;;;;;;;;;;;
Australia surrenders;Австралия капитулирует;;;;;;;;;;;;;x;;;;;;;;;;;;;;;;;;;;;;;;
Baden surrenders;Баден капитулирует;;;;;;;;;;;;;x;;;;;;;;;;;;;;;;;;;;;;;;
Bah, fascist bastards. Never.;Тьфу, проклятые фашисты. Ни за что.;;;;;;;;;;;;;x;;;;;;;;;;;;;;;;;;;;;;;;
Ban the Falange Party?;Запретить партию «Фаланга»?;;;;;;;;;;;;;x;;;;;;;;;;;;;;;;;;;;;;;;
Basic Growth Incentives.;Основные меры по стимулированию роста.;;;;;;;;;;;;;x;;;;;;;;;;;;;;;;;;;;;;;;
Bavaria surrenders;Бавария капитулирует;;;;;;;;;;;;;x;;;;;;;;;;;;;;;;;;;;;;;;
Belgium has been defeated, the humilated us, we shall show no mercy !;Бельгия побеждена и унизила нас. Мы не проявим милосердия!;;;;;;;;;;;;;x;;;;;;;;;;;;;;;;;;;;;;;;
Belgium is now under our control;Бельгия теперь под нашим контролем;;;;;;;;;;;;;x;;;;;;;;;;;;;;;;;;;;;;;;
Belgium is part of our Kingdom!;Бельгия входит в состав нашего королевства!;;;;;;;;;;;;;x;;;;;;;;;;;;;;;;;;;;;;;;
Benito Mussolini;Бенито Муссолини;;;;;;;;;;;;;x;;;;;;;;;;;;;;;;;;;;;;;;
Benito Mussolini was a founder of the National Fascist Party, this event would lead to Fascist Italy in the years to come;Бенито Муссолини основал Национальную фашистскую партию. Это событие может привести к установлению фашистского режима в Италии.;;;;;;;;;;;;;x;;;;;;;;;;;;;;;;;;;;;;;;
Blast them!;Разгромить их!;;;;;;;;;;;;;x;;;;;;;;;;;;;;;;;;;;;;;;
Blast!;Взорвать!;;;;;;;;;;;;;x;;;;;;;;;;;;;;;;;;;;;;;;
Bloody Pirates!;Кровожадные пираты!;;;;;;;;;;;;;x;;;;;;;;;;;;;;;;;;;;;;;;
Bolshevik Revolutions;Большевистские революции;;;;;;;;;;;;;x;;;;;;;;;;;;;;;;;;;;;;;;
Bolshevik's Are gaining Momentum!;Большевики набирают силу!;;;;;;;;;;;;;x;;;;;;;;;;;;;;;;;;;;;;;;
Bolshevik's Defeated!;Большевики разбиты!;;;;;;;;;;;;;x;;;;;;;;;;;;;;;;;;;;;;;;
Bolshevik's In Power;Большевики пришли к власти;;;;;;;;;;;;;x;;;;;;;;;;;;;;;;;;;;;;;;
Boston;Бостон;;;;;;;;;;;;;x;;;;;;;;;;;;;;;;;;;;;;;;
Braunschweig surrenders;Брауншвейг капитулирует;;;;;;;;;;;;;x;;;;;;;;;;;;;;;;;;;;;;;;
Brazil declare independence;Бразилия провозглашает независимость;;;;;;;;;;;;;x;;;;;;;;;;;;;;;;;;;;;;;;
Bremen surrenders;Бремен капитулирует;;;;;;;;;;;;;x;;;;;;;;;;;;;;;;;;;;;;;;
Burn the building down;Сжечь здание;;;;;;;;;;;;;x;;;;;;;;;;;;;;;;;;;;;;;;
Bye Nixon!;Прощай, Никсон!;;;;;;;;;;;;;x;;;;;;;;;;;;;;;;;;;;;;;;
Call Allies;Призвать союзников;;;;;;;;;;;;;x;;;;;;;;;;;;;;;;;;;;;;;;
Call Allies Cleanup;Отозвать призыв союзников;;;;;;;;;;;;;x;;;;;;;;;;;;;;;;;;;;;;;;
Call Allies Refresh;Обновить список союзников для призыва;;;;;;;;;;;;;x;;;;;;;;;;;;;;;;;;;;;;;;
Casus belli against them;Получить повод к войне против них;;;;;;;;;;;;;x;;;;;;;;;;;;;;;;;;;;;;;;
Catch up and overtake!;Догнать и превзойти!;;;;;;;;;;;;;x;;;;;;;;;;;;;;;;;;;;;;;;
Cede Sudetenland to Germany?;Передать Судетскую область Германии?;;;;;;;;;;;;;x;;;;;;;;;;;;;;;;;;;;;;;;
China does not need the USSR!;Китаю не нужен СССР!;;;;;;;;;;;;;x;;;;;;;;;;;;;;;;;;;;;;;;
Choose Mussolini.;Выбрать Муссолини.;;;;;;;;;;;;;x;;;;;;;;;;;;;;;;;;;;;;;;
Choose the National Socialists.;Выбрать национал-социалистов.;;;;;;;;;;;;;x;;;;;;;;;;;;;;;;;;;;;;;;
Claim the Mandate of Heaven;Заявить права на Поднебесный мандат;;;;;;;;;;;;;x;;;;;;;;;;;;;;;;;;;;;;;;
Cologne surrenders;Кёльн капитулирует;;;;;;;;;;;;;x;;;;;;;;;;;;;;;;;;;;;;;;
Colonial Dispute;Колониальный конфликт;;;;;;;;;;;;;x;;;;;;;;;;;;;;;;;;;;;;;;
Colonial Restrictions;Ограничения для колоний;;;;;;;;;;;;;x;;;;;;;;;;;;;;;;;;;;;;;;
Congo is a Belgian Colony !;Конго — бельгийская колония!;;;;;;;;;;;;;x;;;;;;;;;;;;;;;;;;;;;;;;
Crash Test;Тест на сбой;;;;;;;;;;;;;x;;;;;;;;;;;;;;;;;;;;;;;;
Create Manchukuo;Создать Маньчжоу-го;;;;;;;;;;;;;x;;;;;;;;;;;;;;;;;;;;;;;;
Create Qing Substate;Создать автономное владение Цин;;;;;;;;;;;;;x;;;;;;;;;;;;;;;;;;;;;;;;
Create substate;Создать автономное владение;;;;;;;;;;;;;x;;;;;;;;;;;;;;;;;;;;;;;;
Crush the Saudis!;Разгромить саудитов!;;;;;;;;;;;;;x;;;;;;;;;;;;;;;;;;;;;;;;
Damn.;Проклятье.;;;;;;;;;;;;;x;;;;;;;;;;;;;;;;;;;;;;;;
Damned militants!;Проклятые боевики!;;;;;;;;;;;;;x;;;;;;;;;;;;;;;;;;;;;;;;
Debug;Отладка;;;;;;;;;;;;;x;;;;;;;;;;;;;;;;;;;;;;;;
Debugger;Отладчик;;;;;;;;;;;;;x;;;;;;;;;;;;;;;;;;;;;;;;
Decentralisation?;Децентрализация?;;;;;;;;;;;;;x;;;;;;;;;;;;;;;;;;;;;;;;
Declaration of Independence;Декларация независимости;;;;;;;;;;;;;x;;;;;;;;;;;;;;;;;;;;;;;;
Declare France a free nation under German tutelage;Объявить Францию свободным государством под покровительством Германии;;;;;;;;;;;;;x;;;;;;;;;;;;;;;;;;;;;;;;
Declare Poland a free nation under German tutelage;Объявить Польшу свободным государством под покровительством Германии;;;;;;;;;;;;;x;;;;;;;;;;;;;;;;;;;;;;;;
Defeat!;Поражение!;;;;;;;;;;;;;x;;;;;;;;;;;;;;;;;;;;;;;;
Demand the island, or it is war!;Требуйте остров, иначе начнётся война!;;;;;;;;;;;;;x;;;;;;;;;;;;;;;;;;;;;;;;
Democracy is Back !;Демократия вернулась!;;;;;;;;;;;;;x;;;;;;;;;;;;;;;;;;;;;;;;
Democracy is Back in our Country !;Демократия вернулась в нашу страну!;;;;;;;;;;;;;x;;;;;;;;;;;;;;;;;;;;;;;;
Deng's economic reforms can be seen as a step for China to become a super power as the economy will significantly increase, but the process will have to be split into two distinct parts.;Экономические реформы Дэна могут превратить Китай в сверхдержаву благодаря быстрому росту экономики. Реформы предстоит провести в два этапа.;;;;;;;;;;;;;x;;;;;;;;;;;;;;;;;;;;;;;;
Deng's economic reforms start with the de-collectivization of agriculture in order to get a larger workforce for the industries.;Реформы Дэна начнутся с отказа от коллективизации сельского хозяйства, чтобы высвободить рабочую силу для промышленности.;;;;;;;;;;;;;x;;;;;;;;;;;;;;;;;;;;;;;;
Despite our most valiant efforts we have been defeated by the coalition led by the British.;Несмотря на все наши усилия, британская коалиция нанесла нам поражение.;;;;;;;;;;;;;x;;;;;;;;;;;;;;;;;;;;;;;;
Despite our most valiant efforts we have been defeated by the coalition led by those darn British.;Несмотря на все наши усилия, проклятые британцы возглавили коалицию и разбили нас.;;;;;;;;;;;;;x;;;;;;;;;;;;;;;;;;;;;;;;
Differences between Catholics and Protestants have erupted today in $PROVINCENAME$ resulting in a number of deaths and a tense stalemate between the two sides. Catholics, who are the minority, vow to continue fighting as long as their demands are not met.;Сегодня в провинции $PROVINCENAME$ вспыхнули столкновения между католиками и протестантами. Есть погибшие, конфликт зашёл в тупик. Католическое меньшинство обещает продолжать борьбу, пока его требования не будут выполнены.;;;;;;;;;;;;;x;;;;;;;;;;;;;;;;;;;;;;;;
Dismantle their Empire !;Ликвидировать их империю!;;;;;;;;;;;;;x;;;;;;;;;;;;;;;;;;;;;;;;
Dismantle their Kingdom and Take their colonies;Уничтожить их королевство и захватить колонии;;;;;;;;;;;;;x;;;;;;;;;;;;;;;;;;;;;;;;
Dissolve the Sweden-Norway union;Распустить унию Швеции и Норвегии;;;;;;;;;;;;;x;;;;;;;;;;;;;;;;;;;;;;;;
Divide Korea!;Разделить Корею!;;;;;;;;;;;;;x;;;;;;;;;;;;;;;;;;;;;;;;
Down with the Shah!;Долой шаха!;;;;;;;;;;;;;x;;;;;;;;;;;;;;;;;;;;;;;;
Dschinghis Khan?;Чингисхан?;;;;;;;;;;;;;x;;;;;;;;;;;;;;;;;;;;;;;;
Due to recent reports of clashes on the borders between Italian Eritrea and Ethiopia, should we intimidate Ethiopia to face annexation?;После сообщений о пограничных столкновениях между итальянской Эритреей и Эфиопией следует ли пригрозить Эфиопии аннексией?;;;;;;;;;;;;;x;;;;;;;;;;;;;;;;;;;;;;;;
Due to the high militancy in our country we have no choice but to dismantle ourselves;Высокая воинственность населения вынуждает нас распустить государство.;;;;;;;;;;;;;x;;;;;;;;;;;;;;;;;;;;;;;;
EVT96200OPTA;Поддержать объединение народа;;;;;;;;;;;;;x;;;;;;;;;;;;;;;;;;;;;;;;
EVT97605OPTA;Открыться западному влиянию;;;;;;;;;;;;;x;;;;;;;;;;;;;;;;;;;;;;;;
EVT97605OPTB;Сохранить изоляцию;;;;;;;;;;;;;x;;;;;;;;;;;;;;;;;;;;;;;;
EVT97608OPTA;Капитулировать перед Соединёнными Штатами;;;;;;;;;;;;;x;;;;;;;;;;;;;;;;;;;;;;;;
EVT97608OPTB;Продолжить сопротивление;;;;;;;;;;;;;x;;;;;;;;;;;;;;;;;;;;;;;;
EVT97615OPTA;Поддержать лозунг «Сонно дзёи»;;;;;;;;;;;;;x;;;;;;;;;;;;;;;;;;;;;;;;
EVT97640OPTA;Поддержать императорские войска;;;;;;;;;;;;;x;;;;;;;;;;;;;;;;;;;;;;;;
EVT97640OPTB;Поддержать сёгунат;;;;;;;;;;;;;x;;;;;;;;;;;;;;;;;;;;;;;;
EVT97642OPTA;Восстановить власть императора;;;;;;;;;;;;;x;;;;;;;;;;;;;;;;;;;;;;;;
EVT97660OPTA;Подавить движение за демократию;;;;;;;;;;;;;x;;;;;;;;;;;;;;;;;;;;;;;;
EVT97660OPTB;Поддержать демократические перемены;;;;;;;;;;;;;x;;;;;;;;;;;;;;;;;;;;;;;;
EVT97673OPTA;Отказаться от военного курса;;;;;;;;;;;;;x;;;;;;;;;;;;;;;;;;;;;;;;
EVT97674OPTA;Вернуться к военному курсу;;;;;;;;;;;;;x;;;;;;;;;;;;;;;;;;;;;;;;
EVTDESC100000;В Германии нарастает политическая нестабильность: недовольство и напряжение угрожают правительству.;;;;;;;;;;;;;x;;;;;;;;;;;;;;;;;;;;;;;;
EVTDESC100000000;Польское восстание 1830 года. Поляки подняли мятеж против российского владычества и требуют независимости.;;;;;;;;;;;;;x;;;;;;;;;;;;;;;;;;;;;;;;
EVTDESC100000030;Роспуск Речи Посполитой;;;;;;;;;;;;;x;;;;;;;;;;;;;;;;;;;;;;;;
EVTDESC100001;В Германии набирает влияние новая радикальная политическая сила.;;;;;;;;;;;;;x;;;;;;;;;;;;;;;;;;;;;;;;
EVTDESC100002;Пожар в Рейхстаге потряс Германию. Власти обвиняют политических противников и требуют чрезвычайных полномочий.;;;;;;;;;;;;;x;;;;;;;;;;;;;;;;;;;;;;;;
EVTDESC100003;После пожара в Рейхстаге правительство усиливает репрессии и ограничивает гражданские свободы.;;;;;;;;;;;;;x;;;;;;;;;;;;;;;;;;;;;;;;
EVTDESC201004;Ещё один год — и можно будет остановиться...;;;;;;;;;;;;;x;;;;;;;;;;;;;;;;;;;;;;;;
EVTDESC250002;Советское руководство требует установить контроль над Чехословакией.;;;;;;;;;;;;;x;;;;;;;;;;;;;;;;;;;;;;;;
EVTDESC250003;Советское руководство требует подчинения Польши.;;;;;;;;;;;;;x;;;;;;;;;;;;;;;;;;;;;;;;
EVTDESC250004;Советское руководство требует подчинения Венгрии.;;;;;;;;;;;;;x;;;;;;;;;;;;;;;;;;;;;;;;
EVTDESC250005;Советское руководство требует подчинения Румынии.;;;;;;;;;;;;;x;;;;;;;;;;;;;;;;;;;;;;;;
EVTDESC250006;Советское руководство требует подчинения Болгарии.;;;;;;;;;;;;;x;;;;;;;;;;;;;;;;;;;;;;;;
EVTDESC2933;Кризис в Испании;;;;;;;;;;;;;x;;;;;;;;;;;;;;;;;;;;;;;;
EVTDESC2935;Завершение правления Примо де Риверы;;;;;;;;;;;;;x;;;;;;;;;;;;;;;;;;;;;;;;
EVTDESC402001;Швейцария капитулирует, и её дальнейшая судьба теперь в наших руках.;;;;;;;;;;;;;x;;;;;;;;;;;;;;;;;;;;;;;;
EVTDESC402002;Пражский договор определит послевоенное устройство германских земель.;;;;;;;;;;;;;x;;;;;;;;;;;;;;;;;;;;;;;;
EVTDESC500004;Польские общины просят о присоединении;;;;;;;;;;;;;x;;;;;;;;;;;;;;;;;;;;;;;;
EVTDESC500005;Польша возвращает исконные земли;;;;;;;;;;;;;x;;;;;;;;;;;;;;;;;;;;;;;;
EVTDESC800000;Соединённые Штаты потрясены террористическими атаками 11 сентября.;;;;;;;;;;;;;x;;;;;;;;;;;;;;;;;;;;;;;;
EVTDESC800150;Паннационалистические движения призывают объединить народ в одном государстве.;;;;;;;;;;;;;x;;;;;;;;;;;;;;;;;;;;;;;;
EVTDESC97666;Подавление восстания в Сацума;;;;;;;;;;;;;x;;;;;;;;;;;;;;;;;;;;;;;;
EVTDESC97680;Сахалинский вопрос;;;;;;;;;;;;;x;;;;;;;;;;;;;;;;;;;;;;;;
EVTDESC97681;Японское требование по Сахалину;;;;;;;;;;;;;x;;;;;;;;;;;;;;;;;;;;;;;;
EVTDESC98044;Мексиканские революционеры атаковали Колумбус, штат Нью-Мексико!;;;;;;;;;;;;;x;;;;;;;;;;;;;;;;;;;;;;;;
EVTDESC98045;Эпидемия гриппа 1918 года распространяется по стране.;;;;;;;;;;;;;x;;;;;;;;;;;;;;;;;;;;;;;;
EVTNAME100000;Национальная нестабильность;;;;;;;;;;;;;x;;;;;;;;;;;;;;;;;;;;;;;;
EVTNAME100000000;Ноябрьское восстание;;;;;;;;;;;;;x;;;;;;;;;;;;;;;;;;;;;;;;
EVTNAME100000030;Преобразование Речи Посполитой;;;;;;;;;;;;;x;;;;;;;;;;;;;;;;;;;;;;;;
EVTNAME100001;Нацистский деятель;;;;;;;;;;;;;x;;;;;;;;;;;;;;;;;;;;;;;;
EVTNAME100002;Пожар в Рейхстаге;;;;;;;;;;;;;x;;;;;;;;;;;;;;;;;;;;;;;;
EVTNAME100003;Последствия пожара в Рейхстаге;;;;;;;;;;;;;x;;;;;;;;;;;;;;;;;;;;;;;;
EVTNAME250002;Советский ультиматум Чехословакии;;;;;;;;;;;;;x;;;;;;;;;;;;;;;;;;;;;;;;
EVTNAME250003;Советский ультиматум Польше;;;;;;;;;;;;;x;;;;;;;;;;;;;;;;;;;;;;;;
EVTNAME250004;Советский ультиматум Венгрии;;;;;;;;;;;;;x;;;;;;;;;;;;;;;;;;;;;;;;
EVTNAME250005;Советский ультиматум Румынии;;;;;;;;;;;;;x;;;;;;;;;;;;;;;;;;;;;;;;
EVTNAME250006;Советский ультиматум Болгарии;;;;;;;;;;;;;x;;;;;;;;;;;;;;;;;;;;;;;;
EVTNAME2651;Потеря территории;;;;;;;;;;;;;x;;;;;;;;;;;;;;;;;;;;;;;;
EVTNAME500004;Польская просьба о присоединении;;;;;;;;;;;;;x;;;;;;;;;;;;;;;;;;;;;;;;
EVTNAME500005;Польша получает национальные провинции;;;;;;;;;;;;;x;;;;;;;;;;;;;;;;;;;;;;;;
EVTNAME800150;Паннациональное восстание;;;;;;;;;;;;;x;;;;;;;;;;;;;;;;;;;;;;;;
EVTNAME97666;Конец восстания в Сацума;;;;;;;;;;;;;x;;;;;;;;;;;;;;;;;;;;;;;;
EVTNAME97680;Сахалинский вопрос;;;;;;;;;;;;;x;;;;;;;;;;;;;;;;;;;;;;;;
EVTNAME97681;Требование Японии;;;;;;;;;;;;;x;;;;;;;;;;;;;;;;;;;;;;;;
EVTNAME98044;Революционеры напали на Колумбус;;;;;;;;;;;;;x;;;;;;;;;;;;;;;;;;;;;;;;
EVTNAME98045;Эпидемия гриппа;;;;;;;;;;;;;x;;;;;;;;;;;;;;;;;;;;;;;;
EVTOPT500004A;Присоединиться к Польше;;;;;;;;;;;;;x;;;;;;;;;;;;;;;;;;;;;;;;
EVTOPT500004B;Сохранить независимость;;;;;;;;;;;;;x;;;;;;;;;;;;;;;;;;;;;;;;
EVTOPT500005A;Предоставить Польше национальные провинции;;;;;;;;;;;;;x;;;;;;;;;;;;;;;;;;;;;;;;
EVTOPTA100000;Восстановить консервативный порядок;;;;;;;;;;;;;x;;;;;;;;;;;;;;;;;;;;;;;;
EVTOPTA100000000;Восстать за независимость Польши;;;;;;;;;;;;;x;;;;;;;;;;;;;;;;;;;;;;;;
EVTOPTA100000030;Преобразовать государство;;;;;;;;;;;;;x;;;;;;;;;;;;;;;;;;;;;;;;
EVTOPTA100001;Поддержать Гитлера;;;;;;;;;;;;;x;;;;;;;;;;;;;;;;;;;;;;;;
EVTOPTA100002;Объявить чрезвычайное положение;;;;;;;;;;;;;x;;;;;;;;;;;;;;;;;;;;;;;;
EVTOPTA100003;Усилить контроль над прессой;;;;;;;;;;;;;x;;;;;;;;;;;;;;;;;;;;;;;;
EVTOPTA250002;Подчиниться требованиям СССР;;;;;;;;;;;;;x;;;;;;;;;;;;;;;;;;;;;;;;
EVTOPTA250003;Подчиниться требованиям СССР;;;;;;;;;;;;;x;;;;;;;;;;;;;;;;;;;;;;;;
EVTOPTA250004;Подчиниться требованиям СССР;;;;;;;;;;;;;x;;;;;;;;;;;;;;;;;;;;;;;;
EVTOPTA250005;Подчиниться требованиям СССР;;;;;;;;;;;;;x;;;;;;;;;;;;;;;;;;;;;;;;
EVTOPTA250006;Подчиниться требованиям СССР;;;;;;;;;;;;;x;;;;;;;;;;;;;;;;;;;;;;;;
EVTOPTA800000;Начать войну с Афганистаном;;;;;;;;;;;;;x;;;;;;;;;;;;;;;;;;;;;;;;
EVTOPTB100000;Отклонить требования;;;;;;;;;;;;;x;;;;;;;;;;;;;;;;;;;;;;;;
EVTOPTB100001;Подавить нацистское движение;;;;;;;;;;;;;x;;;;;;;;;;;;;;;;;;;;;;;;
EVTOPTB100003;Защитить свободу прессы;;;;;;;;;;;;;x;;;;;;;;;;;;;;;;;;;;;;;;
EVTOPTB250002;Отвергнуть ультиматум СССР;;;;;;;;;;;;;x;;;;;;;;;;;;;;;;;;;;;;;;
EVTOPTB250003;Отвергнуть ультиматум СССР;;;;;;;;;;;;;x;;;;;;;;;;;;;;;;;;;;;;;;
EVTOPTB250004;Отвергнуть ультиматум СССР;;;;;;;;;;;;;x;;;;;;;;;;;;;;;;;;;;;;;;
EVTOPTB250005;Отвергнуть ультиматум СССР;;;;;;;;;;;;;x;;;;;;;;;;;;;;;;;;;;;;;;
EVTOPTB250006;Отвергнуть ультиматум СССР;;;;;;;;;;;;;x;;;;;;;;;;;;;;;;;;;;;;;;
EVTOPTB800000;Отказать в поддержке;;;;;;;;;;;;;x;;;;;;;;;;;;;;;;;;;;;;;;
Eastern Europe is Communist !;Восточная Европа стала коммунистической!;;;;;;;;;;;;;x;;;;;;;;;;;;;;;;;;;;;;;;
Egypt is part of our Empire!;Египет входит в состав нашей империи!;;;;;;;;;;;;;x;;;;;;;;;;;;;;;;;;;;;;;;
Egypt surrenders;Египет капитулирует;;;;;;;;;;;;;x;;;;;;;;;;;;;;;;;;;;;;;;
Enforce continuation of direct rule;Сохранить прямое управление;;;;;;;;;;;;;x;;;;;;;;;;;;;;;;;;;;;;;;
Enforce return to responsible government;Вернуть ответственное правительство;;;;;;;;;;;;;x;;;;;;;;;;;;;;;;;;;;;;;;
Establish a buffer zone;Создать буферную зону;;;;;;;;;;;;;x;;;;;;;;;;;;;;;;;;;;;;;;
Establish puppets;Учредить марионеточные государства;;;;;;;;;;;;;x;;;;;;;;;;;;;;;;;;;;;;;;
Estonia has proposed that we should unify   do you accept the offer ? ;Эстония предлагает объединиться. Вы принимаете это предложение?;;;;;;;;;;;;;x;;;;;;;;;;;;;;;;;;;;;;;;
Ethiopia - Ethiopian Crisis;Эфиопский кризис;;;;;;;;;;;;;x;;;;;;;;;;;;;;;;;;;;;;;;
Ethiopia brings us news that they have accepted our ultimatum!;Эфиопия сообщает, что приняла наш ультиматум!;;;;;;;;;;;;;x;;;;;;;;;;;;;;;;;;;;;;;;
Ethiopia brings us news that they have rejected our ultimatum!;Эфиопия сообщает, что отвергла наш ультиматум!;;;;;;;;;;;;;x;;;;;;;;;;;;;;;;;;;;;;;;
Excellent!;Превосходно!;;;;;;;;;;;;;x;;;;;;;;;;;;;;;;;;;;;;;;
Excellent! Victory will be ours!;Превосходно! Победа будет за нами!;;;;;;;;;;;;;x;;;;;;;;;;;;;;;;;;;;;;;;
Exellent;Отлично!;;;;;;;;;;;;;x;;;;;;;;;;;;;;;;;;;;;;;;
Falklands are British!;Фолклендские острова принадлежат Британии!;;;;;;;;;;;;;x;;;;;;;;;;;;;;;;;;;;;;;;
Fascism is the way forward!;Фашизм — наше будущее!;;;;;;;;;;;;;x;;;;;;;;;;;;;;;;;;;;;;;;
Fascist Coup;Фашистский переворот;;;;;;;;;;;;;x;;;;;;;;;;;;;;;;;;;;;;;;
Fascists Rioting Nationwide!;Фашисты устраивают беспорядки по всей стране!;;;;;;;;;;;;;x;;;;;;;;;;;;;;;;;;;;;;;;
Final Solution of Europe;Окончательное решение европейского вопроса;;;;;;;;;;;;;x;;;;;;;;;;;;;;;;;;;;;;;;
Find Those Pests and Eliminate Them!;Найдите этих негодяев и уничтожьте их!;;;;;;;;;;;;;x;;;;;;;;;;;;;;;;;;;;;;;;
Fine;Хорошо;;;;;;;;;;;;;x;;;;;;;;;;;;;;;;;;;;;;;;
Fine...;Хорошо...;;;;;;;;;;;;;x;;;;;;;;;;;;;;;;;;;;;;;;
First Italian War of Independence !;Первая война за независимость Италии!;;;;;;;;;;;;;x;;;;;;;;;;;;;;;;;;;;;;;;
Flu Outbreak!;Вспышка гриппа!;;;;;;;;;;;;;x;;;;;;;;;;;;;;;;;;;;;;;;
Following an increase in crackdowns on piracy by private and government agents the pirates in $PROVINCENAME$ have taken flight.;После усиления борьбы с пиратством со стороны частных лиц и государства пираты покинули провинцию $PROVINCENAME$.;;;;;;;;;;;;;x;;;;;;;;;;;;;;;;;;;;;;;;
Following the efforts of both German and Soviet forces the territory formerly belonging to Poland will now be distributed to Germany and the Soviet Union according to the agreement between the two nations.;После наступления германских и советских войск бывшие польские земли разделят между Германией и СССР согласно соглашению двух стран.;;;;;;;;;;;;;x;;;;;;;;;;;;;;;;;;;;;;;;
Following the example of our other American colonies Peru in 1821 declared independence , our advisors say that we can't let them go so that we don't become a weak empire talking about it's former glory , so how do we respond?;По примеру других американских колоний Перу провозгласило независимость в 1821 году. Советники предупреждают: если отпустить его, наша империя ослабеет и останется лишь воспоминанием. Как ответить?;;;;;;;;;;;;;x;;;;;;;;;;;;;;;;;;;;;;;;
For the RepГєblica EspaГ±ola!;За Испанскую Республику!;;;;;;;;;;;;;x;;;;;;;;;;;;;;;;;;;;;;;;
Form Libya;Образовать Ливию;;;;;;;;;;;;;x;;;;;;;;;;;;;;;;;;;;;;;;
Form a loyal Fascist government;Сформировать лояльное фашистское правительство;;;;;;;;;;;;;x;;;;;;;;;;;;;;;;;;;;;;;;
Form the Union of the Collective American States;Образовать Союз коллективных американских государств;;;;;;;;;;;;;x;;;;;;;;;;;;;;;;;;;;;;;;
Formation of Sweden-Norway;Образование Шведско-норвежской унии;;;;;;;;;;;;;x;;;;;;;;;;;;;;;;;;;;;;;;
Formation of the Union of Collective American States;Образование Союза коллективных американских государств;;;;;;;;;;;;;x;;;;;;;;;;;;;;;;;;;;;;;;
Francisco Franco!;Франсиско Франко!;;;;;;;;;;;;;x;;;;;;;;;;;;;;;;;;;;;;;;
Franco has fled Spain and our forces are now firmly in control of Madrid. The hour belongs to the Republic!;Франко бежал из Испании, наши войска полностью контролируют Мадрид. Настал час Республики!;;;;;;;;;;;;;x;;;;;;;;;;;;;;;;;;;;;;;;
Frankfurt surrenders;Франкфурт капитулирует;;;;;;;;;;;;;x;;;;;;;;;;;;;;;;;;;;;;;;
Free Canada.;Освободить Канаду.;;;;;;;;;;;;;x;;;;;;;;;;;;;;;;;;;;;;;;
Freedom!;Свобода!;;;;;;;;;;;;;x;;;;;;;;;;;;;;;;;;;;;;;;
French Indochina surrenders;Французский Индокитай капитулирует;;;;;;;;;;;;;x;;;;;;;;;;;;;;;;;;;;;;;;
French North Africa surrenders;Французская Северная Африка капитулирует;;;;;;;;;;;;;x;;;;;;;;;;;;;;;;;;;;;;;;
German Intervention!;Германская интервенция!;;;;;;;;;;;;;x;;;;;;;;;;;;;;;;;;;;;;;;
German Occupied Denmark;Дания под германской оккупацией;;;;;;;;;;;;;x;;;;;;;;;;;;;;;;;;;;;;;;
German Occupied Norway;Норвегия под германской оккупацией;;;;;;;;;;;;;x;;;;;;;;;;;;;;;;;;;;;;;;
German forces have occupied the Danish land and and Danish government is willing to comply to our demands;Германские войска заняли Данию, и её правительство готово принять наши требования.;;;;;;;;;;;;;x;;;;;;;;;;;;;;;;;;;;;;;;
German forces have occupied the Norwegian land and and Norwegian government are willing to comply with our demands;Германские войска заняли Норвегию, и её правительство готово принять наши требования.;;;;;;;;;;;;;x;;;;;;;;;;;;;;;;;;;;;;;;
Give the Duchy of Warsaw some of their lands;Передать часть земель герцогству Варшавскому;;;;;;;;;;;;;x;;;;;;;;;;;;;;;;;;;;;;;;
Give us Wallonia and make Flanders our puppet!;Передайте нам Валлонию, а Фландрию сделайте нашим сателлитом!;;;;;;;;;;;;;x;;;;;;;;;;;;;;;;;;;;;;;;
Gives the AI the chance to call new allies into the war.;Даёт ИИ возможность призвать новых союзников в войну.;;;;;;;;;;;;;x;;;;;;;;;;;;;;;;;;;;;;;;
Givingaid_1;Передача помощи;;;;;;;;;;;;;x;;;;;;;;;;;;;;;;;;;;;;;;
Givingaid_DESC;Описание передачи помощи;;;;;;;;;;;;;x;;;;;;;;;;;;;;;;;;;;;;;;
Givingaid_Event;Событие о передаче помощи;;;;;;;;;;;;;x;;;;;;;;;;;;;;;;;;;;;;;;
Glory to our Emperor !;Слава нашему императору!;;;;;;;;;;;;;x;;;;;;;;;;;;;;;;;;;;;;;;
God Preserve Us!;Боже, храни нас!;;;;;;;;;;;;;x;;;;;;;;;;;;;;;;;;;;;;;;
God Save The King!;Боже, храни короля!;;;;;;;;;;;;;x;;;;;;;;;;;;;;;;;;;;;;;;
God Save the Emperor!;Боже, храни императора!;;;;;;;;;;;;;x;;;;;;;;;;;;;;;;;;;;;;;;
God save the King!;Боже, храни короля!;;;;;;;;;;;;;x;;;;;;;;;;;;;;;;;;;;;;;;
Good Lord!;Господи!;;;;;;;;;;;;;x;;;;;;;;;;;;;;;;;;;;;;;;
Good idea;Хорошая мысль;;;;;;;;;;;;;x;;;;;;;;;;;;;;;;;;;;;;;;
Good!;Отлично!;;;;;;;;;;;;;x;;;;;;;;;;;;;;;;;;;;;;;;
Good. They have avoided bloodshed.;Хорошо. Им удалось избежать кровопролития.;;;;;;;;;;;;;x;;;;;;;;;;;;;;;;;;;;;;;;
Great Britain Surrenders!;Великобритания капитулирует!;;;;;;;;;;;;;x;;;;;;;;;;;;;;;;;;;;;;;;
Greece becomes Independent !;Греция становится независимой!;;;;;;;;;;;;;x;;;;;;;;;;;;;;;;;;;;;;;;
Greek Independence War !;Война за независимость Греции!;;;;;;;;;;;;;x;;;;;;;;;;;;;;;;;;;;;;;;
Greek Military Officers Ceized Power !;Греческие военные офицеры захватили власть!;;;;;;;;;;;;;x;;;;;;;;;;;;;;;;;;;;;;;;
Greek Military junta !;Греческая военная хунта!;;;;;;;;;;;;;x;;;;;;;;;;;;;;;;;;;;;;;;
Grenadian Nutmeg;Гренадский мускатный орех;;;;;;;;;;;;;x;;;;;;;;;;;;;;;;;;;;;;;;
Hannover surrenders;Ганновер капитулирует;;;;;;;;;;;;;x;;;;;;;;;;;;;;;;;;;;;;;;
Help Them;Помочь им;;;;;;;;;;;;;x;;;;;;;;;;;;;;;;;;;;;;;;
Help them !;Помочь им!;;;;;;;;;;;;;x;;;;;;;;;;;;;;;;;;;;;;;;
Hesse-Darmstadt surrenders;Гессен-Дармштадт капитулирует;;;;;;;;;;;;;x;;;;;;;;;;;;;;;;;;;;;;;;
Hesse-Kassel surrenders;Гессен-Кассель капитулирует;;;;;;;;;;;;;x;;;;;;;;;;;;;;;;;;;;;;;;
His brother James will now become King of England, Scotland and Ireland.;Его брат Джеймс станет королём Англии, Шотландии и Ирландии.;;;;;;;;;;;;;x;;;;;;;;;;;;;;;;;;;;;;;;
His son Charles will now become King of England, Scotland and Ireland.;Его сын Карл станет королём Англии, Шотландии и Ирландии.;;;;;;;;;;;;;x;;;;;;;;;;;;;;;;;;;;;;;;
Hitler has caused quite a commotion in our country, with many people aligning their beliefs with his!;Гитлер вызвал большой переполох: многие жители страны разделяют его взгляды!;;;;;;;;;;;;;x;;;;;;;;;;;;;;;;;;;;;;;;
Hmph, troubling news!;Хм, тревожные новости!;;;;;;;;;;;;;x;;;;;;;;;;;;;;;;;;;;;;;;
Horrible!;Ужасно!;;;;;;;;;;;;;x;;;;;;;;;;;;;;;;;;;;;;;;
Hostile forces have occupy our great French country, now we will have to dismantle our Empire !;Вражеские войска оккупировали Францию. Нам придётся распустить империю!;;;;;;;;;;;;;x;;;;;;;;;;;;;;;;;;;;;;;;
How is that possible ? The Great Japanes Empire can't los ! I will have to commit seppuku...;Как такое возможно? Великая Японская империя не может проиграть! Придётся совершить сэппуку...;;;;;;;;;;;;;x;;;;;;;;;;;;;;;;;;;;;;;;
I Am The King!;Я — король!;;;;;;;;;;;;;x;;;;;;;;;;;;;;;;;;;;;;;;
I Shall Found A Mighty American Dynasty!;Я положу начало великой американской династии!;;;;;;;;;;;;;x;;;;;;;;;;;;;;;;;;;;;;;;
I am grateful, hopefully the things we learn will benefit us.;Благодарю. Надеюсь, полученные знания пойдут нам на пользу.;;;;;;;;;;;;;x;;;;;;;;;;;;;;;;;;;;;;;;
I have a dream.;У меня есть мечта.;;;;;;;;;;;;;x;;;;;;;;;;;;;;;;;;;;;;;;
I suggest it is a good idea;Думаю, это хорошая идея.;;;;;;;;;;;;;x;;;;;;;;;;;;;;;;;;;;;;;;
I think it is a good idea that free slaves return to Africa;Полагаю, освобождённым рабам следует вернуться в Африку.;;;;;;;;;;;;;x;;;;;;;;;;;;;;;;;;;;;;;;
I warn you!;Предупреждаю вас!;;;;;;;;;;;;;x;;;;;;;;;;;;;;;;;;;;;;;;
If it helps to bring the country to a better part of the world, we'll do it!;Если это поможет стране встать на путь развития, мы согласны!;;;;;;;;;;;;;x;;;;;;;;;;;;;;;;;;;;;;;;
If the french could not we can!;Если французы не смогли, то мы сможем!;;;;;;;;;;;;;x;;;;;;;;;;;;;;;;;;;;;;;;
If we must.;Если придётся.;;;;;;;;;;;;;x;;;;;;;;;;;;;;;;;;;;;;;;
Ili rebbelion;Илийское восстание;;;;;;;;;;;;;x;;;;;;;;;;;;;;;;;;;;;;;;
In early 1936, the newly elected socialist government of Spain sought to solidify its position by banning the extremely right wing Falange party, being a major contributor to the imminent Spanish Civil War.;В начале 1936 года новое социалистическое правительство Испании попыталось укрепить свои позиции и запретить ультраправую партию «Фаланга» — одну из сил, приблизивших Гражданскую войну.;;;;;;;;;;;;;x;;;;;;;;;;;;;;;;;;;;;;;;
Indochina is our colony!;Индокитай — наша колония!;;;;;;;;;;;;;x;;;;;;;;;;;;;;;;;;;;;;;;
Is anyone out there?;Есть кто-нибудь?;;;;;;;;;;;;;x;;;;;;;;;;;;;;;;;;;;;;;;
Is this the end?;Неужели это конец?;;;;;;;;;;;;;x;;;;;;;;;;;;;;;;;;;;;;;;
Islamism;Исламизм;;;;;;;;;;;;;x;;;;;;;;;;;;;;;;;;;;;;;;
It is just fine in $CAPITAL$, we always hated London anyways...;В столице $CAPITAL$ всё спокойно — Лондон нам никогда не нравился...;;;;;;;;;;;;;x;;;;;;;;;;;;;;;;;;;;;;;;
It is just fine in $CAPITAL$, we always hated Moscow anyways...;В столице $CAPITAL$ всё спокойно — Москва нам никогда не нравилась...;;;;;;;;;;;;;x;;;;;;;;;;;;;;;;;;;;;;;;
It is just fine in $CAPITAL$, we always hated Paris anyways...;В столице $CAPITAL$ всё спокойно — Париж нам никогда не нравился...;;;;;;;;;;;;;x;;;;;;;;;;;;;;;;;;;;;;;;
It is just fine in $CAPITAL$, we always hated Vienna anyways...;В столице $CAPITAL$ всё спокойно — Вена нам никогда не нравилась...;;;;;;;;;;;;;x;;;;;;;;;;;;;;;;;;;;;;;;
It's Time for the Greek people to claim their Independence !;Греческий народ должен наконец обрести независимость!;;;;;;;;;;;;;x;;;;;;;;;;;;;;;;;;;;;;;;
It's Time to Liberate our fellow Italians !;Пора освободить наших итальянских братьев!;;;;;;;;;;;;;x;;;;;;;;;;;;;;;;;;;;;;;;
It's about time.;Давно пора.;;;;;;;;;;;;;x;;;;;;;;;;;;;;;;;;;;;;;;
It's time to punish the arrogant Spanish, Maine must be avenge !;Настало время наказать заносчивых испанцев. Нужно отомстить за «Мэн»!;;;;;;;;;;;;;x;;;;;;;;;;;;;;;;;;;;;;;;
Italian Political Crisis;Политический кризис в Италии;;;;;;;;;;;;;x;;;;;;;;;;;;;;;;;;;;;;;;
Italy - Ethiopian Crisis;Эфиопский кризис: требования Италии;;;;;;;;;;;;;x;;;;;;;;;;;;;;;;;;;;;;;;
Italy - Ethiopian Reply;Ответ Эфиопии Италии;;;;;;;;;;;;;x;;;;;;;;;;;;;;;;;;;;;;;;
Italy Sends us An Ultimatum;Италия выдвигает ультиматум;;;;;;;;;;;;;x;;;;;;;;;;;;;;;;;;;;;;;;
Italy Surrenders!;Италия капитулирует!;;;;;;;;;;;;;x;;;;;;;;;;;;;;;;;;;;;;;;
Italy demands that we surrender to their imperialist ambitions... Should we?;Италия требует покориться её империалистическим амбициям. Как ответить?;;;;;;;;;;;;;x;;;;;;;;;;;;;;;;;;;;;;;;
Italy has sent us an Ultimatum! Either we surrender to them or they declare war.;Италия предъявила ультиматум: капитуляция или война.;;;;;;;;;;;;;x;;;;;;;;;;;;;;;;;;;;;;;;
Japan Likes Our Sexy Official;Япония благосклонна к нашему официальному лицу;;;;;;;;;;;;;x;;;;;;;;;;;;;;;;;;;;;;;;
Japan has finnaly surrendered they will pay !;Япония наконец капитулировала — она заплатит!;;;;;;;;;;;;;x;;;;;;;;;;;;;;;;;;;;;;;;
Japan surrenders;Япония капитулирует;;;;;;;;;;;;;x;;;;;;;;;;;;;;;;;;;;;;;;
Join Germany?;Присоединиться к Германии?;;;;;;;;;;;;;x;;;;;;;;;;;;;;;;;;;;;;;;
Join the War Effort?;Вступить в войну?;;;;;;;;;;;;;x;;;;;;;;;;;;;;;;;;;;;;;;
Just as well.;И так хорошо.;;;;;;;;;;;;;x;;;;;;;;;;;;;;;;;;;;;;;;
King Charles II is Dead!;Король Карл II умер!;;;;;;;;;;;;;x;;;;;;;;;;;;;;;;;;;;;;;;
King Executed!;Король казнён!;;;;;;;;;;;;;x;;;;;;;;;;;;;;;;;;;;;;;;
King James is Dead!;Король Яков умер!;;;;;;;;;;;;;x;;;;;;;;;;;;;;;;;;;;;;;;
Kingdom of Greece !;Королевство Греция!;;;;;;;;;;;;;x;;;;;;;;;;;;;;;;;;;;;;;;
Kosovo declare independence;Косово провозглашает независимость;;;;;;;;;;;;;x;;;;;;;;;;;;;;;;;;;;;;;;
Kosovo is Serbia! ;Косово — это Сербия!;;;;;;;;;;;;;x;;;;;;;;;;;;;;;;;;;;;;;;
Kosovo, a region on our south with many muslims from Albania wants independence what to do?If we declare war we risk war with Albania remember that;Косово, южный край с многочисленным албанским мусульманским населением, хочет отделиться. Война с ним может втянуть нас в конфликт с Албанией. Как поступить?;;;;;;;;;;;;;x;;;;;;;;;;;;;;;;;;;;;;;;
Ku Klux Klan;Ку-клукс-клан;;;;;;;;;;;;;x;;;;;;;;;;;;;;;;;;;;;;;;
Kuwait is part of Iraq!;Кувейт входит в состав Ирака!;;;;;;;;;;;;;x;;;;;;;;;;;;;;;;;;;;;;;;
Latvia has proposed that we should unify   do you accept the offer ? ;Латвия предлагает объединение. Вы принимаете предложение?;;;;;;;;;;;;;x;;;;;;;;;;;;;;;;;;;;;;;;
Let Bulgaria have it;Передать это Болгарии;;;;;;;;;;;;;x;;;;;;;;;;;;;;;;;;;;;;;;
Let Them Run;Пусть бегут;;;;;;;;;;;;;x;;;;;;;;;;;;;;;;;;;;;;;;
Let the jews return to their ancestral home!;Позволить евреям вернуться на землю предков!;;;;;;;;;;;;;x;;;;;;;;;;;;;;;;;;;;;;;;
Let them be.;Оставить их в покое.;;;;;;;;;;;;;x;;;;;;;;;;;;;;;;;;;;;;;;
Let them go;Отпустить их;;;;;;;;;;;;;x;;;;;;;;;;;;;;;;;;;;;;;;
Let those Klans exist for now;Пока позволить Клану существовать;;;;;;;;;;;;;x;;;;;;;;;;;;;;;;;;;;;;;;
Let us be isolated even more...;Ещё сильнее изолироваться...;;;;;;;;;;;;;x;;;;;;;;;;;;;;;;;;;;;;;;
Let us become the greatest empire ever!;Создать величайшую империю в истории!;;;;;;;;;;;;;x;;;;;;;;;;;;;;;;;;;;;;;;
Let us build a new city along the Potomac in honour of General Washington;Построим новый город на берегу Потомака в честь генерала Вашингтона.;;;;;;;;;;;;;x;;;;;;;;;;;;;;;;;;;;;;;;
Let us fail our ambitions!;Пусть наши амбиции потерпят крах!;;;;;;;;;;;;;x;;;;;;;;;;;;;;;;;;;;;;;;
Let us make some concessions;Пойти на уступки;;;;;;;;;;;;;x;;;;;;;;;;;;;;;;;;;;;;;;
Let us stay in Philadelphia;Остаться в Филадельфии;;;;;;;;;;;;;x;;;;;;;;;;;;;;;;;;;;;;;;
Let's Expand to the African Continent !;Расширить владения в Африке!;;;;;;;;;;;;;x;;;;;;;;;;;;;;;;;;;;;;;;
Let's Expand to the Pacific Ocean !;Расширить владения в Тихом океане!;;;;;;;;;;;;;x;;;;;;;;;;;;;;;;;;;;;;;;
Let's Liberate Italy !;Освободить Италию!;;;;;;;;;;;;;x;;;;;;;;;;;;;;;;;;;;;;;;
Let's Liberate Kuwait from Saddam!;Освободить Кувейт от Саддама!;;;;;;;;;;;;;x;;;;;;;;;;;;;;;;;;;;;;;;
Let's Liberate Venezia !;Освободить Венецию!;;;;;;;;;;;;;x;;;;;;;;;;;;;;;;;;;;;;;;
Let's Take what is Ours !;Вернуть принадлежащее нам!;;;;;;;;;;;;;x;;;;;;;;;;;;;;;;;;;;;;;;
Let's conquest Algeria!;Завоевать Алжир!;;;;;;;;;;;;;x;;;;;;;;;;;;;;;;;;;;;;;;
Let's conquest Armenia!;Завоевать Армению!;;;;;;;;;;;;;x;;;;;;;;;;;;;;;;;;;;;;;;
Let's conquest Georgia and Azerbaijan!;Завоевать Грузию и Азербайджан!;;;;;;;;;;;;;x;;;;;;;;;;;;;;;;;;;;;;;;
Let's keep this clean.;Давайте без грязных приёмов.;;;;;;;;;;;;;x;;;;;;;;;;;;;;;;;;;;;;;;
Let's make sure we have everyone.;Убедимся, что учли всех.;;;;;;;;;;;;;x;;;;;;;;;;;;;;;;;;;;;;;;
Let's march North!;Выступить на север!;;;;;;;;;;;;;x;;;;;;;;;;;;;;;;;;;;;;;;
Let's punish Spain !;Наказать Испанию!;;;;;;;;;;;;;x;;;;;;;;;;;;;;;;;;;;;;;;
Let's punish the Greeks !;Наказать греков!;;;;;;;;;;;;;x;;;;;;;;;;;;;;;;;;;;;;;;
Let's reconquest Mexico!;Отвоевать Мексику!;;;;;;;;;;;;;x;;;;;;;;;;;;;;;;;;;;;;;;
Let's take Afghanistan under our influence!;Подчинить Афганистан нашему влиянию!;;;;;;;;;;;;;x;;;;;;;;;;;;;;;;;;;;;;;;
Let's take Canada!;Захватить Канаду!;;;;;;;;;;;;;x;;;;;;;;;;;;;;;;;;;;;;;;
Let's take Greater Syria!;Захватить Великую Сирию!;;;;;;;;;;;;;x;;;;;;;;;;;;;;;;;;;;;;;;
Let's take Moldavia!;Захватить Молдавию!;;;;;;;;;;;;;x;;;;;;;;;;;;;;;;;;;;;;;;
Let's take Rio de la Plata!;Захватить Рио-де-Ла-Плату!;;;;;;;;;;;;;x;;;;;;;;;;;;;;;;;;;;;;;;
Let's take Sinai Peninsula!;Захватить Синайский полуостров!;;;;;;;;;;;;;x;;;;;;;;;;;;;;;;;;;;;;;;
Life is returned to normal!;Жизнь возвращается в привычное русло!;;;;;;;;;;;;;x;;;;;;;;;;;;;;;;;;;;;;;;
Lippe-Detmold surrenders;Липпе-Детмольд капитулирует;;;;;;;;;;;;;x;;;;;;;;;;;;;;;;;;;;;;;;
Lithuania has proposed that we should unify   do you accept the offer ? ;Литва предлагает объединение. Вы принимаете предложение?;;;;;;;;;;;;;x;;;;;;;;;;;;;;;;;;;;;;;;
Little Bighorn;Литл-Бигхорн;;;;;;;;;;;;;x;;;;;;;;;;;;;;;;;;;;;;;;
Local native groups are raiding our settlements in $PROVINCENAME$;Коренные народы проводят набеги на наши поселения в провинции $PROVINCENAME$.;;;;;;;;;;;;;x;;;;;;;;;;;;;;;;;;;;;;;;
Long Live the Russian Empire!;Да здравствует Российская империя!;;;;;;;;;;;;;x;;;;;;;;;;;;;;;;;;;;;;;;
Long Live to Ayatolah Khomeini!;Да здравствует аятолла Хомейни!;;;;;;;;;;;;;x;;;;;;;;;;;;;;;;;;;;;;;;
Louisiana Purchase;Покупка Луизианы;;;;;;;;;;;;;x;;;;;;;;;;;;;;;;;;;;;;;;
Luxemburg is now under our control;Люксембург теперь под нашим контролем;;;;;;;;;;;;;x;;;;;;;;;;;;;;;;;;;;;;;;
Make Edward VIII the British King;Сделать Эдуарда VIII королём Великобритании;;;;;;;;;;;;;x;;;;;;;;;;;;;;;;;;;;;;;;
Make love not war.;Занимайтесь любовью, а не войной.;;;;;;;;;;;;;x;;;;;;;;;;;;;;;;;;;;;;;;
Make them our puppet;Сделать их нашим сателлитом;;;;;;;;;;;;;x;;;;;;;;;;;;;;;;;;;;;;;;
Make them our puppet!;Сделать их нашим сателлитом!;;;;;;;;;;;;;x;;;;;;;;;;;;;;;;;;;;;;;;
May 68: the beginning of a prolonged struggle.;Май 1968 года: начало затяжной борьбы.;;;;;;;;;;;;;x;;;;;;;;;;;;;;;;;;;;;;;;
Mein Kampf;Майн кампф;;;;;;;;;;;;;x;;;;;;;;;;;;;;;;;;;;;;;;
Mexican Revolutionaries attacks Columbus!;Мексиканские революционеры атакуют Колумбус!;;;;;;;;;;;;;x;;;;;;;;;;;;;;;;;;;;;;;;
Ming has been conquered, its now time to legitimize our rule by claiming the Mandate of Heaven;Мин завоёвана. Теперь нужно узаконить нашу власть, заявив права на Поднебесный мандат.;;;;;;;;;;;;;x;;;;;;;;;;;;;;;;;;;;;;;;
Modena;Модена;;;;;;;;;;;;;x;;;;;;;;;;;;;;;;;;;;;;;;
Modena surrenders;Модена капитулирует;;;;;;;;;;;;;x;;;;;;;;;;;;;;;;;;;;;;;;
Montenegro Surrenders;Черногория капитулирует;;;;;;;;;;;;;x;;;;;;;;;;;;;;;;;;;;;;;;
Montenegro declare independence;Черногория провозглашает независимость;;;;;;;;;;;;;x;;;;;;;;;;;;;;;;;;;;;;;;
Montengro has surrendere, now they are a our mercy !;Черногория капитулировала и теперь в нашей власти!;;;;;;;;;;;;;x;;;;;;;;;;;;;;;;;;;;;;;;
Morocco Joins the Fascists!;Марокко присоединяется к фашистам!;;;;;;;;;;;;;x;;;;;;;;;;;;;;;;;;;;;;;;
My $MONARCHTITLE$, America has formally surrendered to us and is now at our mercy!;Ваше $MONARCHTITLE$, Америка официально капитулировала и теперь в нашей власти!;;;;;;;;;;;;;x;;;;;;;;;;;;;;;;;;;;;;;;
My $MONARCHTITLE$, Italy has formally surrendered to us and is now at our mercy!;Ваше $MONARCHTITLE$, Италия официально капитулировала и теперь в нашей власти!;;;;;;;;;;;;;x;;;;;;;;;;;;;;;;;;;;;;;;
NEVER!;Ни за что!;;;;;;;;;;;;;x;;;;;;;;;;;;;;;;;;;;;;;;
Nassau surrenders;Нассау капитулирует;;;;;;;;;;;;;x;;;;;;;;;;;;;;;;;;;;;;;;
Natalia Vladimirovna Poklonskaya has reached international fame after a recent press conference. A cult of personality has begun in Japan and theyвЂ™re ravenous for Crimean political officials! Glory to Crimea!;Наталья Владимировна Поклонская прославилась после недавней пресс-конференции. В Японии возник культ личности, а его сторонники требуют крымских политиков! Слава Крыму!;;;;;;;;;;;;;x;;;;;;;;;;;;;;;;;;;;;;;;
Nazi Supporters;Сторонники нацизма;;;;;;;;;;;;;x;;;;;;;;;;;;;;;;;;;;;;;;
Nazi demands;Требования нацистов;;;;;;;;;;;;;x;;;;;;;;;;;;;;;;;;;;;;;;
Never;Никогда;;;;;;;;;;;;;x;;;;;;;;;;;;;;;;;;;;;;;;
Never Mind !;Неважно!;;;;;;;;;;;;;x;;;;;;;;;;;;;;;;;;;;;;;;
Never! The monarchy will remain.;Нет! Монархия останется.;;;;;;;;;;;;;x;;;;;;;;;;;;;;;;;;;;;;;;
Never! We will fight on!;Нет! Мы продолжим борьбу!;;;;;;;;;;;;;x;;;;;;;;;;;;;;;;;;;;;;;;
Never! We will fight to become the new Shogun!;Нет! Мы будем сражаться за право стать новым сёгуном!;;;;;;;;;;;;;x;;;;;;;;;;;;;;;;;;;;;;;;
New York;Нью-Йорк;;;;;;;;;;;;;x;;;;;;;;;;;;;;;;;;;;;;;;
New Zealand has surrendered, now we will enforce our will !;"Новая Зеландия капитулировала; теперь мы навяжем ей свою волю!";;;;;;;;;;;;;x;;;;;;;;;;;;;;;;;;;;;;;;
New Zealand surrenders;Новая Зеландия капитулирует;;;;;;;;;;;;;x;;;;;;;;;;;;;;;;;;;;;;;;
No more signs of radiation in $PROVINCENAME$;В провинции $PROVINCENAME$ больше не обнаружено радиации;;;;;;;;;;;;;x;;;;;;;;;;;;;;;;;;;;;;;;
No! Intolerance not socialism!;Нет! Мы против нетерпимости и за социализм!;;;;;;;;;;;;;x;;;;;;;;;;;;;;;;;;;;;;;;
No! There will be no compromise with traitors!;Нет! Никакого компромисса с предателями!;;;;;;;;;;;;;x;;;;;;;;;;;;;;;;;;;;;;;;
No.;Нет.;;;;;;;;;;;;;x;;;;;;;;;;;;;;;;;;;;;;;;
No. We are two diferent countries.;Нет. Это две разные страны.;;;;;;;;;;;;;x;;;;;;;;;;;;;;;;;;;;;;;;
Noriega!;Норьега!;;;;;;;;;;;;;x;;;;;;;;;;;;;;;;;;;;;;;;
Not form Libya;Не образовывать Ливию;;;;;;;;;;;;;x;;;;;;;;;;;;;;;;;;;;;;;;
Not yet.;Пока нет.;;;;;;;;;;;;;x;;;;;;;;;;;;;;;;;;;;;;;;
Now that we have a nation we shall need a capital. We can choose from four locations, all of which are excellent.;Теперь, когда у нас есть государство, нужна столица. На выбор четыре подходящих города.;;;;;;;;;;;;;x;;;;;;;;;;;;;;;;;;;;;;;;
Nuclear Attack;Ядерная атака;;;;;;;;;;;;;x;;;;;;;;;;;;;;;;;;;;;;;;
Of course we will comply.;Разумеется, мы подчинимся.;;;;;;;;;;;;;x;;;;;;;;;;;;;;;;;;;;;;;;
Of course we will fight for the motherland!;Конечно, мы будем сражаться за родину!;;;;;;;;;;;;;x;;;;;;;;;;;;;;;;;;;;;;;;
Of course, who would move away from the beautiful city of London?;Кто же захочет покинуть прекрасный Лондон?;;;;;;;;;;;;;x;;;;;;;;;;;;;;;;;;;;;;;;
Of course, who would move away from the beautiful city of Moscow?;Кто же захочет покинуть прекрасную Москву?;;;;;;;;;;;;;x;;;;;;;;;;;;;;;;;;;;;;;;
Of course, who would move away from the beautiful city of Paris?;Кто же захочет покинуть прекрасный Париж?;;;;;;;;;;;;;x;;;;;;;;;;;;;;;;;;;;;;;;
Of course, who would move away from the beautiful city of Vienna?;Кто же захочет покинуть прекрасную Вену?;;;;;;;;;;;;;x;;;;;;;;;;;;;;;;;;;;;;;;
Oh Dear!;О нет!;;;;;;;;;;;;;x;;;;;;;;;;;;;;;;;;;;;;;;
Oh Dear...;О нет...;;;;;;;;;;;;;x;;;;;;;;;;;;;;;;;;;;;;;;
Oh well...;Ну что ж...;;;;;;;;;;;;;x;;;;;;;;;;;;;;;;;;;;;;;;
Ok i agree!;Хорошо, я согласен!;;;;;;;;;;;;;x;;;;;;;;;;;;;;;;;;;;;;;;
Ok let them go;Хорошо, отпустим их;;;;;;;;;;;;;x;;;;;;;;;;;;;;;;;;;;;;;;
Oldenburg surrenders;Ольденбург капитулирует;;;;;;;;;;;;;x;;;;;;;;;;;;;;;;;;;;;;;;
On the 7th of September of 1821 D.Pedro IV  , son of the king of Portugal  declared the independence of Brazil which was only accepted by Portugal in 1825 , how should we respond?;7 сентября 1821 года дон Педру IV, сын короля Португалии, провозгласил независимость Бразилии. Португалия признала её лишь в 1825 году. Как нам поступить?;;;;;;;;;;;;;x;;;;;;;;;;;;;;;;;;;;;;;;
Open the market to foreign investment!;Открыть рынок для иностранных инвестиций!;;;;;;;;;;;;;x;;;;;;;;;;;;;;;;;;;;;;;;
Othon becomes Greece's Monarch !;Оттон становится монархом Греции!;;;;;;;;;;;;;x;;;;;;;;;;;;;;;;;;;;;;;;
Our Capital;Наша столица;;;;;;;;;;;;;x;;;;;;;;;;;;;;;;;;;;;;;;
Our Capital is Mystras !;Нашей столицей станет Мистра!;;;;;;;;;;;;;x;;;;;;;;;;;;;;;;;;;;;;;;
Our Enemy is Defeated;Враг разбит;;;;;;;;;;;;;x;;;;;;;;;;;;;;;;;;;;;;;;
Our King has been executed and England declared a republic, led by parliamentary leader Oliver Cromwell.;Нашего короля казнили, Англия провозгласила республику во главе с парламентским лидером Оливером Кромвелем.;;;;;;;;;;;;;x;;;;;;;;;;;;;;;;;;;;;;;;
Our Nation Shall Be A Democratic Republic!;Наша страна станет демократической республикой!;;;;;;;;;;;;;x;;;;;;;;;;;;;;;;;;;;;;;;
Our comrades in Angola needs help!;Нашим товарищам в Анголе нужна помощь!;;;;;;;;;;;;;x;;;;;;;;;;;;;;;;;;;;;;;;
Our inability to deal with piracy in $PROVINCENAME$ has incited some pirates to permanently settle there. Many of them now call $PROVINCENAME$ home and directly oppose our rule.;Не сумев справиться с пиратством в провинции $PROVINCENAME$, мы позволили пиратам обосноваться там. Теперь многие из них считают провинцию $PROVINCENAME$ своим домом и открыто противостоят нашей власти.;;;;;;;;;;;;;x;;;;;;;;;;;;;;;;;;;;;;;;
Our revolution is socialist!;Наша революция — социалистическая!;;;;;;;;;;;;;x;;;;;;;;;;;;;;;;;;;;;;;;
Our role in the great War;Наша роль в Великой войне;;;;;;;;;;;;;x;;;;;;;;;;;;;;;;;;;;;;;;
Our worst nightmare has become reality, what we used to call the cold war has triggered a nuclear exchange between the democracies of the world and communist nations. $COUNTRY$ was not spared.;Наш худший кошмар стал явью: холодная война переросла в обмен ядерными ударами между демократиями и коммунистическими странами. $COUNTRY$ тоже подверглась атаке.;;;;;;;;;;;;;x;;;;;;;;;;;;;;;;;;;;;;;;
Over the last few year the Great War caused millions of Death, now the winners meet at Versailles to determine the future of our country. Let's hope they will show mercy.;За годы Великой войны погибли миллионы людей. Теперь победители собрались в Версале решать судьбу нашей страны. Будем надеяться на их милосердие.;;;;;;;;;;;;;x;;;;;;;;;;;;;;;;;;;;;;;;
Palatinate surrenders;Пфальц капитулирует;;;;;;;;;;;;;x;;;;;;;;;;;;;;;;;;;;;;;;
Palestine is arab!;Палестина — арабская!;;;;;;;;;;;;;x;;;;;;;;;;;;;;;;;;;;;;;;
Parliamentarians Defeated;Парламентарии потерпели поражение;;;;;;;;;;;;;x;;;;;;;;;;;;;;;;;;;;;;;;
Parliamentarians Satisfied with the enactment of the English Bill of Rights;Парламентарии удовлетворены принятием английского Билля о правах;;;;;;;;;;;;;x;;;;;;;;;;;;;;;;;;;;;;;;
People has spoken and they want to join to Canadian Confederation!;Народ высказался: он хочет присоединиться к Канадской конфедерации!;;;;;;;;;;;;;x;;;;;;;;;;;;;;;;;;;;;;;;
Perhaps it is time for a change.;Пожалуй, пора что-то менять.;;;;;;;;;;;;;x;;;;;;;;;;;;;;;;;;;;;;;;
Peru declare independence;Перу провозглашает независимость;;;;;;;;;;;;;x;;;;;;;;;;;;;;;;;;;;;;;;
Phase one of the economic reforms.;Первый этап экономических реформ;;;;;;;;;;;;;x;;;;;;;;;;;;;;;;;;;;;;;;
Phase two of the economic reforms.;Второй этап экономических реформ;;;;;;;;;;;;;x;;;;;;;;;;;;;;;;;;;;;;;;
Phase two of the reforms allows us to create a socialist economy with Chinese characteristics.;Второй этап реформ позволит построить социалистическую экономику с китайской спецификой.;;;;;;;;;;;;;x;;;;;;;;;;;;;;;;;;;;;;;;
Pirates Settle In $PROVINCENAME$;Пираты обосновались в провинции $PROVINCENAME$;;;;;;;;;;;;;x;;;;;;;;;;;;;;;;;;;;;;;;
Pirates have been spotted up and down the coast of $PROVINCENAME$. Merchants fear they may disrupt their trade.;Пираты замечены вдоль всего побережья провинции $PROVINCENAME$. Купцы опасаются, что они нарушат торговлю.;;;;;;;;;;;;;x;;;;;;;;;;;;;;;;;;;;;;;;
Pirates in $PROVINCENAME$;Пираты в провинции $PROVINCENAME$;;;;;;;;;;;;;x;;;;;;;;;;;;;;;;;;;;;;;;
Plague;Чума;;;;;;;;;;;;;x;;;;;;;;;;;;;;;;;;;;;;;;
Poland is part of our Empire!;Польша входит в состав нашей империи!;;;;;;;;;;;;;x;;;;;;;;;;;;;;;;;;;;;;;;
Poland shall now be part of the Greater Reich;Польша станет частью Великого рейха;;;;;;;;;;;;;x;;;;;;;;;;;;;;;;;;;;;;;;
Portugal declare independence;Португалия провозглашает независимость;;;;;;;;;;;;;x;;;;;;;;;;;;;;;;;;;;;;;;
Portugal join us?;Португалия, присоединитесь к нам?;;;;;;;;;;;;;x;;;;;;;;;;;;;;;;;;;;;;;;
Portugese Intervention!;Португальская интервенция!;;;;;;;;;;;;;x;;;;;;;;;;;;;;;;;;;;;;;;
Prepare for the worst!;Готовьтесь к худшему!;;;;;;;;;;;;;x;;;;;;;;;;;;;;;;;;;;;;;;
Primo de Rivera;Примо де Ривера;;;;;;;;;;;;;x;;;;;;;;;;;;;;;;;;;;;;;;
Progress!;Прогресс!;;;;;;;;;;;;;x;;;;;;;;;;;;;;;;;;;;;;;;
Proposal for Baltic unification;Предложение об объединении стран Балтии;;;;;;;;;;;;;x;;;;;;;;;;;;;;;;;;;;;;;;
Punish them!;Наказать их!;;;;;;;;;;;;;x;;;;;;;;;;;;;;;;;;;;;;;;
Pursue Them;Преследовать их;;;;;;;;;;;;;x;;;;;;;;;;;;;;;;;;;;;;;;
Put Edward VIII on the throne;Возвести Эдуарда VIII на престол;;;;;;;;;;;;;x;;;;;;;;;;;;;;;;;;;;;;;;
Rather need the infamy, honestly.;Если честно, нам как раз нужна дурная слава.;;;;;;;;;;;;;x;;;;;;;;;;;;;;;;;;;;;;;;
Rats;Крысы;;;;;;;;;;;;;x;;;;;;;;;;;;;;;;;;;;;;;;
Recover Palestine and Sinai Peninsula!;Вернуть Палестину и Синайский полуостров!;;;;;;;;;;;;;x;;;;;;;;;;;;;;;;;;;;;;;;
Reject.;Отвергнуть.;;;;;;;;;;;;;x;;;;;;;;;;;;;;;;;;;;;;;;
Religious Clash;Религиозное столкновение;;;;;;;;;;;;;x;;;;;;;;;;;;;;;;;;;;;;;;
Remember Tito!;Помните о Тито!;;;;;;;;;;;;;x;;;;;;;;;;;;;;;;;;;;;;;;
Republica Espanola!;Испанская республика!;;;;;;;;;;;;;x;;;;;;;;;;;;;;;;;;;;;;;;
Reshape the borders of Europe;Изменить границы Европы;;;;;;;;;;;;;x;;;;;;;;;;;;;;;;;;;;;;;;
Restoration of Democracy !;Восстановить демократию!;;;;;;;;;;;;;x;;;;;;;;;;;;;;;;;;;;;;;;
Reunification will be gradual.;Воссоединение будет постепенным.;;;;;;;;;;;;;x;;;;;;;;;;;;;;;;;;;;;;;;
Rid China of these filths.;Очистить Китай от этих негодяев.;;;;;;;;;;;;;x;;;;;;;;;;;;;;;;;;;;;;;;
Rise of the Ku Klux Klan;Возвышение ку-клукс-клана;;;;;;;;;;;;;x;;;;;;;;;;;;;;;;;;;;;;;;
SPA-CW-DESC;Гражданская война в Испании: описание;;;;;;;;;;;;;x;;;;;;;;;;;;;;;;;;;;;;;;
SPCW-INTER-DESC;Испанская интервенция: описание;;;;;;;;;;;;;x;;;;;;;;;;;;;;;;;;;;;;;;
Sacre Bleu!;Вот так-то!;;;;;;;;;;;;;x;;;;;;;;;;;;;;;;;;;;;;;;
Sacrebleu ! ;Вот так!;;;;;;;;;;;;;x;;;;;;;;;;;;;;;;;;;;;;;;
Saxe-Coburg-Gotha surrenders;Саксен-Кобург-Гота капитулирует;;;;;;;;;;;;;x;;;;;;;;;;;;;;;;;;;;;;;;
Saxe-Meiningen surrenders;Саксен-Майнинген капитулирует;;;;;;;;;;;;;x;;;;;;;;;;;;;;;;;;;;;;;;
Saxe-Weimar surrenders;Саксен-Веймар капитулирует;;;;;;;;;;;;;x;;;;;;;;;;;;;;;;;;;;;;;;
Screw them and their ultimatum.;К чёрту их ультиматум.;;;;;;;;;;;;;x;;;;;;;;;;;;;;;;;;;;;;;;
Secede their territory to us;Передать нам их территорию;;;;;;;;;;;;;x;;;;;;;;;;;;;;;;;;;;;;;;
Second Italian War of Independence !;Вторая война за независимость Италии!;;;;;;;;;;;;;x;;;;;;;;;;;;;;;;;;;;;;;;
Secret Service kills counter revolutionists.;Тайная служба уничтожает контрреволюционеров.;;;;;;;;;;;;;x;;;;;;;;;;;;;;;;;;;;;;;;
Send help;Отправить помощь;;;;;;;;;;;;;x;;;;;;;;;;;;;;;;;;;;;;;;
Send the demands.;Предъявить требования.;;;;;;;;;;;;;x;;;;;;;;;;;;;;;;;;;;;;;;
Serbia is part of our Empire!;Сербия входит в состав нашей империи!;;;;;;;;;;;;;x;;;;;;;;;;;;;;;;;;;;;;;;
Serbia surrenders;Сербия капитулирует;;;;;;;;;;;;;x;;;;;;;;;;;;;;;;;;;;;;;;
Shall we join the war against the pariah?;Вступить в войну против государства-изгоя?;;;;;;;;;;;;;x;;;;;;;;;;;;;;;;;;;;;;;;
Sign the Treaty;Подписать договор;;;;;;;;;;;;;x;;;;;;;;;;;;;;;;;;;;;;;;
Slavery Expansion;Расширение рабства;;;;;;;;;;;;;x;;;;;;;;;;;;;;;;;;;;;;;;
So be it.;Да будет так.;;;;;;;;;;;;;x;;;;;;;;;;;;;;;;;;;;;;;;
Socialism with human face is possible.;Социализм с человеческим лицом возможен.;;;;;;;;;;;;;x;;;;;;;;;;;;;;;;;;;;;;;;
Some nutmeg trees left behind on Grenada by travelling $COUNTRY_ADJ$ merchants have been planted by local farmers. The results have baffled everyone on the island and every plantation is now considering switching to nutmeg production.;Саженцы мускатного ореха, оставленные на Гренаде странствующими купцами $COUNTRY_ADJ$, прижились у местных фермеров. Неожиданный успех заставил все плантации задуматься о переходе на выращивание муската.;;;;;;;;;;;;;x;;;;;;;;;;;;;;;;;;;;;;;;
Some reforms are necessary!;Необходимы реформы!;;;;;;;;;;;;;x;;;;;;;;;;;;;;;;;;;;;;;;
Somehow our capital has been moved from its original position. Should we move it back?;Странным образом столица переместилась со своего исторического места. Вернуть её?;;;;;;;;;;;;;x;;;;;;;;;;;;;;;;;;;;;;;;
Someone fresh might help...;Новый человек может помочь...;;;;;;;;;;;;;x;;;;;;;;;;;;;;;;;;;;;;;;
South Africa has been occupied , now we will annex them;Южная Африка оккупирована. Теперь мы аннексируем её.;;;;;;;;;;;;;x;;;;;;;;;;;;;;;;;;;;;;;;
South Africa surrenders;Южная Африка капитулирует;;;;;;;;;;;;;x;;;;;;;;;;;;;;;;;;;;;;;;
Soviet Intervention!;Советская интервенция!;;;;;;;;;;;;;x;;;;;;;;;;;;;;;;;;;;;;;;
Spanish - German Treaty of 1899 !;Испано-германский договор 1899 года!;;;;;;;;;;;;;x;;;;;;;;;;;;;;;;;;;;;;;;
Spanish American War !;Испано-американская война!;;;;;;;;;;;;;x;;;;;;;;;;;;;;;;;;;;;;;;
Spanish Civil War - Fascist Victory!;Гражданская война в Испании: победа фашистов!;;;;;;;;;;;;;x;;;;;;;;;;;;;;;;;;;;;;;;
Spanish Civil War - Republican Victory!;Гражданская война в Испании: победа республиканцев!;;;;;;;;;;;;;x;;;;;;;;;;;;;;;;;;;;;;;;
Stanislaw BrzГіska;Станислав Брзоска;;;;;;;;;;;;;x;;;;;;;;;;;;;;;;;;;;;;;;
State Enforced Birthing Campaign.;Государственная кампания по повышению рождаемости.;;;;;;;;;;;;;x;;;;;;;;;;;;;;;;;;;;;;;;
Stop help North Vietnam.;Прекратить помощь Северному Вьетнаму.;;;;;;;;;;;;;x;;;;;;;;;;;;;;;;;;;;;;;;
Such Nonsense!;Какая чепуха!;;;;;;;;;;;;;x;;;;;;;;;;;;;;;;;;;;;;;;
Super Marios Bros.;Супербратья Марио;;;;;;;;;;;;;x;;;;;;;;;;;;;;;;;;;;;;;;
Support the book and it's contents.;Поддержать книгу и её идеи.;;;;;;;;;;;;;x;;;;;;;;;;;;;;;;;;;;;;;;
Surrender?;Капитулировать?;;;;;;;;;;;;;x;;;;;;;;;;;;;;;;;;;;;;;;
Switzerland Surrenders!;Швейцария капитулирует!;;;;;;;;;;;;;x;;;;;;;;;;;;;;;;;;;;;;;;
Take that Brits;Проучить этих британцев;;;;;;;;;;;;;x;;;;;;;;;;;;;;;;;;;;;;;;
Take the first step to a modernized economy.;Сделать первый шаг к модернизации экономики.;;;;;;;;;;;;;x;;;;;;;;;;;;;;;;;;;;;;;;
Take their colonies !;Захватить их колонии!;;;;;;;;;;;;;x;;;;;;;;;;;;;;;;;;;;;;;;
Tear down this wall!;Снести эту стену!;;;;;;;;;;;;;x;;;;;;;;;;;;;;;;;;;;;;;;
That'll teach them!;Вот вам урок!;;;;;;;;;;;;;x;;;;;;;;;;;;;;;;;;;;;;;;
The $COUNTRY_ADJ$ Colonies;Колонии $COUNTRY_ADJ$;;;;;;;;;;;;;x;;;;;;;;;;;;;;;;;;;;;;;;
The $COUNTRY_ADJ$ Dominion;Доминион $COUNTRY_ADJ$;;;;;;;;;;;;;x;;;;;;;;;;;;;;;;;;;;;;;;
The Age of Enlightenment is coming to an end. The Age of Industry is the way forward.;Эпоха Просвещения подходит к концу. Будущее за индустриальной эпохой.;;;;;;;;;;;;;x;;;;;;;;;;;;;;;;;;;;;;;;
The Age of Industry;Индустриальная эпоха;;;;;;;;;;;;;x;;;;;;;;;;;;;;;;;;;;;;;;
The Bolsheviks are gaining supporters in rural regions in the Empire and are putting up a fight with the army!;Большевики находят сторонников в сельских районах империи и вступают в бой с армией!;;;;;;;;;;;;;x;;;;;;;;;;;;;;;;;;;;;;;;
The Bolsheviks have been defeated and we still have control over our Central European regions.;Большевики разбиты, а мы сохранили контроль над Центральной Европой.;;;;;;;;;;;;;x;;;;;;;;;;;;;;;;;;;;;;;;
The Bolsheviks have taken over and have become the center head of the government in Russia. As well, many nations in Central Europe have claimed independence.;"Большевики захватили власть в России; они возглавили правительство, а многие страны Центральной Европы провозгласили независимость.";;;;;;;;;;;;;x;;;;;;;;;;;;;;;;;;;;;;;;
The Bolsheviks tell the people of Russia of a fair and just society, where all are equal in class and society. They have stirred many of the citizens attention.;Большевики обещают народу справедливое общество без классового неравенства. Их идеи находят отклик у множества граждан.;;;;;;;;;;;;;x;;;;;;;;;;;;;;;;;;;;;;;;
The Boshin War is over.;Война Босин закончилась.;;;;;;;;;;;;;x;;;;;;;;;;;;;;;;;;;;;;;;
The Boston Tea Party;Бостонское чаепитие;;;;;;;;;;;;;x;;;;;;;;;;;;;;;;;;;;;;;;
The Collapse of Poland;Распад Польши;;;;;;;;;;;;;x;;;;;;;;;;;;;;;;;;;;;;;;
The Cultural Revolution in China sought to preserve the communist ideology into the people living in China as well as eliminating any last signs of capitalism. This experiment resulted in the country being setback into large quantities of poverty.;Культурная революция в Китае должна была укрепить коммунистическую идеологию и искоренить последние проявления капитализма. В результате страна погрузилась в нищету и надолго отбросилась назад.;;;;;;;;;;;;;x;;;;;;;;;;;;;;;;;;;;;;;;
The Cultural Revolution.;Культурная революция;;;;;;;;;;;;;x;;;;;;;;;;;;;;;;;;;;;;;;
The Eastern Europe Communist Countries are Rightfully our Puppets !;Коммунистические страны Восточной Европы по праву должны быть нашими сателлитами!;;;;;;;;;;;;;x;;;;;;;;;;;;;;;;;;;;;;;;
The Economic Reforms of 1978.;Экономические реформы 1978 года;;;;;;;;;;;;;x;;;;;;;;;;;;;;;;;;;;;;;;
The Emperor steps beyond his place!;Император преступил границы своей власти!;;;;;;;;;;;;;x;;;;;;;;;;;;;;;;;;;;;;;;
The End of Primo de Rivera;Конец правления Примо де Риверы;;;;;;;;;;;;;x;;;;;;;;;;;;;;;;;;;;;;;;
The English Parliament has grown to be a perennial problem to our claim to absolute divine rule.;Английский парламент постоянно мешает нам установить абсолютную власть, данную монарху Богом.;;;;;;;;;;;;;x;;;;;;;;;;;;;;;;;;;;;;;;
The English gentry in $PROVINCENAME$ has grown increasingly dissatisfied with our King's rule recently. As a result it has held many local events denouncing his reign, calling for increased parliamentary powers.;Английские землевладельцы провинции $PROVINCENAME$ всё сильнее недовольны королём. Они проводят местные собрания, осуждают его правление и требуют расширить полномочия парламента.;;;;;;;;;;;;;x;;;;;;;;;;;;;;;;;;;;;;;;
The Enlightenment;Эпоха Просвещения;;;;;;;;;;;;;x;;;;;;;;;;;;;;;;;;;;;;;;
The Entente power have asked us to join in their war against the Central Powers, what shall we do ?;Державы Антанты просят нас вступить в войну против Центральных держав. Что ответить?;;;;;;;;;;;;;x;;;;;;;;;;;;;;;;;;;;;;;;
The Fascists have thrown a revolt against us! We have no choice but to surrender!;Фашисты подняли мятеж. Нам остаётся только капитулировать!;;;;;;;;;;;;;x;;;;;;;;;;;;;;;;;;;;;;;;
The Fate of France;Судьба Франции;;;;;;;;;;;;;x;;;;;;;;;;;;;;;;;;;;;;;;
The Fate of Poland;Судьба Польши;;;;;;;;;;;;;x;;;;;;;;;;;;;;;;;;;;;;;;
The Fate of the British Empire;Судьба Британской империи;;;;;;;;;;;;;x;;;;;;;;;;;;;;;;;;;;;;;;
The French are offering us to buy Louisiana. It is up to you, our leader, to decide whether or not we accept their offer.;Франция предлагает купить Луизиану. Решение о принятии или отклонении предложения за вами, наш лидер.;;;;;;;;;;;;;x;;;;;;;;;;;;;;;;;;;;;;;;
The Great Leap Forward was a experiment from 1958 to 1962 to rapidly transform China from an agrarian economy to a industrialized one. The experiment resulted between 18 to 40 million people starving to death.;Большой скачок 1958–1962 годов должен был быстро превратить аграрный Китай в индустриальную державу. Эксперимент привёл к голоду, унёсшему, по оценкам, от 18 до 40 миллионов жизней.;;;;;;;;;;;;;x;;;;;;;;;;;;;;;;;;;;;;;;
The Great Leap Forward.;Большой скачок;;;;;;;;;;;;;x;;;;;;;;;;;;;;;;;;;;;;;;
The Great Powers decided that Belgium should own Congo !;Великие державы решили передать Конго Бельгии!;;;;;;;;;;;;;x;;;;;;;;;;;;;;;;;;;;;;;;
The Great War is over !;Великая война окончена!;;;;;;;;;;;;;x;;;;;;;;;;;;;;;;;;;;;;;;
The Great War is over, for a long and peacefull future;Великая война окончена — впереди долгие годы мира.;;;;;;;;;;;;;x;;;;;;;;;;;;;;;;;;;;;;;;
The Japanese have struck Pearl Harbor! Should we let them get away with this or let it slide?;Японцы атаковали Перл-Харбор! Оставить это без ответа или простить нападение?;;;;;;;;;;;;;x;;;;;;;;;;;;;;;;;;;;;;;;
The Japanese have surrendered! The war is over!;Япония капитулировала! Война окончена!;;;;;;;;;;;;;x;;;;;;;;;;;;;;;;;;;;;;;;
The Military Officers Ceized Power !;Военные офицеры захватили власть!;;;;;;;;;;;;;x;;;;;;;;;;;;;;;;;;;;;;;;
The Nazis are asking for their land, Memel, back from us... Should we give it back?;Нацисты требуют вернуть им Мемель. Следует ли уступить?;;;;;;;;;;;;;x;;;;;;;;;;;;;;;;;;;;;;;;
The Parliament Questions Our Rule;Парламент оспаривает нашу власть;;;;;;;;;;;;;x;;;;;;;;;;;;;;;;;;;;;;;;
The Portuguese have declared independence what to do?;Португалия провозгласила независимость. Как нам поступить?;;;;;;;;;;;;;x;;;;;;;;;;;;;;;;;;;;;;;;
The Qing conquest of Ming;Завоевание Мин династией Цин;;;;;;;;;;;;;x;;;;;;;;;;;;;;;;;;;;;;;;
The Shogunate Westernizes;Сёгунат проводит вестернизацию;;;;;;;;;;;;;x;;;;;;;;;;;;;;;;;;;;;;;;
The Spanish Civil War;Гражданская война в Испании;;;;;;;;;;;;;x;;;;;;;;;;;;;;;;;;;;;;;;
The Spanish decided to sell Pacific Islands to us !;Испания предлагает продать нам тихоокеанские острова!;;;;;;;;;;;;;x;;;;;;;;;;;;;;;;;;;;;;;;
The Three and Five Anti Campaigns.;Кампании «Три против» и «Пять против»;;;;;;;;;;;;;x;;;;;;;;;;;;;;;;;;;;;;;;
The Three and Five Anti-Campaigns were a series of campaigns conducted by Mao's communist party in China to get rid of the Chinese capitalists conducting business within China due to the Korean War.;Во время Корейской войны коммунистическая партия Мао провела в Китае кампании «Три против» и «Пять против», чтобы уничтожить капиталистов, ведущих бизнес в стране.;;;;;;;;;;;;;x;;;;;;;;;;;;;;;;;;;;;;;;
The Treaty of Brunswick;Брауншвейгский договор;;;;;;;;;;;;;x;;;;;;;;;;;;;;;;;;;;;;;;
The Treaty of Edessa;Эдесский договор;;;;;;;;;;;;;x;;;;;;;;;;;;;;;;;;;;;;;;
The Treaty of Saint-Germain;Сен-Жерменский договор;;;;;;;;;;;;;x;;;;;;;;;;;;;;;;;;;;;;;;
The Treaty of Versailles !;Версальский договор!;;;;;;;;;;;;;x;;;;;;;;;;;;;;;;;;;;;;;;
The War is Over;Война окончена;;;;;;;;;;;;;x;;;;;;;;;;;;;;;;;;;;;;;;
The War is lost, and now we have to accept the dismantlement of our Empire;Мы проиграли войну и должны согласиться на роспуск нашей империи;;;;;;;;;;;;;x;;;;;;;;;;;;;;;;;;;;;;;;
The West is here;Запад пришёл;;;;;;;;;;;;;x;;;;;;;;;;;;;;;;;;;;;;;;
The World Health Organisation;Всемирная организация здравоохранения;;;;;;;;;;;;;x;;;;;;;;;;;;;;;;;;;;;;;;
The barbarians from the West appear to be getting increasingly belligerent, crisscrossing the world as they are on their rickety boats. If they keep this up $COUNTRY$ may have to teach them a lesson!;Западные варвары становятся всё воинственнее и бороздят моря на своих хлипких кораблях. Если они продолжат, $COUNTRY$ придётся преподать им урок!;;;;;;;;;;;;;x;;;;;;;;;;;;;;;;;;;;;;;;
The british Empire has been beaten in this war, now the will force us to sign a treaty on their conditions;Британская империя проиграла войну и теперь вынуждает нас подписать договор на её условиях.;;;;;;;;;;;;;x;;;;;;;;;;;;;;;;;;;;;;;;
The capital shall remain in Kyoto.;Столицей останется Киото.;;;;;;;;;;;;;x;;;;;;;;;;;;;;;;;;;;;;;;
The central Powers are victorious. Now they will enforce us to dismantle our great Russian Empire, let's hope for mercy;Центральные державы победили и теперь требуют распустить великую Российскую империю. Будем надеяться на милосердие.;;;;;;;;;;;;;x;;;;;;;;;;;;;;;;;;;;;;;;
The collapse of the Soviet Intelligence Agencies;Распад советских спецслужб;;;;;;;;;;;;;x;;;;;;;;;;;;;;;;;;;;;;;;
The end of Gran Colombia;Конец Великой Колумбии;;;;;;;;;;;;;x;;;;;;;;;;;;;;;;;;;;;;;;
The end of an empire;Конец империи;;;;;;;;;;;;;x;;;;;;;;;;;;;;;;;;;;;;;;
The end of the war;Конец войны;;;;;;;;;;;;;x;;;;;;;;;;;;;;;;;;;;;;;;
The fudai are Tokugawa allies. Iemochi will be shogun.;Фудай — союзники Токугава. Сёгуном станет Иэмоти.;;;;;;;;;;;;;x;;;;;;;;;;;;;;;;;;;;;;;;
The government has fled Spain and our forces are now firmly in control of Madrid. The hour belongs to Franco!;Правительство бежало из Испании, а наши войска полностью контролируют Мадрид. Настал час Франко!;;;;;;;;;;;;;x;;;;;;;;;;;;;;;;;;;;;;;;
The islands aren't worth a war.;Острова не стоят войны.;;;;;;;;;;;;;x;;;;;;;;;;;;;;;;;;;;;;;;
The king has enacted a Bill of Rights, which requires regular Parliments, free elections, and freedom of speech in Parliment. The Parlliamentarians consider these arangements acceptable, and this bloody civil war can end now.;Король принял Билль о правах: парламент будет регулярно созываться, выборы станут свободными, а слово — свободным. Парламентарии считают эти условия приемлемыми, и кровопролитная гражданская война может закончиться.;;;;;;;;;;;;;x;;;;;;;;;;;;;;;;;;;;;;;;
The monarchy will go into exile.;Монархия отправится в изгнание.;;;;;;;;;;;;;x;;;;;;;;;;;;;;;;;;;;;;;;
The people of  Montenegro no longer want to be part of us, what to do?;Народ Черногории больше не хочет оставаться в составе нашего государства. Что делать?;;;;;;;;;;;;;x;;;;;;;;;;;;;;;;;;;;;;;;
The population of Luxemburg is German, let's add them to our Empire !;В Люксембурге живут немцы. Включим эти земли в состав нашей империи!;;;;;;;;;;;;;x;;;;;;;;;;;;;;;;;;;;;;;;
The renaissance has blossomed into what we now call the enlightenment. Curiosity and innovation are now widely considered to be the way forward!;Эпоха Возрождения привела к Просвещению. Любознательность и новаторство теперь считаются путём к будущему!;;;;;;;;;;;;;x;;;;;;;;;;;;;;;;;;;;;;;;
The ruler of $FROMCOUNTRY$, the Holy Roman Emperor, has decided to unite the empire. Being part of it we are obliged to comply and hand over rule over our country.;Правитель $FROMCOUNTRY$, император Священной Римской империи, решил объединить империю. Будучи её частью, мы обязаны передать ему власть над нашей страной.;;;;;;;;;;;;;x;;;;;;;;;;;;;;;;;;;;;;;;
The secret service has killed off some of the counter revolutionaries in a region within the USSR;Спецслужба ликвидировала часть контрреволюционеров в одном из регионов СССР.;;;;;;;;;;;;;x;;;;;;;;;;;;;;;;;;;;;;;;
The south African union has been taken over, now the will be integrated into our Empire;Южно-Африканский Союз захвачен и будет включён в состав нашей империи.;;;;;;;;;;;;;x;;;;;;;;;;;;;;;;;;;;;;;;
The treaty of Kyoto;Киотский договор;;;;;;;;;;;;;x;;;;;;;;;;;;;;;;;;;;;;;;
The wall is gone!;Стена пала!;;;;;;;;;;;;;x;;;;;;;;;;;;;;;;;;;;;;;;
The war is lost, now we have to cede several territories;Мы проиграли войну и должны уступить несколько территорий.;;;;;;;;;;;;;x;;;;;;;;;;;;;;;;;;;;;;;;
Then change we must.;Тогда придётся перемениться.;;;;;;;;;;;;;x;;;;;;;;;;;;;;;;;;;;;;;;
Then it is done.;Так тому и быть.;;;;;;;;;;;;;x;;;;;;;;;;;;;;;;;;;;;;;;
There is a political crisis in Italy, my King! Either we choose Mussolini to form the government or we choose the National Socialists!;В Италии разразился политический кризис, мой король! Правительство сформирует либо Муссолини, либо национал-социалисты. Кого выбрать?;;;;;;;;;;;;;x;;;;;;;;;;;;;;;;;;;;;;;;
There is massive rioting across the nation over our decision to ban the Falange party, and discipline within the military is starting to break down - trouble is brewing on the horizon as the crisis gets worse!;По всей стране вспыхнули массовые беспорядки из-за запрета партии «Фаланга». Дисциплина в армии рушится, а кризис становится всё опаснее!;;;;;;;;;;;;;x;;;;;;;;;;;;;;;;;;;;;;;;
They are called Malvinas.;Они называют их Мальвинскими островами.;;;;;;;;;;;;;x;;;;;;;;;;;;;;;;;;;;;;;;
They are doing their job.;Они делают свою работу.;;;;;;;;;;;;;x;;;;;;;;;;;;;;;;;;;;;;;;
They canвЂ™t get enough of her!;Ей всё мало!;;;;;;;;;;;;;x;;;;;;;;;;;;;;;;;;;;;;;;
They must be stopped!;Их необходимо остановить!;;;;;;;;;;;;;x;;;;;;;;;;;;;;;;;;;;;;;;
Third Italian War of Independence !;Третья война за независимость Италии!;;;;;;;;;;;;;x;;;;;;;;;;;;;;;;;;;;;;;;
This New American Republic Needs a Strong Ruler!;Новой американской республике нужен сильный правитель!;;;;;;;;;;;;;x;;;;;;;;;;;;;;;;;;;;;;;;
This cannot be allowed!;Этого нельзя допустить!;;;;;;;;;;;;;x;;;;;;;;;;;;;;;;;;;;;;;;
This could prove useful;Это может пригодиться.;;;;;;;;;;;;;x;;;;;;;;;;;;;;;;;;;;;;;;
This disruption is growing worse!;Беспорядки усиливаются!;;;;;;;;;;;;;x;;;;;;;;;;;;;;;;;;;;;;;;
This insult cannot be borne!;Такого оскорбления нельзя стерпеть!;;;;;;;;;;;;;x;;;;;;;;;;;;;;;;;;;;;;;;
This is None of Our Concern;Нас это не касается;;;;;;;;;;;;;x;;;;;;;;;;;;;;;;;;;;;;;;
This is a dangerous and reckless act.;Это опасный и безрассудный поступок.;;;;;;;;;;;;;x;;;;;;;;;;;;;;;;;;;;;;;;
This is most unfortunate.;Какое несчастье.;;;;;;;;;;;;;x;;;;;;;;;;;;;;;;;;;;;;;;
This is not in our best interest.;Это не отвечает нашим интересам.;;;;;;;;;;;;;x;;;;;;;;;;;;;;;;;;;;;;;;
This is not in our interests at this time.;Сейчас это не в наших интересах.;;;;;;;;;;;;;x;;;;;;;;;;;;;;;;;;;;;;;;
This is not in our interests.;Это не в наших интересах.;;;;;;;;;;;;;x;;;;;;;;;;;;;;;;;;;;;;;;
This is not peace. It is an armistice for 20 years;Это не мир, а перемирие на двадцать лет.;;;;;;;;;;;;;x;;;;;;;;;;;;;;;;;;;;;;;;
This is the end of our great Ottoman Empire;Так закончилась великая Османская империя.;;;;;;;;;;;;;x;;;;;;;;;;;;;;;;;;;;;;;;
This is the proper way for Japan.;Япония поступает правильно.;;;;;;;;;;;;;x;;;;;;;;;;;;;;;;;;;;;;;;
This is what happens when we go too far...;Вот к чему приводит чрезмерный размах...;;;;;;;;;;;;;x;;;;;;;;;;;;;;;;;;;;;;;;
This removes the flag once peace is achieved.;Снимает флаг после установления мира.;;;;;;;;;;;;;x;;;;;;;;;;;;;;;;;;;;;;;;
This shamefull defeat puts an end to our former great Portuguese Empire;Это позорное поражение завершает историю некогда великой Португальской империи.;;;;;;;;;;;;;x;;;;;;;;;;;;;;;;;;;;;;;;
This should call any allies into the Great War.;Призывает союзников вступить в Великую войну.;;;;;;;;;;;;;x;;;;;;;;;;;;;;;;;;;;;;;;
Those commies!;Проклятые коммунисты!;;;;;;;;;;;;;x;;;;;;;;;;;;;;;;;;;;;;;;
Those goddamn Klans;Проклятые клановцы!;;;;;;;;;;;;;x;;;;;;;;;;;;;;;;;;;;;;;;
To minimize revolt, we could give greater autonomy to certain regions under our rule;Чтобы снизить риск восстания, можно предоставить некоторым регионам широкую автономию.;;;;;;;;;;;;;x;;;;;;;;;;;;;;;;;;;;;;;;
To resist the westerners, we must learn their ways.;Чтобы противостоять западным державам, нам нужно перенять их знания.;;;;;;;;;;;;;x;;;;;;;;;;;;;;;;;;;;;;;;
To war against the Japanese!;Война с японцами!;;;;;;;;;;;;;x;;;;;;;;;;;;;;;;;;;;;;;;
Tornadoes Devastate $PROVINCENAME$;Торнадо опустошили провинцию $PROVINCENAME$;;;;;;;;;;;;;x;;;;;;;;;;;;;;;;;;;;;;;;
Transfer all French political powers in Europe and overseas to Germany;Передать Германии все французские политические владения в Европе и за её пределами;;;;;;;;;;;;;x;;;;;;;;;;;;;;;;;;;;;;;;
Treaty of  Cardigan;Кардиганский договор;;;;;;;;;;;;;x;;;;;;;;;;;;;;;;;;;;;;;;
Treaty of  Dortmund;Дортмундский договор;;;;;;;;;;;;;x;;;;;;;;;;;;;;;;;;;;;;;;
Treaty of  Minsk;Минский договор;;;;;;;;;;;;;x;;;;;;;;;;;;;;;;;;;;;;;;
Treaty of Brest-Litovsk;Брест-Литовский договор;;;;;;;;;;;;;x;;;;;;;;;;;;;;;;;;;;;;;;
Treaty of Magdeburg;Магдебургский договор;;;;;;;;;;;;;x;;;;;;;;;;;;;;;;;;;;;;;;
Treaty of Melbourne;Мельбурнский договор;;;;;;;;;;;;;x;;;;;;;;;;;;;;;;;;;;;;;;
Treaty of Modena;Моденский договор;;;;;;;;;;;;;x;;;;;;;;;;;;;;;;;;;;;;;;
Treaty of Neuilly-sur-Seine;Нёйиский договор;;;;;;;;;;;;;x;;;;;;;;;;;;;;;;;;;;;;;;
Treaty of Paris;Парижский договор;;;;;;;;;;;;;x;;;;;;;;;;;;;;;;;;;;;;;;
Treaty of Prague;Пражский договор;;;;;;;;;;;;;x;;;;;;;;;;;;;;;;;;;;;;;;
Treaty of Setubal;Сетубальский договор;;;;;;;;;;;;;x;;;;;;;;;;;;;;;;;;;;;;;;
Treaty of Sиvres;Севрский договор;;;;;;;;;;;;;x;;;;;;;;;;;;;;;;;;;;;;;;
Treaty of Tarbagatai;Тарбагатайский договор;;;;;;;;;;;;;x;;;;;;;;;;;;;;;;;;;;;;;;
Treaty with the Qing Empire;Договор с империей Цин;;;;;;;;;;;;;x;;;;;;;;;;;;;;;;;;;;;;;;
Try To Calm Things Down;Попытаться успокоить обстановку;;;;;;;;;;;;;x;;;;;;;;;;;;;;;;;;;;;;;;
Unificate Korea under our glorius leader Kim!;Объединим Корею под мудрым руководством Кима!;;;;;;;;;;;;;x;;;;;;;;;;;;;;;;;;;;;;;;
Useless land anyway!;Всё равно бесполезная земля!;;;;;;;;;;;;;x;;;;;;;;;;;;;;;;;;;;;;;;
Vassalise America;Сделать Америку вассалом;;;;;;;;;;;;;x;;;;;;;;;;;;;;;;;;;;;;;;
Vassalise Italy;Сделать Италию вассалом;;;;;;;;;;;;;x;;;;;;;;;;;;;;;;;;;;;;;;
Vassalise Russia.;Сделать Россию вассалом.;;;;;;;;;;;;;x;;;;;;;;;;;;;;;;;;;;;;;;
Very Well;Хорошо;;;;;;;;;;;;;x;;;;;;;;;;;;;;;;;;;;;;;;
Very well, we shall surrender;Хорошо, мы капитулируем;;;;;;;;;;;;;x;;;;;;;;;;;;;;;;;;;;;;;;
Very well....;Хорошо...;;;;;;;;;;;;;x;;;;;;;;;;;;;;;;;;;;;;;;
Victoria Ultimate;Victoria Ultimate;;;;;;;;;;;;;x;;;;;;;;;;;;;;;;;;;;;;;;
Victory in Europe Day;День победы в Европе;;;;;;;;;;;;;x;;;;;;;;;;;;;;;;;;;;;;;;
Victory in Japan Day;День победы над Японией;;;;;;;;;;;;;x;;;;;;;;;;;;;;;;;;;;;;;;
Video game developers in $COUNTRY$ have come up with a strange game with walking mushroom men, a plumber hero and his lizard nemesis. Despite its strange setting, or perhaps because of it, Super Mario was an immediate hit and has sold many units.;Разработчики видеоигр в $COUNTRY$ создали необычную игру: в ней ходят грибообразные человечки, герой-сантехник и его противник-ящер. Несмотря на странный сюжет — а может, благодаря ему — игра «Супер Марио» сразу стала хитом.;;;;;;;;;;;;;x;;;;;;;;;;;;;;;;;;;;;;;;
WW2 has ended and the Axis is victorious! The fate of England and its empire are now in our hands. Naturally, whatever the outcome of this conference, all main territorial claims will go to the approriate axis powers.;Вторая мировая война окончена победой стран Оси! Теперь в наших руках судьба Англии и её империи. Как бы ни завершилась конференция, основные территориальные требования будут удовлетворены соответствующими державами Оси.;;;;;;;;;;;;;x;;;;;;;;;;;;;;;;;;;;;;;;
WW2 has ended and the Axis is victorious! The fate of France is now in our hands. Naturally, whatever the outcome of this conference, all main territorial claims will go to the approriate axis powers.;Вторая мировая война окончена победой стран Оси! Теперь в наших руках судьба Франции. Как бы ни завершилась конференция, основные территориальные требования будут удовлетворены соответствующими державами Оси.;;;;;;;;;;;;;x;;;;;;;;;;;;;;;;;;;;;;;;
WW2 has ended and the Axis is victorious! The fate of Poland is now in our hands. Naturally, whatever the outcome of this conference, all main territorial claims will go to the approriate axis powers.;Вторая мировая война окончена победой стран Оси! Теперь в наших руках судьба Польши. Как бы ни завершилась конференция, основные территориальные требования будут удовлетворены соответствующими державами Оси.;;;;;;;;;;;;;x;;;;;;;;;;;;;;;;;;;;;;;;
Wa-hoo!;Ва-ху!;;;;;;;;;;;;;x;;;;;;;;;;;;;;;;;;;;;;;;
War has come over our peacefull Island, and have we lost it, now we will have to abandon our colonies;Война пришла на наш мирный остров, и мы проиграли. Теперь придётся отказаться от колоний.;;;;;;;;;;;;;x;;;;;;;;;;;;;;;;;;;;;;;;
War it is!;Значит, война!;;;;;;;;;;;;;x;;;;;;;;;;;;;;;;;;;;;;;;
Warsaw has fallen!;Варшава пала!;;;;;;;;;;;;;x;;;;;;;;;;;;;;;;;;;;;;;;
We Are The Best;Мы лучшие;;;;;;;;;;;;;x;;;;;;;;;;;;;;;;;;;;;;;;
We Cannot Abide This;Мы не потерпим этого;;;;;;;;;;;;;x;;;;;;;;;;;;;;;;;;;;;;;;
We accept their independence;Мы признаём их независимость;;;;;;;;;;;;;x;;;;;;;;;;;;;;;;;;;;;;;;
We accept their offer.;Мы принимаем их предложение.;;;;;;;;;;;;;x;;;;;;;;;;;;;;;;;;;;;;;;
We all stand against communism.;Мы едины против коммунизма.;;;;;;;;;;;;;x;;;;;;;;;;;;;;;;;;;;;;;;
We are fighting a war we can`t win. Should we surrender?;Мы ведём войну, которую не можем выиграть. Капитулировать?;;;;;;;;;;;;;x;;;;;;;;;;;;;;;;;;;;;;;;
We are in the process of negotiating the disbursement of our colonies and overseas territories.;Мы ведём переговоры о разделе наших колоний и заморских территорий.;;;;;;;;;;;;;x;;;;;;;;;;;;;;;;;;;;;;;;
We are neutral;Мы сохраняем нейтралитет;;;;;;;;;;;;;x;;;;;;;;;;;;;;;;;;;;;;;;
We are no longer a member of the international coalition.;Мы больше не состоим в международной коалиции.;;;;;;;;;;;;;x;;;;;;;;;;;;;;;;;;;;;;;;
We are now forming a union with Norway;Мы образуем унию с Норвегией.;;;;;;;;;;;;;x;;;;;;;;;;;;;;;;;;;;;;;;
We are shock!;Мы потрясены!;;;;;;;;;;;;;x;;;;;;;;;;;;;;;;;;;;;;;;
We cannot abide a nation with no respect for civilization.;Мы не можем терпеть государство, не уважающее цивилизацию.;;;;;;;;;;;;;x;;;;;;;;;;;;;;;;;;;;;;;;
We cannot afford a war on the other side of the Pacific.;Мы не можем позволить себе войну на другом берегу Тихого океана.;;;;;;;;;;;;;x;;;;;;;;;;;;;;;;;;;;;;;;
We cannot afford a war.;Мы не можем позволить себе войну.;;;;;;;;;;;;;x;;;;;;;;;;;;;;;;;;;;;;;;
We cannot fight them.;Мы не можем сражаться с ними.;;;;;;;;;;;;;x;;;;;;;;;;;;;;;;;;;;;;;;
We cannot tolerate this.;Мы не потерпим этого.;;;;;;;;;;;;;x;;;;;;;;;;;;;;;;;;;;;;;;
We capture a flying saucer!;Мы захватили летающую тарелку!;;;;;;;;;;;;;x;;;;;;;;;;;;;;;;;;;;;;;;
We decline.;Мы отказываемся.;;;;;;;;;;;;;x;;;;;;;;;;;;;;;;;;;;;;;;
We do not need a conflict this time.;Сейчас нам не нужен конфликт.;;;;;;;;;;;;;x;;;;;;;;;;;;;;;;;;;;;;;;
We do not need conflicts this time.;Сейчас нам не нужны конфликты.;;;;;;;;;;;;;x;;;;;;;;;;;;;;;;;;;;;;;;
We don't care ;Нам всё равно.;;;;;;;;;;;;;x;;;;;;;;;;;;;;;;;;;;;;;;
We don't need a military adventure.;Нам не нужна военная авантюра.;;;;;;;;;;;;;x;;;;;;;;;;;;;;;;;;;;;;;;
We don't need to;Нам не нужно этого делать.;;;;;;;;;;;;;x;;;;;;;;;;;;;;;;;;;;;;;;
We don't want to;Мы не хотим этого.;;;;;;;;;;;;;x;;;;;;;;;;;;;;;;;;;;;;;;
We have achieved our goal, Serbia is beaten, now they will get punished;Мы достигли цели: Сербия разбита и будет наказана.;;;;;;;;;;;;;x;;;;;;;;;;;;;;;;;;;;;;;;
We have been beaten, now the barbariens will take control !;Мы потерпели поражение — теперь власть захватят варвары!;;;;;;;;;;;;;x;;;;;;;;;;;;;;;;;;;;;;;;
We have been defeated , now it's time to suffer the consequences of our acts;Мы разбиты и теперь пожинаем последствия собственных поступков.;;;;;;;;;;;;;x;;;;;;;;;;;;;;;;;;;;;;;;
We have been freed as a vassal.;Мы обрели свободу, став самостоятельным вассалом.;;;;;;;;;;;;;x;;;;;;;;;;;;;;;;;;;;;;;;
We have conquered Manchuria. Our new sattelite state Manchukuo now serves the emperor.;Мы завоевали Маньчжурию. Новое вассальное государство Маньчжоу-го служит императору.;;;;;;;;;;;;;x;;;;;;;;;;;;;;;;;;;;;;;;
We have defeated the capitalist government , now we can establish a communist government;Мы победили капиталистическое правительство и можем установить коммунистический строй.;;;;;;;;;;;;;x;;;;;;;;;;;;;;;;;;;;;;;;
We have gained control on most of continental Europe, now it's our turn to organize and control the whole continent. Long live Napoleon!;Мы подчинили большую часть континентальной Европы. Теперь настал наш черёд объединить и организовать весь континент. Да здравствует Наполеон!;;;;;;;;;;;;;x;;;;;;;;;;;;;;;;;;;;;;;;
We have lost the war ! Now they will enforce us to dissolve our Dual-monarchy !;Мы проиграли войну, и теперь нас заставят распустить нашу двуединую монархию!;;;;;;;;;;;;;x;;;;;;;;;;;;;;;;;;;;;;;;
We have lost the war, now we have to accept the peace therms of our ennemies;Мы проиграли войну и должны принять условия мира, предложенные врагами.;;;;;;;;;;;;;x;;;;;;;;;;;;;;;;;;;;;;;;
We have lost, our country is occupied, we have to surrender;Наша страна оккупирована и потерпела поражение. Придётся капитулировать.;;;;;;;;;;;;;x;;;;;;;;;;;;;;;;;;;;;;;;
We have no option but to recognize Greek Independence !;Нам остаётся признать независимость Греции!;;;;;;;;;;;;;x;;;;;;;;;;;;;;;;;;;;;;;;
We have occupied Australia, now we are just some steps away to become the dominator of the pacific and the greatest power in asia!;Мы заняли Австралию и близки к господству в Тихом океане и первенству в Азии!;;;;;;;;;;;;;x;;;;;;;;;;;;;;;;;;;;;;;;
We have occupied Egypt, They have surrendered now we are one step way from reforming the Roman Empire!;Мы заняли Египет. Он капитулировал, и теперь мы на шаг ближе к восстановлению Римской империи!;;;;;;;;;;;;;x;;;;;;;;;;;;;;;;;;;;;;;;
We have occupied French Indochina, They have surrendered now we are one step closer to become the greatest country in Asia!;Мы заняли Французский Индокитай. Он капитулировал, и теперь мы на шаг ближе к господству в Азии!;;;;;;;;;;;;;x;;;;;;;;;;;;;;;;;;;;;;;;
We have occupied French North Africa, They have surrendered, now we are one step way from reforming the Roman Empire!;Мы заняли Французскую Северную Африку. Она капитулировала, и теперь мы на шаг ближе к восстановлению Римской империи!;;;;;;;;;;;;;x;;;;;;;;;;;;;;;;;;;;;;;;
We have occupied New Zealand, now we are just some steps away to become the dominator of the pacific and the greatest power in asia!;Мы заняли Новую Зеландию и близки к господству в Тихом океане и первенству в Азии!;;;;;;;;;;;;;x;;;;;;;;;;;;;;;;;;;;;;;;
We have successfully defeated the parliamentarians, they now know better than to question your rule!;Мы окончательно разбили парламентариев. Теперь они знают, что оспаривать вашу власть не следует!;;;;;;;;;;;;;x;;;;;;;;;;;;;;;;;;;;;;;;
We have sucessufully ocuppied Berlin and the Prussians have surrendered what should we do to them ?;Мы успешно заняли Берлин, и Пруссия капитулировала. Как с ней поступить?;;;;;;;;;;;;;x;;;;;;;;;;;;;;;;;;;;;;;;
We have sucessufully ocuppied Lisbon and the Portuguese Empire  have surrendered, they will pay for disobeying us!;Мы заняли Лиссабон, и Португальская империя капитулировала. Они заплатят за неповиновение!;;;;;;;;;;;;;x;;;;;;;;;;;;;;;;;;;;;;;;
We have sucessufully ocuppied London and the British Empire has surrendered, They've stolen Quebec from us before remember that. What should we do to them;Мы заняли Лондон, и Британская империя капитулировала. Не забудьте: когда-то они отняли у нас Квебек. Как с ними поступить?;;;;;;;;;;;;;x;;;;;;;;;;;;;;;;;;;;;;;;
We have sucessufully ocuppied Moscow and the Russians have surrendered we've been the first country since the Mongol Empire to have Russia at our Mercy , what should we do to them ?;Мы заняли Москву, и Россия капитулировала. Со времён Монгольской империи никому не удавалось поставить её на колени. Как поступить с побеждёнными?;;;;;;;;;;;;;x;;;;;;;;;;;;;;;;;;;;;;;;
We lost the jewel of the crown.;Мы потеряли жемчужину короны.;;;;;;;;;;;;;x;;;;;;;;;;;;;;;;;;;;;;;;
We may now lay down our arms.;Теперь мы можем сложить оружие.;;;;;;;;;;;;;x;;;;;;;;;;;;;;;;;;;;;;;;
We must claim the northern islands.;Нужно предъявить права на северные острова.;;;;;;;;;;;;;x;;;;;;;;;;;;;;;;;;;;;;;;
We must do our part.;Мы должны внести свой вклад.;;;;;;;;;;;;;x;;;;;;;;;;;;;;;;;;;;;;;;
We must subjugate these rebellious colonials;Нужно подчинить мятежные колонии.;;;;;;;;;;;;;x;;;;;;;;;;;;;;;;;;;;;;;;
We need to control Shatt al-Arab region!;Нам необходимо установить контроль над регионом Шатт-эль-Араб!;;;;;;;;;;;;;x;;;;;;;;;;;;;;;;;;;;;;;;
We refuse to pay high tributes to the Barbaryans!;Мы отказываемся платить берберским государствам высокую дань!;;;;;;;;;;;;;x;;;;;;;;;;;;;;;;;;;;;;;;
We shall fight them!;Мы будем сражаться!;;;;;;;;;;;;;x;;;;;;;;;;;;;;;;;;;;;;;;
We shall get back what's ours!;Мы вернём то, что принадлежит нам!;;;;;;;;;;;;;x;;;;;;;;;;;;;;;;;;;;;;;;
We shall join them;Мы присоединимся к ним.;;;;;;;;;;;;;x;;;;;;;;;;;;;;;;;;;;;;;;
We shall resist!;Мы будем сопротивляться!;;;;;;;;;;;;;x;;;;;;;;;;;;;;;;;;;;;;;;
We shall see.;Посмотрим.;;;;;;;;;;;;;x;;;;;;;;;;;;;;;;;;;;;;;;
We should take advantage while we can.;Нужно воспользоваться моментом.;;;;;;;;;;;;;x;;;;;;;;;;;;;;;;;;;;;;;;
We welcome Our new ruler !;Приветствуем нашего нового правителя!;;;;;;;;;;;;;x;;;;;;;;;;;;;;;;;;;;;;;;
We welcome the new emperor.;Приветствуем нового императора.;;;;;;;;;;;;;x;;;;;;;;;;;;;;;;;;;;;;;;
We will move the capital to Edo.;Перенесём столицу в Эдо.;;;;;;;;;;;;;x;;;;;;;;;;;;;;;;;;;;;;;;
We will pursue the counterrevolutionaries!;Мы будем преследовать контрреволюционеров!;;;;;;;;;;;;;x;;;;;;;;;;;;;;;;;;;;;;;;
We will seek allies among the northern fudai.;Искать союзников среди северных фудай.;;;;;;;;;;;;;x;;;;;;;;;;;;;;;;;;;;;;;;
We will seek allies among the southern tozama.;Искать союзников среди южных тодзама.;;;;;;;;;;;;;x;;;;;;;;;;;;;;;;;;;;;;;;
We will support the tozama and make Yoshinobu shogun.;Поддержать тодзама и провозгласить Ёсинобу сёгуном.;;;;;;;;;;;;;x;;;;;;;;;;;;;;;;;;;;;;;;
We win the war!;Мы победили в войне!;;;;;;;;;;;;;x;;;;;;;;;;;;;;;;;;;;;;;;
We won the civil war, time to establish the proletariate government;Мы выиграли гражданскую войну. Пора установить власть пролетариата.;;;;;;;;;;;;;x;;;;;;;;;;;;;;;;;;;;;;;;
We won't!;Мы не согласны!;;;;;;;;;;;;;x;;;;;;;;;;;;;;;;;;;;;;;;
We're glad that's over!;Хорошо, что всё закончилось!;;;;;;;;;;;;;x;;;;;;;;;;;;;;;;;;;;;;;;
We've decided we should make our puppet Portugal join us do you agree?;Мы решили присоединить к нам наше вассальное государство Португалию. Вы согласны?;;;;;;;;;;;;;x;;;;;;;;;;;;;;;;;;;;;;;;
Well done!;Отлично!;;;;;;;;;;;;;x;;;;;;;;;;;;;;;;;;;;;;;;
Well then!;Что ж, договорились!;;;;;;;;;;;;;x;;;;;;;;;;;;;;;;;;;;;;;;
Well...;Ну...;;;;;;;;;;;;;x;;;;;;;;;;;;;;;;;;;;;;;;
Western Barbarians;Западные варвары;;;;;;;;;;;;;x;;;;;;;;;;;;;;;;;;;;;;;;
Westerners, while still barbarians, may hold one or two secrets we would do well to discover;Западные народы пока кажутся варварами, но у них наверняка есть полезные знания, которые нам стоит перенять.;;;;;;;;;;;;;x;;;;;;;;;;;;;;;;;;;;;;;;
What a shame;Как жаль.;;;;;;;;;;;;;x;;;;;;;;;;;;;;;;;;;;;;;;
Wish them luck;Пожелаем им удачи.;;;;;;;;;;;;;x;;;;;;;;;;;;;;;;;;;;;;;;
With the collapse of the Soviet Union comes the collapse of the intelligence agencies working for her;С распадом Советского Союза распались и его спецслужбы.;;;;;;;;;;;;;x;;;;;;;;;;;;;;;;;;;;;;;;
With the defeat of the Nazis, we can shape the world to what it was like before the conflict arose!;После поражения нацистов мы можем вернуть мир к тому, каким он был до войны!;;;;;;;;;;;;;x;;;;;;;;;;;;;;;;;;;;;;;;
Wurtemberg surrenders;Вюртемберг капитулирует;;;;;;;;;;;;;x;;;;;;;;;;;;;;;;;;;;;;;;
Wurzburg surrenders;Вюрцбург капитулирует;;;;;;;;;;;;;x;;;;;;;;;;;;;;;;;;;;;;;;
Yes;Да;;;;;;;;;;;;;x;;;;;;;;;;;;;;;;;;;;;;;;
Yes! Socialism not intolerance!;Да! За социализм, против нетерпимости!;;;;;;;;;;;;;x;;;;;;;;;;;;;;;;;;;;;;;;
Yes, he must go;Да, он должен уйти.;;;;;;;;;;;;;x;;;;;;;;;;;;;;;;;;;;;;;;
Yugoslavia does not need the USSR!;Югославии не нужен СССР!;;;;;;;;;;;;;x;;;;;;;;;;;;;;;;;;;;;;;;
even_option_blast;Взорвать!;;;;;;;;;;;;;x;;;;;;;;;;;;;;;;;;;;;;;;
just... one... more... year;Ещё один годик...;;;;;;;;;;;;;x;;;;;;;;;;;;;;;;;;;;;;;;
ВЎViva Cuba Libre!;Да здравствует свободная Куба!;;;;;;;;;;;;;x;;;;;;;;;;;;;;;;;;;;;;;;
EVTDESC111011928_NEWS_LONG;Одно из арабских государств приняло предложение о присоединении и перешло под власть своего покровителя. Решение вызвало споры среди населения и охладило отношения с отвергнутой стороной.;;;;;;;;;;;;;x;;;;;;;;;;;;;;;;;;;;;;;;
EVTDESC111011928_NEWS_MEDIUM;Одно из арабских государств присоединилось к своему покровителю, вызвав недовольство части населения.;;;;;;;;;;;;;x;;;;;;;;;;;;;;;;;;;;;;;;
EVTDESC111011928_NEWS_SHORT;Арабское государство присоединилось к своему покровителю.;;;;;;;;;;;;;x;;;;;;;;;;;;;;;;;;;;;;;;
EVTDESC170003_NEWS_LONG;После многолетней космической гонки люди совершили высадку на Луну. Это достижение стало триумфом науки и национального престижа.;;;;;;;;;;;;;x;;;;;;;;;;;;;;;;;;;;;;;;
EVTDESC170003_NEWS_MEDIUM;Космонавты высадились на Луне после многолетней космической гонки.;;;;;;;;;;;;;x;;;;;;;;;;;;;;;;;;;;;;;;
EVTDESC170003_NEWS_SHORT;Первая высадка на Луну.;;;;;;;;;;;;;x;;;;;;;;;;;;;;;;;;;;;;;;
EVTDESC95076_NEWS_LONG;В Российской империи вспыхнуло польское восстание. Повстанцы требуют независимости, а правительство готовит ответ.;;;;;;;;;;;;;x;;;;;;;;;;;;;;;;;;;;;;;;
EVTDESC95076_NEWS_MEDIUM;Польские повстанцы поднялись против российской власти.;;;;;;;;;;;;;x;;;;;;;;;;;;;;;;;;;;;;;;
EVTDESC95076_NEWS_SHORT;Началось польское восстание.;;;;;;;;;;;;;x;;;;;;;;;;;;;;;;;;;;;;;;
EVTDESC97606_NEWS_LONG;Экспедиция коммодора Перри вынудила Японию открыть переговоры с Соединёнными Штатами. Многовековая политика изоляции подходит к концу.;;;;;;;;;;;;;x;;;;;;;;;;;;;;;;;;;;;;;;
EVTDESC97606_NEWS_MEDIUM;Япония согласилась на переговоры с экспедицией коммодора Перри.;;;;;;;;;;;;;x;;;;;;;;;;;;;;;;;;;;;;;;
EVTDESC97606_NEWS_SHORT;Экспедиция Перри добилась успеха.;;;;;;;;;;;;;x;;;;;;;;;;;;;;;;;;;;;;;;
EVTNAME97606_NEWS_TITLE;Экспедиция коммодора Перри;;;;;;;;;;;;;x;;;;;;;;;;;;;;;;;;;;;;;;
EVTDESC97609_NEWS_LONG;Япония капитулировала перед Соединёнными Штатами. Страна вынуждена отказаться от политики изоляции и открыть порты для иностранцев.;;;;;;;;;;;;;x;;;;;;;;;;;;;;;;;;;;;;;;
EVTDESC97609_NEWS_MEDIUM;Японское правительство капитулировало перед Соединёнными Штатами.;;;;;;;;;;;;;x;;;;;;;;;;;;;;;;;;;;;;;;
EVTDESC97609_NEWS_SHORT;Япония капитулировала.;;;;;;;;;;;;;x;;;;;;;;;;;;;;;;;;;;;;;;
EVTNAME97609_NEWS_TITLE;Капитуляция Японии;;;;;;;;;;;;;x;;;;;;;;;;;;;;;;;;;;;;;;
EVTDESC97617_NEWS_LONG;Императорский двор издал указ изгнать иностранцев. Решение усилило напряжение между сёгунатом, князьями и западными державами.;;;;;;;;;;;;;x;;;;;;;;;;;;;;;;;;;;;;;;
EVTDESC97617_NEWS_MEDIUM;Японский двор приказал изгнать иностранцев.;;;;;;;;;;;;;x;;;;;;;;;;;;;;;;;;;;;;;;
EVTDESC97617_NEWS_SHORT;Указ об изгнании иностранцев.;;;;;;;;;;;;;x;;;;;;;;;;;;;;;;;;;;;;;;
EVTDESC97630_NEWS_LONG;Император Комэй умер. Его смерть усилила борьбу за власть и приблизила Японию к политическим потрясениям.;;;;;;;;;;;;;x;;;;;;;;;;;;;;;;;;;;;;;;
EVTDESC97630_NEWS_MEDIUM;Скончался японский император Комэй.;;;;;;;;;;;;;x;;;;;;;;;;;;;;;;;;;;;;;;
EVTDESC97630_NEWS_SHORT;Умер император Комэй.;;;;;;;;;;;;;x;;;;;;;;;;;;;;;;;;;;;;;;
EVTDESC97641_NEWS_LONG;Сёгунат одержал верх над сторонниками императора в войне Босин и сохранил власть над Японией.;;;;;;;;;;;;;x;;;;;;;;;;;;;;;;;;;;;;;;
EVTDESC97641_NEWS_MEDIUM;Сёгунат победил императорские силы в войне Босин.;;;;;;;;;;;;;x;;;;;;;;;;;;;;;;;;;;;;;;
EVTDESC97641_NEWS_SHORT;Победа сёгуната в войне Босин.;;;;;;;;;;;;;x;;;;;;;;;;;;;;;;;;;;;;;;
EVTDESC97646_NEWS_LONG;Война Босин завершилась победой императорской стороны. В Японии восстановлена власть императора, начинается эпоха Мэйдзи.;;;;;;;;;;;;;x;;;;;;;;;;;;;;;;;;;;;;;;
EVTDESC97646_NEWS_MEDIUM;"Сторонники императора победили в войне Босин; начинается эпоха Мэйдзи.";;;;;;;;;;;;;x;;;;;;;;;;;;;;;;;;;;;;;;
EVTDESC97646_NEWS_SHORT;Реставрация Мэйдзи.;;;;;;;;;;;;;x;;;;;;;;;;;;;;;;;;;;;;;;
EVTDESC97651_NEWS_LONG;Война Босин завершилась победой сёгуната Токугава. Сторонники императорской реставрации потерпели поражение.;;;;;;;;;;;;;x;;;;;;;;;;;;;;;;;;;;;;;;
EVTDESC97651_NEWS_MEDIUM;Сёгунат Токугава победил в войне Босин.;;;;;;;;;;;;;x;;;;;;;;;;;;;;;;;;;;;;;;
EVTDESC97651_NEWS_SHORT;Победа сёгуната Токугава.;;;;;;;;;;;;;x;;;;;;;;;;;;;;;;;;;;;;;;
EVTDESC97665_NEWS_LONG;Сторонники Сайго Такамори подняли восстание против нового японского правительства. Армия императора готовится подавить мятеж.;;;;;;;;;;;;;x;;;;;;;;;;;;;;;;;;;;;;;;
EVTDESC97665_NEWS_MEDIUM;В Японии началось восстание Сацума против императорского правительства.;;;;;;;;;;;;;x;;;;;;;;;;;;;;;;;;;;;;;;
EVTDESC97665_NEWS_SHORT;Восстание Сацума.;;;;;;;;;;;;;x;;;;;;;;;;;;;;;;;;;;;;;;
Islamism has risen as a major ideology amongst muslims.;Исламизм стал одной из ведущих идеологий мусульманского мира.;;;;;;;;;;;;;x;;;;;;;;;;;;;;;;;;;;;;;;
UU_EVENT_ANGOLA_INDEPENDENCE_OPTION;Поддержать независимость Анголы;;;;;;;;;;;;;x;;;;;;;;;;;;;;;;;;;;;;;;
'From the heights of these pyramids, forty centuries look down on us.' Napolйon Bonaparte;«С высот этих пирамид на нас смотрят сорок столетий». Наполеон Бонапарт;;;;;;;;;;;;;x;;;;;;;;;;;;;;;;;;;;;;;;
The people of our region of Xinjiang are rebbeling they've proclaimed a rebelion;Народ Синьцзяна восстал и провозгласил мятеж против нашей власти.;;;;;;;;;;;;;x;;;;;;;;;;;;;;;;;;;;;;;;
We have taken out one of the CISlian states;Одно из государств бывшего СНГ устранено.;;;;;;;;;;;;;x;;;;;;;;;;;;;;;;;;;;;;;;
We have taken out one of the German states;Одно из германских государств устранено.;;;;;;;;;;;;;x;;;;;;;;;;;;;;;;;;;;;;;;
We have taken out one of the german states;Одно из германских государств устранено.;;;;;;;;;;;;;x;;;;;;;;;;;;;;;;;;;;;;;;
Estonia has proposed that we should unify   do you accept the offer ?;Эстония предлагает объединиться. Вы принимаете это предложение?;;;;;;;;;;;;;x;;;;;;;;;;;;;;;;;;;;;;;;
Kosovo is Serbia!;Косово — это Сербия!;;;;;;;;;;;;;x;;;;;;;;;;;;;;;;;;;;;;;;
Latvia has proposed that we should unify   do you accept the offer ?;Латвия предлагает объединение. Вы принимаете предложение?;;;;;;;;;;;;;x;;;;;;;;;;;;;;;;;;;;;;;;
Lithuania has proposed that we should unify   do you accept the offer ?;Литва предлагает объединение. Вы принимаете предложение?;;;;;;;;;;;;;x;;;;;;;;;;;;;;;;;;;;;;;;
Sacrebleu !;Вот так!;;;;;;;;;;;;;x;;;;;;;;;;;;;;;;;;;;;;;;
We don't care;Нам всё равно.;;;;;;;;;;;;;x;;;;;;;;;;;;;;;;;;;;;;;;
